request_key,product,market,original_due_week,plan_week,advance_weeks,quantity
SmartX:AMER:2026-W01,SmartX,Retail_AMER_g1,2026-W01,2026-W01,0,523
SmartX:AMER:2026-W02,SmartX,Retail_AMER_g1,2026-W02,2026-W02,0,521
SmartX:AMER:2026-W03,SmartX,Retail_AMER_g1,2026-W03,2026-W03,0,518
SmartX:AMER:2026-W04,SmartX,Retail_AMER_g1,2026-W04,2026-W04,0,516
SmartX:AMER:2026-W05,SmartX,Retail_AMER_g1,2026-W05,2026-W05,0,514
SmartX:AMER:2026-W06,SmartX,Retail_AMER_g1,2026-W06,2026-W06,0,511
SmartX:AMER:2026-W07,SmartX,Retail_AMER_g1,2026-W07,2026-W07,0,509
SmartX:AMER:2026-W08,SmartX,Retail_AMER_g1,2026-W08,2026-W08,0,507
SmartX:AMER:2026-W09,SmartX,Retail_AMER_g1,2026-W09,2026-W09,0,505
SmartX:AMER:2026-W10,SmartX,Retail_AMER_g1,2026-W10,2026-W10,0,502
SmartX:AMER:2026-W11,SmartX,Retail_AMER_g1,2026-W11,2026-W11,0,500
SmartX:AMER:2026-W12,SmartX,Retail_AMER_g1,2026-W12,2026-W12,0,498
SmartX:AMER:2026-W13,SmartX,Retail_AMER_g1,2026-W13,2026-W13,0,495
SmartX:AMER:2026-W14,SmartX,Retail_AMER_g1,2026-W14,2026-W14,0,493
SmartX:AMER:2026-W15,SmartX,Retail_AMER_g1,2026-W15,2026-W15,0,491
SmartX:AMER:2026-W16,SmartX,Retail_AMER_g1,2026-W16,2026-W16,0,488
SmartX:AMER:2026-W17,SmartX,Retail_AMER_g1,2026-W17,2026-W17,0,486
SmartX:AMER:2026-W18,SmartX,Retail_AMER_g1,2026-W18,2026-W18,0,484
SmartX:AMER:2026-W19,SmartX,Retail_AMER_g1,2026-W19,2026-W19,0,481
SmartX:AMER:2026-W20,SmartX,Retail_AMER_g1,2026-W20,2026-W20,0,479
SmartX:AMER:2026-W21,SmartX,Retail_AMER_g1,2026-W21,2026-W21,0,477
SmartX:AMER:2026-W22,SmartX,Retail_AMER_g1,2026-W22,2026-W22,0,475
SmartX:AMER:2026-W23,SmartX,Retail_AMER_g1,2026-W23,2026-W23,0,472
SmartX:AMER:2026-W24,SmartX,Retail_AMER_g1,2026-W24,2026-W24,0,470
SmartX:AMER:2026-W25,SmartX,Retail_AMER_g1,2026-W25,2026-W25,0,468
SmartX:AMER:2026-W26,SmartX,Retail_AMER_g1,2026-W26,2026-W26,0,465
SmartX:AMER:2026-W27,SmartX,Retail_AMER_g1,2026-W27,2026-W27,0,463
SmartX:AMER:2026-W28,SmartX,Retail_AMER_g1,2026-W28,2026-W28,0,461
SmartX:AMER:2026-W29,SmartX,Retail_AMER_g1,2026-W29,2026-W29,0,458
SmartX:AMER:2026-W30,SmartX,Retail_AMER_g1,2026-W30,2026-W30,0,456
SmartX:AMER:2026-W31,SmartX,Retail_AMER_g1,2026-W31,2026-W31,0,454
SmartX:AMER:2026-W32,SmartX,Retail_AMER_g1,2026-W32,2026-W32,0,451
SmartX:AMER:2026-W33,SmartX,Retail_AMER_g1,2026-W33,2026-W33,0,449
SmartX:AMER:2026-W34,SmartX,Retail_AMER_g1,2026-W34,2026-W34,0,447
SmartX:AMER:2026-W35,SmartX,Retail_AMER_g1,2026-W35,2026-W35,0,445
SmartX:AMER:2026-W36,SmartX,Retail_AMER_g1,2026-W36,2026-W36,0,442
SmartX:AMER:2026-W37,SmartX,Retail_AMER_g1,2026-W37,2026-W37,0,440
SmartX:AMER:2026-W38,SmartX,Retail_AMER_g1,2026-W38,2026-W38,0,438
SmartX:AMER:2026-W39,SmartX,Retail_AMER_g1,2026-W39,2026-W39,0,435
SmartX:AMER:2026-W40,SmartX,Retail_AMER_g1,2026-W40,2026-W40,0,433
SmartX:AMER:2026-W41,SmartX,Retail_AMER_g1,2026-W41,2026-W41,0,431
SmartX:AMER:2026-W42,SmartX,Retail_AMER_g1,2026-W42,2026-W42,0,428
SmartX:AMER:2026-W43,SmartX,Retail_AMER_g1,2026-W43,2026-W43,0,426
SmartX:AMER:2026-W44,SmartX,Retail_AMER_g1,2026-W44,2026-W44,0,424
SmartX:AMER:2026-W45,SmartX,Retail_AMER_g1,2026-W45,2026-W45,0,421
SmartX:AMER:2026-W46,SmartX,Retail_AMER_g1,2026-W46,2026-W46,0,419
SmartX:AMER:2026-W47,SmartX,Retail_AMER_g1,2026-W47,2026-W47,0,417
SmartX:AMER:2026-W48,SmartX,Retail_AMER_g1,2026-W48,2026-W48,0,415
SmartX:AMER:2026-W49,SmartX,Retail_AMER_g1,2026-W49,2026-W49,0,412
SmartX:AMER:2026-W50,SmartX,Retail_AMER_g1,2026-W50,2026-W50,0,410
SmartX:AMER:2026-W51,SmartX,Retail_AMER_g1,2026-W51,2026-W51,0,408
SmartX:AMER:2026-W52,SmartX,Retail_AMER_g1,2026-W52,2026-W52,0,405
SmartX:AMER:2026-W53,SmartX,Retail_AMER_g1,2026-W53,2026-W53,0,403
SmartX:AMER:2027-W01,SmartX,Retail_AMER_g1,2027-W01,2027-W01,0,400
SmartX:AMER:2027-W02,SmartX,Retail_AMER_g1,2027-W02,2027-W02,0,400
SmartX:AMER:2027-W03,SmartX,Retail_AMER_g1,2027-W03,2027-W03,0,400
SmartX:AMER:2027-W04,SmartX,Retail_AMER_g1,2027-W04,2027-W04,0,400
SmartX:AMER:2027-W05,SmartX,Retail_AMER_g1,2027-W05,2027-W05,0,400
SmartX:AMER:2027-W06,SmartX,Retail_AMER_g1,2027-W06,2027-W06,0,400
SmartX:AMER:2027-W07,SmartX,Retail_AMER_g1,2027-W07,2027-W07,0,400
SmartX:AMER:2027-W08,SmartX,Retail_AMER_g1,2027-W08,2027-W08,0,400
SmartX:AMER:2027-W09,SmartX,Retail_AMER_g1,2027-W09,2027-W09,0,400
SmartX:AMER:2027-W10,SmartX,Retail_AMER_g1,2027-W10,2027-W10,0,400
SmartX:AMER:2027-W11,SmartX,Retail_AMER_g1,2027-W11,2027-W11,0,400
SmartX:AMER:2027-W12,SmartX,Retail_AMER_g1,2027-W12,2027-W12,0,400
SmartX:AMER:2027-W13,SmartX,Retail_AMER_g1,2027-W13,2027-W13,0,400
SmartX:AMER:2027-W14,SmartX,Retail_AMER_g1,2027-W14,2027-W14,0,400
SmartX:AMER:2027-W15,SmartX,Retail_AMER_g1,2027-W15,2027-W15,0,400
SmartX:AMER:2027-W16,SmartX,Retail_AMER_g1,2027-W16,2027-W16,0,400
SmartX:AMER:2027-W17,SmartX,Retail_AMER_g1,2027-W17,2027-W17,0,400
SmartX:AMER:2027-W18,SmartX,Retail_AMER_g1,2027-W18,2027-W18,0,400
SmartX:AMER:2027-W19,SmartX,Retail_AMER_g1,2027-W19,2027-W19,0,400
SmartX:AMER:2027-W20,SmartX,Retail_AMER_g1,2027-W20,2027-W20,0,400
SmartX:AMER:2027-W21,SmartX,Retail_AMER_g1,2027-W21,2027-W21,0,400
SmartX:AMER:2027-W22,SmartX,Retail_AMER_g1,2027-W22,2027-W22,0,400
SmartX:AMER:2027-W23,SmartX,Retail_AMER_g1,2027-W23,2027-W23,0,400
SmartX:AMER:2027-W24,SmartX,Retail_AMER_g1,2027-W24,2027-W24,0,400
SmartX:AMER:2027-W25,SmartX,Retail_AMER_g1,2027-W25,2027-W25,0,400
SmartX:AMER:2027-W26,SmartX,Retail_AMER_g1,2027-W26,2027-W26,0,400
SmartX:AMER:2027-W27,SmartX,Retail_AMER_g1,2027-W27,2027-W27,0,396
SmartX:AMER:2027-W28,SmartX,Retail_AMER_g1,2027-W28,2027-W28,0,393
SmartX:AMER:2027-W29,SmartX,Retail_AMER_g1,2027-W29,2027-W29,0,389
SmartX:AMER:2027-W30,SmartX,Retail_AMER_g1,2027-W30,2027-W30,0,385
SmartX:AMER:2027-W31,SmartX,Retail_AMER_g1,2027-W31,2027-W31,0,381
SmartX:AMER:2027-W32,SmartX,Retail_AMER_g1,2027-W32,2027-W32,0,378
SmartX:AMER:2027-W33,SmartX,Retail_AMER_g1,2027-W33,2027-W33,0,374
SmartX:AMER:2027-W34,SmartX,Retail_AMER_g1,2027-W34,2027-W34,0,370
SmartX:AMER:2027-W35,SmartX,Retail_AMER_g1,2027-W35,2027-W35,0,367
SmartX:AMER:2027-W36,SmartX,Retail_AMER_g1,2027-W36,2027-W36,0,363
SmartX:AMER:2027-W37,SmartX,Retail_AMER_g1,2027-W37,2027-W37,0,359
SmartX:AMER:2027-W38,SmartX,Retail_AMER_g1,2027-W38,2027-W38,0,356
SmartX:AMER:2027-W39,SmartX,Retail_AMER_g1,2027-W39,2027-W39,0,352
SmartX:AMER:2027-W40,SmartX,Retail_AMER_g1,2027-W40,2027-W40,0,348
SmartX:AMER:2027-W41,SmartX,Retail_AMER_g1,2027-W41,2027-W41,0,344
SmartX:AMER:2027-W42,SmartX,Retail_AMER_g1,2027-W42,2027-W42,0,341
SmartX:AMER:2027-W43,SmartX,Retail_AMER_g1,2027-W43,2027-W43,0,337
SmartX:AMER:2027-W44,SmartX,Retail_AMER_g1,2027-W44,2027-W44,0,333
SmartX:AMER:2027-W45,SmartX,Retail_AMER_g1,2027-W45,2027-W45,0,330
SmartX:AMER:2027-W46,SmartX,Retail_AMER_g1,2027-W46,2027-W46,0,326
SmartX:AMER:2027-W47,SmartX,Retail_AMER_g1,2027-W47,2027-W47,0,322
SmartX:AMER:2027-W48,SmartX,Retail_AMER_g1,2027-W48,2027-W48,0,319
SmartX:AMER:2027-W49,SmartX,Retail_AMER_g1,2027-W49,2027-W49,0,315
SmartX:AMER:2027-W50,SmartX,Retail_AMER_g1,2027-W50,2027-W50,0,311
SmartX:AMER:2027-W51,SmartX,Retail_AMER_g1,2027-W51,2027-W51,0,307
SmartX:AMER:2027-W52,SmartX,Retail_AMER_g1,2027-W52,2027-W52,0,304
SmartX:AMER:2028-W01,SmartX,Retail_AMER_g1,2028-W01,2028-W01,0,296
SmartX:AMER:2028-W02,SmartX,Retail_AMER_g1,2028-W02,2028-W02,0,293
SmartX:AMER:2028-W03,SmartX,Retail_AMER_g1,2028-W03,2028-W03,0,289
SmartX:AMER:2028-W04,SmartX,Retail_AMER_g1,2028-W04,2028-W04,0,285
SmartX:AMER:2028-W05,SmartX,Retail_AMER_g1,2028-W05,2028-W05,0,281
SmartX:AMER:2028-W06,SmartX,Retail_AMER_g1,2028-W06,2028-W06,0,278
SmartX:AMER:2028-W07,SmartX,Retail_AMER_g1,2028-W07,2028-W07,0,274
SmartX:AMER:2028-W08,SmartX,Retail_AMER_g1,2028-W08,2028-W08,0,270
SmartX:AMER:2028-W09,SmartX,Retail_AMER_g1,2028-W09,2028-W09,0,267
SmartX:AMER:2028-W10,SmartX,Retail_AMER_g1,2028-W10,2028-W10,0,263
SmartX:AMER:2028-W11,SmartX,Retail_AMER_g1,2028-W11,2028-W11,0,259
SmartX:AMER:2028-W12,SmartX,Retail_AMER_g1,2028-W12,2028-W12,0,256
SmartX:AMER:2028-W13,SmartX,Retail_AMER_g1,2028-W13,2028-W13,0,252
SmartX:AMER:2028-W14,SmartX,Retail_AMER_g1,2028-W14,2028-W14,0,248
SmartX:AMER:2028-W15,SmartX,Retail_AMER_g1,2028-W15,2028-W15,0,244
SmartX:AMER:2028-W16,SmartX,Retail_AMER_g1,2028-W16,2028-W16,0,241
SmartX:AMER:2028-W17,SmartX,Retail_AMER_g1,2028-W17,2028-W17,0,237
SmartX:AMER:2028-W18,SmartX,Retail_AMER_g1,2028-W18,2028-W18,0,233
SmartX:AMER:2028-W19,SmartX,Retail_AMER_g1,2028-W19,2028-W19,0,230
SmartX:AMER:2028-W20,SmartX,Retail_AMER_g1,2028-W20,2028-W20,0,226
SmartX:AMER:2028-W21,SmartX,Retail_AMER_g1,2028-W21,2028-W21,0,222
SmartX:AMER:2028-W22,SmartX,Retail_AMER_g1,2028-W22,2028-W22,0,219
SmartX:AMER:2028-W23,SmartX,Retail_AMER_g1,2028-W23,2028-W23,0,215
SmartX:AMER:2028-W24,SmartX,Retail_AMER_g1,2028-W24,2028-W24,0,211
SmartX:AMER:2028-W25,SmartX,Retail_AMER_g1,2028-W25,2028-W25,0,207
SmartX:AMER:2028-W26,SmartX,Retail_AMER_g1,2028-W26,2028-W26,0,204
SmartX:AMER:2028-W27,SmartX,Retail_AMER_g1,2028-W27,2028-W27,0,197
SmartX:AMER:2028-W28,SmartX,Retail_AMER_g1,2028-W28,2028-W28,0,195
SmartX:AMER:2028-W29,SmartX,Retail_AMER_g1,2028-W29,2028-W29,0,192
SmartX:AMER:2028-W30,SmartX,Retail_AMER_g1,2028-W30,2028-W30,0,190
SmartX:AMER:2028-W31,SmartX,Retail_AMER_g1,2028-W31,2028-W31,0,187
SmartX:AMER:2028-W32,SmartX,Retail_AMER_g1,2028-W32,2028-W32,0,184
SmartX:AMER:2028-W33,SmartX,Retail_AMER_g1,2028-W33,2028-W33,0,182
SmartX:AMER:2028-W34,SmartX,Retail_AMER_g1,2028-W34,2028-W34,0,179
SmartX:AMER:2028-W35,SmartX,Retail_AMER_g1,2028-W35,2028-W35,0,177
SmartX:AMER:2028-W36,SmartX,Retail_AMER_g1,2028-W36,2028-W36,0,174
SmartX:AMER:2028-W37,SmartX,Retail_AMER_g1,2028-W37,2028-W37,0,171
SmartX:AMER:2028-W38,SmartX,Retail_AMER_g1,2028-W38,2028-W38,0,169
SmartX:AMER:2028-W39,SmartX,Retail_AMER_g1,2028-W39,2028-W39,0,166
SmartX:AMER:2028-W40,SmartX,Retail_AMER_g1,2028-W40,2028-W40,0,164
SmartX:AMER:2028-W41,SmartX,Retail_AMER_g1,2028-W41,2028-W41,0,161
SmartX:AMER:2028-W42,SmartX,Retail_AMER_g1,2028-W42,2028-W42,0,159
SmartX:AMER:2028-W43,SmartX,Retail_AMER_g1,2028-W43,2028-W43,0,156
SmartX:AMER:2028-W44,SmartX,Retail_AMER_g1,2028-W44,2028-W44,0,153
SmartX:AMER:2028-W45,SmartX,Retail_AMER_g1,2028-W45,2028-W45,0,151
SmartX:AMER:2028-W46,SmartX,Retail_AMER_g1,2028-W46,2028-W46,0,148
SmartX:AMER:2028-W47,SmartX,Retail_AMER_g1,2028-W47,2028-W47,0,146
SmartX:AMER:2028-W48,SmartX,Retail_AMER_g1,2028-W48,2028-W48,0,143
SmartX:AMER:2028-W49,SmartX,Retail_AMER_g1,2028-W49,2028-W49,0,140
SmartX:AMER:2028-W50,SmartX,Retail_AMER_g1,2028-W50,2028-W50,0,138
SmartX:AMER:2028-W51,SmartX,Retail_AMER_g1,2028-W51,2028-W51,0,135
SmartX:AMER:2028-W52,SmartX,Retail_AMER_g1,2028-W52,2028-W52,0,133
SmartX:AMER:2029-W01,SmartX,Retail_AMER_g1,2029-W01,2029-W01,0,128
SmartX:AMER:2029-W02,SmartX,Retail_AMER_g1,2029-W02,2029-W02,0,126
SmartX:AMER:2029-W03,SmartX,Retail_AMER_g1,2029-W03,2029-W03,0,124
SmartX:AMER:2029-W04,SmartX,Retail_AMER_g1,2029-W04,2029-W04,0,123
SmartX:AMER:2029-W05,SmartX,Retail_AMER_g1,2029-W05,2029-W05,0,121
SmartX:AMER:2029-W06,SmartX,Retail_AMER_g1,2029-W06,2029-W06,0,119
SmartX:AMER:2029-W07,SmartX,Retail_AMER_g1,2029-W07,2029-W07,0,117
SmartX:AMER:2029-W08,SmartX,Retail_AMER_g1,2029-W08,2029-W08,0,115
SmartX:AMER:2029-W09,SmartX,Retail_AMER_g1,2029-W09,2029-W09,0,113
SmartX:AMER:2029-W10,SmartX,Retail_AMER_g1,2029-W10,2029-W10,0,111
SmartX:AMER:2029-W11,SmartX,Retail_AMER_g1,2029-W11,2029-W11,0,110
SmartX:AMER:2029-W12,SmartX,Retail_AMER_g1,2029-W12,2029-W12,0,108
SmartX:AMER:2029-W13,SmartX,Retail_AMER_g1,2029-W13,2029-W13,0,106
SmartX:AMER:2029-W14,SmartX,Retail_AMER_g1,2029-W14,2029-W14,0,104
SmartX:AMER:2029-W15,SmartX,Retail_AMER_g1,2029-W15,2029-W15,0,102
SmartX:AMER:2029-W16,SmartX,Retail_AMER_g1,2029-W16,2029-W16,0,100
SmartX:AMER:2029-W17,SmartX,Retail_AMER_g1,2029-W17,2029-W17,0,99
SmartX:AMER:2029-W18,SmartX,Retail_AMER_g1,2029-W18,2029-W18,0,97
SmartX:AMER:2029-W19,SmartX,Retail_AMER_g1,2029-W19,2029-W19,0,95
SmartX:AMER:2029-W20,SmartX,Retail_AMER_g1,2029-W20,2029-W20,0,93
SmartX:AMER:2029-W21,SmartX,Retail_AMER_g1,2029-W21,2029-W21,0,91
SmartX:AMER:2029-W22,SmartX,Retail_AMER_g1,2029-W22,2029-W22,0,89
SmartX:AMER:2029-W23,SmartX,Retail_AMER_g1,2029-W23,2029-W23,0,87
SmartX:AMER:2029-W24,SmartX,Retail_AMER_g1,2029-W24,2029-W24,0,86
SmartX:AMER:2029-W25,SmartX,Retail_AMER_g1,2029-W25,2029-W25,0,84
SmartX:AMER:2029-W26,SmartX,Retail_AMER_g1,2029-W26,2029-W26,0,82
SmartX:AMER:2029-W27,SmartX,Retail_AMER_g1,2029-W27,2029-W27,0,79
SmartX:AMER:2029-W28,SmartX,Retail_AMER_g1,2029-W28,2029-W28,0,77
SmartX:AMER:2029-W29,SmartX,Retail_AMER_g1,2029-W29,2029-W29,0,76
SmartX:AMER:2029-W30,SmartX,Retail_AMER_g1,2029-W30,2029-W30,0,74
SmartX:AMER:2029-W31,SmartX,Retail_AMER_g1,2029-W31,2029-W31,0,73
SmartX:AMER:2029-W32,SmartX,Retail_AMER_g1,2029-W32,2029-W32,0,71
SmartX:AMER:2029-W33,SmartX,Retail_AMER_g1,2029-W33,2029-W33,0,70
SmartX:AMER:2029-W34,SmartX,Retail_AMER_g1,2029-W34,2029-W34,0,68
SmartX:AMER:2029-W35,SmartX,Retail_AMER_g1,2029-W35,2029-W35,0,67
SmartX:AMER:2029-W36,SmartX,Retail_AMER_g1,2029-W36,2029-W36,0,65
SmartX:AMER:2029-W37,SmartX,Retail_AMER_g1,2029-W37,2029-W37,0,64
SmartX:AMER:2029-W38,SmartX,Retail_AMER_g1,2029-W38,2029-W38,0,62
SmartX:AMER:2029-W39,SmartX,Retail_AMER_g1,2029-W39,2029-W39,0,61
SmartX:AMER:2029-W40,SmartX,Retail_AMER_g1,2029-W40,2029-W40,0,59
SmartX:AMER:2029-W41,SmartX,Retail_AMER_g1,2029-W41,2029-W41,0,58
SmartX:AMER:2029-W42,SmartX,Retail_AMER_g1,2029-W42,2029-W42,0,56
SmartX:AMER:2029-W43,SmartX,Retail_AMER_g1,2029-W43,2029-W43,0,55
SmartX:AMER:2029-W44,SmartX,Retail_AMER_g1,2029-W44,2029-W44,0,53
SmartX:AMER:2029-W45,SmartX,Retail_AMER_g1,2029-W45,2029-W45,0,52
SmartX:AMER:2029-W46,SmartX,Retail_AMER_g1,2029-W46,2029-W46,0,50
SmartX:AMER:2029-W47,SmartX,Retail_AMER_g1,2029-W47,2029-W47,0,49
SmartX:AMER:2029-W48,SmartX,Retail_AMER_g1,2029-W48,2029-W48,0,47
SmartX:AMER:2029-W49,SmartX,Retail_AMER_g1,2029-W49,2029-W49,0,46
SmartX:AMER:2029-W50,SmartX,Retail_AMER_g1,2029-W50,2029-W50,0,44
SmartX:AMER:2029-W51,SmartX,Retail_AMER_g1,2029-W51,2029-W51,0,43
SmartX:AMER:2029-W52,SmartX,Retail_AMER_g1,2029-W52,2029-W52,0,41
SmartX:AMER:2030-W01,SmartX,Retail_AMER_g1,2030-W01,2030-W01,0,40
SmartX:AMER:2030-W02,SmartX,Retail_AMER_g1,2030-W02,2030-W02,0,38
SmartX:AMER:2030-W03,SmartX,Retail_AMER_g1,2030-W03,2030-W03,0,37
SmartX:AMER:2030-W04,SmartX,Retail_AMER_g1,2030-W04,2030-W04,0,35
SmartX:AMER:2030-W05,SmartX,Retail_AMER_g1,2030-W05,2030-W05,0,34
SmartX:AMER:2030-W06,SmartX,Retail_AMER_g1,2030-W06,2030-W06,0,32
SmartX:AMER:2030-W07,SmartX,Retail_AMER_g1,2030-W07,2030-W07,0,31
SmartX:AMER:2030-W08,SmartX,Retail_AMER_g1,2030-W08,2030-W08,0,29
SmartX:AMER:2030-W09,SmartX,Retail_AMER_g1,2030-W09,2030-W09,0,28
SmartX:AMER:2030-W10,SmartX,Retail_AMER_g1,2030-W10,2030-W10,0,26
SmartX:AMER:2030-W11,SmartX,Retail_AMER_g1,2030-W11,2030-W11,0,25
SmartX:AMER:2030-W12,SmartX,Retail_AMER_g1,2030-W12,2030-W12,0,23
SmartX:AMER:2030-W13,SmartX,Retail_AMER_g1,2030-W13,2030-W13,0,22
SmartX:AMER:2030-W14,SmartX,Retail_AMER_g1,2030-W14,2030-W14,0,20
SmartX:AMER:2030-W15,SmartX,Retail_AMER_g1,2030-W15,2030-W15,0,18
SmartX:AMER:2030-W16,SmartX,Retail_AMER_g1,2030-W16,2030-W16,0,17
SmartX:AMER:2030-W17,SmartX,Retail_AMER_g1,2030-W17,2030-W17,0,15
SmartX:AMER:2030-W18,SmartX,Retail_AMER_g1,2030-W18,2030-W18,0,14
SmartX:AMER:2030-W19,SmartX,Retail_AMER_g1,2030-W19,2030-W19,0,12
SmartX:AMER:2030-W20,SmartX,Retail_AMER_g1,2030-W20,2030-W20,0,11
SmartX:AMER:2030-W21,SmartX,Retail_AMER_g1,2030-W21,2030-W21,0,9
SmartX:AMER:2030-W22,SmartX,Retail_AMER_g1,2030-W22,2030-W22,0,8
SmartX:AMER:2030-W23,SmartX,Retail_AMER_g1,2030-W23,2030-W23,0,6
SmartX:AMER:2030-W24,SmartX,Retail_AMER_g1,2030-W24,2030-W24,0,5
SmartX:AMER:2030-W25,SmartX,Retail_AMER_g1,2030-W25,2030-W25,0,3
SmartX:AMER:2030-W26,SmartX,Retail_AMER_g1,2030-W26,2030-W26,0,2
SmartX:APAC:2026-W01,SmartX,Retail_APAC_g1,2026-W01,2026-W01,0,418
SmartX:APAC:2026-W02,SmartX,Retail_APAC_g1,2026-W02,2026-W02,0,416
SmartX:APAC:2026-W03,SmartX,Retail_APAC_g1,2026-W03,2026-W03,0,414
SmartX:APAC:2026-W04,SmartX,Retail_APAC_g1,2026-W04,2026-W04,0,413
SmartX:APAC:2026-W05,SmartX,Retail_APAC_g1,2026-W05,2026-W05,0,411
SmartX:APAC:2026-W06,SmartX,Retail_APAC_g1,2026-W06,2026-W06,0,409
SmartX:APAC:2026-W07,SmartX,Retail_APAC_g1,2026-W07,2026-W07,0,407
SmartX:APAC:2026-W08,SmartX,Retail_APAC_g1,2026-W08,2026-W08,0,405
SmartX:APAC:2026-W09,SmartX,Retail_APAC_g1,2026-W09,2026-W09,0,403
SmartX:APAC:2026-W10,SmartX,Retail_APAC_g1,2026-W10,2026-W10,0,402
SmartX:APAC:2026-W11,SmartX,Retail_APAC_g1,2026-W11,2026-W11,0,400
SmartX:APAC:2026-W12,SmartX,Retail_APAC_g1,2026-W12,2026-W12,0,398
SmartX:APAC:2026-W13,SmartX,Retail_APAC_g1,2026-W13,2026-W13,0,396
SmartX:APAC:2026-W14,SmartX,Retail_APAC_g1,2026-W14,2026-W14,0,394
SmartX:APAC:2026-W15,SmartX,Retail_APAC_g1,2026-W15,2026-W15,0,392
SmartX:APAC:2026-W16,SmartX,Retail_APAC_g1,2026-W16,2026-W16,0,391
SmartX:APAC:2026-W17,SmartX,Retail_APAC_g1,2026-W17,2026-W17,0,389
SmartX:APAC:2026-W18,SmartX,Retail_APAC_g1,2026-W18,2026-W18,0,387
SmartX:APAC:2026-W19,SmartX,Retail_APAC_g1,2026-W19,2026-W19,0,385
SmartX:APAC:2026-W20,SmartX,Retail_APAC_g1,2026-W20,2026-W20,0,383
SmartX:APAC:2026-W21,SmartX,Retail_APAC_g1,2026-W21,2026-W21,0,381
SmartX:APAC:2026-W22,SmartX,Retail_APAC_g1,2026-W22,2026-W22,0,380
SmartX:APAC:2026-W23,SmartX,Retail_APAC_g1,2026-W23,2026-W23,0,378
SmartX:APAC:2026-W24,SmartX,Retail_APAC_g1,2026-W24,2026-W24,0,376
SmartX:APAC:2026-W25,SmartX,Retail_APAC_g1,2026-W25,2026-W25,0,374
SmartX:APAC:2026-W26,SmartX,Retail_APAC_g1,2026-W26,2026-W26,0,372
SmartX:APAC:2026-W27,SmartX,Retail_APAC_g1,2026-W27,2026-W27,0,370
SmartX:APAC:2026-W28,SmartX,Retail_APAC_g1,2026-W28,2026-W28,0,369
SmartX:APAC:2026-W29,SmartX,Retail_APAC_g1,2026-W29,2026-W29,0,367
SmartX:APAC:2026-W30,SmartX,Retail_APAC_g1,2026-W30,2026-W30,0,365
SmartX:APAC:2026-W31,SmartX,Retail_APAC_g1,2026-W31,2026-W31,0,363
SmartX:APAC:2026-W32,SmartX,Retail_APAC_g1,2026-W32,2026-W32,0,361
SmartX:APAC:2026-W33,SmartX,Retail_APAC_g1,2026-W33,2026-W33,0,360
SmartX:APAC:2026-W34,SmartX,Retail_APAC_g1,2026-W34,2026-W34,0,358
SmartX:APAC:2026-W35,SmartX,Retail_APAC_g1,2026-W35,2026-W35,0,356
SmartX:APAC:2026-W36,SmartX,Retail_APAC_g1,2026-W36,2026-W36,0,354
SmartX:APAC:2026-W37,SmartX,Retail_APAC_g1,2026-W37,2026-W37,0,352
SmartX:APAC:2026-W38,SmartX,Retail_APAC_g1,2026-W38,2026-W38,0,350
SmartX:APAC:2026-W39,SmartX,Retail_APAC_g1,2026-W39,2026-W39,0,349
SmartX:APAC:2026-W40,SmartX,Retail_APAC_g1,2026-W40,2026-W40,0,347
SmartX:APAC:2026-W41,SmartX,Retail_APAC_g1,2026-W41,2026-W41,0,345
SmartX:APAC:2026-W42,SmartX,Retail_APAC_g1,2026-W42,2026-W42,0,343
SmartX:APAC:2026-W43,SmartX,Retail_APAC_g1,2026-W43,2026-W43,0,341
SmartX:APAC:2026-W44,SmartX,Retail_APAC_g1,2026-W44,2026-W44,0,339
SmartX:APAC:2026-W45,SmartX,Retail_APAC_g1,2026-W45,2026-W45,0,338
SmartX:APAC:2026-W46,SmartX,Retail_APAC_g1,2026-W46,2026-W46,0,336
SmartX:APAC:2026-W47,SmartX,Retail_APAC_g1,2026-W47,2026-W47,0,334
SmartX:APAC:2026-W48,SmartX,Retail_APAC_g1,2026-W48,2026-W48,0,332
SmartX:APAC:2026-W49,SmartX,Retail_APAC_g1,2026-W49,2026-W49,0,330
SmartX:APAC:2026-W50,SmartX,Retail_APAC_g1,2026-W50,2026-W50,0,328
SmartX:APAC:2026-W51,SmartX,Retail_APAC_g1,2026-W51,2026-W51,0,327
SmartX:APAC:2026-W52,SmartX,Retail_APAC_g1,2026-W52,2026-W52,0,325
SmartX:APAC:2026-W53,SmartX,Retail_APAC_g1,2026-W53,2026-W53,0,323
SmartX:APAC:2027-W01,SmartX,Retail_APAC_g1,2027-W01,2027-W01,0,320
SmartX:APAC:2027-W02,SmartX,Retail_APAC_g1,2027-W02,2027-W02,0,320
SmartX:APAC:2027-W03,SmartX,Retail_APAC_g1,2027-W03,2027-W03,0,320
SmartX:APAC:2027-W04,SmartX,Retail_APAC_g1,2027-W04,2027-W04,0,320
SmartX:APAC:2027-W05,SmartX,Retail_APAC_g1,2027-W05,2027-W05,0,320
SmartX:APAC:2027-W06,SmartX,Retail_APAC_g1,2027-W06,2027-W06,0,320
SmartX:APAC:2027-W07,SmartX,Retail_APAC_g1,2027-W07,2027-W07,0,320
SmartX:APAC:2027-W08,SmartX,Retail_APAC_g1,2027-W08,2027-W08,0,320
SmartX:APAC:2027-W09,SmartX,Retail_APAC_g1,2027-W09,2027-W09,0,320
SmartX:APAC:2027-W10,SmartX,Retail_APAC_g1,2027-W10,2027-W10,0,320
SmartX:APAC:2027-W11,SmartX,Retail_APAC_g1,2027-W11,2027-W11,0,320
SmartX:APAC:2027-W12,SmartX,Retail_APAC_g1,2027-W12,2027-W12,0,320
SmartX:APAC:2027-W13,SmartX,Retail_APAC_g1,2027-W13,2027-W13,0,320
SmartX:APAC:2027-W14,SmartX,Retail_APAC_g1,2027-W14,2027-W14,0,320
SmartX:APAC:2027-W15,SmartX,Retail_APAC_g1,2027-W15,2027-W15,0,320
SmartX:APAC:2027-W16,SmartX,Retail_APAC_g1,2027-W16,2027-W16,0,320
SmartX:APAC:2027-W17,SmartX,Retail_APAC_g1,2027-W17,2027-W17,0,320
SmartX:APAC:2027-W18,SmartX,Retail_APAC_g1,2027-W18,2027-W18,0,320
SmartX:APAC:2027-W19,SmartX,Retail_APAC_g1,2027-W19,2027-W19,0,320
SmartX:APAC:2027-W20,SmartX,Retail_APAC_g1,2027-W20,2027-W20,0,320
SmartX:APAC:2027-W21,SmartX,Retail_APAC_g1,2027-W21,2027-W21,0,320
SmartX:APAC:2027-W22,SmartX,Retail_APAC_g1,2027-W22,2027-W22,0,320
SmartX:APAC:2027-W23,SmartX,Retail_APAC_g1,2027-W23,2027-W23,0,320
SmartX:APAC:2027-W24,SmartX,Retail_APAC_g1,2027-W24,2027-W24,0,320
SmartX:APAC:2027-W25,SmartX,Retail_APAC_g1,2027-W25,2027-W25,0,320
SmartX:APAC:2027-W26,SmartX,Retail_APAC_g1,2027-W26,2027-W26,0,320
SmartX:APAC:2027-W27,SmartX,Retail_APAC_g1,2027-W27,2027-W27,0,317
SmartX:APAC:2027-W28,SmartX,Retail_APAC_g1,2027-W28,2027-W28,0,314
SmartX:APAC:2027-W29,SmartX,Retail_APAC_g1,2027-W29,2027-W29,0,311
SmartX:APAC:2027-W30,SmartX,Retail_APAC_g1,2027-W30,2027-W30,0,308
SmartX:APAC:2027-W31,SmartX,Retail_APAC_g1,2027-W31,2027-W31,0,305
SmartX:APAC:2027-W32,SmartX,Retail_APAC_g1,2027-W32,2027-W32,0,302
SmartX:APAC:2027-W33,SmartX,Retail_APAC_g1,2027-W33,2027-W33,0,299
SmartX:APAC:2027-W34,SmartX,Retail_APAC_g1,2027-W34,2027-W34,0,296
SmartX:APAC:2027-W35,SmartX,Retail_APAC_g1,2027-W35,2027-W35,0,294
SmartX:APAC:2027-W36,SmartX,Retail_APAC_g1,2027-W36,2027-W36,0,290
SmartX:APAC:2027-W37,SmartX,Retail_APAC_g1,2027-W37,2027-W37,0,287
SmartX:APAC:2027-W38,SmartX,Retail_APAC_g1,2027-W38,2027-W38,0,285
SmartX:APAC:2027-W39,SmartX,Retail_APAC_g1,2027-W39,2027-W39,0,282
SmartX:APAC:2027-W40,SmartX,Retail_APAC_g1,2027-W40,2027-W40,0,278
SmartX:APAC:2027-W41,SmartX,Retail_APAC_g1,2027-W41,2027-W41,0,275
SmartX:APAC:2027-W42,SmartX,Retail_APAC_g1,2027-W42,2027-W42,0,273
SmartX:APAC:2027-W43,SmartX,Retail_APAC_g1,2027-W43,2027-W43,0,270
SmartX:APAC:2027-W44,SmartX,Retail_APAC_g1,2027-W44,2027-W44,0,266
SmartX:APAC:2027-W45,SmartX,Retail_APAC_g1,2027-W45,2027-W45,0,264
SmartX:APAC:2027-W46,SmartX,Retail_APAC_g1,2027-W46,2027-W46,0,261
SmartX:APAC:2027-W47,SmartX,Retail_APAC_g1,2027-W47,2027-W47,0,258
SmartX:APAC:2027-W48,SmartX,Retail_APAC_g1,2027-W48,2027-W48,0,255
SmartX:APAC:2027-W49,SmartX,Retail_APAC_g1,2027-W49,2027-W49,0,252
SmartX:APAC:2027-W50,SmartX,Retail_APAC_g1,2027-W50,2027-W50,0,249
SmartX:APAC:2027-W51,SmartX,Retail_APAC_g1,2027-W51,2027-W51,0,246
SmartX:APAC:2027-W52,SmartX,Retail_APAC_g1,2027-W52,2027-W52,0,243
SmartX:APAC:2028-W01,SmartX,Retail_APAC_g1,2028-W01,2028-W01,0,237
SmartX:APAC:2028-W02,SmartX,Retail_APAC_g1,2028-W02,2028-W02,0,234
SmartX:APAC:2028-W03,SmartX,Retail_APAC_g1,2028-W03,2028-W03,0,231
SmartX:APAC:2028-W04,SmartX,Retail_APAC_g1,2028-W04,2028-W04,0,228
SmartX:APAC:2028-W05,SmartX,Retail_APAC_g1,2028-W05,2028-W05,0,225
SmartX:APAC:2028-W06,SmartX,Retail_APAC_g1,2028-W06,2028-W06,0,222
SmartX:APAC:2028-W07,SmartX,Retail_APAC_g1,2028-W07,2028-W07,0,219
SmartX:APAC:2028-W08,SmartX,Retail_APAC_g1,2028-W08,2028-W08,0,216
SmartX:APAC:2028-W09,SmartX,Retail_APAC_g1,2028-W09,2028-W09,0,214
SmartX:APAC:2028-W10,SmartX,Retail_APAC_g1,2028-W10,2028-W10,0,210
SmartX:APAC:2028-W11,SmartX,Retail_APAC_g1,2028-W11,2028-W11,0,207
SmartX:APAC:2028-W12,SmartX,Retail_APAC_g1,2028-W12,2028-W12,0,205
SmartX:APAC:2028-W13,SmartX,Retail_APAC_g1,2028-W13,2028-W13,0,202
SmartX:APAC:2028-W14,SmartX,Retail_APAC_g1,2028-W14,2028-W14,0,198
SmartX:APAC:2028-W15,SmartX,Retail_APAC_g1,2028-W15,2028-W15,0,195
SmartX:APAC:2028-W16,SmartX,Retail_APAC_g1,2028-W16,2028-W16,0,193
SmartX:APAC:2028-W17,SmartX,Retail_APAC_g1,2028-W17,2028-W17,0,190
SmartX:APAC:2028-W18,SmartX,Retail_APAC_g1,2028-W18,2028-W18,0,186
SmartX:APAC:2028-W19,SmartX,Retail_APAC_g1,2028-W19,2028-W19,0,184
SmartX:APAC:2028-W20,SmartX,Retail_APAC_g1,2028-W20,2028-W20,0,181
SmartX:APAC:2028-W21,SmartX,Retail_APAC_g1,2028-W21,2028-W21,0,178
SmartX:APAC:2028-W22,SmartX,Retail_APAC_g1,2028-W22,2028-W22,0,175
SmartX:APAC:2028-W23,SmartX,Retail_APAC_g1,2028-W23,2028-W23,0,172
SmartX:APAC:2028-W24,SmartX,Retail_APAC_g1,2028-W24,2028-W24,0,169
SmartX:APAC:2028-W25,SmartX,Retail_APAC_g1,2028-W25,2028-W25,0,166
SmartX:APAC:2028-W26,SmartX,Retail_APAC_g1,2028-W26,2028-W26,0,163
SmartX:APAC:2028-W27,SmartX,Retail_APAC_g1,2028-W27,2028-W27,0,158
SmartX:APAC:2028-W28,SmartX,Retail_APAC_g1,2028-W28,2028-W28,0,156
SmartX:APAC:2028-W29,SmartX,Retail_APAC_g1,2028-W29,2028-W29,0,154
SmartX:APAC:2028-W30,SmartX,Retail_APAC_g1,2028-W30,2028-W30,0,152
SmartX:APAC:2028-W31,SmartX,Retail_APAC_g1,2028-W31,2028-W31,0,150
SmartX:APAC:2028-W32,SmartX,Retail_APAC_g1,2028-W32,2028-W32,0,147
SmartX:APAC:2028-W33,SmartX,Retail_APAC_g1,2028-W33,2028-W33,0,146
SmartX:APAC:2028-W34,SmartX,Retail_APAC_g1,2028-W34,2028-W34,0,143
SmartX:APAC:2028-W35,SmartX,Retail_APAC_g1,2028-W35,2028-W35,0,142
SmartX:APAC:2028-W36,SmartX,Retail_APAC_g1,2028-W36,2028-W36,0,139
SmartX:APAC:2028-W37,SmartX,Retail_APAC_g1,2028-W37,2028-W37,0,137
SmartX:APAC:2028-W38,SmartX,Retail_APAC_g1,2028-W38,2028-W38,0,135
SmartX:APAC:2028-W39,SmartX,Retail_APAC_g1,2028-W39,2028-W39,0,133
SmartX:APAC:2028-W40,SmartX,Retail_APAC_g1,2028-W40,2028-W40,0,131
SmartX:APAC:2028-W41,SmartX,Retail_APAC_g1,2028-W41,2028-W41,0,129
SmartX:APAC:2028-W42,SmartX,Retail_APAC_g1,2028-W42,2028-W42,0,127
SmartX:APAC:2028-W43,SmartX,Retail_APAC_g1,2028-W43,2028-W43,0,125
SmartX:APAC:2028-W44,SmartX,Retail_APAC_g1,2028-W44,2028-W44,0,122
SmartX:APAC:2028-W45,SmartX,Retail_APAC_g1,2028-W45,2028-W45,0,121
SmartX:APAC:2028-W46,SmartX,Retail_APAC_g1,2028-W46,2028-W46,0,118
SmartX:APAC:2028-W47,SmartX,Retail_APAC_g1,2028-W47,2028-W47,0,117
SmartX:APAC:2028-W48,SmartX,Retail_APAC_g1,2028-W48,2028-W48,0,114
SmartX:APAC:2028-W49,SmartX,Retail_APAC_g1,2028-W49,2028-W49,0,112
SmartX:APAC:2028-W50,SmartX,Retail_APAC_g1,2028-W50,2028-W50,0,110
SmartX:APAC:2028-W51,SmartX,Retail_APAC_g1,2028-W51,2028-W51,0,108
SmartX:APAC:2028-W52,SmartX,Retail_APAC_g1,2028-W52,2028-W52,0,106
SmartX:APAC:2029-W01,SmartX,Retail_APAC_g1,2029-W01,2029-W01,0,102
SmartX:APAC:2029-W02,SmartX,Retail_APAC_g1,2029-W02,2029-W02,0,101
SmartX:APAC:2029-W03,SmartX,Retail_APAC_g1,2029-W03,2029-W03,0,99
SmartX:APAC:2029-W04,SmartX,Retail_APAC_g1,2029-W04,2029-W04,0,98
SmartX:APAC:2029-W05,SmartX,Retail_APAC_g1,2029-W05,2029-W05,0,97
SmartX:APAC:2029-W06,SmartX,Retail_APAC_g1,2029-W06,2029-W06,0,95
SmartX:APAC:2029-W07,SmartX,Retail_APAC_g1,2029-W07,2029-W07,0,94
SmartX:APAC:2029-W08,SmartX,Retail_APAC_g1,2029-W08,2029-W08,0,92
SmartX:APAC:2029-W09,SmartX,Retail_APAC_g1,2029-W09,2029-W09,0,90
SmartX:APAC:2029-W10,SmartX,Retail_APAC_g1,2029-W10,2029-W10,0,89
SmartX:APAC:2029-W11,SmartX,Retail_APAC_g1,2029-W11,2029-W11,0,88
SmartX:APAC:2029-W12,SmartX,Retail_APAC_g1,2029-W12,2029-W12,0,86
SmartX:APAC:2029-W13,SmartX,Retail_APAC_g1,2029-W13,2029-W13,0,85
SmartX:APAC:2029-W14,SmartX,Retail_APAC_g1,2029-W14,2029-W14,0,83
SmartX:APAC:2029-W15,SmartX,Retail_APAC_g1,2029-W15,2029-W15,0,82
SmartX:APAC:2029-W16,SmartX,Retail_APAC_g1,2029-W16,2029-W16,0,80
SmartX:APAC:2029-W17,SmartX,Retail_APAC_g1,2029-W17,2029-W17,0,79
SmartX:APAC:2029-W18,SmartX,Retail_APAC_g1,2029-W18,2029-W18,0,78
SmartX:APAC:2029-W19,SmartX,Retail_APAC_g1,2029-W19,2029-W19,0,76
SmartX:APAC:2029-W20,SmartX,Retail_APAC_g1,2029-W20,2029-W20,0,74
SmartX:APAC:2029-W21,SmartX,Retail_APAC_g1,2029-W21,2029-W21,0,73
SmartX:APAC:2029-W22,SmartX,Retail_APAC_g1,2029-W22,2029-W22,0,71
SmartX:APAC:2029-W23,SmartX,Retail_APAC_g1,2029-W23,2029-W23,0,70
SmartX:APAC:2029-W24,SmartX,Retail_APAC_g1,2029-W24,2029-W24,0,69
SmartX:APAC:2029-W25,SmartX,Retail_APAC_g1,2029-W25,2029-W25,0,67
SmartX:APAC:2029-W26,SmartX,Retail_APAC_g1,2029-W26,2029-W26,0,66
SmartX:APAC:2029-W27,SmartX,Retail_APAC_g1,2029-W27,2029-W27,0,63
SmartX:APAC:2029-W28,SmartX,Retail_APAC_g1,2029-W28,2029-W28,0,62
SmartX:APAC:2029-W29,SmartX,Retail_APAC_g1,2029-W29,2029-W29,0,61
SmartX:APAC:2029-W30,SmartX,Retail_APAC_g1,2029-W30,2029-W30,0,59
SmartX:APAC:2029-W31,SmartX,Retail_APAC_g1,2029-W31,2029-W31,0,58
SmartX:APAC:2029-W32,SmartX,Retail_APAC_g1,2029-W32,2029-W32,0,57
SmartX:APAC:2029-W33,SmartX,Retail_APAC_g1,2029-W33,2029-W33,0,56
SmartX:APAC:2029-W34,SmartX,Retail_APAC_g1,2029-W34,2029-W34,0,54
SmartX:APAC:2029-W35,SmartX,Retail_APAC_g1,2029-W35,2029-W35,0,54
SmartX:APAC:2029-W36,SmartX,Retail_APAC_g1,2029-W36,2029-W36,0,52
SmartX:APAC:2029-W37,SmartX,Retail_APAC_g1,2029-W37,2029-W37,0,51
SmartX:APAC:2029-W38,SmartX,Retail_APAC_g1,2029-W38,2029-W38,0,50
SmartX:APAC:2029-W39,SmartX,Retail_APAC_g1,2029-W39,2029-W39,0,49
SmartX:APAC:2029-W40,SmartX,Retail_APAC_g1,2029-W40,2029-W40,0,47
SmartX:APAC:2029-W41,SmartX,Retail_APAC_g1,2029-W41,2029-W41,0,46
SmartX:APAC:2029-W42,SmartX,Retail_APAC_g1,2029-W42,2029-W42,0,45
SmartX:APAC:2029-W43,SmartX,Retail_APAC_g1,2029-W43,2029-W43,0,44
SmartX:APAC:2029-W44,SmartX,Retail_APAC_g1,2029-W44,2029-W44,0,42
SmartX:APAC:2029-W45,SmartX,Retail_APAC_g1,2029-W45,2029-W45,0,42
SmartX:APAC:2029-W46,SmartX,Retail_APAC_g1,2029-W46,2029-W46,0,40
SmartX:APAC:2029-W47,SmartX,Retail_APAC_g1,2029-W47,2029-W47,0,39
SmartX:APAC:2029-W48,SmartX,Retail_APAC_g1,2029-W48,2029-W48,0,38
SmartX:APAC:2029-W49,SmartX,Retail_APAC_g1,2029-W49,2029-W49,0,37
SmartX:APAC:2029-W50,SmartX,Retail_APAC_g1,2029-W50,2029-W50,0,35
SmartX:APAC:2029-W51,SmartX,Retail_APAC_g1,2029-W51,2029-W51,0,34
SmartX:APAC:2029-W52,SmartX,Retail_APAC_g1,2029-W52,2029-W52,0,33
SmartX:APAC:2030-W01,SmartX,Retail_APAC_g1,2030-W01,2030-W01,0,32
SmartX:APAC:2030-W02,SmartX,Retail_APAC_g1,2030-W02,2030-W02,0,31
SmartX:APAC:2030-W03,SmartX,Retail_APAC_g1,2030-W03,2030-W03,0,30
SmartX:APAC:2030-W04,SmartX,Retail_APAC_g1,2030-W04,2030-W04,0,28
SmartX:APAC:2030-W05,SmartX,Retail_APAC_g1,2030-W05,2030-W05,0,27
SmartX:APAC:2030-W06,SmartX,Retail_APAC_g1,2030-W06,2030-W06,0,26
SmartX:APAC:2030-W07,SmartX,Retail_APAC_g1,2030-W07,2030-W07,0,25
SmartX:APAC:2030-W08,SmartX,Retail_APAC_g1,2030-W08,2030-W08,0,23
SmartX:APAC:2030-W09,SmartX,Retail_APAC_g1,2030-W09,2030-W09,0,22
SmartX:APAC:2030-W10,SmartX,Retail_APAC_g1,2030-W10,2030-W10,0,21
SmartX:APAC:2030-W11,SmartX,Retail_APAC_g1,2030-W11,2030-W11,0,20
SmartX:APAC:2030-W12,SmartX,Retail_APAC_g1,2030-W12,2030-W12,0,18
SmartX:APAC:2030-W13,SmartX,Retail_APAC_g1,2030-W13,2030-W13,0,17
SmartX:APAC:2030-W14,SmartX,Retail_APAC_g1,2030-W14,2030-W14,0,16
SmartX:APAC:2030-W15,SmartX,Retail_APAC_g1,2030-W15,2030-W15,0,15
SmartX:APAC:2030-W16,SmartX,Retail_APAC_g1,2030-W16,2030-W16,0,14
SmartX:APAC:2030-W17,SmartX,Retail_APAC_g1,2030-W17,2030-W17,0,12
SmartX:APAC:2030-W18,SmartX,Retail_APAC_g1,2030-W18,2030-W18,0,11
SmartX:APAC:2030-W19,SmartX,Retail_APAC_g1,2030-W19,2030-W19,0,10
SmartX:APAC:2030-W20,SmartX,Retail_APAC_g1,2030-W20,2030-W20,0,9
SmartX:APAC:2030-W21,SmartX,Retail_APAC_g1,2030-W21,2030-W21,0,7
SmartX:APAC:2030-W22,SmartX,Retail_APAC_g1,2030-W22,2030-W22,0,6
SmartX:APAC:2030-W23,SmartX,Retail_APAC_g1,2030-W23,2030-W23,0,5
SmartX:APAC:2030-W24,SmartX,Retail_APAC_g1,2030-W24,2030-W24,0,4
SmartX:APAC:2030-W25,SmartX,Retail_APAC_g1,2030-W25,2030-W25,0,2
SmartX:APAC:2030-W26,SmartX,Retail_APAC_g1,2030-W26,2030-W26,0,1
SmartX:EMEA:2026-W01,SmartX,Retail_EMEA_g1,2026-W01,2026-W01,0,366
SmartX:EMEA:2026-W02,SmartX,Retail_EMEA_g1,2026-W02,2026-W02,0,364
SmartX:EMEA:2026-W03,SmartX,Retail_EMEA_g1,2026-W03,2026-W03,0,363
SmartX:EMEA:2026-W04,SmartX,Retail_EMEA_g1,2026-W04,2026-W04,0,361
SmartX:EMEA:2026-W05,SmartX,Retail_EMEA_g1,2026-W05,2026-W05,0,360
SmartX:EMEA:2026-W06,SmartX,Retail_EMEA_g1,2026-W06,2026-W06,0,358
SmartX:EMEA:2026-W07,SmartX,Retail_EMEA_g1,2026-W07,2026-W07,0,356
SmartX:EMEA:2026-W08,SmartX,Retail_EMEA_g1,2026-W08,2026-W08,0,355
SmartX:EMEA:2026-W09,SmartX,Retail_EMEA_g1,2026-W09,2026-W09,0,353
SmartX:EMEA:2026-W10,SmartX,Retail_EMEA_g1,2026-W10,2026-W10,0,351
SmartX:EMEA:2026-W11,SmartX,Retail_EMEA_g1,2026-W11,2026-W11,0,350
SmartX:EMEA:2026-W12,SmartX,Retail_EMEA_g1,2026-W12,2026-W12,0,348
SmartX:EMEA:2026-W13,SmartX,Retail_EMEA_g1,2026-W13,2026-W13,0,347
SmartX:EMEA:2026-W14,SmartX,Retail_EMEA_g1,2026-W14,2026-W14,0,345
SmartX:EMEA:2026-W15,SmartX,Retail_EMEA_g1,2026-W15,2026-W15,0,343
SmartX:EMEA:2026-W16,SmartX,Retail_EMEA_g1,2026-W16,2026-W16,0,342
SmartX:EMEA:2026-W17,SmartX,Retail_EMEA_g1,2026-W17,2026-W17,0,340
SmartX:EMEA:2026-W18,SmartX,Retail_EMEA_g1,2026-W18,2026-W18,0,339
SmartX:EMEA:2026-W19,SmartX,Retail_EMEA_g1,2026-W19,2026-W19,0,337
SmartX:EMEA:2026-W20,SmartX,Retail_EMEA_g1,2026-W20,2026-W20,0,335
SmartX:EMEA:2026-W21,SmartX,Retail_EMEA_g1,2026-W21,2026-W21,0,334
SmartX:EMEA:2026-W22,SmartX,Retail_EMEA_g1,2026-W22,2026-W22,0,332
SmartX:EMEA:2026-W23,SmartX,Retail_EMEA_g1,2026-W23,2026-W23,0,330
SmartX:EMEA:2026-W24,SmartX,Retail_EMEA_g1,2026-W24,2026-W24,0,329
SmartX:EMEA:2026-W25,SmartX,Retail_EMEA_g1,2026-W25,2026-W25,0,327
SmartX:EMEA:2026-W26,SmartX,Retail_EMEA_g1,2026-W26,2026-W26,0,326
SmartX:EMEA:2026-W27,SmartX,Retail_EMEA_g1,2026-W27,2026-W27,0,324
SmartX:EMEA:2026-W28,SmartX,Retail_EMEA_g1,2026-W28,2026-W28,0,322
SmartX:EMEA:2026-W29,SmartX,Retail_EMEA_g1,2026-W29,2026-W29,0,321
SmartX:EMEA:2026-W30,SmartX,Retail_EMEA_g1,2026-W30,2026-W30,0,319
SmartX:EMEA:2026-W31,SmartX,Retail_EMEA_g1,2026-W31,2026-W31,0,318
SmartX:EMEA:2026-W32,SmartX,Retail_EMEA_g1,2026-W32,2026-W32,0,316
SmartX:EMEA:2026-W33,SmartX,Retail_EMEA_g1,2026-W33,2026-W33,0,314
SmartX:EMEA:2026-W34,SmartX,Retail_EMEA_g1,2026-W34,2026-W34,0,313
SmartX:EMEA:2026-W35,SmartX,Retail_EMEA_g1,2026-W35,2026-W35,0,311
SmartX:EMEA:2026-W36,SmartX,Retail_EMEA_g1,2026-W36,2026-W36,0,309
SmartX:EMEA:2026-W37,SmartX,Retail_EMEA_g1,2026-W37,2026-W37,0,308
SmartX:EMEA:2026-W38,SmartX,Retail_EMEA_g1,2026-W38,2026-W38,0,306
SmartX:EMEA:2026-W39,SmartX,Retail_EMEA_g1,2026-W39,2026-W39,0,305
SmartX:EMEA:2026-W40,SmartX,Retail_EMEA_g1,2026-W40,2026-W40,0,303
SmartX:EMEA:2026-W41,SmartX,Retail_EMEA_g1,2026-W41,2026-W41,0,301
SmartX:EMEA:2026-W42,SmartX,Retail_EMEA_g1,2026-W42,2026-W42,0,300
SmartX:EMEA:2026-W43,SmartX,Retail_EMEA_g1,2026-W43,2026-W43,0,298
SmartX:EMEA:2026-W44,SmartX,Retail_EMEA_g1,2026-W44,2026-W44,0,297
SmartX:EMEA:2026-W45,SmartX,Retail_EMEA_g1,2026-W45,2026-W45,0,295
SmartX:EMEA:2026-W46,SmartX,Retail_EMEA_g1,2026-W46,2026-W46,0,293
SmartX:EMEA:2026-W47,SmartX,Retail_EMEA_g1,2026-W47,2026-W47,0,292
SmartX:EMEA:2026-W48,SmartX,Retail_EMEA_g1,2026-W48,2026-W48,0,290
SmartX:EMEA:2026-W49,SmartX,Retail_EMEA_g1,2026-W49,2026-W49,0,288
SmartX:EMEA:2026-W50,SmartX,Retail_EMEA_g1,2026-W50,2026-W50,0,287
SmartX:EMEA:2026-W51,SmartX,Retail_EMEA_g1,2026-W51,2026-W51,0,285
SmartX:EMEA:2026-W52,SmartX,Retail_EMEA_g1,2026-W52,2026-W52,0,284
SmartX:EMEA:2026-W53,SmartX,Retail_EMEA_g1,2026-W53,2026-W53,0,282
SmartX:EMEA:2027-W01,SmartX,Retail_EMEA_g1,2027-W01,2027-W01,0,280
SmartX:EMEA:2027-W02,SmartX,Retail_EMEA_g1,2027-W02,2027-W02,0,280
SmartX:EMEA:2027-W03,SmartX,Retail_EMEA_g1,2027-W03,2027-W03,0,280
SmartX:EMEA:2027-W04,SmartX,Retail_EMEA_g1,2027-W04,2027-W04,0,280
SmartX:EMEA:2027-W05,SmartX,Retail_EMEA_g1,2027-W05,2027-W05,0,280
SmartX:EMEA:2027-W06,SmartX,Retail_EMEA_g1,2027-W06,2027-W06,0,280
SmartX:EMEA:2027-W07,SmartX,Retail_EMEA_g1,2027-W07,2027-W07,0,280
SmartX:EMEA:2027-W08,SmartX,Retail_EMEA_g1,2027-W08,2027-W08,0,280
SmartX:EMEA:2027-W09,SmartX,Retail_EMEA_g1,2027-W09,2027-W09,0,280
SmartX:EMEA:2027-W10,SmartX,Retail_EMEA_g1,2027-W10,2027-W10,0,280
SmartX:EMEA:2027-W11,SmartX,Retail_EMEA_g1,2027-W11,2027-W11,0,280
SmartX:EMEA:2027-W12,SmartX,Retail_EMEA_g1,2027-W12,2027-W12,0,280
SmartX:EMEA:2027-W13,SmartX,Retail_EMEA_g1,2027-W13,2027-W13,0,280
SmartX:EMEA:2027-W14,SmartX,Retail_EMEA_g1,2027-W14,2027-W14,0,280
SmartX:EMEA:2027-W15,SmartX,Retail_EMEA_g1,2027-W15,2027-W15,0,280
SmartX:EMEA:2027-W16,SmartX,Retail_EMEA_g1,2027-W16,2027-W16,0,280
SmartX:EMEA:2027-W17,SmartX,Retail_EMEA_g1,2027-W17,2027-W17,0,280
SmartX:EMEA:2027-W18,SmartX,Retail_EMEA_g1,2027-W18,2027-W18,0,280
SmartX:EMEA:2027-W19,SmartX,Retail_EMEA_g1,2027-W19,2027-W19,0,280
SmartX:EMEA:2027-W20,SmartX,Retail_EMEA_g1,2027-W20,2027-W20,0,280
SmartX:EMEA:2027-W21,SmartX,Retail_EMEA_g1,2027-W21,2027-W21,0,280
SmartX:EMEA:2027-W22,SmartX,Retail_EMEA_g1,2027-W22,2027-W22,0,280
SmartX:EMEA:2027-W23,SmartX,Retail_EMEA_g1,2027-W23,2027-W23,0,280
SmartX:EMEA:2027-W24,SmartX,Retail_EMEA_g1,2027-W24,2027-W24,0,280
SmartX:EMEA:2027-W25,SmartX,Retail_EMEA_g1,2027-W25,2027-W25,0,280
SmartX:EMEA:2027-W26,SmartX,Retail_EMEA_g1,2027-W26,2027-W26,0,280
SmartX:EMEA:2027-W27,SmartX,Retail_EMEA_g1,2027-W27,2027-W27,0,277
SmartX:EMEA:2027-W28,SmartX,Retail_EMEA_g1,2027-W28,2027-W28,0,275
SmartX:EMEA:2027-W29,SmartX,Retail_EMEA_g1,2027-W29,2027-W29,0,272
SmartX:EMEA:2027-W30,SmartX,Retail_EMEA_g1,2027-W30,2027-W30,0,270
SmartX:EMEA:2027-W31,SmartX,Retail_EMEA_g1,2027-W31,2027-W31,0,267
SmartX:EMEA:2027-W32,SmartX,Retail_EMEA_g1,2027-W32,2027-W32,0,265
SmartX:EMEA:2027-W33,SmartX,Retail_EMEA_g1,2027-W33,2027-W33,0,262
SmartX:EMEA:2027-W34,SmartX,Retail_EMEA_g1,2027-W34,2027-W34,0,259
SmartX:EMEA:2027-W35,SmartX,Retail_EMEA_g1,2027-W35,2027-W35,0,257
SmartX:EMEA:2027-W36,SmartX,Retail_EMEA_g1,2027-W36,2027-W36,0,254
SmartX:EMEA:2027-W37,SmartX,Retail_EMEA_g1,2027-W37,2027-W37,0,251
SmartX:EMEA:2027-W38,SmartX,Retail_EMEA_g1,2027-W38,2027-W38,0,249
SmartX:EMEA:2027-W39,SmartX,Retail_EMEA_g1,2027-W39,2027-W39,0,246
SmartX:EMEA:2027-W40,SmartX,Retail_EMEA_g1,2027-W40,2027-W40,0,244
SmartX:EMEA:2027-W41,SmartX,Retail_EMEA_g1,2027-W41,2027-W41,0,241
SmartX:EMEA:2027-W42,SmartX,Retail_EMEA_g1,2027-W42,2027-W42,0,239
SmartX:EMEA:2027-W43,SmartX,Retail_EMEA_g1,2027-W43,2027-W43,0,236
SmartX:EMEA:2027-W44,SmartX,Retail_EMEA_g1,2027-W44,2027-W44,0,233
SmartX:EMEA:2027-W45,SmartX,Retail_EMEA_g1,2027-W45,2027-W45,0,231
SmartX:EMEA:2027-W46,SmartX,Retail_EMEA_g1,2027-W46,2027-W46,0,228
SmartX:EMEA:2027-W47,SmartX,Retail_EMEA_g1,2027-W47,2027-W47,0,225
SmartX:EMEA:2027-W48,SmartX,Retail_EMEA_g1,2027-W48,2027-W48,0,223
SmartX:EMEA:2027-W49,SmartX,Retail_EMEA_g1,2027-W49,2027-W49,0,220
SmartX:EMEA:2027-W50,SmartX,Retail_EMEA_g1,2027-W50,2027-W50,0,218
SmartX:EMEA:2027-W51,SmartX,Retail_EMEA_g1,2027-W51,2027-W51,0,215
SmartX:EMEA:2027-W52,SmartX,Retail_EMEA_g1,2027-W52,2027-W52,0,213
SmartX:EMEA:2028-W01,SmartX,Retail_EMEA_g1,2028-W01,2028-W01,0,207
SmartX:EMEA:2028-W02,SmartX,Retail_EMEA_g1,2028-W02,2028-W02,0,205
SmartX:EMEA:2028-W03,SmartX,Retail_EMEA_g1,2028-W03,2028-W03,0,202
SmartX:EMEA:2028-W04,SmartX,Retail_EMEA_g1,2028-W04,2028-W04,0,200
SmartX:EMEA:2028-W05,SmartX,Retail_EMEA_g1,2028-W05,2028-W05,0,197
SmartX:EMEA:2028-W06,SmartX,Retail_EMEA_g1,2028-W06,2028-W06,0,195
SmartX:EMEA:2028-W07,SmartX,Retail_EMEA_g1,2028-W07,2028-W07,0,192
SmartX:EMEA:2028-W08,SmartX,Retail_EMEA_g1,2028-W08,2028-W08,0,189
SmartX:EMEA:2028-W09,SmartX,Retail_EMEA_g1,2028-W09,2028-W09,0,187
SmartX:EMEA:2028-W10,SmartX,Retail_EMEA_g1,2028-W10,2028-W10,0,184
SmartX:EMEA:2028-W11,SmartX,Retail_EMEA_g1,2028-W11,2028-W11,0,181
SmartX:EMEA:2028-W12,SmartX,Retail_EMEA_g1,2028-W12,2028-W12,0,179
SmartX:EMEA:2028-W13,SmartX,Retail_EMEA_g1,2028-W13,2028-W13,0,176
SmartX:EMEA:2028-W14,SmartX,Retail_EMEA_g1,2028-W14,2028-W14,0,174
SmartX:EMEA:2028-W15,SmartX,Retail_EMEA_g1,2028-W15,2028-W15,0,171
SmartX:EMEA:2028-W16,SmartX,Retail_EMEA_g1,2028-W16,2028-W16,0,169
SmartX:EMEA:2028-W17,SmartX,Retail_EMEA_g1,2028-W17,2028-W17,0,166
SmartX:EMEA:2028-W18,SmartX,Retail_EMEA_g1,2028-W18,2028-W18,0,163
SmartX:EMEA:2028-W19,SmartX,Retail_EMEA_g1,2028-W19,2028-W19,0,161
SmartX:EMEA:2028-W20,SmartX,Retail_EMEA_g1,2028-W20,2028-W20,0,158
SmartX:EMEA:2028-W21,SmartX,Retail_EMEA_g1,2028-W21,2028-W21,0,155
SmartX:EMEA:2028-W22,SmartX,Retail_EMEA_g1,2028-W22,2028-W22,0,153
SmartX:EMEA:2028-W23,SmartX,Retail_EMEA_g1,2028-W23,2028-W23,0,150
SmartX:EMEA:2028-W24,SmartX,Retail_EMEA_g1,2028-W24,2028-W24,0,148
SmartX:EMEA:2028-W25,SmartX,Retail_EMEA_g1,2028-W25,2028-W25,0,145
SmartX:EMEA:2028-W26,SmartX,Retail_EMEA_g1,2028-W26,2028-W26,0,143
SmartX:EMEA:2028-W27,SmartX,Retail_EMEA_g1,2028-W27,2028-W27,0,138
SmartX:EMEA:2028-W28,SmartX,Retail_EMEA_g1,2028-W28,2028-W28,0,136
SmartX:EMEA:2028-W29,SmartX,Retail_EMEA_g1,2028-W29,2028-W29,0,134
SmartX:EMEA:2028-W30,SmartX,Retail_EMEA_g1,2028-W30,2028-W30,0,133
SmartX:EMEA:2028-W31,SmartX,Retail_EMEA_g1,2028-W31,2028-W31,0,131
SmartX:EMEA:2028-W32,SmartX,Retail_EMEA_g1,2028-W32,2028-W32,0,129
SmartX:EMEA:2028-W33,SmartX,Retail_EMEA_g1,2028-W33,2028-W33,0,127
SmartX:EMEA:2028-W34,SmartX,Retail_EMEA_g1,2028-W34,2028-W34,0,125
SmartX:EMEA:2028-W35,SmartX,Retail_EMEA_g1,2028-W35,2028-W35,0,124
SmartX:EMEA:2028-W36,SmartX,Retail_EMEA_g1,2028-W36,2028-W36,0,122
SmartX:EMEA:2028-W37,SmartX,Retail_EMEA_g1,2028-W37,2028-W37,0,120
SmartX:EMEA:2028-W38,SmartX,Retail_EMEA_g1,2028-W38,2028-W38,0,118
SmartX:EMEA:2028-W39,SmartX,Retail_EMEA_g1,2028-W39,2028-W39,0,116
SmartX:EMEA:2028-W40,SmartX,Retail_EMEA_g1,2028-W40,2028-W40,0,115
SmartX:EMEA:2028-W41,SmartX,Retail_EMEA_g1,2028-W41,2028-W41,0,113
SmartX:EMEA:2028-W42,SmartX,Retail_EMEA_g1,2028-W42,2028-W42,0,111
SmartX:EMEA:2028-W43,SmartX,Retail_EMEA_g1,2028-W43,2028-W43,0,109
SmartX:EMEA:2028-W44,SmartX,Retail_EMEA_g1,2028-W44,2028-W44,0,107
SmartX:EMEA:2028-W45,SmartX,Retail_EMEA_g1,2028-W45,2028-W45,0,106
SmartX:EMEA:2028-W46,SmartX,Retail_EMEA_g1,2028-W46,2028-W46,0,104
SmartX:EMEA:2028-W47,SmartX,Retail_EMEA_g1,2028-W47,2028-W47,0,102
SmartX:EMEA:2028-W48,SmartX,Retail_EMEA_g1,2028-W48,2028-W48,0,100
SmartX:EMEA:2028-W49,SmartX,Retail_EMEA_g1,2028-W49,2028-W49,0,98
SmartX:EMEA:2028-W50,SmartX,Retail_EMEA_g1,2028-W50,2028-W50,0,97
SmartX:EMEA:2028-W51,SmartX,Retail_EMEA_g1,2028-W51,2028-W51,0,94
SmartX:EMEA:2028-W52,SmartX,Retail_EMEA_g1,2028-W52,2028-W52,0,93
SmartX:EMEA:2029-W01,SmartX,Retail_EMEA_g1,2029-W01,2029-W01,0,90
SmartX:EMEA:2029-W02,SmartX,Retail_EMEA_g1,2029-W02,2029-W02,0,88
SmartX:EMEA:2029-W03,SmartX,Retail_EMEA_g1,2029-W03,2029-W03,0,87
SmartX:EMEA:2029-W04,SmartX,Retail_EMEA_g1,2029-W04,2029-W04,0,86
SmartX:EMEA:2029-W05,SmartX,Retail_EMEA_g1,2029-W05,2029-W05,0,85
SmartX:EMEA:2029-W06,SmartX,Retail_EMEA_g1,2029-W06,2029-W06,0,83
SmartX:EMEA:2029-W07,SmartX,Retail_EMEA_g1,2029-W07,2029-W07,0,82
SmartX:EMEA:2029-W08,SmartX,Retail_EMEA_g1,2029-W08,2029-W08,0,80
SmartX:EMEA:2029-W09,SmartX,Retail_EMEA_g1,2029-W09,2029-W09,0,79
SmartX:EMEA:2029-W10,SmartX,Retail_EMEA_g1,2029-W10,2029-W10,0,78
SmartX:EMEA:2029-W11,SmartX,Retail_EMEA_g1,2029-W11,2029-W11,0,77
SmartX:EMEA:2029-W12,SmartX,Retail_EMEA_g1,2029-W12,2029-W12,0,76
SmartX:EMEA:2029-W13,SmartX,Retail_EMEA_g1,2029-W13,2029-W13,0,74
SmartX:EMEA:2029-W14,SmartX,Retail_EMEA_g1,2029-W14,2029-W14,0,73
SmartX:EMEA:2029-W15,SmartX,Retail_EMEA_g1,2029-W15,2029-W15,0,71
SmartX:EMEA:2029-W16,SmartX,Retail_EMEA_g1,2029-W16,2029-W16,0,70
SmartX:EMEA:2029-W17,SmartX,Retail_EMEA_g1,2029-W17,2029-W17,0,69
SmartX:EMEA:2029-W18,SmartX,Retail_EMEA_g1,2029-W18,2029-W18,0,68
SmartX:EMEA:2029-W19,SmartX,Retail_EMEA_g1,2029-W19,2029-W19,0,66
SmartX:EMEA:2029-W20,SmartX,Retail_EMEA_g1,2029-W20,2029-W20,0,65
SmartX:EMEA:2029-W21,SmartX,Retail_EMEA_g1,2029-W21,2029-W21,0,64
SmartX:EMEA:2029-W22,SmartX,Retail_EMEA_g1,2029-W22,2029-W22,0,62
SmartX:EMEA:2029-W23,SmartX,Retail_EMEA_g1,2029-W23,2029-W23,0,61
SmartX:EMEA:2029-W24,SmartX,Retail_EMEA_g1,2029-W24,2029-W24,0,60
SmartX:EMEA:2029-W25,SmartX,Retail_EMEA_g1,2029-W25,2029-W25,0,59
SmartX:EMEA:2029-W26,SmartX,Retail_EMEA_g1,2029-W26,2029-W26,0,57
SmartX:EMEA:2029-W27,SmartX,Retail_EMEA_g1,2029-W27,2029-W27,0,55
SmartX:EMEA:2029-W28,SmartX,Retail_EMEA_g1,2029-W28,2029-W28,0,54
SmartX:EMEA:2029-W29,SmartX,Retail_EMEA_g1,2029-W29,2029-W29,0,53
SmartX:EMEA:2029-W30,SmartX,Retail_EMEA_g1,2029-W30,2029-W30,0,52
SmartX:EMEA:2029-W31,SmartX,Retail_EMEA_g1,2029-W31,2029-W31,0,51
SmartX:EMEA:2029-W32,SmartX,Retail_EMEA_g1,2029-W32,2029-W32,0,50
SmartX:EMEA:2029-W33,SmartX,Retail_EMEA_g1,2029-W33,2029-W33,0,49
SmartX:EMEA:2029-W34,SmartX,Retail_EMEA_g1,2029-W34,2029-W34,0,48
SmartX:EMEA:2029-W35,SmartX,Retail_EMEA_g1,2029-W35,2029-W35,0,47
SmartX:EMEA:2029-W36,SmartX,Retail_EMEA_g1,2029-W36,2029-W36,0,46
SmartX:EMEA:2029-W37,SmartX,Retail_EMEA_g1,2029-W37,2029-W37,0,45
SmartX:EMEA:2029-W38,SmartX,Retail_EMEA_g1,2029-W38,2029-W38,0,43
SmartX:EMEA:2029-W39,SmartX,Retail_EMEA_g1,2029-W39,2029-W39,0,43
SmartX:EMEA:2029-W40,SmartX,Retail_EMEA_g1,2029-W40,2029-W40,0,41
SmartX:EMEA:2029-W41,SmartX,Retail_EMEA_g1,2029-W41,2029-W41,0,41
SmartX:EMEA:2029-W42,SmartX,Retail_EMEA_g1,2029-W42,2029-W42,0,39
SmartX:EMEA:2029-W43,SmartX,Retail_EMEA_g1,2029-W43,2029-W43,0,38
SmartX:EMEA:2029-W44,SmartX,Retail_EMEA_g1,2029-W44,2029-W44,0,37
SmartX:EMEA:2029-W45,SmartX,Retail_EMEA_g1,2029-W45,2029-W45,0,36
SmartX:EMEA:2029-W46,SmartX,Retail_EMEA_g1,2029-W46,2029-W46,0,35
SmartX:EMEA:2029-W47,SmartX,Retail_EMEA_g1,2029-W47,2029-W47,0,34
SmartX:EMEA:2029-W48,SmartX,Retail_EMEA_g1,2029-W48,2029-W48,0,33
SmartX:EMEA:2029-W49,SmartX,Retail_EMEA_g1,2029-W49,2029-W49,0,32
SmartX:EMEA:2029-W50,SmartX,Retail_EMEA_g1,2029-W50,2029-W50,0,31
SmartX:EMEA:2029-W51,SmartX,Retail_EMEA_g1,2029-W51,2029-W51,0,30
SmartX:EMEA:2029-W52,SmartX,Retail_EMEA_g1,2029-W52,2029-W52,0,29
SmartX:EMEA:2030-W01,SmartX,Retail_EMEA_g1,2030-W01,2030-W01,0,28
SmartX:EMEA:2030-W02,SmartX,Retail_EMEA_g1,2030-W02,2030-W02,0,27
SmartX:EMEA:2030-W03,SmartX,Retail_EMEA_g1,2030-W03,2030-W03,0,26
SmartX:EMEA:2030-W04,SmartX,Retail_EMEA_g1,2030-W04,2030-W04,0,25
SmartX:EMEA:2030-W05,SmartX,Retail_EMEA_g1,2030-W05,2030-W05,0,24
SmartX:EMEA:2030-W06,SmartX,Retail_EMEA_g1,2030-W06,2030-W06,0,23
SmartX:EMEA:2030-W07,SmartX,Retail_EMEA_g1,2030-W07,2030-W07,0,22
SmartX:EMEA:2030-W08,SmartX,Retail_EMEA_g1,2030-W08,2030-W08,0,20
SmartX:EMEA:2030-W09,SmartX,Retail_EMEA_g1,2030-W09,2030-W09,0,19
SmartX:EMEA:2030-W10,SmartX,Retail_EMEA_g1,2030-W10,2030-W10,0,18
SmartX:EMEA:2030-W11,SmartX,Retail_EMEA_g1,2030-W11,2030-W11,0,17
SmartX:EMEA:2030-W12,SmartX,Retail_EMEA_g1,2030-W12,2030-W12,0,16
SmartX:EMEA:2030-W13,SmartX,Retail_EMEA_g1,2030-W13,2030-W13,0,15
SmartX:EMEA:2030-W14,SmartX,Retail_EMEA_g1,2030-W14,2030-W14,0,14
SmartX:EMEA:2030-W15,SmartX,Retail_EMEA_g1,2030-W15,2030-W15,0,13
SmartX:EMEA:2030-W16,SmartX,Retail_EMEA_g1,2030-W16,2030-W16,0,12
SmartX:EMEA:2030-W17,SmartX,Retail_EMEA_g1,2030-W17,2030-W17,0,11
SmartX:EMEA:2030-W18,SmartX,Retail_EMEA_g1,2030-W18,2030-W18,0,10
SmartX:EMEA:2030-W19,SmartX,Retail_EMEA_g1,2030-W19,2030-W19,0,9
SmartX:EMEA:2030-W20,SmartX,Retail_EMEA_g1,2030-W20,2030-W20,0,8
SmartX:EMEA:2030-W21,SmartX,Retail_EMEA_g1,2030-W21,2030-W21,0,6
SmartX:EMEA:2030-W22,SmartX,Retail_EMEA_g1,2030-W22,2030-W22,0,5
SmartX:EMEA:2030-W23,SmartX,Retail_EMEA_g1,2030-W23,2030-W23,0,4
SmartX:EMEA:2030-W24,SmartX,Retail_EMEA_g1,2030-W24,2030-W24,0,3
SmartX:EMEA:2030-W25,SmartX,Retail_EMEA_g1,2030-W25,2030-W25,0,2
SmartX:EMEA:2030-W26,SmartX,Retail_EMEA_g1,2030-W26,2030-W26,0,1
SmartXNext:AMER:2028-W27,SmartXNext,Retail_AMER_g3,2028-W27,2028-W27,0,22
SmartXNext:AMER:2028-W28,SmartXNext,Retail_AMER_g3,2028-W28,2028-W28,0,44
SmartXNext:AMER:2028-W29,SmartXNext,Retail_AMER_g3,2028-W29,2028-W29,0,67
SmartXNext:AMER:2028-W30,SmartXNext,Retail_AMER_g3,2028-W30,2028-W30,0,89
SmartXNext:AMER:2028-W31,SmartXNext,Retail_AMER_g3,2028-W31,2028-W31,0,111
SmartXNext:AMER:2028-W32,SmartXNext,Retail_AMER_g3,2028-W32,2028-W32,0,133
SmartXNext:AMER:2028-W33,SmartXNext,Retail_AMER_g3,2028-W33,2028-W33,0,156
SmartXNext:AMER:2028-W34,SmartXNext,Retail_AMER_g3,2028-W34,2028-W34,0,178
SmartXNext:AMER:2028-W35,SmartXNext,Retail_AMER_g3,2028-W35,2028-W35,0,200
SmartXNext:AMER:2028-W36,SmartXNext,Retail_AMER_g3,2028-W36,2028-W36,0,222
SmartXNext:AMER:2028-W37,SmartXNext,Retail_AMER_g3,2028-W37,2028-W37,0,244
SmartXNext:AMER:2028-W38,SmartXNext,Retail_AMER_g3,2028-W38,2028-W38,0,267
SmartXNext:AMER:2028-W39,SmartXNext,Retail_AMER_g3,2028-W39,2028-W39,0,289
SmartXNext:AMER:2028-W40,SmartXNext,Retail_AMER_g3,2028-W40,2028-W40,0,311
SmartXNext:AMER:2028-W41,SmartXNext,Retail_AMER_g3,2028-W41,2028-W41,0,333
SmartXNext:AMER:2028-W42,SmartXNext,Retail_AMER_g3,2028-W42,2028-W42,0,356
SmartXNext:AMER:2028-W43,SmartXNext,Retail_AMER_g3,2028-W43,2028-W43,0,378
SmartXNext:AMER:2028-W44,SmartXNext,Retail_AMER_g3,2028-W44,2028-W44,0,400
SmartXNext:AMER:2028-W45,SmartXNext,Retail_AMER_g3,2028-W45,2028-W45,0,422
SmartXNext:AMER:2028-W46,SmartXNext,Retail_AMER_g3,2028-W46,2028-W46,0,444
SmartXNext:AMER:2028-W47,SmartXNext,Retail_AMER_g3,2028-W47,2028-W47,0,467
SmartXNext:AMER:2028-W48,SmartXNext,Retail_AMER_g3,2028-W48,2028-W48,0,489
SmartXNext:AMER:2028-W49,SmartXNext,Retail_AMER_g3,2028-W49,2028-W49,0,511
SmartXNext:AMER:2028-W50,SmartXNext,Retail_AMER_g3,2028-W50,2028-W50,0,533
SmartXNext:AMER:2028-W51,SmartXNext,Retail_AMER_g3,2028-W51,2028-W51,0,556
SmartXNext:AMER:2028-W52,SmartXNext,Retail_AMER_g3,2028-W52,2028-W52,0,578
SmartXNext:AMER:2029-W01,SmartXNext,Retail_AMER_g3,2029-W01,2029-W01,0,611
SmartXNext:AMER:2029-W02,SmartXNext,Retail_AMER_g3,2029-W02,2029-W02,0,622
SmartXNext:AMER:2029-W03,SmartXNext,Retail_AMER_g3,2029-W03,2029-W03,0,633
SmartXNext:AMER:2029-W04,SmartXNext,Retail_AMER_g3,2029-W04,2029-W04,0,644
SmartXNext:AMER:2029-W05,SmartXNext,Retail_AMER_g3,2029-W05,2029-W05,0,656
SmartXNext:AMER:2029-W06,SmartXNext,Retail_AMER_g3,2029-W06,2029-W06,0,667
SmartXNext:AMER:2029-W07,SmartXNext,Retail_AMER_g3,2029-W07,2029-W07,0,678
SmartXNext:AMER:2029-W08,SmartXNext,Retail_AMER_g3,2029-W08,2029-W08,0,689
SmartXNext:AMER:2029-W09,SmartXNext,Retail_AMER_g3,2029-W09,2029-W09,0,700
SmartXNext:AMER:2029-W10,SmartXNext,Retail_AMER_g3,2029-W10,2029-W10,0,711
SmartXNext:AMER:2029-W11,SmartXNext,Retail_AMER_g3,2029-W11,2029-W11,0,722
SmartXNext:AMER:2029-W12,SmartXNext,Retail_AMER_g3,2029-W12,2029-W12,0,733
SmartXNext:AMER:2029-W13,SmartXNext,Retail_AMER_g3,2029-W13,2029-W13,0,744
SmartXNext:AMER:2029-W14,SmartXNext,Retail_AMER_g3,2029-W14,2029-W14,0,756
SmartXNext:AMER:2029-W15,SmartXNext,Retail_AMER_g3,2029-W15,2029-W15,0,767
SmartXNext:AMER:2029-W16,SmartXNext,Retail_AMER_g3,2029-W16,2029-W16,0,778
SmartXNext:AMER:2029-W17,SmartXNext,Retail_AMER_g3,2029-W17,2029-W17,0,789
SmartXNext:AMER:2029-W18,SmartXNext,Retail_AMER_g3,2029-W18,2029-W18,0,800
SmartXNext:AMER:2029-W19,SmartXNext,Retail_AMER_g3,2029-W19,2029-W19,0,811
SmartXNext:AMER:2029-W20,SmartXNext,Retail_AMER_g3,2029-W20,2029-W20,0,822
SmartXNext:AMER:2029-W21,SmartXNext,Retail_AMER_g3,2029-W21,2029-W21,0,833
SmartXNext:AMER:2029-W22,SmartXNext,Retail_AMER_g3,2029-W22,2029-W22,0,844
SmartXNext:AMER:2029-W23,SmartXNext,Retail_AMER_g3,2029-W23,2029-W23,0,856
SmartXNext:AMER:2029-W24,SmartXNext,Retail_AMER_g3,2029-W24,2029-W24,0,867
SmartXNext:AMER:2029-W25,SmartXNext,Retail_AMER_g3,2029-W25,2029-W25,0,878
SmartXNext:AMER:2029-W26,SmartXNext,Retail_AMER_g3,2029-W26,2029-W26,0,889
SmartXNext:AMER:2029-W27,SmartXNext,Retail_AMER_g3,2029-W27,2029-W27,0,907
SmartXNext:AMER:2029-W28,SmartXNext,Retail_AMER_g3,2029-W28,2029-W28,0,915
SmartXNext:AMER:2029-W29,SmartXNext,Retail_AMER_g3,2029-W29,2029-W29,0,922
SmartXNext:AMER:2029-W30,SmartXNext,Retail_AMER_g3,2029-W30,2029-W30,0,930
SmartXNext:AMER:2029-W31,SmartXNext,Retail_AMER_g3,2029-W31,2029-W31,0,937
SmartXNext:AMER:2029-W32,SmartXNext,Retail_AMER_g3,2029-W32,2029-W32,0,944
SmartXNext:AMER:2029-W33,SmartXNext,Retail_AMER_g3,2029-W33,2029-W33,0,952
SmartXNext:AMER:2029-W34,SmartXNext,Retail_AMER_g3,2029-W34,2029-W34,0,959
SmartXNext:AMER:2029-W35,SmartXNext,Retail_AMER_g3,2029-W35,2029-W35,0,967
SmartXNext:AMER:2029-W36,SmartXNext,Retail_AMER_g3,2029-W36,2029-W36,0,974
SmartXNext:AMER:2029-W37,SmartXNext,Retail_AMER_g3,2029-W37,2029-W37,0,981
SmartXNext:AMER:2029-W38,SmartXNext,Retail_AMER_g3,2029-W38,2029-W38,0,989
SmartXNext:AMER:2029-W39,SmartXNext,Retail_AMER_g3,2029-W39,2029-W39,0,996
SmartXNext:AMER:2029-W40,SmartXNext,Retail_AMER_g3,2029-W40,2029-W40,0,1004
SmartXNext:AMER:2029-W41,SmartXNext,Retail_AMER_g3,2029-W41,2029-W41,0,1011
SmartXNext:AMER:2029-W42,SmartXNext,Retail_AMER_g3,2029-W42,2029-W42,0,1019
SmartXNext:AMER:2029-W43,SmartXNext,Retail_AMER_g3,2029-W43,2029-W43,0,1026
SmartXNext:AMER:2029-W44,SmartXNext,Retail_AMER_g3,2029-W44,2029-W44,0,1033
SmartXNext:AMER:2029-W45,SmartXNext,Retail_AMER_g3,2029-W45,2029-W45,0,1041
SmartXNext:AMER:2029-W46,SmartXNext,Retail_AMER_g3,2029-W46,2029-W46,0,1048
SmartXNext:AMER:2029-W47,SmartXNext,Retail_AMER_g3,2029-W47,2029-W47,0,1056
SmartXNext:AMER:2029-W48,SmartXNext,Retail_AMER_g3,2029-W48,2029-W48,0,1063
SmartXNext:AMER:2029-W49,SmartXNext,Retail_AMER_g3,2029-W49,2029-W49,0,1070
SmartXNext:AMER:2029-W50,SmartXNext,Retail_AMER_g3,2029-W50,2029-W50,0,1078
SmartXNext:AMER:2029-W51,SmartXNext,Retail_AMER_g3,2029-W51,2029-W51,0,1085
SmartXNext:AMER:2029-W52,SmartXNext,Retail_AMER_g3,2029-W52,2029-W52,0,1093
SmartXNext:AMER:2030-W01,SmartXNext,Retail_AMER_g3,2030-W01,2030-W01,0,1100
SmartXNext:AMER:2030-W02,SmartXNext,Retail_AMER_g3,2030-W02,2030-W02,0,1110
SmartXNext:AMER:2030-W03,SmartXNext,Retail_AMER_g3,2030-W03,2030-W03,0,1119
SmartXNext:AMER:2030-W04,SmartXNext,Retail_AMER_g3,2030-W04,2030-W04,0,1129
SmartXNext:AMER:2030-W05,SmartXNext,Retail_AMER_g3,2030-W05,2030-W05,0,1138
SmartXNext:AMER:2030-W06,SmartXNext,Retail_AMER_g3,2030-W06,2030-W06,0,1148
SmartXNext:AMER:2030-W07,SmartXNext,Retail_AMER_g3,2030-W07,2030-W07,0,1158
SmartXNext:AMER:2030-W08,SmartXNext,Retail_AMER_g3,2030-W08,2030-W08,0,1167
SmartXNext:AMER:2030-W09,SmartXNext,Retail_AMER_g3,2030-W09,2030-W09,0,1177
SmartXNext:AMER:2030-W10,SmartXNext,Retail_AMER_g3,2030-W10,2030-W10,0,1187
SmartXNext:AMER:2030-W11,SmartXNext,Retail_AMER_g3,2030-W11,2030-W11,0,1196
SmartXNext:AMER:2030-W12,SmartXNext,Retail_AMER_g3,2030-W12,2030-W12,0,1206
SmartXNext:AMER:2030-W13,SmartXNext,Retail_AMER_g3,2030-W13,2030-W13,0,1215
SmartXNext:AMER:2030-W14,SmartXNext,Retail_AMER_g3,2030-W14,2030-W14,0,1225
SmartXNext:AMER:2030-W15,SmartXNext,Retail_AMER_g3,2030-W15,2030-W15,0,1235
SmartXNext:AMER:2030-W16,SmartXNext,Retail_AMER_g3,2030-W16,2030-W16,0,1244
SmartXNext:AMER:2030-W17,SmartXNext,Retail_AMER_g3,2030-W17,2030-W17,0,1254
SmartXNext:AMER:2030-W18,SmartXNext,Retail_AMER_g3,2030-W18,2030-W18,0,1263
SmartXNext:AMER:2030-W19,SmartXNext,Retail_AMER_g3,2030-W19,2030-W19,0,1273
SmartXNext:AMER:2030-W20,SmartXNext,Retail_AMER_g3,2030-W20,2030-W20,0,1283
SmartXNext:AMER:2030-W21,SmartXNext,Retail_AMER_g3,2030-W21,2030-W21,0,1292
SmartXNext:AMER:2030-W22,SmartXNext,Retail_AMER_g3,2030-W22,2030-W22,0,1302
SmartXNext:AMER:2030-W23,SmartXNext,Retail_AMER_g3,2030-W23,2030-W23,0,1312
SmartXNext:AMER:2030-W24,SmartXNext,Retail_AMER_g3,2030-W24,2030-W24,0,1321
SmartXNext:AMER:2030-W25,SmartXNext,Retail_AMER_g3,2030-W25,2030-W25,0,1331
SmartXNext:AMER:2030-W26,SmartXNext,Retail_AMER_g3,2030-W26,2030-W26,0,1340
SmartXNext:AMER:2030-W27,SmartXNext,Retail_AMER_g3,2030-W27,2030-W27,0,1350
SmartXNext:AMER:2030-W28,SmartXNext,Retail_AMER_g3,2030-W28,2030-W28,0,1340
SmartXNext:AMER:2030-W29,SmartXNext,Retail_AMER_g3,2030-W29,2030-W29,0,1332
SmartXNext:AMER:2030-W30,SmartXNext,Retail_AMER_g3,2030-W30,2030-W30,0,1324
SmartXNext:AMER:2030-W31,SmartXNext,Retail_AMER_g3,2030-W31,2030-W31,0,1316
SmartXNext:AMER:2030-W32,SmartXNext,Retail_AMER_g3,2030-W32,2030-W32,0,1308
SmartXNext:AMER:2030-W33,SmartXNext,Retail_AMER_g3,2030-W33,2030-W33,0,1300
SmartXNext:AMER:2030-W34,SmartXNext,Retail_AMER_g3,2030-W34,2030-W34,0,1292
SmartXNext:AMER:2030-W35,SmartXNext,Retail_AMER_g3,2030-W35,2030-W35,0,1285
SmartXNext:AMER:2030-W36,SmartXNext,Retail_AMER_g3,2030-W36,2030-W36,0,1277
SmartXNext:AMER:2030-W37,SmartXNext,Retail_AMER_g3,2030-W37,2030-W37,0,1269
SmartXNext:AMER:2030-W38,SmartXNext,Retail_AMER_g3,2030-W38,2030-W38,0,1261
SmartXNext:AMER:2030-W39,SmartXNext,Retail_AMER_g3,2030-W39,2030-W39,0,1253
SmartXNext:AMER:2030-W40,SmartXNext,Retail_AMER_g3,2030-W40,2030-W40,0,1245
SmartXNext:AMER:2030-W41,SmartXNext,Retail_AMER_g3,2030-W41,2030-W41,0,1237
SmartXNext:AMER:2030-W42,SmartXNext,Retail_AMER_g3,2030-W42,2030-W42,0,1229
SmartXNext:AMER:2030-W43,SmartXNext,Retail_AMER_g3,2030-W43,2030-W43,0,1221
SmartXNext:AMER:2030-W44,SmartXNext,Retail_AMER_g3,2030-W44,2030-W44,0,1213
SmartXNext:AMER:2030-W45,SmartXNext,Retail_AMER_g3,2030-W45,2030-W45,0,1205
SmartXNext:AMER:2030-W46,SmartXNext,Retail_AMER_g3,2030-W46,2030-W46,0,1198
SmartXNext:AMER:2030-W47,SmartXNext,Retail_AMER_g3,2030-W47,2030-W47,0,1190
SmartXNext:AMER:2030-W48,SmartXNext,Retail_AMER_g3,2030-W48,2030-W48,0,1182
SmartXNext:AMER:2030-W49,SmartXNext,Retail_AMER_g3,2030-W49,2030-W49,0,1174
SmartXNext:AMER:2030-W50,SmartXNext,Retail_AMER_g3,2030-W50,2030-W50,0,1166
SmartXNext:AMER:2030-W51,SmartXNext,Retail_AMER_g3,2030-W51,2030-W51,0,1158
SmartXNext:AMER:2030-W52,SmartXNext,Retail_AMER_g3,2030-W52,2030-W52,0,1150
SmartXNext:APAC:2028-W27,SmartXNext,Retail_APAC_g3,2028-W27,2028-W27,0,18
SmartXNext:APAC:2028-W28,SmartXNext,Retail_APAC_g3,2028-W28,2028-W28,0,35
SmartXNext:APAC:2028-W29,SmartXNext,Retail_APAC_g3,2028-W29,2028-W29,0,54
SmartXNext:APAC:2028-W30,SmartXNext,Retail_APAC_g3,2028-W30,2028-W30,0,71
SmartXNext:APAC:2028-W31,SmartXNext,Retail_APAC_g3,2028-W31,2028-W31,0,89
SmartXNext:APAC:2028-W32,SmartXNext,Retail_APAC_g3,2028-W32,2028-W32,0,106
SmartXNext:APAC:2028-W33,SmartXNext,Retail_APAC_g3,2028-W33,2028-W33,0,125
SmartXNext:APAC:2028-W34,SmartXNext,Retail_APAC_g3,2028-W34,2028-W34,0,142
SmartXNext:APAC:2028-W35,SmartXNext,Retail_APAC_g3,2028-W35,2028-W35,0,160
SmartXNext:APAC:2028-W36,SmartXNext,Retail_APAC_g3,2028-W36,2028-W36,0,178
SmartXNext:APAC:2028-W37,SmartXNext,Retail_APAC_g3,2028-W37,2028-W37,0,195
SmartXNext:APAC:2028-W38,SmartXNext,Retail_APAC_g3,2028-W38,2028-W38,0,214
SmartXNext:APAC:2028-W39,SmartXNext,Retail_APAC_g3,2028-W39,2028-W39,0,231
SmartXNext:APAC:2028-W40,SmartXNext,Retail_APAC_g3,2028-W40,2028-W40,0,249
SmartXNext:APAC:2028-W41,SmartXNext,Retail_APAC_g3,2028-W41,2028-W41,0,266
SmartXNext:APAC:2028-W42,SmartXNext,Retail_APAC_g3,2028-W42,2028-W42,0,285
SmartXNext:APAC:2028-W43,SmartXNext,Retail_APAC_g3,2028-W43,2028-W43,0,302
SmartXNext:APAC:2028-W44,SmartXNext,Retail_APAC_g3,2028-W44,2028-W44,0,320
SmartXNext:APAC:2028-W45,SmartXNext,Retail_APAC_g3,2028-W45,2028-W45,0,338
SmartXNext:APAC:2028-W46,SmartXNext,Retail_APAC_g3,2028-W46,2028-W46,0,355
SmartXNext:APAC:2028-W47,SmartXNext,Retail_APAC_g3,2028-W47,2028-W47,0,374
SmartXNext:APAC:2028-W48,SmartXNext,Retail_APAC_g3,2028-W48,2028-W48,0,391
SmartXNext:APAC:2028-W49,SmartXNext,Retail_APAC_g3,2028-W49,2028-W49,0,409
SmartXNext:APAC:2028-W50,SmartXNext,Retail_APAC_g3,2028-W50,2028-W50,0,426
SmartXNext:APAC:2028-W51,SmartXNext,Retail_APAC_g3,2028-W51,2028-W51,0,445
SmartXNext:APAC:2028-W52,SmartXNext,Retail_APAC_g3,2028-W52,2028-W52,0,462
SmartXNext:APAC:2029-W01,SmartXNext,Retail_APAC_g3,2029-W01,2029-W01,0,489
SmartXNext:APAC:2029-W02,SmartXNext,Retail_APAC_g3,2029-W02,2029-W02,0,498
SmartXNext:APAC:2029-W03,SmartXNext,Retail_APAC_g3,2029-W03,2029-W03,0,506
SmartXNext:APAC:2029-W04,SmartXNext,Retail_APAC_g3,2029-W04,2029-W04,0,515
SmartXNext:APAC:2029-W05,SmartXNext,Retail_APAC_g3,2029-W05,2029-W05,0,525
SmartXNext:APAC:2029-W06,SmartXNext,Retail_APAC_g3,2029-W06,2029-W06,0,534
SmartXNext:APAC:2029-W07,SmartXNext,Retail_APAC_g3,2029-W07,2029-W07,0,542
SmartXNext:APAC:2029-W08,SmartXNext,Retail_APAC_g3,2029-W08,2029-W08,0,551
SmartXNext:APAC:2029-W09,SmartXNext,Retail_APAC_g3,2029-W09,2029-W09,0,560
SmartXNext:APAC:2029-W10,SmartXNext,Retail_APAC_g3,2029-W10,2029-W10,0,569
SmartXNext:APAC:2029-W11,SmartXNext,Retail_APAC_g3,2029-W11,2029-W11,0,578
SmartXNext:APAC:2029-W12,SmartXNext,Retail_APAC_g3,2029-W12,2029-W12,0,586
SmartXNext:APAC:2029-W13,SmartXNext,Retail_APAC_g3,2029-W13,2029-W13,0,595
SmartXNext:APAC:2029-W14,SmartXNext,Retail_APAC_g3,2029-W14,2029-W14,0,605
SmartXNext:APAC:2029-W15,SmartXNext,Retail_APAC_g3,2029-W15,2029-W15,0,614
SmartXNext:APAC:2029-W16,SmartXNext,Retail_APAC_g3,2029-W16,2029-W16,0,622
SmartXNext:APAC:2029-W17,SmartXNext,Retail_APAC_g3,2029-W17,2029-W17,0,631
SmartXNext:APAC:2029-W18,SmartXNext,Retail_APAC_g3,2029-W18,2029-W18,0,640
SmartXNext:APAC:2029-W19,SmartXNext,Retail_APAC_g3,2029-W19,2029-W19,0,649
SmartXNext:APAC:2029-W20,SmartXNext,Retail_APAC_g3,2029-W20,2029-W20,0,658
SmartXNext:APAC:2029-W21,SmartXNext,Retail_APAC_g3,2029-W21,2029-W21,0,666
SmartXNext:APAC:2029-W22,SmartXNext,Retail_APAC_g3,2029-W22,2029-W22,0,675
SmartXNext:APAC:2029-W23,SmartXNext,Retail_APAC_g3,2029-W23,2029-W23,0,685
SmartXNext:APAC:2029-W24,SmartXNext,Retail_APAC_g3,2029-W24,2029-W24,0,694
SmartXNext:APAC:2029-W25,SmartXNext,Retail_APAC_g3,2029-W25,2029-W25,0,702
SmartXNext:APAC:2029-W26,SmartXNext,Retail_APAC_g3,2029-W26,2029-W26,0,711
SmartXNext:APAC:2029-W27,SmartXNext,Retail_APAC_g3,2029-W27,2029-W27,0,726
SmartXNext:APAC:2029-W28,SmartXNext,Retail_APAC_g3,2029-W28,2029-W28,0,732
SmartXNext:APAC:2029-W29,SmartXNext,Retail_APAC_g3,2029-W29,2029-W29,0,738
SmartXNext:APAC:2029-W30,SmartXNext,Retail_APAC_g3,2029-W30,2029-W30,0,744
SmartXNext:APAC:2029-W31,SmartXNext,Retail_APAC_g3,2029-W31,2029-W31,0,750
SmartXNext:APAC:2029-W32,SmartXNext,Retail_APAC_g3,2029-W32,2029-W32,0,755
SmartXNext:APAC:2029-W33,SmartXNext,Retail_APAC_g3,2029-W33,2029-W33,0,762
SmartXNext:APAC:2029-W34,SmartXNext,Retail_APAC_g3,2029-W34,2029-W34,0,767
SmartXNext:APAC:2029-W35,SmartXNext,Retail_APAC_g3,2029-W35,2029-W35,0,774
SmartXNext:APAC:2029-W36,SmartXNext,Retail_APAC_g3,2029-W36,2029-W36,0,779
SmartXNext:APAC:2029-W37,SmartXNext,Retail_APAC_g3,2029-W37,2029-W37,0,785
SmartXNext:APAC:2029-W38,SmartXNext,Retail_APAC_g3,2029-W38,2029-W38,0,791
SmartXNext:APAC:2029-W39,SmartXNext,Retail_APAC_g3,2029-W39,2029-W39,0,797
SmartXNext:APAC:2029-W40,SmartXNext,Retail_APAC_g3,2029-W40,2029-W40,0,803
SmartXNext:APAC:2029-W41,SmartXNext,Retail_APAC_g3,2029-W41,2029-W41,0,809
SmartXNext:APAC:2029-W42,SmartXNext,Retail_APAC_g3,2029-W42,2029-W42,0,815
SmartXNext:APAC:2029-W43,SmartXNext,Retail_APAC_g3,2029-W43,2029-W43,0,821
SmartXNext:APAC:2029-W44,SmartXNext,Retail_APAC_g3,2029-W44,2029-W44,0,826
SmartXNext:APAC:2029-W45,SmartXNext,Retail_APAC_g3,2029-W45,2029-W45,0,833
SmartXNext:APAC:2029-W46,SmartXNext,Retail_APAC_g3,2029-W46,2029-W46,0,838
SmartXNext:APAC:2029-W47,SmartXNext,Retail_APAC_g3,2029-W47,2029-W47,0,845
SmartXNext:APAC:2029-W48,SmartXNext,Retail_APAC_g3,2029-W48,2029-W48,0,850
SmartXNext:APAC:2029-W49,SmartXNext,Retail_APAC_g3,2029-W49,2029-W49,0,856
SmartXNext:APAC:2029-W50,SmartXNext,Retail_APAC_g3,2029-W50,2029-W50,0,862
SmartXNext:APAC:2029-W51,SmartXNext,Retail_APAC_g3,2029-W51,2029-W51,0,868
SmartXNext:APAC:2029-W52,SmartXNext,Retail_APAC_g3,2029-W52,2029-W52,0,874
SmartXNext:APAC:2030-W01,SmartXNext,Retail_APAC_g3,2030-W01,2030-W01,0,880
SmartXNext:APAC:2030-W02,SmartXNext,Retail_APAC_g3,2030-W02,2030-W02,0,888
SmartXNext:APAC:2030-W03,SmartXNext,Retail_APAC_g3,2030-W03,2030-W03,0,895
SmartXNext:APAC:2030-W04,SmartXNext,Retail_APAC_g3,2030-W04,2030-W04,0,903
SmartXNext:APAC:2030-W05,SmartXNext,Retail_APAC_g3,2030-W05,2030-W05,0,911
SmartXNext:APAC:2030-W06,SmartXNext,Retail_APAC_g3,2030-W06,2030-W06,0,918
SmartXNext:APAC:2030-W07,SmartXNext,Retail_APAC_g3,2030-W07,2030-W07,0,926
SmartXNext:APAC:2030-W08,SmartXNext,Retail_APAC_g3,2030-W08,2030-W08,0,934
SmartXNext:APAC:2030-W09,SmartXNext,Retail_APAC_g3,2030-W09,2030-W09,0,942
SmartXNext:APAC:2030-W10,SmartXNext,Retail_APAC_g3,2030-W10,2030-W10,0,949
SmartXNext:APAC:2030-W11,SmartXNext,Retail_APAC_g3,2030-W11,2030-W11,0,957
SmartXNext:APAC:2030-W12,SmartXNext,Retail_APAC_g3,2030-W12,2030-W12,0,965
SmartXNext:APAC:2030-W13,SmartXNext,Retail_APAC_g3,2030-W13,2030-W13,0,972
SmartXNext:APAC:2030-W14,SmartXNext,Retail_APAC_g3,2030-W14,2030-W14,0,980
SmartXNext:APAC:2030-W15,SmartXNext,Retail_APAC_g3,2030-W15,2030-W15,0,988
SmartXNext:APAC:2030-W16,SmartXNext,Retail_APAC_g3,2030-W16,2030-W16,0,995
SmartXNext:APAC:2030-W17,SmartXNext,Retail_APAC_g3,2030-W17,2030-W17,0,1003
SmartXNext:APAC:2030-W18,SmartXNext,Retail_APAC_g3,2030-W18,2030-W18,0,1011
SmartXNext:APAC:2030-W19,SmartXNext,Retail_APAC_g3,2030-W19,2030-W19,0,1018
SmartXNext:APAC:2030-W20,SmartXNext,Retail_APAC_g3,2030-W20,2030-W20,0,1026
SmartXNext:APAC:2030-W21,SmartXNext,Retail_APAC_g3,2030-W21,2030-W21,0,1034
SmartXNext:APAC:2030-W22,SmartXNext,Retail_APAC_g3,2030-W22,2030-W22,0,1042
SmartXNext:APAC:2030-W23,SmartXNext,Retail_APAC_g3,2030-W23,2030-W23,0,1049
SmartXNext:APAC:2030-W24,SmartXNext,Retail_APAC_g3,2030-W24,2030-W24,0,1057
SmartXNext:APAC:2030-W25,SmartXNext,Retail_APAC_g3,2030-W25,2030-W25,0,1065
SmartXNext:APAC:2030-W26,SmartXNext,Retail_APAC_g3,2030-W26,2030-W26,0,1072
SmartXNext:APAC:2030-W27,SmartXNext,Retail_APAC_g3,2030-W27,2030-W27,0,1080
SmartXNext:APAC:2030-W28,SmartXNext,Retail_APAC_g3,2030-W28,2030-W28,0,1073
SmartXNext:APAC:2030-W29,SmartXNext,Retail_APAC_g3,2030-W29,2030-W29,0,1067
SmartXNext:APAC:2030-W30,SmartXNext,Retail_APAC_g3,2030-W30,2030-W30,0,1060
SmartXNext:APAC:2030-W31,SmartXNext,Retail_APAC_g3,2030-W31,2030-W31,0,1054
SmartXNext:APAC:2030-W32,SmartXNext,Retail_APAC_g3,2030-W32,2030-W32,0,1048
SmartXNext:APAC:2030-W33,SmartXNext,Retail_APAC_g3,2030-W33,2030-W33,0,1041
SmartXNext:APAC:2030-W34,SmartXNext,Retail_APAC_g3,2030-W34,2030-W34,0,1035
SmartXNext:APAC:2030-W35,SmartXNext,Retail_APAC_g3,2030-W35,2030-W35,0,1028
SmartXNext:APAC:2030-W36,SmartXNext,Retail_APAC_g3,2030-W36,2030-W36,0,1022
SmartXNext:APAC:2030-W37,SmartXNext,Retail_APAC_g3,2030-W37,2030-W37,0,1016
SmartXNext:APAC:2030-W38,SmartXNext,Retail_APAC_g3,2030-W38,2030-W38,0,1009
SmartXNext:APAC:2030-W39,SmartXNext,Retail_APAC_g3,2030-W39,2030-W39,0,1003
SmartXNext:APAC:2030-W40,SmartXNext,Retail_APAC_g3,2030-W40,2030-W40,0,996
SmartXNext:APAC:2030-W41,SmartXNext,Retail_APAC_g3,2030-W41,2030-W41,0,990
SmartXNext:APAC:2030-W42,SmartXNext,Retail_APAC_g3,2030-W42,2030-W42,0,984
SmartXNext:APAC:2030-W43,SmartXNext,Retail_APAC_g3,2030-W43,2030-W43,0,977
SmartXNext:APAC:2030-W44,SmartXNext,Retail_APAC_g3,2030-W44,2030-W44,0,971
SmartXNext:APAC:2030-W45,SmartXNext,Retail_APAC_g3,2030-W45,2030-W45,0,965
SmartXNext:APAC:2030-W46,SmartXNext,Retail_APAC_g3,2030-W46,2030-W46,0,958
SmartXNext:APAC:2030-W47,SmartXNext,Retail_APAC_g3,2030-W47,2030-W47,0,952
SmartXNext:APAC:2030-W48,SmartXNext,Retail_APAC_g3,2030-W48,2030-W48,0,946
SmartXNext:APAC:2030-W49,SmartXNext,Retail_APAC_g3,2030-W49,2030-W49,0,939
SmartXNext:APAC:2030-W50,SmartXNext,Retail_APAC_g3,2030-W50,2030-W50,0,933
SmartXNext:APAC:2030-W51,SmartXNext,Retail_APAC_g3,2030-W51,2030-W51,0,926
SmartXNext:APAC:2030-W52,SmartXNext,Retail_APAC_g3,2030-W52,2030-W52,0,920
SmartXNext:EMEA:2028-W27,SmartXNext,Retail_EMEA_g3,2028-W27,2028-W27,0,15
SmartXNext:EMEA:2028-W28,SmartXNext,Retail_EMEA_g3,2028-W28,2028-W28,0,31
SmartXNext:EMEA:2028-W29,SmartXNext,Retail_EMEA_g3,2028-W29,2028-W29,0,47
SmartXNext:EMEA:2028-W30,SmartXNext,Retail_EMEA_g3,2028-W30,2028-W30,0,62
SmartXNext:EMEA:2028-W31,SmartXNext,Retail_EMEA_g3,2028-W31,2028-W31,0,78
SmartXNext:EMEA:2028-W32,SmartXNext,Retail_EMEA_g3,2028-W32,2028-W32,0,93
SmartXNext:EMEA:2028-W33,SmartXNext,Retail_EMEA_g3,2028-W33,2028-W33,0,109
SmartXNext:EMEA:2028-W34,SmartXNext,Retail_EMEA_g3,2028-W34,2028-W34,0,125
SmartXNext:EMEA:2028-W35,SmartXNext,Retail_EMEA_g3,2028-W35,2028-W35,0,140
SmartXNext:EMEA:2028-W36,SmartXNext,Retail_EMEA_g3,2028-W36,2028-W36,0,155
SmartXNext:EMEA:2028-W37,SmartXNext,Retail_EMEA_g3,2028-W37,2028-W37,0,171
SmartXNext:EMEA:2028-W38,SmartXNext,Retail_EMEA_g3,2028-W38,2028-W38,0,187
SmartXNext:EMEA:2028-W39,SmartXNext,Retail_EMEA_g3,2028-W39,2028-W39,0,202
SmartXNext:EMEA:2028-W40,SmartXNext,Retail_EMEA_g3,2028-W40,2028-W40,0,218
SmartXNext:EMEA:2028-W41,SmartXNext,Retail_EMEA_g3,2028-W41,2028-W41,0,233
SmartXNext:EMEA:2028-W42,SmartXNext,Retail_EMEA_g3,2028-W42,2028-W42,0,249
SmartXNext:EMEA:2028-W43,SmartXNext,Retail_EMEA_g3,2028-W43,2028-W43,0,265
SmartXNext:EMEA:2028-W44,SmartXNext,Retail_EMEA_g3,2028-W44,2028-W44,0,280
SmartXNext:EMEA:2028-W45,SmartXNext,Retail_EMEA_g3,2028-W45,2028-W45,0,295
SmartXNext:EMEA:2028-W46,SmartXNext,Retail_EMEA_g3,2028-W46,2028-W46,0,311
SmartXNext:EMEA:2028-W47,SmartXNext,Retail_EMEA_g3,2028-W47,2028-W47,0,327
SmartXNext:EMEA:2028-W48,SmartXNext,Retail_EMEA_g3,2028-W48,2028-W48,0,342
SmartXNext:EMEA:2028-W49,SmartXNext,Retail_EMEA_g3,2028-W49,2028-W49,0,358
SmartXNext:EMEA:2028-W50,SmartXNext,Retail_EMEA_g3,2028-W50,2028-W50,0,373
SmartXNext:EMEA:2028-W51,SmartXNext,Retail_EMEA_g3,2028-W51,2028-W51,0,389
SmartXNext:EMEA:2028-W52,SmartXNext,Retail_EMEA_g3,2028-W52,2028-W52,0,405
SmartXNext:EMEA:2029-W01,SmartXNext,Retail_EMEA_g3,2029-W01,2029-W01,0,428
SmartXNext:EMEA:2029-W02,SmartXNext,Retail_EMEA_g3,2029-W02,2029-W02,0,435
SmartXNext:EMEA:2029-W03,SmartXNext,Retail_EMEA_g3,2029-W03,2029-W03,0,443
SmartXNext:EMEA:2029-W04,SmartXNext,Retail_EMEA_g3,2029-W04,2029-W04,0,451
SmartXNext:EMEA:2029-W05,SmartXNext,Retail_EMEA_g3,2029-W05,2029-W05,0,459
SmartXNext:EMEA:2029-W06,SmartXNext,Retail_EMEA_g3,2029-W06,2029-W06,0,467
SmartXNext:EMEA:2029-W07,SmartXNext,Retail_EMEA_g3,2029-W07,2029-W07,0,475
SmartXNext:EMEA:2029-W08,SmartXNext,Retail_EMEA_g3,2029-W08,2029-W08,0,482
SmartXNext:EMEA:2029-W09,SmartXNext,Retail_EMEA_g3,2029-W09,2029-W09,0,490
SmartXNext:EMEA:2029-W10,SmartXNext,Retail_EMEA_g3,2029-W10,2029-W10,0,498
SmartXNext:EMEA:2029-W11,SmartXNext,Retail_EMEA_g3,2029-W11,2029-W11,0,505
SmartXNext:EMEA:2029-W12,SmartXNext,Retail_EMEA_g3,2029-W12,2029-W12,0,513
SmartXNext:EMEA:2029-W13,SmartXNext,Retail_EMEA_g3,2029-W13,2029-W13,0,521
SmartXNext:EMEA:2029-W14,SmartXNext,Retail_EMEA_g3,2029-W14,2029-W14,0,529
SmartXNext:EMEA:2029-W15,SmartXNext,Retail_EMEA_g3,2029-W15,2029-W15,0,537
SmartXNext:EMEA:2029-W16,SmartXNext,Retail_EMEA_g3,2029-W16,2029-W16,0,545
SmartXNext:EMEA:2029-W17,SmartXNext,Retail_EMEA_g3,2029-W17,2029-W17,0,552
SmartXNext:EMEA:2029-W18,SmartXNext,Retail_EMEA_g3,2029-W18,2029-W18,0,560
SmartXNext:EMEA:2029-W19,SmartXNext,Retail_EMEA_g3,2029-W19,2029-W19,0,568
SmartXNext:EMEA:2029-W20,SmartXNext,Retail_EMEA_g3,2029-W20,2029-W20,0,575
SmartXNext:EMEA:2029-W21,SmartXNext,Retail_EMEA_g3,2029-W21,2029-W21,0,583
SmartXNext:EMEA:2029-W22,SmartXNext,Retail_EMEA_g3,2029-W22,2029-W22,0,591
SmartXNext:EMEA:2029-W23,SmartXNext,Retail_EMEA_g3,2029-W23,2029-W23,0,599
SmartXNext:EMEA:2029-W24,SmartXNext,Retail_EMEA_g3,2029-W24,2029-W24,0,607
SmartXNext:EMEA:2029-W25,SmartXNext,Retail_EMEA_g3,2029-W25,2029-W25,0,615
SmartXNext:EMEA:2029-W26,SmartXNext,Retail_EMEA_g3,2029-W26,2029-W26,0,622
SmartXNext:EMEA:2029-W27,SmartXNext,Retail_EMEA_g3,2029-W27,2029-W27,0,635
SmartXNext:EMEA:2029-W28,SmartXNext,Retail_EMEA_g3,2029-W28,2029-W28,0,640
SmartXNext:EMEA:2029-W29,SmartXNext,Retail_EMEA_g3,2029-W29,2029-W29,0,645
SmartXNext:EMEA:2029-W30,SmartXNext,Retail_EMEA_g3,2029-W30,2029-W30,0,651
SmartXNext:EMEA:2029-W31,SmartXNext,Retail_EMEA_g3,2029-W31,2029-W31,0,656
SmartXNext:EMEA:2029-W32,SmartXNext,Retail_EMEA_g3,2029-W32,2029-W32,0,661
SmartXNext:EMEA:2029-W33,SmartXNext,Retail_EMEA_g3,2029-W33,2029-W33,0,666
SmartXNext:EMEA:2029-W34,SmartXNext,Retail_EMEA_g3,2029-W34,2029-W34,0,671
SmartXNext:EMEA:2029-W35,SmartXNext,Retail_EMEA_g3,2029-W35,2029-W35,0,677
SmartXNext:EMEA:2029-W36,SmartXNext,Retail_EMEA_g3,2029-W36,2029-W36,0,682
SmartXNext:EMEA:2029-W37,SmartXNext,Retail_EMEA_g3,2029-W37,2029-W37,0,687
SmartXNext:EMEA:2029-W38,SmartXNext,Retail_EMEA_g3,2029-W38,2029-W38,0,692
SmartXNext:EMEA:2029-W39,SmartXNext,Retail_EMEA_g3,2029-W39,2029-W39,0,697
SmartXNext:EMEA:2029-W40,SmartXNext,Retail_EMEA_g3,2029-W40,2029-W40,0,703
SmartXNext:EMEA:2029-W41,SmartXNext,Retail_EMEA_g3,2029-W41,2029-W41,0,708
SmartXNext:EMEA:2029-W42,SmartXNext,Retail_EMEA_g3,2029-W42,2029-W42,0,713
SmartXNext:EMEA:2029-W43,SmartXNext,Retail_EMEA_g3,2029-W43,2029-W43,0,718
SmartXNext:EMEA:2029-W44,SmartXNext,Retail_EMEA_g3,2029-W44,2029-W44,0,723
SmartXNext:EMEA:2029-W45,SmartXNext,Retail_EMEA_g3,2029-W45,2029-W45,0,729
SmartXNext:EMEA:2029-W46,SmartXNext,Retail_EMEA_g3,2029-W46,2029-W46,0,734
SmartXNext:EMEA:2029-W47,SmartXNext,Retail_EMEA_g3,2029-W47,2029-W47,0,739
SmartXNext:EMEA:2029-W48,SmartXNext,Retail_EMEA_g3,2029-W48,2029-W48,0,744
SmartXNext:EMEA:2029-W49,SmartXNext,Retail_EMEA_g3,2029-W49,2029-W49,0,749
SmartXNext:EMEA:2029-W50,SmartXNext,Retail_EMEA_g3,2029-W50,2029-W50,0,755
SmartXNext:EMEA:2029-W51,SmartXNext,Retail_EMEA_g3,2029-W51,2029-W51,0,760
SmartXNext:EMEA:2029-W52,SmartXNext,Retail_EMEA_g3,2029-W52,2029-W52,0,765
SmartXNext:EMEA:2030-W01,SmartXNext,Retail_EMEA_g3,2030-W01,2030-W01,0,770
SmartXNext:EMEA:2030-W02,SmartXNext,Retail_EMEA_g3,2030-W02,2030-W02,0,777
SmartXNext:EMEA:2030-W03,SmartXNext,Retail_EMEA_g3,2030-W03,2030-W03,0,783
SmartXNext:EMEA:2030-W04,SmartXNext,Retail_EMEA_g3,2030-W04,2030-W04,0,790
SmartXNext:EMEA:2030-W05,SmartXNext,Retail_EMEA_g3,2030-W05,2030-W05,0,797
SmartXNext:EMEA:2030-W06,SmartXNext,Retail_EMEA_g3,2030-W06,2030-W06,0,804
SmartXNext:EMEA:2030-W07,SmartXNext,Retail_EMEA_g3,2030-W07,2030-W07,0,810
SmartXNext:EMEA:2030-W08,SmartXNext,Retail_EMEA_g3,2030-W08,2030-W08,0,817
SmartXNext:EMEA:2030-W09,SmartXNext,Retail_EMEA_g3,2030-W09,2030-W09,0,824
SmartXNext:EMEA:2030-W10,SmartXNext,Retail_EMEA_g3,2030-W10,2030-W10,0,831
SmartXNext:EMEA:2030-W11,SmartXNext,Retail_EMEA_g3,2030-W11,2030-W11,0,837
SmartXNext:EMEA:2030-W12,SmartXNext,Retail_EMEA_g3,2030-W12,2030-W12,0,844
SmartXNext:EMEA:2030-W13,SmartXNext,Retail_EMEA_g3,2030-W13,2030-W13,0,851
SmartXNext:EMEA:2030-W14,SmartXNext,Retail_EMEA_g3,2030-W14,2030-W14,0,858
SmartXNext:EMEA:2030-W15,SmartXNext,Retail_EMEA_g3,2030-W15,2030-W15,0,864
SmartXNext:EMEA:2030-W16,SmartXNext,Retail_EMEA_g3,2030-W16,2030-W16,0,871
SmartXNext:EMEA:2030-W17,SmartXNext,Retail_EMEA_g3,2030-W17,2030-W17,0,878
SmartXNext:EMEA:2030-W18,SmartXNext,Retail_EMEA_g3,2030-W18,2030-W18,0,884
SmartXNext:EMEA:2030-W19,SmartXNext,Retail_EMEA_g3,2030-W19,2030-W19,0,891
SmartXNext:EMEA:2030-W20,SmartXNext,Retail_EMEA_g3,2030-W20,2030-W20,0,898
SmartXNext:EMEA:2030-W21,SmartXNext,Retail_EMEA_g3,2030-W21,2030-W21,0,905
SmartXNext:EMEA:2030-W22,SmartXNext,Retail_EMEA_g3,2030-W22,2030-W22,0,911
SmartXNext:EMEA:2030-W23,SmartXNext,Retail_EMEA_g3,2030-W23,2030-W23,0,918
SmartXNext:EMEA:2030-W24,SmartXNext,Retail_EMEA_g3,2030-W24,2030-W24,0,925
SmartXNext:EMEA:2030-W25,SmartXNext,Retail_EMEA_g3,2030-W25,2030-W25,0,932
SmartXNext:EMEA:2030-W26,SmartXNext,Retail_EMEA_g3,2030-W26,2030-W26,0,938
SmartXNext:EMEA:2030-W27,SmartXNext,Retail_EMEA_g3,2030-W27,2030-W27,0,945
SmartXNext:EMEA:2030-W28,SmartXNext,Retail_EMEA_g3,2030-W28,2030-W28,0,938
SmartXNext:EMEA:2030-W29,SmartXNext,Retail_EMEA_g3,2030-W29,2030-W29,0,932
SmartXNext:EMEA:2030-W30,SmartXNext,Retail_EMEA_g3,2030-W30,2030-W30,0,927
SmartXNext:EMEA:2030-W31,SmartXNext,Retail_EMEA_g3,2030-W31,2030-W31,0,921
SmartXNext:EMEA:2030-W32,SmartXNext,Retail_EMEA_g3,2030-W32,2030-W32,0,916
SmartXNext:EMEA:2030-W33,SmartXNext,Retail_EMEA_g3,2030-W33,2030-W33,0,910
SmartXNext:EMEA:2030-W34,SmartXNext,Retail_EMEA_g3,2030-W34,2030-W34,0,905
SmartXNext:EMEA:2030-W35,SmartXNext,Retail_EMEA_g3,2030-W35,2030-W35,0,899
SmartXNext:EMEA:2030-W36,SmartXNext,Retail_EMEA_g3,2030-W36,2030-W36,0,894
SmartXNext:EMEA:2030-W37,SmartXNext,Retail_EMEA_g3,2030-W37,2030-W37,0,888
SmartXNext:EMEA:2030-W38,SmartXNext,Retail_EMEA_g3,2030-W38,2030-W38,0,883
SmartXNext:EMEA:2030-W39,SmartXNext,Retail_EMEA_g3,2030-W39,2030-W39,0,877
SmartXNext:EMEA:2030-W40,SmartXNext,Retail_EMEA_g3,2030-W40,2030-W40,0,872
SmartXNext:EMEA:2030-W41,SmartXNext,Retail_EMEA_g3,2030-W41,2030-W41,0,866
SmartXNext:EMEA:2030-W42,SmartXNext,Retail_EMEA_g3,2030-W42,2030-W42,0,860
SmartXNext:EMEA:2030-W43,SmartXNext,Retail_EMEA_g3,2030-W43,2030-W43,0,855
SmartXNext:EMEA:2030-W44,SmartXNext,Retail_EMEA_g3,2030-W44,2030-W44,0,849
SmartXNext:EMEA:2030-W45,SmartXNext,Retail_EMEA_g3,2030-W45,2030-W45,0,844
SmartXNext:EMEA:2030-W46,SmartXNext,Retail_EMEA_g3,2030-W46,2030-W46,0,838
SmartXNext:EMEA:2030-W47,SmartXNext,Retail_EMEA_g3,2030-W47,2030-W47,0,833
SmartXNext:EMEA:2030-W48,SmartXNext,Retail_EMEA_g3,2030-W48,2030-W48,0,827
SmartXNext:EMEA:2030-W49,SmartXNext,Retail_EMEA_g3,2030-W49,2030-W49,0,822
SmartXNext:EMEA:2030-W50,SmartXNext,Retail_EMEA_g3,2030-W50,2030-W50,0,816
SmartXNext:EMEA:2030-W51,SmartXNext,Retail_EMEA_g3,2030-W51,2030-W51,0,811
SmartXNext:EMEA:2030-W52,SmartXNext,Retail_EMEA_g3,2030-W52,2030-W52,0,805
SmartXPro_CN:APAC:2027-W01,SmartXPro_CN,Retail_APAC,2027-W01,2027-W01,0,720
SmartXPro_CN:APAC:2027-W02,SmartXPro_CN,Retail_APAC,2027-W02,2027-W02,0,720
SmartXPro_CN:APAC:2027-W03,SmartXPro_CN,Retail_APAC,2027-W03,2027-W03,0,720
SmartXPro_CN:APAC:2027-W04,SmartXPro_CN,Retail_APAC,2027-W04,2027-W04,0,720
SmartXPro_CN:APAC:2027-W05,SmartXPro_CN,Retail_APAC,2027-W05,2027-W05,0,720
SmartXPro_CN:APAC:2027-W06,SmartXPro_CN,Retail_APAC,2027-W06,2027-W06,0,720
SmartXPro_CN:APAC:2027-W07,SmartXPro_CN,Retail_APAC,2027-W07,2027-W07,0,720
SmartXPro_CN:APAC:2027-W08,SmartXPro_CN,Retail_APAC,2027-W08,2027-W08,0,720
SmartXPro_CN:APAC:2027-W09,SmartXPro_CN,Retail_APAC,2027-W09,2027-W09,0,720
SmartXPro_CN:APAC:2027-W10,SmartXPro_CN,Retail_APAC,2027-W10,2027-W10,0,720
SmartXPro_CN:APAC:2027-W11,SmartXPro_CN,Retail_APAC,2027-W11,2027-W11,0,720
SmartXPro_CN:APAC:2027-W12,SmartXPro_CN,Retail_APAC,2027-W12,2027-W12,0,720
SmartXPro_CN:APAC:2027-W13,SmartXPro_CN,Retail_APAC,2027-W13,2027-W13,0,720
SmartXPro_CN:APAC:2027-W14,SmartXPro_CN,Retail_APAC,2027-W14,2027-W14,0,720
SmartXPro_CN:APAC:2027-W15,SmartXPro_CN,Retail_APAC,2027-W15,2027-W15,0,720
SmartXPro_CN:APAC:2027-W16,SmartXPro_CN,Retail_APAC,2027-W16,2027-W16,0,720
SmartXPro_CN:APAC:2027-W17,SmartXPro_CN,Retail_APAC,2027-W17,2027-W17,0,720
SmartXPro_CN:APAC:2027-W18,SmartXPro_CN,Retail_APAC,2027-W18,2027-W18,0,720
SmartXPro_CN:APAC:2027-W19,SmartXPro_CN,Retail_APAC,2027-W19,2027-W19,0,720
SmartXPro_CN:APAC:2027-W20,SmartXPro_CN,Retail_APAC,2027-W20,2027-W20,0,720
SmartXPro_CN:APAC:2027-W21,SmartXPro_CN,Retail_APAC,2027-W21,2027-W21,0,720
SmartXPro_CN:APAC:2027-W22,SmartXPro_CN,Retail_APAC,2027-W22,2027-W22,0,720
SmartXPro_CN:APAC:2027-W23,SmartXPro_CN,Retail_APAC,2027-W23,2027-W23,0,720
SmartXPro_CN:APAC:2027-W24,SmartXPro_CN,Retail_APAC,2027-W24,2027-W24,0,720
SmartXPro_CN:APAC:2027-W25,SmartXPro_CN,Retail_APAC,2027-W25,2027-W25,0,720
SmartXPro_CN:APAC:2027-W26,SmartXPro_CN,Retail_APAC,2027-W26,2027-W26,0,720
SmartXPro_CN:APAC:2027-W27,SmartXPro_CN,Retail_APAC,2027-W27,2027-W27,0,717
SmartXPro_CN:APAC:2027-W28,SmartXPro_CN,Retail_APAC,2027-W28,2027-W28,0,713
SmartXPro_CN:APAC:2027-W29,SmartXPro_CN,Retail_APAC,2027-W29,2027-W29,0,710
SmartXPro_CN:APAC:2027-W30,SmartXPro_CN,Retail_APAC,2027-W30,2027-W30,0,706
SmartXPro_CN:APAC:2027-W31,SmartXPro_CN,Retail_APAC,2027-W31,2027-W31,0,702
SmartXPro_CN:APAC:2027-W32,SmartXPro_CN,Retail_APAC,2027-W32,2027-W32,0,698
SmartXPro_CN:APAC:2027-W33,SmartXPro_CN,Retail_APAC,2027-W33,2027-W33,0,695
SmartXPro_CN:APAC:2027-W34,SmartXPro_CN,Retail_APAC,2027-W34,2027-W34,0,691
SmartXPro_CN:APAC:2027-W35,SmartXPro_CN,Retail_APAC,2027-W35,2027-W35,0,688
SmartXPro_CN:APAC:2027-W36,SmartXPro_CN,Retail_APAC,2027-W36,2027-W36,0,685
SmartXPro_CN:APAC:2027-W37,SmartXPro_CN,Retail_APAC,2027-W37,2027-W37,0,681
SmartXPro_CN:APAC:2027-W38,SmartXPro_CN,Retail_APAC,2027-W38,2027-W38,0,678
SmartXPro_CN:APAC:2027-W39,SmartXPro_CN,Retail_APAC,2027-W39,2027-W39,0,674
SmartXPro_CN:APAC:2027-W40,SmartXPro_CN,Retail_APAC,2027-W40,2027-W40,0,670
SmartXPro_CN:APAC:2027-W41,SmartXPro_CN,Retail_APAC,2027-W41,2027-W41,0,666
SmartXPro_CN:APAC:2027-W42,SmartXPro_CN,Retail_APAC,2027-W42,2027-W42,0,663
SmartXPro_CN:APAC:2027-W43,SmartXPro_CN,Retail_APAC,2027-W43,2027-W43,0,659
SmartXPro_CN:APAC:2027-W44,SmartXPro_CN,Retail_APAC,2027-W44,2027-W44,0,656
SmartXPro_CN:APAC:2027-W45,SmartXPro_CN,Retail_APAC,2027-W45,2027-W45,0,653
SmartXPro_CN:APAC:2027-W46,SmartXPro_CN,Retail_APAC,2027-W46,2027-W46,0,649
SmartXPro_CN:APAC:2027-W47,SmartXPro_CN,Retail_APAC,2027-W47,2027-W47,0,646
SmartXPro_CN:APAC:2027-W48,SmartXPro_CN,Retail_APAC,2027-W48,2027-W48,0,642
SmartXPro_CN:APAC:2027-W49,SmartXPro_CN,Retail_APAC,2027-W49,2027-W49,0,638
SmartXPro_CN:APAC:2027-W50,SmartXPro_CN,Retail_APAC,2027-W50,2027-W50,0,634
SmartXPro_CN:APAC:2027-W51,SmartXPro_CN,Retail_APAC,2027-W51,2027-W51,0,631
SmartXPro_CN:APAC:2027-W52,SmartXPro_CN,Retail_APAC,2027-W52,2027-W52,0,627
SmartXPro_CN:APAC:2028-W01,SmartXPro_CN,Retail_APAC,2028-W01,2028-W01,0,620
SmartXPro_CN:APAC:2028-W02,SmartXPro_CN,Retail_APAC,2028-W02,2028-W02,0,616
SmartXPro_CN:APAC:2028-W03,SmartXPro_CN,Retail_APAC,2028-W03,2028-W03,0,613
SmartXPro_CN:APAC:2028-W04,SmartXPro_CN,Retail_APAC,2028-W04,2028-W04,0,609
SmartXPro_CN:APAC:2028-W05,SmartXPro_CN,Retail_APAC,2028-W05,2028-W05,0,605
SmartXPro_CN:APAC:2028-W06,SmartXPro_CN,Retail_APAC,2028-W06,2028-W06,0,601
SmartXPro_CN:APAC:2028-W07,SmartXPro_CN,Retail_APAC,2028-W07,2028-W07,0,597
SmartXPro_CN:APAC:2028-W08,SmartXPro_CN,Retail_APAC,2028-W08,2028-W08,0,593
SmartXPro_CN:APAC:2028-W09,SmartXPro_CN,Retail_APAC,2028-W09,2028-W09,0,590
SmartXPro_CN:APAC:2028-W10,SmartXPro_CN,Retail_APAC,2028-W10,2028-W10,0,586
SmartXPro_CN:APAC:2028-W11,SmartXPro_CN,Retail_APAC,2028-W11,2028-W10,1,2
SmartXPro_CN:APAC:2028-W11,SmartXPro_CN,Retail_APAC,2028-W11,2028-W11,0,580
SmartXPro_CN:APAC:2028-W12,SmartXPro_CN,Retail_APAC,2028-W12,2028-W11,1,229
SmartXPro_CN:APAC:2028-W12,SmartXPro_CN,Retail_APAC,2028-W12,2028-W12,0,349
SmartXPro_CN:APAC:2028-W13,SmartXPro_CN,Retail_APAC,2028-W13,2028-W11,2,36
SmartXPro_CN:APAC:2028-W13,SmartXPro_CN,Retail_APAC,2028-W13,2028-W13,0,538
SmartXPro_CN:APAC:2028-W14,SmartXPro_CN,Retail_APAC,2028-W14,2028-W14,0,570
SmartXPro_CN:APAC:2028-W15,SmartXPro_CN,Retail_APAC,2028-W15,2028-W15,0,566
SmartXPro_CN:APAC:2028-W16,SmartXPro_CN,Retail_APAC,2028-W16,2028-W15,1,230
SmartXPro_CN:APAC:2028-W16,SmartXPro_CN,Retail_APAC,2028-W16,2028-W16,0,332
SmartXPro_CN:APAC:2028-W17,SmartXPro_CN,Retail_APAC,2028-W17,2028-W16,1,558
SmartXPro_CN:APAC:2028-W18,SmartXPro_CN,Retail_APAC,2028-W18,2028-W15,3,554
SmartXPro_CN:APAC:2028-W19,SmartXPro_CN,Retail_APAC,2028-W19,2028-W16,3,460
SmartXPro_CN:APAC:2028-W19,SmartXPro_CN,Retail_APAC,2028-W19,2028-W18,1,91
SmartXPro_CN:APAC:2028-W20,SmartXPro_CN,Retail_APAC,2028-W20,2028-W13,7,115
SmartXPro_CN:APAC:2028-W20,SmartXPro_CN,Retail_APAC,2028-W20,2028-W20,0,432
SmartXPro_CN:APAC:2028-W21,SmartXPro_CN,Retail_APAC,2028-W21,2028-W21,0,543
SmartXPro_CN:APAC:2028-W22,SmartXPro_CN,Retail_APAC,2028-W22,2028-W19,3,366
SmartXPro_CN:APAC:2028-W22,SmartXPro_CN,Retail_APAC,2028-W22,2028-W22,0,173
SmartXPro_CN:APAC:2028-W23,SmartXPro_CN,Retail_APAC,2028-W23,2028-W21,2,358
SmartXPro_CN:APAC:2028-W23,SmartXPro_CN,Retail_APAC,2028-W23,2028-W23,0,177
SmartXPro_CN:APAC:2028-W24,SmartXPro_CN,Retail_APAC,2028-W24,2028-W18,6,92
SmartXPro_CN:APAC:2028-W24,SmartXPro_CN,Retail_APAC,2028-W24,2028-W24,0,439
SmartXPro_CN:APAC:2028-W25,SmartXPro_CN,Retail_APAC,2028-W25,2028-W25,0,528
SmartXPro_CN:APAC:2028-W26,SmartXPro_CN,Retail_APAC,2028-W26,2028-W18,8,230
SmartXPro_CN:APAC:2028-W26,SmartXPro_CN,Retail_APAC,2028-W26,2028-W25,1,175
SmartXPro_CN:APAC:2028-W26,SmartXPro_CN,Retail_APAC,2028-W26,2028-W26,0,119
SmartXPro_CN:APAC:2028-W27,SmartXPro_CN,Retail_APAC,2028-W27,2028-W26,1,66
SmartXPro_CN:APAC:2028-W27,SmartXPro_CN,Retail_APAC,2028-W27,2028-W27,0,451
SmartXPro_CN:APAC:2028-W28,SmartXPro_CN,Retail_APAC,2028-W28,2028-W26,2,76
SmartXPro_CN:APAC:2028-W28,SmartXPro_CN,Retail_APAC,2028-W28,2028-W28,0,438
SmartXPro_CN:APAC:2028-W29,SmartXPro_CN,Retail_APAC,2028-W29,2028-W28,1,54
SmartXPro_CN:APAC:2028-W29,SmartXPro_CN,Retail_APAC,2028-W29,2028-W29,0,457
SmartXPro_CN:APAC:2028-W30,SmartXPro_CN,Retail_APAC,2028-W30,2028-W28,2,409
SmartXPro_CN:APAC:2028-W30,SmartXPro_CN,Retail_APAC,2028-W30,2028-W30,0,99
SmartXPro_CN:APAC:2028-W31,SmartXPro_CN,Retail_APAC,2028-W31,2028-W31,0,505
SmartXPro_CN:APAC:2028-W32,SmartXPro_CN,Retail_APAC,2028-W32,2028-W32,0,502
SmartXPro_CN:APAC:2028-W33,SmartXPro_CN,Retail_APAC,2028-W33,2028-W32,1,263
SmartXPro_CN:APAC:2028-W33,SmartXPro_CN,Retail_APAC,2028-W33,2028-W33,0,236
SmartXPro_CN:APAC:2028-W34,SmartXPro_CN,Retail_APAC,2028-W34,2028-W34,0,496
SmartXPro_CN:APAC:2028-W35,SmartXPro_CN,Retail_APAC,2028-W35,2028-W35,0,494
SmartXPro_CN:APAC:2028-W36,SmartXPro_CN,Retail_APAC,2028-W36,2028-W36,0,490
SmartXPro_CN:APAC:2028-W37,SmartXPro_CN,Retail_APAC,2028-W37,2028-W37,0,487
SmartXPro_CN:APAC:2028-W38,SmartXPro_CN,Retail_APAC,2028-W38,2028-W38,0,485
SmartXPro_CN:APAC:2028-W39,SmartXPro_CN,Retail_APAC,2028-W39,2028-W39,0,482
SmartXPro_CN:APAC:2028-W40,SmartXPro_CN,Retail_APAC,2028-W40,2028-W40,0,478
SmartXPro_CN:APAC:2028-W41,SmartXPro_CN,Retail_APAC,2028-W41,2028-W40,1,7
SmartXPro_CN:APAC:2028-W41,SmartXPro_CN,Retail_APAC,2028-W41,2028-W41,0,468
SmartXPro_CN:APAC:2028-W42,SmartXPro_CN,Retail_APAC,2028-W42,2028-W39,3,167
SmartXPro_CN:APAC:2028-W42,SmartXPro_CN,Retail_APAC,2028-W42,2028-W42,0,306
SmartXPro_CN:APAC:2028-W43,SmartXPro_CN,Retail_APAC,2028-W43,2028-W43,0,470
SmartXPro_CN:APAC:2028-W44,SmartXPro_CN,Retail_APAC,2028-W44,2028-W44,0,466
SmartXPro_CN:APAC:2028-W45,SmartXPro_CN,Retail_APAC,2028-W45,2028-W45,0,464
SmartXPro_CN:APAC:2028-W46,SmartXPro_CN,Retail_APAC,2028-W46,2028-W46,0,461
SmartXPro_CN:APAC:2028-W47,SmartXPro_CN,Retail_APAC,2028-W47,2028-W45,2,289
SmartXPro_CN:APAC:2028-W47,SmartXPro_CN,Retail_APAC,2028-W47,2028-W47,0,169
SmartXPro_CN:APAC:2028-W48,SmartXPro_CN,Retail_APAC,2028-W48,2028-W48,0,455
SmartXPro_CN:APAC:2028-W49,SmartXPro_CN,Retail_APAC,2028-W49,2028-W46,3,40
SmartXPro_CN:APAC:2028-W49,SmartXPro_CN,Retail_APAC,2028-W49,2028-W47,2,8
SmartXPro_CN:APAC:2028-W49,SmartXPro_CN,Retail_APAC,2028-W49,2028-W49,0,404
SmartXPro_CN:APAC:2028-W50,SmartXPro_CN,Retail_APAC,2028-W50,2028-W47,3,326
SmartXPro_CN:APAC:2028-W50,SmartXPro_CN,Retail_APAC,2028-W50,2028-W50,0,123
SmartXPro_CN:APAC:2028-W51,SmartXPro_CN,Retail_APAC,2028-W51,2028-W51,0,446
SmartXPro_CN:APAC:2028-W52,SmartXPro_CN,Retail_APAC,2028-W52,2028-W52,0,443
SmartXPro_CN:APAC:2029-W01,SmartXPro_CN,Retail_APAC,2029-W01,2029-W01,0,435
SmartXPro_CN:APAC:2029-W02,SmartXPro_CN,Retail_APAC,2029-W02,2028-W51,3,128
SmartXPro_CN:APAC:2029-W02,SmartXPro_CN,Retail_APAC,2029-W02,2029-W02,0,303
SmartXPro_CN:APAC:2029-W03,SmartXPro_CN,Retail_APAC,2029-W03,2029-W03,0,426
SmartXPro_CN:APAC:2029-W04,SmartXPro_CN,Retail_APAC,2029-W04,2029-W04,0,422
SmartXPro_CN:APAC:2029-W05,SmartXPro_CN,Retail_APAC,2029-W05,2029-W05,0,418
SmartXPro_CN:APAC:2029-W06,SmartXPro_CN,Retail_APAC,2029-W06,2029-W06,0,414
SmartXPro_CN:APAC:2029-W07,SmartXPro_CN,Retail_APAC,2029-W07,2029-W04,3,409
SmartXPro_CN:APAC:2029-W08,SmartXPro_CN,Retail_APAC,2029-W08,2029-W07,1,361
SmartXPro_CN:APAC:2029-W08,SmartXPro_CN,Retail_APAC,2029-W08,2029-W08,0,44
SmartXPro_CN:APAC:2029-W09,SmartXPro_CN,Retail_APAC,2029-W09,2029-W09,0,400
SmartXPro_CN:APAC:2029-W10,SmartXPro_CN,Retail_APAC,2029-W10,2029-W10,0,395
SmartXPro_CN:APAC:2029-W11,SmartXPro_CN,Retail_APAC,2029-W11,2029-W08,3,391
SmartXPro_CN:APAC:2029-W12,SmartXPro_CN,Retail_APAC,2029-W12,2029-W09,3,386
SmartXPro_CN:APAC:2029-W13,SmartXPro_CN,Retail_APAC,2029-W13,2029-W12,1,335
SmartXPro_CN:APAC:2029-W13,SmartXPro_CN,Retail_APAC,2029-W13,2029-W13,0,47
SmartXPro_CN:APAC:2029-W14,SmartXPro_CN,Retail_APAC,2029-W14,2028-W52,14,181
SmartXPro_CN:APAC:2029-W14,SmartXPro_CN,Retail_APAC,2029-W14,2029-W01,13,197
SmartXPro_CN:APAC:2029-W15,SmartXPro_CN,Retail_APAC,2029-W15,2029-W15,0,374
SmartXPro_CN:APAC:2029-W16,SmartXPro_CN,Retail_APAC,2029-W16,2029-W14,2,282
SmartXPro_CN:APAC:2029-W16,SmartXPro_CN,Retail_APAC,2029-W16,2029-W16,0,87
SmartXPro_CN:APAC:2029-W17,SmartXPro_CN,Retail_APAC,2029-W17,2029-W15,2,365
SmartXPro_CN:APAC:2029-W18,SmartXPro_CN,Retail_APAC,2029-W18,2029-W16,2,310
SmartXPro_CN:APAC:2029-W18,SmartXPro_CN,Retail_APAC,2029-W18,2029-W17,1,29
SmartXPro_CN:APAC:2029-W18,SmartXPro_CN,Retail_APAC,2029-W18,2029-W18,0,21
SmartXPro_CN:APAC:2029-W19,SmartXPro_CN,Retail_APAC,2029-W19,2029-W16,3,355
SmartXPro_CN:APAC:2029-W20,SmartXPro_CN,Retail_APAC,2029-W20,2029-W04,16,70
SmartXPro_CN:APAC:2029-W20,SmartXPro_CN,Retail_APAC,2029-W20,2029-W20,0,281
SmartXPro_CN:APAC:2029-W21,SmartXPro_CN,Retail_APAC,2029-W21,2029-W17,4,247
SmartXPro_CN:APAC:2029-W21,SmartXPro_CN,Retail_APAC,2029-W21,2029-W20,1,99
SmartXPro_CN:APAC:2029-W22,SmartXPro_CN,Retail_APAC,2029-W22,2029-W19,3,157
SmartXPro_CN:APAC:2029-W22,SmartXPro_CN,Retail_APAC,2029-W22,2029-W22,0,185
SmartXPro_CN:APAC:2029-W23,SmartXPro_CN,Retail_APAC,2029-W23,2029-W08,15,245
SmartXPro_CN:APAC:2029-W23,SmartXPro_CN,Retail_APAC,2029-W23,2029-W22,1,93
SmartXPro_CN:APAC:2029-W24,SmartXPro_CN,Retail_APAC,2029-W24,2029-W11,13,334
SmartXPro_CN:APAC:2029-W25,SmartXPro_CN,Retail_APAC,2029-W25,2029-W21,4,329
SmartXPro_CN:APAC:2029-W26,SmartXPro_CN,Retail_APAC,2029-W26,2029-W24,2,286
SmartXPro_CN:APAC:2029-W26,SmartXPro_CN,Retail_APAC,2029-W26,2029-W26,0,39
SmartXPro_CN:APAC:2029-W27,SmartXPro_CN,Retail_APAC,2029-W27,2029-W25,2,315
SmartXPro_CN:APAC:2029-W28,SmartXPro_CN,Retail_APAC,2029-W28,2029-W27,1,149
SmartXPro_CN:APAC:2029-W28,SmartXPro_CN,Retail_APAC,2029-W28,2029-W28,0,162
SmartXPro_CN:APAC:2029-W29,SmartXPro_CN,Retail_APAC,2029-W29,2029-W29,0,306
SmartXPro_CN:APAC:2029-W30,SmartXPro_CN,Retail_APAC,2029-W30,2029-W27,3,302
SmartXPro_CN:APAC:2029-W31,SmartXPro_CN,Retail_APAC,2029-W31,2029-W29,2,145
SmartXPro_CN:APAC:2029-W31,SmartXPro_CN,Retail_APAC,2029-W31,2029-W31,0,153
SmartXPro_CN:APAC:2029-W32,SmartXPro_CN,Retail_APAC,2029-W32,2029-W17,15,162
SmartXPro_CN:APAC:2029-W32,SmartXPro_CN,Retail_APAC,2029-W32,2029-W32,0,132
SmartXPro_CN:APAC:2029-W33,SmartXPro_CN,Retail_APAC,2029-W33,2029-W33,0,289
SmartXPro_CN:APAC:2029-W34,SmartXPro_CN,Retail_APAC,2029-W34,2029-W34,0,285
SmartXPro_CN:APAC:2029-W35,SmartXPro_CN,Retail_APAC,2029-W35,2029-W24,11,165
SmartXPro_CN:APAC:2029-W35,SmartXPro_CN,Retail_APAC,2029-W35,2029-W35,0,115
SmartXPro_CN:APAC:2029-W36,SmartXPro_CN,Retail_APAC,2029-W36,2029-W36,0,275
SmartXPro_CN:APAC:2029-W37,SmartXPro_CN,Retail_APAC,2029-W37,2029-W37,0,271
SmartXPro_CN:APAC:2029-W38,SmartXPro_CN,Retail_APAC,2029-W38,2029-W38,0,266
SmartXPro_CN:APAC:2029-W39,SmartXPro_CN,Retail_APAC,2029-W39,2029-W38,1,102
SmartXPro_CN:APAC:2029-W39,SmartXPro_CN,Retail_APAC,2029-W39,2029-W39,0,160
SmartXPro_CN:APAC:2029-W40,SmartXPro_CN,Retail_APAC,2029-W40,2029-W39,1,66
SmartXPro_CN:APAC:2029-W40,SmartXPro_CN,Retail_APAC,2029-W40,2029-W40,0,192
SmartXPro_CN:APAC:2029-W41,SmartXPro_CN,Retail_APAC,2029-W41,2029-W41,0,254
SmartXPro_CN:APAC:2029-W42,SmartXPro_CN,Retail_APAC,2029-W42,2029-W40,2,12
SmartXPro_CN:APAC:2029-W42,SmartXPro_CN,Retail_APAC,2029-W42,2029-W42,0,237
SmartXPro_CN:APAC:2029-W43,SmartXPro_CN,Retail_APAC,2029-W43,2029-W40,3,4
SmartXPro_CN:APAC:2029-W43,SmartXPro_CN,Retail_APAC,2029-W43,2029-W43,0,241
SmartXPro_CN:APAC:2029-W44,SmartXPro_CN,Retail_APAC,2029-W44,2029-W44,0,240
SmartXPro_CN:APAC:2029-W45,SmartXPro_CN,Retail_APAC,2029-W45,2029-W45,0,235
SmartXPro_CN:APAC:2029-W46,SmartXPro_CN,Retail_APAC,2029-W46,2029-W46,0,231
SmartXPro_CN:APAC:2029-W47,SmartXPro_CN,Retail_APAC,2029-W47,2029-W47,0,226
SmartXPro_CN:APAC:2029-W48,SmartXPro_CN,Retail_APAC,2029-W48,2029-W48,0,222
SmartXPro_CN:APAC:2029-W49,SmartXPro_CN,Retail_APAC,2029-W49,2029-W49,0,218
SmartXPro_CN:APAC:2029-W50,SmartXPro_CN,Retail_APAC,2029-W50,2029-W50,0,214
SmartXPro_CN:APAC:2029-W51,SmartXPro_CN,Retail_APAC,2029-W51,2029-W51,0,209
SmartXPro_CN:APAC:2029-W52,SmartXPro_CN,Retail_APAC,2029-W52,2029-W52,0,205
SmartXPro_CN:APAC:2030-W01,SmartXPro_CN,Retail_APAC,2030-W01,2030-W01,0,201
SmartXPro_CN:APAC:2030-W02,SmartXPro_CN,Retail_APAC,2030-W02,2030-W02,0,197
SmartXPro_CN:APAC:2030-W03,SmartXPro_CN,Retail_APAC,2030-W03,2030-W03,0,193
SmartXPro_CN:APAC:2030-W04,SmartXPro_CN,Retail_APAC,2030-W04,2030-W04,0,189
SmartXPro_CN:APAC:2030-W05,SmartXPro_CN,Retail_APAC,2030-W05,2030-W05,0,185
SmartXPro_CN:APAC:2030-W06,SmartXPro_CN,Retail_APAC,2030-W06,2030-W06,0,181
SmartXPro_CN:APAC:2030-W07,SmartXPro_CN,Retail_APAC,2030-W07,2030-W07,0,177
SmartXPro_CN:APAC:2030-W08,SmartXPro_CN,Retail_APAC,2030-W08,2030-W08,0,173
SmartXPro_CN:APAC:2030-W09,SmartXPro_CN,Retail_APAC,2030-W09,2030-W09,0,169
SmartXPro_CN:APAC:2030-W10,SmartXPro_CN,Retail_APAC,2030-W10,2030-W10,0,166
SmartXPro_CN:APAC:2030-W11,SmartXPro_CN,Retail_APAC,2030-W11,2030-W11,0,162
SmartXPro_CN:APAC:2030-W12,SmartXPro_CN,Retail_APAC,2030-W12,2030-W12,0,158
SmartXPro_CN:APAC:2030-W13,SmartXPro_CN,Retail_APAC,2030-W13,2030-W13,0,154
SmartXPro_CN:APAC:2030-W14,SmartXPro_CN,Retail_APAC,2030-W14,2030-W14,0,150
SmartXPro_CN:APAC:2030-W15,SmartXPro_CN,Retail_APAC,2030-W15,2030-W15,0,146
SmartXPro_CN:APAC:2030-W16,SmartXPro_CN,Retail_APAC,2030-W16,2030-W16,0,142
SmartXPro_CN:APAC:2030-W17,SmartXPro_CN,Retail_APAC,2030-W17,2030-W17,0,138
SmartXPro_CN:APAC:2030-W18,SmartXPro_CN,Retail_APAC,2030-W18,2030-W18,0,134
SmartXPro_CN:APAC:2030-W19,SmartXPro_CN,Retail_APAC,2030-W19,2030-W19,0,130
SmartXPro_CN:APAC:2030-W20,SmartXPro_CN,Retail_APAC,2030-W20,2030-W20,0,126
SmartXPro_CN:APAC:2030-W21,SmartXPro_CN,Retail_APAC,2030-W21,2030-W21,0,122
SmartXPro_CN:APAC:2030-W22,SmartXPro_CN,Retail_APAC,2030-W22,2030-W22,0,118
SmartXPro_CN:APAC:2030-W23,SmartXPro_CN,Retail_APAC,2030-W23,2030-W23,0,114
SmartXPro_CN:APAC:2030-W24,SmartXPro_CN,Retail_APAC,2030-W24,2030-W24,0,110
SmartXPro_CN:APAC:2030-W25,SmartXPro_CN,Retail_APAC,2030-W25,2030-W25,0,106
SmartXPro_CN:APAC:2030-W26,SmartXPro_CN,Retail_APAC,2030-W26,2030-W26,0,102
SmartXPro_CN:APAC:2030-W27,SmartXPro_CN,Retail_APAC,2030-W27,2030-W27,0,99
SmartXPro_CN:APAC:2030-W28,SmartXPro_CN,Retail_APAC,2030-W28,2030-W28,0,95
SmartXPro_CN:APAC:2030-W29,SmartXPro_CN,Retail_APAC,2030-W29,2030-W29,0,91
SmartXPro_CN:APAC:2030-W30,SmartXPro_CN,Retail_APAC,2030-W30,2030-W30,0,87
SmartXPro_CN:APAC:2030-W31,SmartXPro_CN,Retail_APAC,2030-W31,2030-W31,0,83
SmartXPro_CN:APAC:2030-W32,SmartXPro_CN,Retail_APAC,2030-W32,2030-W32,0,79
SmartXPro_CN:APAC:2030-W33,SmartXPro_CN,Retail_APAC,2030-W33,2030-W33,0,75
SmartXPro_CN:APAC:2030-W34,SmartXPro_CN,Retail_APAC,2030-W34,2030-W34,0,71
SmartXPro_CN:APAC:2030-W35,SmartXPro_CN,Retail_APAC,2030-W35,2030-W35,0,67
SmartXPro_CN:APAC:2030-W36,SmartXPro_CN,Retail_APAC,2030-W36,2030-W36,0,63
SmartXPro_CN:APAC:2030-W37,SmartXPro_CN,Retail_APAC,2030-W37,2030-W37,0,59
SmartXPro_CN:APAC:2030-W38,SmartXPro_CN,Retail_APAC,2030-W38,2030-W38,0,55
SmartXPro_CN:APAC:2030-W39,SmartXPro_CN,Retail_APAC,2030-W39,2030-W39,0,51
SmartXPro_CN:APAC:2030-W40,SmartXPro_CN,Retail_APAC,2030-W40,2030-W40,0,47
SmartXPro_CN:APAC:2030-W41,SmartXPro_CN,Retail_APAC,2030-W41,2030-W41,0,43
SmartXPro_CN:APAC:2030-W42,SmartXPro_CN,Retail_APAC,2030-W42,2030-W42,0,39
SmartXPro_CN:APAC:2030-W43,SmartXPro_CN,Retail_APAC,2030-W43,2030-W43,0,35
SmartXPro_CN:APAC:2030-W44,SmartXPro_CN,Retail_APAC,2030-W44,2030-W44,0,32
SmartXPro_CN:APAC:2030-W45,SmartXPro_CN,Retail_APAC,2030-W45,2030-W45,0,28
SmartXPro_CN:APAC:2030-W46,SmartXPro_CN,Retail_APAC,2030-W46,2030-W46,0,24
SmartXPro_CN:APAC:2030-W47,SmartXPro_CN,Retail_APAC,2030-W47,2030-W47,0,20
SmartXPro_CN:APAC:2030-W48,SmartXPro_CN,Retail_APAC,2030-W48,2030-W48,0,16
SmartXPro_CN:APAC:2030-W49,SmartXPro_CN,Retail_APAC,2030-W49,2030-W49,0,12
SmartXPro_CN:APAC:2030-W50,SmartXPro_CN,Retail_APAC,2030-W50,2030-W50,0,8
SmartXPro_CN:APAC:2030-W51,SmartXPro_CN,Retail_APAC,2030-W51,2030-W51,0,4
SmartXPro_CN:EMEA:2027-W01,SmartXPro_CN,Retail_EMEA,2027-W01,2027-W01,0,630
SmartXPro_CN:EMEA:2027-W02,SmartXPro_CN,Retail_EMEA,2027-W02,2027-W02,0,630
SmartXPro_CN:EMEA:2027-W03,SmartXPro_CN,Retail_EMEA,2027-W03,2027-W03,0,630
SmartXPro_CN:EMEA:2027-W04,SmartXPro_CN,Retail_EMEA,2027-W04,2027-W04,0,630
SmartXPro_CN:EMEA:2027-W05,SmartXPro_CN,Retail_EMEA,2027-W05,2027-W05,0,630
SmartXPro_CN:EMEA:2027-W06,SmartXPro_CN,Retail_EMEA,2027-W06,2027-W06,0,630
SmartXPro_CN:EMEA:2027-W07,SmartXPro_CN,Retail_EMEA,2027-W07,2027-W07,0,630
SmartXPro_CN:EMEA:2027-W08,SmartXPro_CN,Retail_EMEA,2027-W08,2027-W08,0,630
SmartXPro_CN:EMEA:2027-W09,SmartXPro_CN,Retail_EMEA,2027-W09,2027-W09,0,630
SmartXPro_CN:EMEA:2027-W10,SmartXPro_CN,Retail_EMEA,2027-W10,2027-W10,0,630
SmartXPro_CN:EMEA:2027-W11,SmartXPro_CN,Retail_EMEA,2027-W11,2027-W11,0,630
SmartXPro_CN:EMEA:2027-W12,SmartXPro_CN,Retail_EMEA,2027-W12,2027-W12,0,630
SmartXPro_CN:EMEA:2027-W13,SmartXPro_CN,Retail_EMEA,2027-W13,2027-W13,0,630
SmartXPro_CN:EMEA:2027-W14,SmartXPro_CN,Retail_EMEA,2027-W14,2027-W14,0,630
SmartXPro_CN:EMEA:2027-W15,SmartXPro_CN,Retail_EMEA,2027-W15,2027-W15,0,630
SmartXPro_CN:EMEA:2027-W16,SmartXPro_CN,Retail_EMEA,2027-W16,2027-W16,0,630
SmartXPro_CN:EMEA:2027-W17,SmartXPro_CN,Retail_EMEA,2027-W17,2027-W17,0,630
SmartXPro_CN:EMEA:2027-W18,SmartXPro_CN,Retail_EMEA,2027-W18,2027-W18,0,630
SmartXPro_CN:EMEA:2027-W19,SmartXPro_CN,Retail_EMEA,2027-W19,2027-W19,0,630
SmartXPro_CN:EMEA:2027-W20,SmartXPro_CN,Retail_EMEA,2027-W20,2027-W20,0,630
SmartXPro_CN:EMEA:2027-W21,SmartXPro_CN,Retail_EMEA,2027-W21,2027-W21,0,630
SmartXPro_CN:EMEA:2027-W22,SmartXPro_CN,Retail_EMEA,2027-W22,2027-W22,0,630
SmartXPro_CN:EMEA:2027-W23,SmartXPro_CN,Retail_EMEA,2027-W23,2027-W23,0,630
SmartXPro_CN:EMEA:2027-W24,SmartXPro_CN,Retail_EMEA,2027-W24,2027-W24,0,630
SmartXPro_CN:EMEA:2027-W25,SmartXPro_CN,Retail_EMEA,2027-W25,2027-W25,0,630
SmartXPro_CN:EMEA:2027-W26,SmartXPro_CN,Retail_EMEA,2027-W26,2027-W26,0,630
SmartXPro_CN:EMEA:2027-W27,SmartXPro_CN,Retail_EMEA,2027-W27,2027-W27,0,627
SmartXPro_CN:EMEA:2027-W28,SmartXPro_CN,Retail_EMEA,2027-W28,2027-W28,0,624
SmartXPro_CN:EMEA:2027-W29,SmartXPro_CN,Retail_EMEA,2027-W29,2027-W29,0,621
SmartXPro_CN:EMEA:2027-W30,SmartXPro_CN,Retail_EMEA,2027-W30,2027-W30,0,617
SmartXPro_CN:EMEA:2027-W31,SmartXPro_CN,Retail_EMEA,2027-W31,2027-W31,0,615
SmartXPro_CN:EMEA:2027-W32,SmartXPro_CN,Retail_EMEA,2027-W32,2027-W32,0,611
SmartXPro_CN:EMEA:2027-W33,SmartXPro_CN,Retail_EMEA,2027-W33,2027-W33,0,608
SmartXPro_CN:EMEA:2027-W34,SmartXPro_CN,Retail_EMEA,2027-W34,2027-W34,0,605
SmartXPro_CN:EMEA:2027-W35,SmartXPro_CN,Retail_EMEA,2027-W35,2027-W35,0,602
SmartXPro_CN:EMEA:2027-W36,SmartXPro_CN,Retail_EMEA,2027-W36,2027-W36,0,599
SmartXPro_CN:EMEA:2027-W37,SmartXPro_CN,Retail_EMEA,2027-W37,2027-W37,0,596
SmartXPro_CN:EMEA:2027-W38,SmartXPro_CN,Retail_EMEA,2027-W38,2027-W38,0,593
SmartXPro_CN:EMEA:2027-W39,SmartXPro_CN,Retail_EMEA,2027-W39,2027-W39,0,589
SmartXPro_CN:EMEA:2027-W40,SmartXPro_CN,Retail_EMEA,2027-W40,2027-W40,0,587
SmartXPro_CN:EMEA:2027-W41,SmartXPro_CN,Retail_EMEA,2027-W41,2027-W41,0,583
SmartXPro_CN:EMEA:2027-W42,SmartXPro_CN,Retail_EMEA,2027-W42,2027-W42,0,580
SmartXPro_CN:EMEA:2027-W43,SmartXPro_CN,Retail_EMEA,2027-W43,2027-W43,0,577
SmartXPro_CN:EMEA:2027-W44,SmartXPro_CN,Retail_EMEA,2027-W44,2027-W44,0,574
SmartXPro_CN:EMEA:2027-W45,SmartXPro_CN,Retail_EMEA,2027-W45,2027-W45,0,571
SmartXPro_CN:EMEA:2027-W46,SmartXPro_CN,Retail_EMEA,2027-W46,2027-W46,0,568
SmartXPro_CN:EMEA:2027-W47,SmartXPro_CN,Retail_EMEA,2027-W47,2027-W47,0,565
SmartXPro_CN:EMEA:2027-W48,SmartXPro_CN,Retail_EMEA,2027-W48,2027-W48,0,561
SmartXPro_CN:EMEA:2027-W49,SmartXPro_CN,Retail_EMEA,2027-W49,2027-W49,0,559
SmartXPro_CN:EMEA:2027-W50,SmartXPro_CN,Retail_EMEA,2027-W50,2027-W50,0,555
SmartXPro_CN:EMEA:2027-W51,SmartXPro_CN,Retail_EMEA,2027-W51,2027-W51,0,552
SmartXPro_CN:EMEA:2027-W52,SmartXPro_CN,Retail_EMEA,2027-W52,2027-W52,0,549
SmartXPro_CN:EMEA:2028-W01,SmartXPro_CN,Retail_EMEA,2028-W01,2028-W01,0,542
SmartXPro_CN:EMEA:2028-W02,SmartXPro_CN,Retail_EMEA,2028-W02,2028-W02,0,539
SmartXPro_CN:EMEA:2028-W03,SmartXPro_CN,Retail_EMEA,2028-W03,2028-W03,0,536
SmartXPro_CN:EMEA:2028-W04,SmartXPro_CN,Retail_EMEA,2028-W04,2028-W04,0,533
SmartXPro_CN:EMEA:2028-W05,SmartXPro_CN,Retail_EMEA,2028-W05,2028-W05,0,529
SmartXPro_CN:EMEA:2028-W06,SmartXPro_CN,Retail_EMEA,2028-W06,2028-W06,0,526
SmartXPro_CN:EMEA:2028-W07,SmartXPro_CN,Retail_EMEA,2028-W07,2028-W07,0,522
SmartXPro_CN:EMEA:2028-W08,SmartXPro_CN,Retail_EMEA,2028-W08,2028-W08,0,519
SmartXPro_CN:EMEA:2028-W09,SmartXPro_CN,Retail_EMEA,2028-W09,2028-W09,0,516
SmartXPro_CN:EMEA:2028-W10,SmartXPro_CN,Retail_EMEA,2028-W10,2028-W10,0,512
SmartXPro_CN:EMEA:2028-W11,SmartXPro_CN,Retail_EMEA,2028-W11,2028-W11,0,509
SmartXPro_CN:EMEA:2028-W12,SmartXPro_CN,Retail_EMEA,2028-W12,2028-W12,0,505
SmartXPro_CN:EMEA:2028-W13,SmartXPro_CN,Retail_EMEA,2028-W13,2028-W13,0,502
SmartXPro_CN:EMEA:2028-W14,SmartXPro_CN,Retail_EMEA,2028-W14,2028-W13,1,499
SmartXPro_CN:EMEA:2028-W15,SmartXPro_CN,Retail_EMEA,2028-W15,2028-W14,1,208
SmartXPro_CN:EMEA:2028-W15,SmartXPro_CN,Retail_EMEA,2028-W15,2028-W15,0,288
SmartXPro_CN:EMEA:2028-W16,SmartXPro_CN,Retail_EMEA,2028-W16,2028-W15,1,492
SmartXPro_CN:EMEA:2028-W17,SmartXPro_CN,Retail_EMEA,2028-W17,2028-W14,3,489
SmartXPro_CN:EMEA:2028-W18,SmartXPro_CN,Retail_EMEA,2028-W18,2028-W18,0,485
SmartXPro_CN:EMEA:2028-W19,SmartXPro_CN,Retail_EMEA,2028-W19,2028-W19,0,482
SmartXPro_CN:EMEA:2028-W20,SmartXPro_CN,Retail_EMEA,2028-W20,2028-W18,2,416
SmartXPro_CN:EMEA:2028-W20,SmartXPro_CN,Retail_EMEA,2028-W20,2028-W20,0,63
SmartXPro_CN:EMEA:2028-W21,SmartXPro_CN,Retail_EMEA,2028-W21,2028-W19,2,6
SmartXPro_CN:EMEA:2028-W21,SmartXPro_CN,Retail_EMEA,2028-W21,2028-W21,0,469
SmartXPro_CN:EMEA:2028-W22,SmartXPro_CN,Retail_EMEA,2028-W22,2028-W20,2,472
SmartXPro_CN:EMEA:2028-W23,SmartXPro_CN,Retail_EMEA,2028-W23,2028-W23,0,468
SmartXPro_CN:EMEA:2028-W24,SmartXPro_CN,Retail_EMEA,2028-W24,2028-W24,0,465
SmartXPro_CN:EMEA:2028-W25,SmartXPro_CN,Retail_EMEA,2028-W25,2028-W25,0,462
SmartXPro_CN:EMEA:2028-W26,SmartXPro_CN,Retail_EMEA,2028-W26,2028-W23,3,260
SmartXPro_CN:EMEA:2028-W26,SmartXPro_CN,Retail_EMEA,2028-W26,2028-W26,0,198
SmartXPro_CN:EMEA:2028-W27,SmartXPro_CN,Retail_EMEA,2028-W27,2028-W24,3,259
SmartXPro_CN:EMEA:2028-W27,SmartXPro_CN,Retail_EMEA,2028-W27,2028-W27,0,193
SmartXPro_CN:EMEA:2028-W28,SmartXPro_CN,Retail_EMEA,2028-W28,2028-W28,0,450
SmartXPro_CN:EMEA:2028-W29,SmartXPro_CN,Retail_EMEA,2028-W29,2028-W27,2,447
SmartXPro_CN:EMEA:2028-W30,SmartXPro_CN,Retail_EMEA,2028-W30,2028-W30,0,444
SmartXPro_CN:EMEA:2028-W31,SmartXPro_CN,Retail_EMEA,2028-W31,2028-W31,0,442
SmartXPro_CN:EMEA:2028-W32,SmartXPro_CN,Retail_EMEA,2028-W32,2028-W31,1,44
SmartXPro_CN:EMEA:2028-W32,SmartXPro_CN,Retail_EMEA,2028-W32,2028-W32,0,396
SmartXPro_CN:EMEA:2028-W33,SmartXPro_CN,Retail_EMEA,2028-W33,2028-W31,2,301
SmartXPro_CN:EMEA:2028-W33,SmartXPro_CN,Retail_EMEA,2028-W33,2028-W33,0,136
SmartXPro_CN:EMEA:2028-W34,SmartXPro_CN,Retail_EMEA,2028-W34,2028-W34,0,434
SmartXPro_CN:EMEA:2028-W35,SmartXPro_CN,Retail_EMEA,2028-W35,2028-W34,1,231
SmartXPro_CN:EMEA:2028-W35,SmartXPro_CN,Retail_EMEA,2028-W35,2028-W35,0,201
SmartXPro_CN:EMEA:2028-W36,SmartXPro_CN,Retail_EMEA,2028-W36,2028-W35,1,37
SmartXPro_CN:EMEA:2028-W36,SmartXPro_CN,Retail_EMEA,2028-W36,2028-W36,0,392
SmartXPro_CN:EMEA:2028-W37,SmartXPro_CN,Retail_EMEA,2028-W37,2028-W36,1,15
SmartXPro_CN:EMEA:2028-W37,SmartXPro_CN,Retail_EMEA,2028-W37,2028-W37,0,411
SmartXPro_CN:EMEA:2028-W38,SmartXPro_CN,Retail_EMEA,2028-W38,2028-W31,7,15
SmartXPro_CN:EMEA:2028-W38,SmartXPro_CN,Retail_EMEA,2028-W38,2028-W38,0,409
SmartXPro_CN:EMEA:2028-W39,SmartXPro_CN,Retail_EMEA,2028-W39,2028-W38,1,5
SmartXPro_CN:EMEA:2028-W39,SmartXPro_CN,Retail_EMEA,2028-W39,2028-W39,0,416
SmartXPro_CN:EMEA:2028-W40,SmartXPro_CN,Retail_EMEA,2028-W40,2028-W35,5,167
SmartXPro_CN:EMEA:2028-W40,SmartXPro_CN,Retail_EMEA,2028-W40,2028-W40,0,252
SmartXPro_CN:EMEA:2028-W41,SmartXPro_CN,Retail_EMEA,2028-W41,2028-W41,0,416
SmartXPro_CN:EMEA:2028-W42,SmartXPro_CN,Retail_EMEA,2028-W42,2028-W42,0,414
SmartXPro_CN:EMEA:2028-W43,SmartXPro_CN,Retail_EMEA,2028-W43,2028-W42,1,19
SmartXPro_CN:EMEA:2028-W43,SmartXPro_CN,Retail_EMEA,2028-W43,2028-W43,0,392
SmartXPro_CN:EMEA:2028-W44,SmartXPro_CN,Retail_EMEA,2028-W44,2028-W43,1,203
SmartXPro_CN:EMEA:2028-W44,SmartXPro_CN,Retail_EMEA,2028-W44,2028-W44,0,205
SmartXPro_CN:EMEA:2028-W45,SmartXPro_CN,Retail_EMEA,2028-W45,2028-W44,1,226
SmartXPro_CN:EMEA:2028-W45,SmartXPro_CN,Retail_EMEA,2028-W45,2028-W45,0,180
SmartXPro_CN:EMEA:2028-W46,SmartXPro_CN,Retail_EMEA,2028-W46,2028-W45,1,255
SmartXPro_CN:EMEA:2028-W46,SmartXPro_CN,Retail_EMEA,2028-W46,2028-W46,0,148
SmartXPro_CN:EMEA:2028-W47,SmartXPro_CN,Retail_EMEA,2028-W47,2028-W47,0,400
SmartXPro_CN:EMEA:2028-W48,SmartXPro_CN,Retail_EMEA,2028-W48,2028-W48,0,398
SmartXPro_CN:EMEA:2028-W49,SmartXPro_CN,Retail_EMEA,2028-W49,2028-W49,0,396
SmartXPro_CN:EMEA:2028-W50,SmartXPro_CN,Retail_EMEA,2028-W50,2028-W50,0,393
SmartXPro_CN:EMEA:2028-W51,SmartXPro_CN,Retail_EMEA,2028-W51,2028-W51,0,390
SmartXPro_CN:EMEA:2028-W52,SmartXPro_CN,Retail_EMEA,2028-W52,2028-W51,1,388
SmartXPro_CN:EMEA:2029-W01,SmartXPro_CN,Retail_EMEA,2029-W01,2028-W50,3,104
SmartXPro_CN:EMEA:2029-W01,SmartXPro_CN,Retail_EMEA,2029-W01,2029-W01,0,277
SmartXPro_CN:EMEA:2029-W02,SmartXPro_CN,Retail_EMEA,2029-W02,2028-W49,5,50
SmartXPro_CN:EMEA:2029-W02,SmartXPro_CN,Retail_EMEA,2029-W02,2028-W52,2,327
SmartXPro_CN:EMEA:2029-W03,SmartXPro_CN,Retail_EMEA,2029-W03,2029-W02,1,269
SmartXPro_CN:EMEA:2029-W03,SmartXPro_CN,Retail_EMEA,2029-W03,2029-W03,0,104
SmartXPro_CN:EMEA:2029-W04,SmartXPro_CN,Retail_EMEA,2029-W04,2029-W03,1,370
SmartXPro_CN:EMEA:2029-W05,SmartXPro_CN,Retail_EMEA,2029-W05,2029-W04,1,365
SmartXPro_CN:EMEA:2029-W06,SmartXPro_CN,Retail_EMEA,2029-W06,2029-W06,0,362
SmartXPro_CN:EMEA:2029-W07,SmartXPro_CN,Retail_EMEA,2029-W07,2029-W07,0,358
SmartXPro_CN:EMEA:2029-W08,SmartXPro_CN,Retail_EMEA,2029-W08,2029-W06,2,121
SmartXPro_CN:EMEA:2029-W08,SmartXPro_CN,Retail_EMEA,2029-W08,2029-W08,0,233
SmartXPro_CN:EMEA:2029-W09,SmartXPro_CN,Retail_EMEA,2029-W09,2029-W07,2,129
SmartXPro_CN:EMEA:2029-W09,SmartXPro_CN,Retail_EMEA,2029-W09,2029-W09,0,221
SmartXPro_CN:EMEA:2029-W10,SmartXPro_CN,Retail_EMEA,2029-W10,2029-W03,7,124
SmartXPro_CN:EMEA:2029-W10,SmartXPro_CN,Retail_EMEA,2029-W10,2029-W08,2,148
SmartXPro_CN:EMEA:2029-W10,SmartXPro_CN,Retail_EMEA,2029-W10,2029-W10,0,74
SmartXPro_CN:EMEA:2029-W11,SmartXPro_CN,Retail_EMEA,2029-W11,2029-W08,3,159
SmartXPro_CN:EMEA:2029-W11,SmartXPro_CN,Retail_EMEA,2029-W11,2029-W11,0,183
SmartXPro_CN:EMEA:2029-W12,SmartXPro_CN,Retail_EMEA,2029-W12,2029-W12,0,338
SmartXPro_CN:EMEA:2029-W13,SmartXPro_CN,Retail_EMEA,2029-W13,2029-W10,3,41
SmartXPro_CN:EMEA:2029-W13,SmartXPro_CN,Retail_EMEA,2029-W13,2029-W13,0,294
SmartXPro_CN:EMEA:2029-W14,SmartXPro_CN,Retail_EMEA,2029-W14,2029-W04,10,110
SmartXPro_CN:EMEA:2029-W14,SmartXPro_CN,Retail_EMEA,2029-W14,2029-W14,0,220
SmartXPro_CN:EMEA:2029-W15,SmartXPro_CN,Retail_EMEA,2029-W15,2029-W15,0,327
SmartXPro_CN:EMEA:2029-W16,SmartXPro_CN,Retail_EMEA,2029-W16,2029-W11,5,323
SmartXPro_CN:EMEA:2029-W17,SmartXPro_CN,Retail_EMEA,2029-W17,2029-W14,3,319
SmartXPro_CN:EMEA:2029-W18,SmartXPro_CN,Retail_EMEA,2029-W18,2029-W14,4,315
SmartXPro_CN:EMEA:2029-W19,SmartXPro_CN,Retail_EMEA,2029-W19,2029-W16,3,162
SmartXPro_CN:EMEA:2029-W19,SmartXPro_CN,Retail_EMEA,2029-W19,2029-W17,2,149
SmartXPro_CN:EMEA:2029-W20,SmartXPro_CN,Retail_EMEA,2029-W20,2029-W19,1,127
SmartXPro_CN:EMEA:2029-W20,SmartXPro_CN,Retail_EMEA,2029-W20,2029-W20,0,180
SmartXPro_CN:EMEA:2029-W21,SmartXPro_CN,Retail_EMEA,2029-W21,2029-W19,2,303
SmartXPro_CN:EMEA:2029-W22,SmartXPro_CN,Retail_EMEA,2029-W22,2029-W12,10,229
SmartXPro_CN:EMEA:2029-W22,SmartXPro_CN,Retail_EMEA,2029-W22,2029-W21,1,71
SmartXPro_CN:EMEA:2029-W23,SmartXPro_CN,Retail_EMEA,2029-W23,2029-W22,1,122
SmartXPro_CN:EMEA:2029-W23,SmartXPro_CN,Retail_EMEA,2029-W23,2029-W23,0,173
SmartXPro_CN:EMEA:2029-W24,SmartXPro_CN,Retail_EMEA,2029-W24,2029-W15,9,292
SmartXPro_CN:EMEA:2029-W25,SmartXPro_CN,Retail_EMEA,2029-W25,2029-W24,1,288
SmartXPro_CN:EMEA:2029-W26,SmartXPro_CN,Retail_EMEA,2029-W26,2029-W24,2,148
SmartXPro_CN:EMEA:2029-W26,SmartXPro_CN,Retail_EMEA,2029-W26,2029-W26,0,136
SmartXPro_CN:EMEA:2029-W27,SmartXPro_CN,Retail_EMEA,2029-W27,2029-W24,3,15
SmartXPro_CN:EMEA:2029-W27,SmartXPro_CN,Retail_EMEA,2029-W27,2029-W27,0,261
SmartXPro_CN:EMEA:2029-W28,SmartXPro_CN,Retail_EMEA,2029-W28,2029-W13,15,272
SmartXPro_CN:EMEA:2029-W29,SmartXPro_CN,Retail_EMEA,2029-W29,2029-W29,0,268
SmartXPro_CN:EMEA:2029-W30,SmartXPro_CN,Retail_EMEA,2029-W30,2029-W20,10,114
SmartXPro_CN:EMEA:2029-W30,SmartXPro_CN,Retail_EMEA,2029-W30,2029-W27,3,151
SmartXPro_CN:EMEA:2029-W31,SmartXPro_CN,Retail_EMEA,2029-W31,2029-W18,13,13
SmartXPro_CN:EMEA:2029-W31,SmartXPro_CN,Retail_EMEA,2029-W31,2029-W31,0,247
SmartXPro_CN:EMEA:2029-W32,SmartXPro_CN,Retail_EMEA,2029-W32,2029-W31,1,204
SmartXPro_CN:EMEA:2029-W32,SmartXPro_CN,Retail_EMEA,2029-W32,2029-W32,0,53
SmartXPro_CN:EMEA:2029-W33,SmartXPro_CN,Retail_EMEA,2029-W33,2029-W29,4,21
SmartXPro_CN:EMEA:2029-W33,SmartXPro_CN,Retail_EMEA,2029-W33,2029-W33,0,232
SmartXPro_CN:EMEA:2029-W34,SmartXPro_CN,Retail_EMEA,2029-W34,2029-W33,1,87
SmartXPro_CN:EMEA:2029-W34,SmartXPro_CN,Retail_EMEA,2029-W34,2029-W34,0,162
SmartXPro_CN:EMEA:2029-W35,SmartXPro_CN,Retail_EMEA,2029-W35,2029-W32,3,245
SmartXPro_CN:EMEA:2029-W36,SmartXPro_CN,Retail_EMEA,2029-W36,2029-W35,1,166
SmartXPro_CN:EMEA:2029-W36,SmartXPro_CN,Retail_EMEA,2029-W36,2029-W36,0,75
SmartXPro_CN:EMEA:2029-W37,SmartXPro_CN,Retail_EMEA,2029-W37,2029-W36,1,237
SmartXPro_CN:EMEA:2029-W38,SmartXPro_CN,Retail_EMEA,2029-W38,2029-W36,2,24
SmartXPro_CN:EMEA:2029-W38,SmartXPro_CN,Retail_EMEA,2029-W38,2029-W37,1,176
SmartXPro_CN:EMEA:2029-W38,SmartXPro_CN,Retail_EMEA,2029-W38,2029-W38,0,33
SmartXPro_CN:EMEA:2029-W39,SmartXPro_CN,Retail_EMEA,2029-W39,2029-W38,1,147
SmartXPro_CN:EMEA:2029-W39,SmartXPro_CN,Retail_EMEA,2029-W39,2029-W39,0,83
SmartXPro_CN:EMEA:2029-W40,SmartXPro_CN,Retail_EMEA,2029-W40,2029-W40,0,225
SmartXPro_CN:EMEA:2029-W41,SmartXPro_CN,Retail_EMEA,2029-W41,2029-W41,0,222
SmartXPro_CN:EMEA:2029-W42,SmartXPro_CN,Retail_EMEA,2029-W42,2029-W41,1,21
SmartXPro_CN:EMEA:2029-W42,SmartXPro_CN,Retail_EMEA,2029-W42,2029-W42,0,197
SmartXPro_CN:EMEA:2029-W43,SmartXPro_CN,Retail_EMEA,2029-W43,2029-W43,0,214
SmartXPro_CN:EMEA:2029-W44,SmartXPro_CN,Retail_EMEA,2029-W44,2029-W44,0,210
SmartXPro_CN:EMEA:2029-W45,SmartXPro_CN,Retail_EMEA,2029-W45,2029-W45,0,206
SmartXPro_CN:EMEA:2029-W46,SmartXPro_CN,Retail_EMEA,2029-W46,2029-W46,0,202
SmartXPro_CN:EMEA:2029-W47,SmartXPro_CN,Retail_EMEA,2029-W47,2029-W47,0,198
SmartXPro_CN:EMEA:2029-W48,SmartXPro_CN,Retail_EMEA,2029-W48,2029-W48,0,195
SmartXPro_CN:EMEA:2029-W49,SmartXPro_CN,Retail_EMEA,2029-W49,2029-W49,0,190
SmartXPro_CN:EMEA:2029-W50,SmartXPro_CN,Retail_EMEA,2029-W50,2029-W50,0,187
SmartXPro_CN:EMEA:2029-W51,SmartXPro_CN,Retail_EMEA,2029-W51,2029-W51,0,183
SmartXPro_CN:EMEA:2029-W52,SmartXPro_CN,Retail_EMEA,2029-W52,2029-W52,0,179
SmartXPro_CN:EMEA:2030-W01,SmartXPro_CN,Retail_EMEA,2030-W01,2030-W01,0,176
SmartXPro_CN:EMEA:2030-W02,SmartXPro_CN,Retail_EMEA,2030-W02,2030-W02,0,173
SmartXPro_CN:EMEA:2030-W03,SmartXPro_CN,Retail_EMEA,2030-W03,2030-W03,0,169
SmartXPro_CN:EMEA:2030-W04,SmartXPro_CN,Retail_EMEA,2030-W04,2030-W04,0,166
SmartXPro_CN:EMEA:2030-W05,SmartXPro_CN,Retail_EMEA,2030-W05,2030-W05,0,162
SmartXPro_CN:EMEA:2030-W06,SmartXPro_CN,Retail_EMEA,2030-W06,2030-W06,0,159
SmartXPro_CN:EMEA:2030-W07,SmartXPro_CN,Retail_EMEA,2030-W07,2030-W07,0,155
SmartXPro_CN:EMEA:2030-W08,SmartXPro_CN,Retail_EMEA,2030-W08,2030-W08,0,152
SmartXPro_CN:EMEA:2030-W09,SmartXPro_CN,Retail_EMEA,2030-W09,2030-W09,0,148
SmartXPro_CN:EMEA:2030-W10,SmartXPro_CN,Retail_EMEA,2030-W10,2030-W10,0,145
SmartXPro_CN:EMEA:2030-W11,SmartXPro_CN,Retail_EMEA,2030-W11,2030-W11,0,141
SmartXPro_CN:EMEA:2030-W12,SmartXPro_CN,Retail_EMEA,2030-W12,2030-W12,0,138
SmartXPro_CN:EMEA:2030-W13,SmartXPro_CN,Retail_EMEA,2030-W13,2030-W13,0,135
SmartXPro_CN:EMEA:2030-W14,SmartXPro_CN,Retail_EMEA,2030-W14,2030-W14,0,131
SmartXPro_CN:EMEA:2030-W15,SmartXPro_CN,Retail_EMEA,2030-W15,2030-W15,0,128
SmartXPro_CN:EMEA:2030-W16,SmartXPro_CN,Retail_EMEA,2030-W16,2030-W16,0,124
SmartXPro_CN:EMEA:2030-W17,SmartXPro_CN,Retail_EMEA,2030-W17,2030-W17,0,121
SmartXPro_CN:EMEA:2030-W18,SmartXPro_CN,Retail_EMEA,2030-W18,2030-W18,0,117
SmartXPro_CN:EMEA:2030-W19,SmartXPro_CN,Retail_EMEA,2030-W19,2030-W19,0,114
SmartXPro_CN:EMEA:2030-W20,SmartXPro_CN,Retail_EMEA,2030-W20,2030-W20,0,110
SmartXPro_CN:EMEA:2030-W21,SmartXPro_CN,Retail_EMEA,2030-W21,2030-W21,0,107
SmartXPro_CN:EMEA:2030-W22,SmartXPro_CN,Retail_EMEA,2030-W22,2030-W22,0,104
SmartXPro_CN:EMEA:2030-W23,SmartXPro_CN,Retail_EMEA,2030-W23,2030-W23,0,100
SmartXPro_CN:EMEA:2030-W24,SmartXPro_CN,Retail_EMEA,2030-W24,2030-W24,0,97
SmartXPro_CN:EMEA:2030-W25,SmartXPro_CN,Retail_EMEA,2030-W25,2030-W25,0,93
SmartXPro_CN:EMEA:2030-W26,SmartXPro_CN,Retail_EMEA,2030-W26,2030-W26,0,90
SmartXPro_CN:EMEA:2030-W27,SmartXPro_CN,Retail_EMEA,2030-W27,2030-W27,0,86
SmartXPro_CN:EMEA:2030-W28,SmartXPro_CN,Retail_EMEA,2030-W28,2030-W28,0,83
SmartXPro_CN:EMEA:2030-W29,SmartXPro_CN,Retail_EMEA,2030-W29,2030-W29,0,79
SmartXPro_CN:EMEA:2030-W30,SmartXPro_CN,Retail_EMEA,2030-W30,2030-W30,0,76
SmartXPro_CN:EMEA:2030-W31,SmartXPro_CN,Retail_EMEA,2030-W31,2030-W31,0,72
SmartXPro_CN:EMEA:2030-W32,SmartXPro_CN,Retail_EMEA,2030-W32,2030-W32,0,69
SmartXPro_CN:EMEA:2030-W33,SmartXPro_CN,Retail_EMEA,2030-W33,2030-W33,0,66
SmartXPro_CN:EMEA:2030-W34,SmartXPro_CN,Retail_EMEA,2030-W34,2030-W34,0,62
SmartXPro_CN:EMEA:2030-W35,SmartXPro_CN,Retail_EMEA,2030-W35,2030-W35,0,59
SmartXPro_CN:EMEA:2030-W36,SmartXPro_CN,Retail_EMEA,2030-W36,2030-W36,0,55
SmartXPro_CN:EMEA:2030-W37,SmartXPro_CN,Retail_EMEA,2030-W37,2030-W37,0,52
SmartXPro_CN:EMEA:2030-W38,SmartXPro_CN,Retail_EMEA,2030-W38,2030-W38,0,48
SmartXPro_CN:EMEA:2030-W39,SmartXPro_CN,Retail_EMEA,2030-W39,2030-W39,0,45
SmartXPro_CN:EMEA:2030-W40,SmartXPro_CN,Retail_EMEA,2030-W40,2030-W40,0,41
SmartXPro_CN:EMEA:2030-W41,SmartXPro_CN,Retail_EMEA,2030-W41,2030-W41,0,38
SmartXPro_CN:EMEA:2030-W42,SmartXPro_CN,Retail_EMEA,2030-W42,2030-W42,0,35
SmartXPro_CN:EMEA:2030-W43,SmartXPro_CN,Retail_EMEA,2030-W43,2030-W43,0,31
SmartXPro_CN:EMEA:2030-W44,SmartXPro_CN,Retail_EMEA,2030-W44,2030-W44,0,28
SmartXPro_CN:EMEA:2030-W45,SmartXPro_CN,Retail_EMEA,2030-W45,2030-W45,0,24
SmartXPro_CN:EMEA:2030-W46,SmartXPro_CN,Retail_EMEA,2030-W46,2030-W46,0,21
SmartXPro_CN:EMEA:2030-W47,SmartXPro_CN,Retail_EMEA,2030-W47,2030-W47,0,17
SmartXPro_CN:EMEA:2030-W48,SmartXPro_CN,Retail_EMEA,2030-W48,2030-W48,0,14
SmartXPro_CN:EMEA:2030-W49,SmartXPro_CN,Retail_EMEA,2030-W49,2030-W49,0,10
SmartXPro_CN:EMEA:2030-W50,SmartXPro_CN,Retail_EMEA,2030-W50,2030-W50,0,7
SmartXPro_CN:EMEA:2030-W51,SmartXPro_CN,Retail_EMEA,2030-W51,2030-W51,0,3
SmartXPro_IN:AMER:2027-W01,SmartXPro_IN,Retail_AMER,2027-W01,2027-W01,0,900
SmartXPro_IN:AMER:2027-W02,SmartXPro_IN,Retail_AMER,2027-W02,2026-W53,2,547
SmartXPro_IN:AMER:2027-W02,SmartXPro_IN,Retail_AMER,2027-W02,2027-W01,1,12
SmartXPro_IN:AMER:2027-W02,SmartXPro_IN,Retail_AMER,2027-W02,2027-W02,0,341
SmartXPro_IN:AMER:2027-W03,SmartXPro_IN,Retail_AMER,2027-W03,2027-W03,0,900
SmartXPro_IN:AMER:2027-W04,SmartXPro_IN,Retail_AMER,2027-W04,2027-W04,0,900
SmartXPro_IN:AMER:2027-W05,SmartXPro_IN,Retail_AMER,2027-W05,2027-W05,0,900
SmartXPro_IN:AMER:2027-W06,SmartXPro_IN,Retail_AMER,2027-W06,2027-W02,4,567
SmartXPro_IN:AMER:2027-W06,SmartXPro_IN,Retail_AMER,2027-W06,2027-W06,0,333
SmartXPro_IN:AMER:2027-W07,SmartXPro_IN,Retail_AMER,2027-W07,2027-W06,1,567
SmartXPro_IN:AMER:2027-W07,SmartXPro_IN,Retail_AMER,2027-W07,2027-W07,0,333
SmartXPro_IN:AMER:2027-W08,SmartXPro_IN,Retail_AMER,2027-W08,2027-W07,1,567
SmartXPro_IN:AMER:2027-W08,SmartXPro_IN,Retail_AMER,2027-W08,2027-W08,0,333
SmartXPro_IN:AMER:2027-W09,SmartXPro_IN,Retail_AMER,2027-W09,2027-W08,1,567
SmartXPro_IN:AMER:2027-W09,SmartXPro_IN,Retail_AMER,2027-W09,2027-W09,0,333
SmartXPro_IN:AMER:2027-W10,SmartXPro_IN,Retail_AMER,2027-W10,2027-W09,1,567
SmartXPro_IN:AMER:2027-W10,SmartXPro_IN,Retail_AMER,2027-W10,2027-W10,0,333
SmartXPro_IN:AMER:2027-W11,SmartXPro_IN,Retail_AMER,2027-W11,2027-W11,0,900
SmartXPro_IN:AMER:2027-W12,SmartXPro_IN,Retail_AMER,2027-W12,2027-W03,9,4
SmartXPro_IN:AMER:2027-W12,SmartXPro_IN,Retail_AMER,2027-W12,2027-W12,0,896
SmartXPro_IN:AMER:2027-W13,SmartXPro_IN,Retail_AMER,2027-W13,2027-W12,1,4
SmartXPro_IN:AMER:2027-W13,SmartXPro_IN,Retail_AMER,2027-W13,2027-W13,0,896
SmartXPro_IN:AMER:2027-W14,SmartXPro_IN,Retail_AMER,2027-W14,2027-W14,0,900
SmartXPro_IN:AMER:2027-W15,SmartXPro_IN,Retail_AMER,2027-W15,2027-W15,0,900
SmartXPro_IN:AMER:2027-W16,SmartXPro_IN,Retail_AMER,2027-W16,2027-W10,6,567
SmartXPro_IN:AMER:2027-W16,SmartXPro_IN,Retail_AMER,2027-W16,2027-W13,3,4
SmartXPro_IN:AMER:2027-W16,SmartXPro_IN,Retail_AMER,2027-W16,2027-W16,0,329
SmartXPro_IN:AMER:2027-W17,SmartXPro_IN,Retail_AMER,2027-W17,2027-W17,0,900
SmartXPro_IN:AMER:2027-W18,SmartXPro_IN,Retail_AMER,2027-W18,2027-W16,2,571
SmartXPro_IN:AMER:2027-W18,SmartXPro_IN,Retail_AMER,2027-W18,2027-W18,0,329
SmartXPro_IN:AMER:2027-W19,SmartXPro_IN,Retail_AMER,2027-W19,2027-W19,0,900
SmartXPro_IN:AMER:2027-W20,SmartXPro_IN,Retail_AMER,2027-W20,2027-W20,0,900
SmartXPro_IN:AMER:2027-W21,SmartXPro_IN,Retail_AMER,2027-W21,2027-W18,3,571
SmartXPro_IN:AMER:2027-W21,SmartXPro_IN,Retail_AMER,2027-W21,2027-W21,0,329
SmartXPro_IN:AMER:2027-W22,SmartXPro_IN,Retail_AMER,2027-W22,2027-W22,0,900
SmartXPro_IN:AMER:2027-W23,SmartXPro_IN,Retail_AMER,2027-W23,2027-W23,0,900
SmartXPro_IN:AMER:2027-W24,SmartXPro_IN,Retail_AMER,2027-W24,2027-W21,3,571
SmartXPro_IN:AMER:2027-W24,SmartXPro_IN,Retail_AMER,2027-W24,2027-W24,0,329
SmartXPro_IN:AMER:2027-W25,SmartXPro_IN,Retail_AMER,2027-W25,2027-W25,0,900
SmartXPro_IN:AMER:2027-W26,SmartXPro_IN,Retail_AMER,2027-W26,2027-W26,0,900
SmartXPro_IN:AMER:2027-W27,SmartXPro_IN,Retail_AMER,2027-W27,2027-W24,3,571
SmartXPro_IN:AMER:2027-W27,SmartXPro_IN,Retail_AMER,2027-W27,2027-W27,0,325
SmartXPro_IN:AMER:2027-W28,SmartXPro_IN,Retail_AMER,2027-W28,2027-W27,1,575
SmartXPro_IN:AMER:2027-W28,SmartXPro_IN,Retail_AMER,2027-W28,2027-W28,0,316
SmartXPro_IN:AMER:2027-W29,SmartXPro_IN,Retail_AMER,2027-W29,2027-W29,0,887
SmartXPro_IN:AMER:2027-W30,SmartXPro_IN,Retail_AMER,2027-W30,2027-W29,1,13
SmartXPro_IN:AMER:2027-W30,SmartXPro_IN,Retail_AMER,2027-W30,2027-W30,0,869
SmartXPro_IN:AMER:2027-W31,SmartXPro_IN,Retail_AMER,2027-W31,2027-W31,0,878
SmartXPro_IN:AMER:2027-W32,SmartXPro_IN,Retail_AMER,2027-W32,2027-W32,0,873
SmartXPro_IN:AMER:2027-W33,SmartXPro_IN,Retail_AMER,2027-W33,2027-W33,0,869
SmartXPro_IN:AMER:2027-W34,SmartXPro_IN,Retail_AMER,2027-W34,2027-W31,3,13
SmartXPro_IN:AMER:2027-W34,SmartXPro_IN,Retail_AMER,2027-W34,2027-W34,0,851
SmartXPro_IN:AMER:2027-W35,SmartXPro_IN,Retail_AMER,2027-W35,2027-W33,2,13
SmartXPro_IN:AMER:2027-W35,SmartXPro_IN,Retail_AMER,2027-W35,2027-W34,1,27
SmartXPro_IN:AMER:2027-W35,SmartXPro_IN,Retail_AMER,2027-W35,2027-W35,0,820
SmartXPro_IN:AMER:2027-W36,SmartXPro_IN,Retail_AMER,2027-W36,2027-W32,4,14
SmartXPro_IN:AMER:2027-W36,SmartXPro_IN,Retail_AMER,2027-W36,2027-W35,1,53
SmartXPro_IN:AMER:2027-W36,SmartXPro_IN,Retail_AMER,2027-W36,2027-W36,0,789
SmartXPro_IN:AMER:2027-W37,SmartXPro_IN,Retail_AMER,2027-W37,2027-W37,0,851
SmartXPro_IN:AMER:2027-W38,SmartXPro_IN,Retail_AMER,2027-W38,2027-W38,0,847
SmartXPro_IN:AMER:2027-W39,SmartXPro_IN,Retail_AMER,2027-W39,2027-W36,3,80
SmartXPro_IN:AMER:2027-W39,SmartXPro_IN,Retail_AMER,2027-W39,2027-W39,0,762
SmartXPro_IN:AMER:2027-W40,SmartXPro_IN,Retail_AMER,2027-W40,2027-W40,0,838
SmartXPro_IN:AMER:2027-W41,SmartXPro_IN,Retail_AMER,2027-W41,2027-W28,13,584
SmartXPro_IN:AMER:2027-W41,SmartXPro_IN,Retail_AMER,2027-W41,2027-W38,3,13
SmartXPro_IN:AMER:2027-W41,SmartXPro_IN,Retail_AMER,2027-W41,2027-W40,1,13
SmartXPro_IN:AMER:2027-W41,SmartXPro_IN,Retail_AMER,2027-W41,2027-W41,0,223
SmartXPro_IN:AMER:2027-W42,SmartXPro_IN,Retail_AMER,2027-W42,2027-W30,12,27
SmartXPro_IN:AMER:2027-W42,SmartXPro_IN,Retail_AMER,2027-W42,2027-W41,1,624
SmartXPro_IN:AMER:2027-W42,SmartXPro_IN,Retail_AMER,2027-W42,2027-W42,0,178
SmartXPro_IN:AMER:2027-W43,SmartXPro_IN,Retail_AMER,2027-W43,2027-W37,6,13
SmartXPro_IN:AMER:2027-W43,SmartXPro_IN,Retail_AMER,2027-W43,2027-W42,1,664
SmartXPro_IN:AMER:2027-W43,SmartXPro_IN,Retail_AMER,2027-W43,2027-W43,0,147
SmartXPro_IN:AMER:2027-W44,SmartXPro_IN,Retail_AMER,2027-W44,2027-W39,5,94
SmartXPro_IN:AMER:2027-W44,SmartXPro_IN,Retail_AMER,2027-W44,2027-W43,1,691
SmartXPro_IN:AMER:2027-W44,SmartXPro_IN,Retail_AMER,2027-W44,2027-W44,0,35
SmartXPro_IN:AMER:2027-W45,SmartXPro_IN,Retail_AMER,2027-W45,2027-W44,1,798
SmartXPro_IN:AMER:2027-W45,SmartXPro_IN,Retail_AMER,2027-W45,2027-W45,0,18
SmartXPro_IN:AMER:2027-W46,SmartXPro_IN,Retail_AMER,2027-W46,2027-W46,0,811
SmartXPro_IN:AMER:2027-W47,SmartXPro_IN,Retail_AMER,2027-W47,2027-W47,0,807
SmartXPro_IN:AMER:2027-W48,SmartXPro_IN,Retail_AMER,2027-W48,2027-W48,0,802
SmartXPro_IN:AMER:2027-W49,SmartXPro_IN,Retail_AMER,2027-W49,2027-W49,0,798
SmartXPro_IN:AMER:2027-W50,SmartXPro_IN,Retail_AMER,2027-W50,2027-W50,0,793
SmartXPro_IN:AMER:2027-W51,SmartXPro_IN,Retail_AMER,2027-W51,2027-W51,0,789
SmartXPro_IN:AMER:2027-W52,SmartXPro_IN,Retail_AMER,2027-W52,2027-W52,0,784
SmartXPro_IN:AMER:2028-W01,SmartXPro_IN,Retail_AMER,2028-W01,2028-W01,0,775
SmartXPro_IN:AMER:2028-W02,SmartXPro_IN,Retail_AMER,2028-W02,2028-W02,0,770
SmartXPro_IN:AMER:2028-W03,SmartXPro_IN,Retail_AMER,2028-W03,2028-W01,2,7
SmartXPro_IN:AMER:2028-W03,SmartXPro_IN,Retail_AMER,2028-W03,2028-W02,1,19
SmartXPro_IN:AMER:2028-W03,SmartXPro_IN,Retail_AMER,2028-W03,2028-W03,0,740
SmartXPro_IN:AMER:2028-W04,SmartXPro_IN,Retail_AMER,2028-W04,2028-W04,0,761
SmartXPro_IN:AMER:2028-W05,SmartXPro_IN,Retail_AMER,2028-W05,2028-W03,2,44
SmartXPro_IN:AMER:2028-W05,SmartXPro_IN,Retail_AMER,2028-W05,2028-W04,1,14
SmartXPro_IN:AMER:2028-W05,SmartXPro_IN,Retail_AMER,2028-W05,2028-W05,0,698
SmartXPro_IN:AMER:2028-W06,SmartXPro_IN,Retail_AMER,2028-W06,2028-W05,1,72
SmartXPro_IN:AMER:2028-W06,SmartXPro_IN,Retail_AMER,2028-W06,2028-W06,0,679
SmartXPro_IN:AMER:2028-W07,SmartXPro_IN,Retail_AMER,2028-W07,2028-W06,1,87
SmartXPro_IN:AMER:2028-W07,SmartXPro_IN,Retail_AMER,2028-W07,2028-W07,0,659
SmartXPro_IN:AMER:2028-W08,SmartXPro_IN,Retail_AMER,2028-W08,2028-W08,0,741
SmartXPro_IN:AMER:2028-W09,SmartXPro_IN,Retail_AMER,2028-W09,2028-W09,0,737
SmartXPro_IN:AMER:2028-W10,SmartXPro_IN,Retail_AMER,2028-W10,2028-W10,0,732
SmartXPro_IN:AMER:2028-W11,SmartXPro_IN,Retail_AMER,2028-W11,2028-W11,0,727
SmartXPro_IN:AMER:2028-W12,SmartXPro_IN,Retail_AMER,2028-W12,2028-W09,3,14
SmartXPro_IN:AMER:2028-W12,SmartXPro_IN,Retail_AMER,2028-W12,2028-W10,2,14
SmartXPro_IN:AMER:2028-W12,SmartXPro_IN,Retail_AMER,2028-W12,2028-W12,0,694
SmartXPro_IN:AMER:2028-W13,SmartXPro_IN,Retail_AMER,2028-W13,2028-W13,0,717
SmartXPro_IN:AMER:2028-W14,SmartXPro_IN,Retail_AMER,2028-W14,2028-W07,7,102
SmartXPro_IN:AMER:2028-W14,SmartXPro_IN,Retail_AMER,2028-W14,2028-W08,6,15
SmartXPro_IN:AMER:2028-W14,SmartXPro_IN,Retail_AMER,2028-W14,2028-W12,2,43
SmartXPro_IN:AMER:2028-W14,SmartXPro_IN,Retail_AMER,2028-W14,2028-W13,1,15
SmartXPro_IN:AMER:2028-W14,SmartXPro_IN,Retail_AMER,2028-W14,2028-W14,0,538
SmartXPro_IN:AMER:2028-W15,SmartXPro_IN,Retail_AMER,2028-W15,2028-W15,0,708
SmartXPro_IN:AMER:2028-W16,SmartXPro_IN,Retail_AMER,2028-W16,2028-W15,1,14
SmartXPro_IN:AMER:2028-W16,SmartXPro_IN,Retail_AMER,2028-W16,2028-W16,0,689
SmartXPro_IN:AMER:2028-W17,SmartXPro_IN,Retail_AMER,2028-W17,2028-W17,0,698
SmartXPro_IN:AMER:2028-W18,SmartXPro_IN,Retail_AMER,2028-W18,2028-W18,0,693
SmartXPro_IN:AMER:2028-W19,SmartXPro_IN,Retail_AMER,2028-W19,2028-W11,8,14
SmartXPro_IN:AMER:2028-W19,SmartXPro_IN,Retail_AMER,2028-W19,2028-W14,5,189
SmartXPro_IN:AMER:2028-W19,SmartXPro_IN,Retail_AMER,2028-W19,2028-W19,0,486
SmartXPro_IN:AMER:2028-W20,SmartXPro_IN,Retail_AMER,2028-W20,2028-W20,0,684
SmartXPro_IN:AMER:2028-W21,SmartXPro_IN,Retail_AMER,2028-W21,2028-W20,1,14
SmartXPro_IN:AMER:2028-W21,SmartXPro_IN,Retail_AMER,2028-W21,2028-W21,0,665
SmartXPro_IN:AMER:2028-W22,SmartXPro_IN,Retail_AMER,2028-W22,2028-W22,0,674
SmartXPro_IN:AMER:2028-W23,SmartXPro_IN,Retail_AMER,2028-W23,2028-W16,7,28
SmartXPro_IN:AMER:2028-W23,SmartXPro_IN,Retail_AMER,2028-W23,2028-W21,2,28
SmartXPro_IN:AMER:2028-W23,SmartXPro_IN,Retail_AMER,2028-W23,2028-W22,1,15
SmartXPro_IN:AMER:2028-W23,SmartXPro_IN,Retail_AMER,2028-W23,2028-W23,0,598
SmartXPro_IN:AMER:2028-W24,SmartXPro_IN,Retail_AMER,2028-W24,2028-W17,7,15
SmartXPro_IN:AMER:2028-W24,SmartXPro_IN,Retail_AMER,2028-W24,2028-W18,6,15
SmartXPro_IN:AMER:2028-W24,SmartXPro_IN,Retail_AMER,2028-W24,2028-W23,1,86
SmartXPro_IN:AMER:2028-W24,SmartXPro_IN,Retail_AMER,2028-W24,2028-W24,0,548
SmartXPro_IN:AMER:2028-W25,SmartXPro_IN,Retail_AMER,2028-W25,2028-W19,6,217
SmartXPro_IN:AMER:2028-W25,SmartXPro_IN,Retail_AMER,2028-W25,2028-W25,0,443
SmartXPro_IN:AMER:2028-W26,SmartXPro_IN,Retail_AMER,2028-W26,2028-W25,1,231
SmartXPro_IN:AMER:2028-W26,SmartXPro_IN,Retail_AMER,2028-W26,2028-W26,0,424
SmartXPro_IN:AMER:2028-W27,SmartXPro_IN,Retail_AMER,2028-W27,2028-W26,1,245
SmartXPro_IN:AMER:2028-W27,SmartXPro_IN,Retail_AMER,2028-W27,2028-W27,0,401
SmartXPro_IN:AMER:2028-W28,SmartXPro_IN,Retail_AMER,2028-W28,2028-W28,0,643
SmartXPro_IN:AMER:2028-W29,SmartXPro_IN,Retail_AMER,2028-W29,2028-W28,1,17
SmartXPro_IN:AMER:2028-W29,SmartXPro_IN,Retail_AMER,2028-W29,2028-W29,0,622
SmartXPro_IN:AMER:2028-W30,SmartXPro_IN,Retail_AMER,2028-W30,2028-W24,6,131
SmartXPro_IN:AMER:2028-W30,SmartXPro_IN,Retail_AMER,2028-W30,2028-W29,1,33
SmartXPro_IN:AMER:2028-W30,SmartXPro_IN,Retail_AMER,2028-W30,2028-W30,0,471
SmartXPro_IN:AMER:2028-W31,SmartXPro_IN,Retail_AMER,2028-W31,2028-W27,4,263
SmartXPro_IN:AMER:2028-W31,SmartXPro_IN,Retail_AMER,2028-W31,2028-W30,1,175
SmartXPro_IN:AMER:2028-W31,SmartXPro_IN,Retail_AMER,2028-W31,2028-W31,0,193
SmartXPro_IN:AMER:2028-W32,SmartXPro_IN,Retail_AMER,2028-W32,2028-W32,0,628
SmartXPro_IN:AMER:2028-W33,SmartXPro_IN,Retail_AMER,2028-W33,2028-W33,0,624
SmartXPro_IN:AMER:2028-W34,SmartXPro_IN,Retail_AMER,2028-W34,2028-W32,2,11
SmartXPro_IN:AMER:2028-W34,SmartXPro_IN,Retail_AMER,2028-W34,2028-W34,0,609
SmartXPro_IN:AMER:2028-W35,SmartXPro_IN,Retail_AMER,2028-W35,2028-W35,0,617
SmartXPro_IN:AMER:2028-W36,SmartXPro_IN,Retail_AMER,2028-W36,2028-W35,1,11
SmartXPro_IN:AMER:2028-W36,SmartXPro_IN,Retail_AMER,2028-W36,2028-W36,0,602
SmartXPro_IN:AMER:2028-W37,SmartXPro_IN,Retail_AMER,2028-W37,2028-W34,3,22
SmartXPro_IN:AMER:2028-W37,SmartXPro_IN,Retail_AMER,2028-W37,2028-W37,0,587
SmartXPro_IN:AMER:2028-W38,SmartXPro_IN,Retail_AMER,2028-W38,2028-W36,2,22
SmartXPro_IN:AMER:2028-W38,SmartXPro_IN,Retail_AMER,2028-W38,2028-W37,1,33
SmartXPro_IN:AMER:2028-W38,SmartXPro_IN,Retail_AMER,2028-W38,2028-W38,0,551
SmartXPro_IN:AMER:2028-W39,SmartXPro_IN,Retail_AMER,2028-W39,2028-W39,0,602
SmartXPro_IN:AMER:2028-W40,SmartXPro_IN,Retail_AMER,2028-W40,2028-W33,7,11
SmartXPro_IN:AMER:2028-W40,SmartXPro_IN,Retail_AMER,2028-W40,2028-W38,2,66
SmartXPro_IN:AMER:2028-W40,SmartXPro_IN,Retail_AMER,2028-W40,2028-W39,1,11
SmartXPro_IN:AMER:2028-W40,SmartXPro_IN,Retail_AMER,2028-W40,2028-W40,0,510
SmartXPro_IN:AMER:2028-W41,SmartXPro_IN,Retail_AMER,2028-W41,2028-W40,1,99
SmartXPro_IN:AMER:2028-W41,SmartXPro_IN,Retail_AMER,2028-W41,2028-W41,0,495
SmartXPro_IN:AMER:2028-W42,SmartXPro_IN,Retail_AMER,2028-W42,2028-W31,11,450
SmartXPro_IN:AMER:2028-W42,SmartXPro_IN,Retail_AMER,2028-W42,2028-W41,1,111
SmartXPro_IN:AMER:2028-W42,SmartXPro_IN,Retail_AMER,2028-W42,2028-W42,0,30
SmartXPro_IN:AMER:2028-W43,SmartXPro_IN,Retail_AMER,2028-W43,2028-W42,1,572
SmartXPro_IN:AMER:2028-W43,SmartXPro_IN,Retail_AMER,2028-W43,2028-W43,0,15
SmartXPro_IN:AMER:2028-W44,SmartXPro_IN,Retail_AMER,2028-W44,2028-W44,0,583
SmartXPro_IN:AMER:2028-W45,SmartXPro_IN,Retail_AMER,2028-W45,2028-W45,0,580
SmartXPro_IN:AMER:2028-W46,SmartXPro_IN,Retail_AMER,2028-W46,2028-W46,0,576
SmartXPro_IN:AMER:2028-W47,SmartXPro_IN,Retail_AMER,2028-W47,2028-W47,0,572
SmartXPro_IN:AMER:2028-W48,SmartXPro_IN,Retail_AMER,2028-W48,2028-W48,0,569
SmartXPro_IN:AMER:2028-W49,SmartXPro_IN,Retail_AMER,2028-W49,2028-W49,0,565
SmartXPro_IN:AMER:2028-W50,SmartXPro_IN,Retail_AMER,2028-W50,2028-W50,0,561
SmartXPro_IN:AMER:2028-W51,SmartXPro_IN,Retail_AMER,2028-W51,2028-W51,0,557
SmartXPro_IN:AMER:2028-W52,SmartXPro_IN,Retail_AMER,2028-W52,2028-W52,0,554
SmartXPro_IN:AMER:2029-W01,SmartXPro_IN,Retail_AMER,2029-W01,2029-W01,0,544
SmartXPro_IN:AMER:2029-W02,SmartXPro_IN,Retail_AMER,2029-W02,2029-W02,0,539
SmartXPro_IN:AMER:2029-W03,SmartXPro_IN,Retail_AMER,2029-W03,2029-W03,0,533
SmartXPro_IN:AMER:2029-W04,SmartXPro_IN,Retail_AMER,2029-W04,2029-W04,0,528
SmartXPro_IN:AMER:2029-W05,SmartXPro_IN,Retail_AMER,2029-W05,2029-W05,0,522
SmartXPro_IN:AMER:2029-W06,SmartXPro_IN,Retail_AMER,2029-W06,2029-W06,0,517
SmartXPro_IN:AMER:2029-W07,SmartXPro_IN,Retail_AMER,2029-W07,2029-W07,0,511
SmartXPro_IN:AMER:2029-W08,SmartXPro_IN,Retail_AMER,2029-W08,2029-W08,0,506
SmartXPro_IN:AMER:2029-W09,SmartXPro_IN,Retail_AMER,2029-W09,2029-W09,0,500
SmartXPro_IN:AMER:2029-W10,SmartXPro_IN,Retail_AMER,2029-W10,2029-W10,0,494
SmartXPro_IN:AMER:2029-W11,SmartXPro_IN,Retail_AMER,2029-W11,2029-W11,0,489
SmartXPro_IN:AMER:2029-W12,SmartXPro_IN,Retail_AMER,2029-W12,2029-W12,0,483
SmartXPro_IN:AMER:2029-W13,SmartXPro_IN,Retail_AMER,2029-W13,2029-W13,0,478
SmartXPro_IN:AMER:2029-W14,SmartXPro_IN,Retail_AMER,2029-W14,2029-W14,0,472
SmartXPro_IN:AMER:2029-W15,SmartXPro_IN,Retail_AMER,2029-W15,2029-W15,0,467
SmartXPro_IN:AMER:2029-W16,SmartXPro_IN,Retail_AMER,2029-W16,2029-W16,0,461
SmartXPro_IN:AMER:2029-W17,SmartXPro_IN,Retail_AMER,2029-W17,2029-W17,0,456
SmartXPro_IN:AMER:2029-W18,SmartXPro_IN,Retail_AMER,2029-W18,2029-W18,0,450
SmartXPro_IN:AMER:2029-W19,SmartXPro_IN,Retail_AMER,2029-W19,2029-W19,0,444
SmartXPro_IN:AMER:2029-W20,SmartXPro_IN,Retail_AMER,2029-W20,2029-W20,0,439
SmartXPro_IN:AMER:2029-W21,SmartXPro_IN,Retail_AMER,2029-W21,2029-W21,0,433
SmartXPro_IN:AMER:2029-W22,SmartXPro_IN,Retail_AMER,2029-W22,2029-W22,0,428
SmartXPro_IN:AMER:2029-W23,SmartXPro_IN,Retail_AMER,2029-W23,2029-W23,0,422
SmartXPro_IN:AMER:2029-W24,SmartXPro_IN,Retail_AMER,2029-W24,2029-W24,0,417
SmartXPro_IN:AMER:2029-W25,SmartXPro_IN,Retail_AMER,2029-W25,2029-W25,0,411
SmartXPro_IN:AMER:2029-W26,SmartXPro_IN,Retail_AMER,2029-W26,2029-W26,0,406
SmartXPro_IN:AMER:2029-W27,SmartXPro_IN,Retail_AMER,2029-W27,2029-W27,0,394
SmartXPro_IN:AMER:2029-W28,SmartXPro_IN,Retail_AMER,2029-W28,2029-W28,0,389
SmartXPro_IN:AMER:2029-W29,SmartXPro_IN,Retail_AMER,2029-W29,2029-W28,1,22
SmartXPro_IN:AMER:2029-W29,SmartXPro_IN,Retail_AMER,2029-W29,2029-W29,0,361
SmartXPro_IN:AMER:2029-W30,SmartXPro_IN,Retail_AMER,2029-W30,2029-W30,0,378
SmartXPro_IN:AMER:2029-W31,SmartXPro_IN,Retail_AMER,2029-W31,2029-W29,2,45
SmartXPro_IN:AMER:2029-W31,SmartXPro_IN,Retail_AMER,2029-W31,2029-W31,0,327
SmartXPro_IN:AMER:2029-W32,SmartXPro_IN,Retail_AMER,2029-W32,2029-W30,2,16
SmartXPro_IN:AMER:2029-W32,SmartXPro_IN,Retail_AMER,2029-W32,2029-W32,0,351
SmartXPro_IN:AMER:2029-W33,SmartXPro_IN,Retail_AMER,2029-W33,2029-W33,0,361
SmartXPro_IN:AMER:2029-W34,SmartXPro_IN,Retail_AMER,2029-W34,2029-W31,3,62
SmartXPro_IN:AMER:2029-W34,SmartXPro_IN,Retail_AMER,2029-W34,2029-W32,2,32
SmartXPro_IN:AMER:2029-W34,SmartXPro_IN,Retail_AMER,2029-W34,2029-W33,1,17
SmartXPro_IN:AMER:2029-W34,SmartXPro_IN,Retail_AMER,2029-W34,2029-W34,0,245
SmartXPro_IN:AMER:2029-W35,SmartXPro_IN,Retail_AMER,2029-W35,2029-W35,0,350
SmartXPro_IN:AMER:2029-W36,SmartXPro_IN,Retail_AMER,2029-W36,2029-W34,2,127
SmartXPro_IN:AMER:2029-W36,SmartXPro_IN,Retail_AMER,2029-W36,2029-W35,1,17
SmartXPro_IN:AMER:2029-W36,SmartXPro_IN,Retail_AMER,2029-W36,2029-W36,0,200
SmartXPro_IN:AMER:2029-W37,SmartXPro_IN,Retail_AMER,2029-W37,2029-W36,1,161
SmartXPro_IN:AMER:2029-W37,SmartXPro_IN,Retail_AMER,2029-W37,2029-W37,0,178
SmartXPro_IN:AMER:2029-W38,SmartXPro_IN,Retail_AMER,2029-W38,2029-W37,1,178
SmartXPro_IN:AMER:2029-W38,SmartXPro_IN,Retail_AMER,2029-W38,2029-W38,0,155
SmartXPro_IN:AMER:2029-W39,SmartXPro_IN,Retail_AMER,2029-W39,2029-W39,0,328
SmartXPro_IN:AMER:2029-W40,SmartXPro_IN,Retail_AMER,2029-W40,2029-W38,2,195
SmartXPro_IN:AMER:2029-W40,SmartXPro_IN,Retail_AMER,2029-W40,2029-W40,0,127
SmartXPro_IN:AMER:2029-W41,SmartXPro_IN,Retail_AMER,2029-W41,2029-W41,0,317
SmartXPro_IN:AMER:2029-W42,SmartXPro_IN,Retail_AMER,2029-W42,2029-W42,0,311
SmartXPro_IN:AMER:2029-W43,SmartXPro_IN,Retail_AMER,2029-W43,2029-W40,3,212
SmartXPro_IN:AMER:2029-W43,SmartXPro_IN,Retail_AMER,2029-W43,2029-W41,2,16
SmartXPro_IN:AMER:2029-W43,SmartXPro_IN,Retail_AMER,2029-W43,2029-W42,1,17
SmartXPro_IN:AMER:2029-W43,SmartXPro_IN,Retail_AMER,2029-W43,2029-W43,0,61
SmartXPro_IN:AMER:2029-W44,SmartXPro_IN,Retail_AMER,2029-W44,2029-W39,5,16
SmartXPro_IN:AMER:2029-W44,SmartXPro_IN,Retail_AMER,2029-W44,2029-W43,1,261
SmartXPro_IN:AMER:2029-W44,SmartXPro_IN,Retail_AMER,2029-W44,2029-W44,0,23
SmartXPro_IN:AMER:2029-W45,SmartXPro_IN,Retail_AMER,2029-W45,2029-W45,0,294
SmartXPro_IN:AMER:2029-W46,SmartXPro_IN,Retail_AMER,2029-W46,2029-W46,0,289
SmartXPro_IN:AMER:2029-W47,SmartXPro_IN,Retail_AMER,2029-W47,2029-W47,0,283
SmartXPro_IN:AMER:2029-W48,SmartXPro_IN,Retail_AMER,2029-W48,2029-W48,0,278
SmartXPro_IN:AMER:2029-W49,SmartXPro_IN,Retail_AMER,2029-W49,2029-W49,0,272
SmartXPro_IN:AMER:2029-W50,SmartXPro_IN,Retail_AMER,2029-W50,2029-W50,0,267
SmartXPro_IN:AMER:2029-W51,SmartXPro_IN,Retail_AMER,2029-W51,2029-W51,0,261
SmartXPro_IN:AMER:2029-W52,SmartXPro_IN,Retail_AMER,2029-W52,2029-W52,0,256
SmartXPro_IN:AMER:2030-W01,SmartXPro_IN,Retail_AMER,2030-W01,2030-W01,0,251
SmartXPro_IN:AMER:2030-W02,SmartXPro_IN,Retail_AMER,2030-W02,2030-W02,0,246
SmartXPro_IN:AMER:2030-W03,SmartXPro_IN,Retail_AMER,2030-W03,2030-W03,0,241
SmartXPro_IN:AMER:2030-W04,SmartXPro_IN,Retail_AMER,2030-W04,2030-W04,0,236
SmartXPro_IN:AMER:2030-W05,SmartXPro_IN,Retail_AMER,2030-W05,2030-W05,0,231
SmartXPro_IN:AMER:2030-W06,SmartXPro_IN,Retail_AMER,2030-W06,2030-W06,0,226
SmartXPro_IN:AMER:2030-W07,SmartXPro_IN,Retail_AMER,2030-W07,2030-W07,0,221
SmartXPro_IN:AMER:2030-W08,SmartXPro_IN,Retail_AMER,2030-W08,2030-W08,0,217
SmartXPro_IN:AMER:2030-W09,SmartXPro_IN,Retail_AMER,2030-W09,2030-W09,0,212
SmartXPro_IN:AMER:2030-W10,SmartXPro_IN,Retail_AMER,2030-W10,2030-W10,0,207
SmartXPro_IN:AMER:2030-W11,SmartXPro_IN,Retail_AMER,2030-W11,2030-W11,0,202
SmartXPro_IN:AMER:2030-W12,SmartXPro_IN,Retail_AMER,2030-W12,2030-W12,0,197
SmartXPro_IN:AMER:2030-W13,SmartXPro_IN,Retail_AMER,2030-W13,2030-W13,0,192
SmartXPro_IN:AMER:2030-W14,SmartXPro_IN,Retail_AMER,2030-W14,2030-W14,0,187
SmartXPro_IN:AMER:2030-W15,SmartXPro_IN,Retail_AMER,2030-W15,2030-W15,0,182
SmartXPro_IN:AMER:2030-W16,SmartXPro_IN,Retail_AMER,2030-W16,2030-W16,0,177
SmartXPro_IN:AMER:2030-W17,SmartXPro_IN,Retail_AMER,2030-W17,2030-W17,0,172
SmartXPro_IN:AMER:2030-W18,SmartXPro_IN,Retail_AMER,2030-W18,2030-W18,0,167
SmartXPro_IN:AMER:2030-W19,SmartXPro_IN,Retail_AMER,2030-W19,2030-W19,0,162
SmartXPro_IN:AMER:2030-W20,SmartXPro_IN,Retail_AMER,2030-W20,2030-W20,0,157
SmartXPro_IN:AMER:2030-W21,SmartXPro_IN,Retail_AMER,2030-W21,2030-W21,0,153
SmartXPro_IN:AMER:2030-W22,SmartXPro_IN,Retail_AMER,2030-W22,2030-W22,0,148
SmartXPro_IN:AMER:2030-W23,SmartXPro_IN,Retail_AMER,2030-W23,2030-W23,0,143
SmartXPro_IN:AMER:2030-W24,SmartXPro_IN,Retail_AMER,2030-W24,2030-W24,0,138
SmartXPro_IN:AMER:2030-W25,SmartXPro_IN,Retail_AMER,2030-W25,2030-W25,0,133
SmartXPro_IN:AMER:2030-W26,SmartXPro_IN,Retail_AMER,2030-W26,2030-W26,0,128
SmartXPro_IN:AMER:2030-W27,SmartXPro_IN,Retail_AMER,2030-W27,2030-W27,0,123
SmartXPro_IN:AMER:2030-W28,SmartXPro_IN,Retail_AMER,2030-W28,2030-W28,0,118
SmartXPro_IN:AMER:2030-W29,SmartXPro_IN,Retail_AMER,2030-W29,2030-W29,0,113
SmartXPro_IN:AMER:2030-W30,SmartXPro_IN,Retail_AMER,2030-W30,2030-W30,0,108
SmartXPro_IN:AMER:2030-W31,SmartXPro_IN,Retail_AMER,2030-W31,2030-W31,0,103
SmartXPro_IN:AMER:2030-W32,SmartXPro_IN,Retail_AMER,2030-W32,2030-W32,0,98
SmartXPro_IN:AMER:2030-W33,SmartXPro_IN,Retail_AMER,2030-W33,2030-W33,0,94
SmartXPro_IN:AMER:2030-W34,SmartXPro_IN,Retail_AMER,2030-W34,2030-W34,0,89
SmartXPro_IN:AMER:2030-W35,SmartXPro_IN,Retail_AMER,2030-W35,2030-W35,0,84
SmartXPro_IN:AMER:2030-W36,SmartXPro_IN,Retail_AMER,2030-W36,2030-W36,0,79
SmartXPro_IN:AMER:2030-W37,SmartXPro_IN,Retail_AMER,2030-W37,2030-W37,0,74
SmartXPro_IN:AMER:2030-W38,SmartXPro_IN,Retail_AMER,2030-W38,2030-W38,0,69
SmartXPro_IN:AMER:2030-W39,SmartXPro_IN,Retail_AMER,2030-W39,2030-W39,0,64
SmartXPro_IN:AMER:2030-W40,SmartXPro_IN,Retail_AMER,2030-W40,2030-W40,0,59
SmartXPro_IN:AMER:2030-W41,SmartXPro_IN,Retail_AMER,2030-W41,2030-W41,0,54
SmartXPro_IN:AMER:2030-W42,SmartXPro_IN,Retail_AMER,2030-W42,2030-W42,0,49
SmartXPro_IN:AMER:2030-W43,SmartXPro_IN,Retail_AMER,2030-W43,2030-W43,0,44
SmartXPro_IN:AMER:2030-W44,SmartXPro_IN,Retail_AMER,2030-W44,2030-W44,0,39
SmartXPro_IN:AMER:2030-W45,SmartXPro_IN,Retail_AMER,2030-W45,2030-W45,0,34
SmartXPro_IN:AMER:2030-W46,SmartXPro_IN,Retail_AMER,2030-W46,2030-W46,0,30
SmartXPro_IN:AMER:2030-W47,SmartXPro_IN,Retail_AMER,2030-W47,2030-W47,0,25
SmartXPro_IN:AMER:2030-W48,SmartXPro_IN,Retail_AMER,2030-W48,2030-W48,0,20
SmartXPro_IN:AMER:2030-W49,SmartXPro_IN,Retail_AMER,2030-W49,2030-W49,0,15
SmartXPro_IN:AMER:2030-W50,SmartXPro_IN,Retail_AMER,2030-W50,2030-W50,0,10
SmartXPro_IN:AMER:2030-W51,SmartXPro_IN,Retail_AMER,2030-W51,2030-W51,0,5
