resource_id,week,capacity,allocated_load,is_unbounded_by_explicit_engine_policy
IN:leaf_in:SensorIN:SmartXPro_IN,2025-W36,1169,0.0,False
IN:leaf_in:SensorIN:SmartXPro_IN,2025-W37,1169,0.0,False
IN:leaf_in:SensorIN:SmartXPro_IN,2025-W38,1169,0.0,False
IN:leaf_in:SensorIN:SmartXPro_IN,2025-W39,1169,0.0,False
IN:leaf_in:SensorIN:SmartXPro_IN,2025-W40,1169,0.0,False
IN:leaf_in:SensorIN:SmartXPro_IN,2025-W41,1169,0.0,False
IN:leaf_in:SensorIN:SmartXPro_IN,2025-W42,1169,0.0,False
IN:leaf_in:SensorIN:SmartXPro_IN,2025-W43,1169,0.0,False
IN:leaf_in:SensorIN:SmartXPro_IN,2025-W44,1169,0.0,False
IN:leaf_in:SensorIN:SmartXPro_IN,2025-W45,1169,0.0,False
IN:leaf_in:SensorIN:SmartXPro_IN,2025-W46,1169,0.0,False
IN:leaf_in:SensorIN:SmartXPro_IN,2025-W47,1169,0.0,False
IN:leaf_in:SensorIN:SmartXPro_IN,2025-W48,1169,0.0,False
IN:leaf_in:SensorIN:SmartXPro_IN,2025-W49,1169,0.0,False
IN:leaf_in:SensorIN:SmartXPro_IN,2025-W50,1169,0.0,False
IN:leaf_in:SensorIN:SmartXPro_IN,2025-W51,1169,0.0,False
IN:leaf_in:SensorIN:SmartXPro_IN,2025-W52,1169,0.0,False
IN:leaf_in:SensorIN:SmartXPro_IN,2026-W01,1169,0.0,False
IN:leaf_in:SensorIN:SmartXPro_IN,2026-W02,1165,0.0,False
IN:leaf_in:SensorIN:SmartXPro_IN,2026-W03,1161,0.0,False
IN:leaf_in:SensorIN:SmartXPro_IN,2026-W04,1157,0.0,False
IN:leaf_in:SensorIN:SmartXPro_IN,2026-W05,1152,0.0,False
IN:leaf_in:SensorIN:SmartXPro_IN,2026-W06,1148,0.0,False
IN:leaf_in:SensorIN:SmartXPro_IN,2026-W07,1144,0.0,False
IN:leaf_in:SensorIN:SmartXPro_IN,2026-W08,1140,0.0,False
IN:leaf_in:SensorIN:SmartXPro_IN,2026-W09,1136,0.0,False
IN:leaf_in:SensorIN:SmartXPro_IN,2026-W10,1132,0.0,False
IN:leaf_in:SensorIN:SmartXPro_IN,2026-W11,1128,0.0,False
IN:leaf_in:SensorIN:SmartXPro_IN,2026-W12,1124,0.0,False
IN:leaf_in:SensorIN:SmartXPro_IN,2026-W13,1119,0.0,False
IN:leaf_in:SensorIN:SmartXPro_IN,2026-W14,1115,0.0,False
IN:leaf_in:SensorIN:SmartXPro_IN,2026-W15,1111,0.0,False
IN:leaf_in:SensorIN:SmartXPro_IN,2026-W16,1107,0.0,False
IN:leaf_in:SensorIN:SmartXPro_IN,2026-W17,1103,0.0,False
IN:leaf_in:SensorIN:SmartXPro_IN,2026-W18,1099,0.0,False
IN:leaf_in:SensorIN:SmartXPro_IN,2026-W19,1095,0.0,False
IN:leaf_in:SensorIN:SmartXPro_IN,2026-W20,1090,0.0,False
IN:leaf_in:SensorIN:SmartXPro_IN,2026-W21,1086,0.0,False
IN:leaf_in:SensorIN:SmartXPro_IN,2026-W22,1082,0.0,False
IN:leaf_in:SensorIN:SmartXPro_IN,2026-W23,1078,0.0,False
IN:leaf_in:SensorIN:SmartXPro_IN,2026-W24,1074,0.0,False
IN:leaf_in:SensorIN:SmartXPro_IN,2026-W25,1070,0.0,False
IN:leaf_in:SensorIN:SmartXPro_IN,2026-W26,1066,0.0,False
IN:leaf_in:SensorIN:SmartXPro_IN,2026-W27,1062,0.0,False
IN:leaf_in:SensorIN:SmartXPro_IN,2026-W28,1057,0.0,False
IN:leaf_in:SensorIN:SmartXPro_IN,2026-W29,1053,0.0,False
IN:leaf_in:SensorIN:SmartXPro_IN,2026-W30,1049,0.0,False
IN:leaf_in:SensorIN:SmartXPro_IN,2026-W31,1045,0.0,False
IN:leaf_in:SensorIN:SmartXPro_IN,2026-W32,1041,0.0,False
IN:leaf_in:SensorIN:SmartXPro_IN,2026-W33,1037,0.0,False
IN:leaf_in:SensorIN:SmartXPro_IN,2026-W34,1033,0.0,False
IN:leaf_in:SensorIN:SmartXPro_IN,2026-W35,1028,0.0,False
IN:leaf_in:SensorIN:SmartXPro_IN,2026-W36,1024,0.0,False
IN:leaf_in:SensorIN:SmartXPro_IN,2026-W37,1020,0.0,False
IN:leaf_in:SensorIN:SmartXPro_IN,2026-W38,1016,0.0,False
IN:leaf_in:SensorIN:SmartXPro_IN,2026-W39,1012,0.0,False
IN:leaf_in:SensorIN:SmartXPro_IN,2026-W40,1008,0.0,False
IN:leaf_in:SensorIN:SmartXPro_IN,2026-W41,1004,0.0,False
IN:leaf_in:SensorIN:SmartXPro_IN,2026-W42,999,0.0,False
IN:leaf_in:SensorIN:SmartXPro_IN,2026-W43,0,0.0,False
IN:leaf_in:SensorIN:SmartXPro_IN,2026-W44,991,0.0,False
IN:leaf_in:SensorIN:SmartXPro_IN,2026-W45,987,0.0,False
IN:leaf_in:SensorIN:SmartXPro_IN,2026-W46,983,0.0,False
IN:leaf_in:SensorIN:SmartXPro_IN,2026-W47,979,0.0,False
IN:leaf_in:SensorIN:SmartXPro_IN,2026-W48,975,900.0,False
IN:leaf_in:SensorIN:SmartXPro_IN,2026-W49,971,900.0,False
IN:leaf_in:SensorIN:SmartXPro_IN,2026-W50,966,900.0,False
IN:leaf_in:SensorIN:SmartXPro_IN,2026-W51,962,900.0,False
IN:leaf_in:SensorIN:SmartXPro_IN,2026-W52,958,900.0,False
IN:leaf_in:SensorIN:SmartXPro_IN,2026-W53,954,900.0,False
IN:leaf_in:SensorIN:SmartXPro_IN,2027-W01,950,900.0,False
IN:leaf_in:SensorIN:SmartXPro_IN,2027-W02,950,900.0,False
IN:leaf_in:SensorIN:SmartXPro_IN,2027-W03,950,900.0,False
IN:leaf_in:SensorIN:SmartXPro_IN,2027-W04,950,900.0,False
IN:leaf_in:SensorIN:SmartXPro_IN,2027-W05,950,900.0,False
IN:leaf_in:SensorIN:SmartXPro_IN,2027-W06,950,900.0,False
IN:leaf_in:SensorIN:SmartXPro_IN,2027-W07,950,900.0,False
IN:leaf_in:SensorIN:SmartXPro_IN,2027-W08,950,900.0,False
IN:leaf_in:SensorIN:SmartXPro_IN,2027-W09,950,900.0,False
IN:leaf_in:SensorIN:SmartXPro_IN,2027-W10,950,900.0,False
IN:leaf_in:SensorIN:SmartXPro_IN,2027-W11,950,900.0,False
IN:leaf_in:SensorIN:SmartXPro_IN,2027-W12,950,900.0,False
IN:leaf_in:SensorIN:SmartXPro_IN,2027-W13,950,900.0,False
IN:leaf_in:SensorIN:SmartXPro_IN,2027-W14,950,900.0,False
IN:leaf_in:SensorIN:SmartXPro_IN,2027-W15,950,900.0,False
IN:leaf_in:SensorIN:SmartXPro_IN,2027-W16,950,900.0,False
IN:leaf_in:SensorIN:SmartXPro_IN,2027-W17,950,900.0,False
IN:leaf_in:SensorIN:SmartXPro_IN,2027-W18,950,900.0,False
IN:leaf_in:SensorIN:SmartXPro_IN,2027-W19,950,900.0,False
IN:leaf_in:SensorIN:SmartXPro_IN,2027-W20,950,900.0,False
IN:leaf_in:SensorIN:SmartXPro_IN,2027-W21,950,896.0,False
IN:leaf_in:SensorIN:SmartXPro_IN,2027-W22,950,891.0,False
IN:leaf_in:SensorIN:SmartXPro_IN,2027-W23,950,900.0,False
IN:leaf_in:SensorIN:SmartXPro_IN,2027-W24,950,896.0,False
IN:leaf_in:SensorIN:SmartXPro_IN,2027-W25,950,891.0,False
IN:leaf_in:SensorIN:SmartXPro_IN,2027-W26,950,887.0,False
IN:leaf_in:SensorIN:SmartXPro_IN,2027-W27,946,882.0,False
IN:leaf_in:SensorIN:SmartXPro_IN,2027-W28,941,878.0,False
IN:leaf_in:SensorIN:SmartXPro_IN,2027-W29,937,873.0,False
IN:leaf_in:SensorIN:SmartXPro_IN,2027-W30,932,869.0,False
IN:leaf_in:SensorIN:SmartXPro_IN,2027-W31,928,864.0,False
IN:leaf_in:SensorIN:SmartXPro_IN,2027-W32,923,860.0,False
IN:leaf_in:SensorIN:SmartXPro_IN,2027-W33,919,856.0,False
IN:leaf_in:SensorIN:SmartXPro_IN,2027-W34,914,851.0,False
IN:leaf_in:SensorIN:SmartXPro_IN,2027-W35,910,847.0,False
IN:leaf_in:SensorIN:SmartXPro_IN,2027-W36,906,842.0,False
IN:leaf_in:SensorIN:SmartXPro_IN,2027-W37,901,838.0,False
IN:leaf_in:SensorIN:SmartXPro_IN,2027-W38,897,833.0,False
IN:leaf_in:SensorIN:SmartXPro_IN,2027-W39,892,829.0,False
IN:leaf_in:SensorIN:SmartXPro_IN,2027-W40,888,807.0,False
IN:leaf_in:SensorIN:SmartXPro_IN,2027-W41,883,802.0,False
IN:leaf_in:SensorIN:SmartXPro_IN,2027-W42,0,0.0,False
IN:leaf_in:SensorIN:SmartXPro_IN,2027-W43,874,798.0,False
IN:leaf_in:SensorIN:SmartXPro_IN,2027-W44,870,793.0,False
IN:leaf_in:SensorIN:SmartXPro_IN,2027-W45,866,789.0,False
IN:leaf_in:SensorIN:SmartXPro_IN,2027-W46,861,784.0,False
IN:leaf_in:SensorIN:SmartXPro_IN,2027-W47,857,775.0,False
IN:leaf_in:SensorIN:SmartXPro_IN,2027-W48,852,770.0,False
IN:leaf_in:SensorIN:SmartXPro_IN,2027-W49,848,766.0,False
IN:leaf_in:SensorIN:SmartXPro_IN,2027-W50,843,761.0,False
IN:leaf_in:SensorIN:SmartXPro_IN,2027-W51,839,756.0,False
IN:leaf_in:SensorIN:SmartXPro_IN,2027-W52,834,751.0,False
IN:leaf_in:SensorIN:SmartXPro_IN,2028-W01,825,746.0,False
IN:leaf_in:SensorIN:SmartXPro_IN,2028-W02,820,741.0,False
IN:leaf_in:SensorIN:SmartXPro_IN,2028-W03,816,737.0,False
IN:leaf_in:SensorIN:SmartXPro_IN,2028-W04,811,732.0,False
IN:leaf_in:SensorIN:SmartXPro_IN,2028-W05,806,727.0,False
IN:leaf_in:SensorIN:SmartXPro_IN,2028-W06,801,722.0,False
IN:leaf_in:SensorIN:SmartXPro_IN,2028-W07,796,717.0,False
IN:leaf_in:SensorIN:SmartXPro_IN,2028-W08,791,713.0,False
IN:leaf_in:SensorIN:SmartXPro_IN,2028-W09,787,708.0,False
IN:leaf_in:SensorIN:SmartXPro_IN,2028-W10,782,703.0,False
IN:leaf_in:SensorIN:SmartXPro_IN,2028-W11,777,698.0,False
IN:leaf_in:SensorIN:SmartXPro_IN,2028-W12,772,693.0,False
IN:leaf_in:SensorIN:SmartXPro_IN,2028-W13,767,689.0,False
IN:leaf_in:SensorIN:SmartXPro_IN,2028-W14,763,684.0,False
IN:leaf_in:SensorIN:SmartXPro_IN,2028-W15,758,679.0,False
IN:leaf_in:SensorIN:SmartXPro_IN,2028-W16,753,674.0,False
IN:leaf_in:SensorIN:SmartXPro_IN,2028-W17,748,669.0,False
IN:leaf_in:SensorIN:SmartXPro_IN,2028-W18,743,664.0,False
IN:leaf_in:SensorIN:SmartXPro_IN,2028-W19,739,660.0,False
IN:leaf_in:SensorIN:SmartXPro_IN,2028-W20,734,655.0,False
IN:leaf_in:SensorIN:SmartXPro_IN,2028-W21,729,664.0,False
IN:leaf_in:SensorIN:SmartXPro_IN,2028-W22,724,660.0,False
IN:leaf_in:SensorIN:SmartXPro_IN,2028-W23,719,655.0,False
IN:leaf_in:SensorIN:SmartXPro_IN,2028-W24,714,646.0,False
IN:leaf_in:SensorIN:SmartXPro_IN,2028-W25,710,643.0,False
IN:leaf_in:SensorIN:SmartXPro_IN,2028-W26,705,639.0,False
IN:leaf_in:SensorIN:SmartXPro_IN,2028-W27,696,635.0,False
IN:leaf_in:SensorIN:SmartXPro_IN,2028-W28,693,631.0,False
IN:leaf_in:SensorIN:SmartXPro_IN,2028-W29,689,628.0,False
IN:leaf_in:SensorIN:SmartXPro_IN,2028-W30,685,624.0,False
IN:leaf_in:SensorIN:SmartXPro_IN,2028-W31,681,620.0,False
IN:leaf_in:SensorIN:SmartXPro_IN,2028-W32,678,617.0,False
IN:leaf_in:SensorIN:SmartXPro_IN,2028-W33,674,613.0,False
IN:leaf_in:SensorIN:SmartXPro_IN,2028-W34,670,609.0,False
IN:leaf_in:SensorIN:SmartXPro_IN,2028-W35,667,606.0,False
IN:leaf_in:SensorIN:SmartXPro_IN,2028-W36,663,602.0,False
IN:leaf_in:SensorIN:SmartXPro_IN,2028-W37,659,598.0,False
IN:leaf_in:SensorIN:SmartXPro_IN,2028-W38,656,580.0,False
IN:leaf_in:SensorIN:SmartXPro_IN,2028-W39,652,576.0,False
IN:leaf_in:SensorIN:SmartXPro_IN,2028-W40,0,0.0,False
IN:leaf_in:SensorIN:SmartXPro_IN,2028-W41,644,572.0,False
IN:leaf_in:SensorIN:SmartXPro_IN,2028-W42,641,569.0,False
IN:leaf_in:SensorIN:SmartXPro_IN,2028-W43,637,565.0,False
IN:leaf_in:SensorIN:SmartXPro_IN,2028-W44,633,561.0,False
IN:leaf_in:SensorIN:SmartXPro_IN,2028-W45,630,557.0,False
IN:leaf_in:SensorIN:SmartXPro_IN,2028-W46,626,554.0,False
IN:leaf_in:SensorIN:SmartXPro_IN,2028-W47,622,544.0,False
IN:leaf_in:SensorIN:SmartXPro_IN,2028-W48,619,539.0,False
IN:leaf_in:SensorIN:SmartXPro_IN,2028-W49,615,533.0,False
IN:leaf_in:SensorIN:SmartXPro_IN,2028-W50,611,528.0,False
IN:leaf_in:SensorIN:SmartXPro_IN,2028-W51,607,522.0,False
IN:leaf_in:SensorIN:SmartXPro_IN,2028-W52,604,517.0,False
IN:leaf_in:SensorIN:SmartXPro_IN,2029-W01,594,511.0,False
IN:leaf_in:SensorIN:SmartXPro_IN,2029-W02,589,506.0,False
IN:leaf_in:SensorIN:SmartXPro_IN,2029-W03,583,500.0,False
IN:leaf_in:SensorIN:SmartXPro_IN,2029-W04,578,494.0,False
IN:leaf_in:SensorIN:SmartXPro_IN,2029-W05,572,489.0,False
IN:leaf_in:SensorIN:SmartXPro_IN,2029-W06,567,483.0,False
IN:leaf_in:SensorIN:SmartXPro_IN,2029-W07,561,478.0,False
IN:leaf_in:SensorIN:SmartXPro_IN,2029-W08,556,472.0,False
IN:leaf_in:SensorIN:SmartXPro_IN,2029-W09,550,467.0,False
IN:leaf_in:SensorIN:SmartXPro_IN,2029-W10,544,461.0,False
IN:leaf_in:SensorIN:SmartXPro_IN,2029-W11,539,456.0,False
IN:leaf_in:SensorIN:SmartXPro_IN,2029-W12,533,450.0,False
IN:leaf_in:SensorIN:SmartXPro_IN,2029-W13,528,444.0,False
IN:leaf_in:SensorIN:SmartXPro_IN,2029-W14,522,439.0,False
IN:leaf_in:SensorIN:SmartXPro_IN,2029-W15,517,433.0,False
IN:leaf_in:SensorIN:SmartXPro_IN,2029-W16,511,428.0,False
IN:leaf_in:SensorIN:SmartXPro_IN,2029-W17,506,422.0,False
IN:leaf_in:SensorIN:SmartXPro_IN,2029-W18,500,417.0,False
IN:leaf_in:SensorIN:SmartXPro_IN,2029-W19,494,411.0,False
IN:leaf_in:SensorIN:SmartXPro_IN,2029-W20,489,406.0,False
IN:leaf_in:SensorIN:SmartXPro_IN,2029-W21,483,394.0,False
IN:leaf_in:SensorIN:SmartXPro_IN,2029-W22,478,411.0,False
IN:leaf_in:SensorIN:SmartXPro_IN,2029-W23,472,406.0,False
IN:leaf_in:SensorIN:SmartXPro_IN,2029-W24,467,394.0,False
IN:leaf_in:SensorIN:SmartXPro_IN,2029-W25,461,389.0,False
IN:leaf_in:SensorIN:SmartXPro_IN,2029-W26,456,383.0,False
IN:leaf_in:SensorIN:SmartXPro_IN,2029-W27,444,378.0,False
IN:leaf_in:SensorIN:SmartXPro_IN,2029-W28,439,372.0,False
IN:leaf_in:SensorIN:SmartXPro_IN,2029-W29,433,367.0,False
IN:leaf_in:SensorIN:SmartXPro_IN,2029-W30,428,361.0,False
IN:leaf_in:SensorIN:SmartXPro_IN,2029-W31,422,356.0,False
IN:leaf_in:SensorIN:SmartXPro_IN,2029-W32,417,350.0,False
IN:leaf_in:SensorIN:SmartXPro_IN,2029-W33,411,344.0,False
IN:leaf_in:SensorIN:SmartXPro_IN,2029-W34,406,339.0,False
IN:leaf_in:SensorIN:SmartXPro_IN,2029-W35,400,333.0,False
IN:leaf_in:SensorIN:SmartXPro_IN,2029-W36,394,328.0,False
IN:leaf_in:SensorIN:SmartXPro_IN,2029-W37,389,322.0,False
IN:leaf_in:SensorIN:SmartXPro_IN,2029-W38,383,317.0,False
IN:leaf_in:SensorIN:SmartXPro_IN,2029-W39,378,289.0,False
IN:leaf_in:SensorIN:SmartXPro_IN,2029-W40,372,283.0,False
IN:leaf_in:SensorIN:SmartXPro_IN,2029-W41,0,0.0,False
IN:leaf_in:SensorIN:SmartXPro_IN,2029-W42,361,278.0,False
IN:leaf_in:SensorIN:SmartXPro_IN,2029-W43,356,272.0,False
IN:leaf_in:SensorIN:SmartXPro_IN,2029-W44,350,267.0,False
IN:leaf_in:SensorIN:SmartXPro_IN,2029-W45,344,261.0,False
IN:leaf_in:SensorIN:SmartXPro_IN,2029-W46,339,256.0,False
IN:leaf_in:SensorIN:SmartXPro_IN,2029-W47,333,251.0,False
IN:leaf_in:SensorIN:SmartXPro_IN,2029-W48,328,246.0,False
IN:leaf_in:SensorIN:SmartXPro_IN,2029-W49,322,241.0,False
IN:leaf_in:SensorIN:SmartXPro_IN,2029-W50,317,236.0,False
IN:leaf_in:SensorIN:SmartXPro_IN,2029-W51,311,231.0,False
IN:leaf_in:SensorIN:SmartXPro_IN,2029-W52,306,226.0,False
IN:leaf_in:SensorIN:SmartXPro_IN,2030-W01,303,221.0,False
IN:leaf_in:SensorIN:SmartXPro_IN,2030-W02,299,217.0,False
IN:leaf_in:SensorIN:SmartXPro_IN,2030-W03,295,212.0,False
IN:leaf_in:SensorIN:SmartXPro_IN,2030-W04,291,207.0,False
IN:leaf_in:SensorIN:SmartXPro_IN,2030-W05,287,202.0,False
IN:leaf_in:SensorIN:SmartXPro_IN,2030-W06,284,197.0,False
IN:leaf_in:SensorIN:SmartXPro_IN,2030-W07,280,192.0,False
IN:leaf_in:SensorIN:SmartXPro_IN,2030-W08,276,187.0,False
IN:leaf_in:SensorIN:SmartXPro_IN,2030-W09,272,182.0,False
IN:leaf_in:SensorIN:SmartXPro_IN,2030-W10,268,177.0,False
IN:leaf_in:SensorIN:SmartXPro_IN,2030-W11,264,172.0,False
IN:leaf_in:SensorIN:SmartXPro_IN,2030-W12,260,167.0,False
IN:leaf_in:SensorIN:SmartXPro_IN,2030-W13,256,162.0,False
IN:leaf_in:SensorIN:SmartXPro_IN,2030-W14,253,157.0,False
IN:leaf_in:SensorIN:SmartXPro_IN,2030-W15,249,153.0,False
IN:leaf_in:SensorIN:SmartXPro_IN,2030-W16,245,148.0,False
IN:leaf_in:SensorIN:SmartXPro_IN,2030-W17,241,143.0,False
IN:leaf_in:SensorIN:SmartXPro_IN,2030-W18,237,138.0,False
IN:leaf_in:SensorIN:SmartXPro_IN,2030-W19,233,133.0,False
IN:leaf_in:SensorIN:SmartXPro_IN,2030-W20,229,128.0,False
IN:leaf_in:SensorIN:SmartXPro_IN,2030-W21,225,123.0,False
IN:leaf_in:SensorIN:SmartXPro_IN,2030-W22,221,118.0,False
IN:leaf_in:SensorIN:SmartXPro_IN,2030-W23,218,113.0,False
IN:leaf_in:SensorIN:SmartXPro_IN,2030-W24,214,108.0,False
IN:leaf_in:SensorIN:SmartXPro_IN,2030-W25,210,103.0,False
IN:leaf_in:SensorIN:SmartXPro_IN,2030-W26,206,98.0,False
IN:leaf_in:SensorIN:SmartXPro_IN,2030-W27,202,94.0,False
IN:leaf_in:SensorIN:SmartXPro_IN,2030-W28,198,89.0,False
IN:leaf_in:SensorIN:SmartXPro_IN,2030-W29,194,84.0,False
IN:leaf_in:SensorIN:SmartXPro_IN,2030-W30,190,79.0,False
IN:leaf_in:SensorIN:SmartXPro_IN,2030-W31,187,74.0,False
IN:leaf_in:SensorIN:SmartXPro_IN,2030-W32,183,69.0,False
IN:leaf_in:SensorIN:SmartXPro_IN,2030-W33,179,64.0,False
IN:leaf_in:SensorIN:SmartXPro_IN,2030-W34,175,59.0,False
IN:leaf_in:SensorIN:SmartXPro_IN,2030-W35,171,54.0,False
IN:leaf_in:SensorIN:SmartXPro_IN,2030-W36,167,49.0,False
IN:leaf_in:SensorIN:SmartXPro_IN,2030-W37,163,44.0,False
IN:leaf_in:SensorIN:SmartXPro_IN,2030-W38,159,73.0,False
IN:leaf_in:SensorIN:SmartXPro_IN,2030-W39,155,30.0,False
IN:leaf_in:SensorIN:SmartXPro_IN,2030-W40,152,25.0,False
IN:leaf_in:SensorIN:SmartXPro_IN,2030-W41,0,0.0,False
IN:leaf_in:SensorIN:SmartXPro_IN,2030-W42,144,20.0,False
IN:leaf_in:SensorIN:SmartXPro_IN,2030-W43,140,15.0,False
IN:leaf_in:SensorIN:SmartXPro_IN,2030-W44,136,10.0,False
IN:leaf_in:SensorIN:SmartXPro_IN,2030-W45,132,5.0,False
IN:leaf_in:SensorIN:SmartXPro_IN,2030-W46,128,0.0,False
IN:leaf_in:SensorIN:SmartXPro_IN,2030-W47,124,0.0,False
IN:leaf_in:SensorIN:SmartXPro_IN,2030-W48,121,0.0,False
IN:leaf_in:SensorIN:SmartXPro_IN,2030-W49,117,0.0,False
IN:leaf_in:SensorIN:SmartXPro_IN,2030-W50,113,0.0,False
IN:leaf_in:SensorIN:SmartXPro_IN,2030-W51,109,0.0,False
IN:leaf_in:SensorIN:SmartXPro_IN,2030-W52,105,0.0,False
IN:leaf_in:WaferFab_TW:SmartXPro_CN,2025-W36,20000,0.0,False
IN:leaf_in:WaferFab_TW:SmartXPro_CN,2025-W37,20000,0.0,False
IN:leaf_in:WaferFab_TW:SmartXPro_CN,2025-W38,20000,0.0,False
IN:leaf_in:WaferFab_TW:SmartXPro_CN,2025-W39,20000,0.0,False
IN:leaf_in:WaferFab_TW:SmartXPro_CN,2025-W40,20000,0.0,False
IN:leaf_in:WaferFab_TW:SmartXPro_CN,2025-W41,20000,0.0,False
IN:leaf_in:WaferFab_TW:SmartXPro_CN,2025-W42,20000,0.0,False
IN:leaf_in:WaferFab_TW:SmartXPro_CN,2025-W43,20000,0.0,False
IN:leaf_in:WaferFab_TW:SmartXPro_CN,2025-W44,20000,0.0,False
IN:leaf_in:WaferFab_TW:SmartXPro_CN,2025-W45,20000,0.0,False
IN:leaf_in:WaferFab_TW:SmartXPro_CN,2025-W46,20000,0.0,False
IN:leaf_in:WaferFab_TW:SmartXPro_CN,2025-W47,20000,0.0,False
IN:leaf_in:WaferFab_TW:SmartXPro_CN,2025-W48,20000,0.0,False
IN:leaf_in:WaferFab_TW:SmartXPro_CN,2025-W49,20000,0.0,False
IN:leaf_in:WaferFab_TW:SmartXPro_CN,2025-W50,20000,0.0,False
IN:leaf_in:WaferFab_TW:SmartXPro_CN,2025-W51,20000,0.0,False
IN:leaf_in:WaferFab_TW:SmartXPro_CN,2025-W52,20000,0.0,False
IN:leaf_in:WaferFab_TW:SmartXPro_CN,2026-W01,20000,0.0,False
IN:leaf_in:WaferFab_TW:SmartXPro_CN,2026-W02,20000,0.0,False
IN:leaf_in:WaferFab_TW:SmartXPro_CN,2026-W03,20000,0.0,False
IN:leaf_in:WaferFab_TW:SmartXPro_CN,2026-W04,20000,0.0,False
IN:leaf_in:WaferFab_TW:SmartXPro_CN,2026-W05,20000,630.0,False
IN:leaf_in:WaferFab_TW:SmartXPro_CN,2026-W06,20000,1350.0,False
IN:leaf_in:WaferFab_TW:SmartXPro_CN,2026-W07,20000,4050.0,False
IN:leaf_in:WaferFab_TW:SmartXPro_CN,2026-W08,0,0.0,False
IN:leaf_in:WaferFab_TW:SmartXPro_CN,2026-W09,0,0.0,False
IN:leaf_in:WaferFab_TW:SmartXPro_CN,2026-W10,20000,1350.0,False
IN:leaf_in:WaferFab_TW:SmartXPro_CN,2026-W11,20000,1350.0,False
IN:leaf_in:WaferFab_TW:SmartXPro_CN,2026-W12,20000,1350.0,False
IN:leaf_in:WaferFab_TW:SmartXPro_CN,2026-W13,20000,1350.0,False
IN:leaf_in:WaferFab_TW:SmartXPro_CN,2026-W14,20000,1350.0,False
IN:leaf_in:WaferFab_TW:SmartXPro_CN,2026-W15,20000,1350.0,False
IN:leaf_in:WaferFab_TW:SmartXPro_CN,2026-W16,20000,1350.0,False
IN:leaf_in:WaferFab_TW:SmartXPro_CN,2026-W17,20000,1350.0,False
IN:leaf_in:WaferFab_TW:SmartXPro_CN,2026-W18,20000,1350.0,False
IN:leaf_in:WaferFab_TW:SmartXPro_CN,2026-W19,20000,1350.0,False
IN:leaf_in:WaferFab_TW:SmartXPro_CN,2026-W20,20000,1350.0,False
IN:leaf_in:WaferFab_TW:SmartXPro_CN,2026-W21,20000,1350.0,False
IN:leaf_in:WaferFab_TW:SmartXPro_CN,2026-W22,20000,1350.0,False
IN:leaf_in:WaferFab_TW:SmartXPro_CN,2026-W23,20000,1350.0,False
IN:leaf_in:WaferFab_TW:SmartXPro_CN,2026-W24,20000,1350.0,False
IN:leaf_in:WaferFab_TW:SmartXPro_CN,2026-W25,20000,1350.0,False
IN:leaf_in:WaferFab_TW:SmartXPro_CN,2026-W26,20000,1350.0,False
IN:leaf_in:WaferFab_TW:SmartXPro_CN,2026-W27,20000,1350.0,False
IN:leaf_in:WaferFab_TW:SmartXPro_CN,2026-W28,20000,1350.0,False
IN:leaf_in:WaferFab_TW:SmartXPro_CN,2026-W29,20000,1350.0,False
IN:leaf_in:WaferFab_TW:SmartXPro_CN,2026-W30,20000,1350.0,False
IN:leaf_in:WaferFab_TW:SmartXPro_CN,2026-W31,20000,1347.0,False
IN:leaf_in:WaferFab_TW:SmartXPro_CN,2026-W32,20000,1341.0,False
IN:leaf_in:WaferFab_TW:SmartXPro_CN,2026-W33,20000,1334.0,False
IN:leaf_in:WaferFab_TW:SmartXPro_CN,2026-W34,20000,1327.0,False
IN:leaf_in:WaferFab_TW:SmartXPro_CN,2026-W35,20000,1321.0,False
IN:leaf_in:WaferFab_TW:SmartXPro_CN,2026-W36,20000,1313.0,False
IN:leaf_in:WaferFab_TW:SmartXPro_CN,2026-W37,20000,1306.0,False
IN:leaf_in:WaferFab_TW:SmartXPro_CN,2026-W38,20000,1300.0,False
IN:leaf_in:WaferFab_TW:SmartXPro_CN,2026-W39,20000,1293.0,False
IN:leaf_in:WaferFab_TW:SmartXPro_CN,2026-W40,20000,1287.0,False
IN:leaf_in:WaferFab_TW:SmartXPro_CN,2026-W41,20000,1281.0,False
IN:leaf_in:WaferFab_TW:SmartXPro_CN,2026-W42,20000,1274.0,False
IN:leaf_in:WaferFab_TW:SmartXPro_CN,2026-W43,20000,1267.0,False
IN:leaf_in:WaferFab_TW:SmartXPro_CN,2026-W44,20000,1261.0,False
IN:leaf_in:WaferFab_TW:SmartXPro_CN,2026-W45,20000,1253.0,False
IN:leaf_in:WaferFab_TW:SmartXPro_CN,2026-W46,20000,1246.0,False
IN:leaf_in:WaferFab_TW:SmartXPro_CN,2026-W47,20000,1240.0,False
IN:leaf_in:WaferFab_TW:SmartXPro_CN,2026-W48,20000,1233.0,False
IN:leaf_in:WaferFab_TW:SmartXPro_CN,2026-W49,20000,1227.0,False
IN:leaf_in:WaferFab_TW:SmartXPro_CN,2026-W50,20000,1221.0,False
IN:leaf_in:WaferFab_TW:SmartXPro_CN,2026-W51,20000,1214.0,False
IN:leaf_in:WaferFab_TW:SmartXPro_CN,2026-W52,20000,1207.0,False
IN:leaf_in:WaferFab_TW:SmartXPro_CN,2026-W53,20000,1201.0,False
IN:leaf_in:WaferFab_TW:SmartXPro_CN,2027-W01,20000,1193.0,False
IN:leaf_in:WaferFab_TW:SmartXPro_CN,2027-W02,20000,1186.0,False
IN:leaf_in:WaferFab_TW:SmartXPro_CN,2027-W03,20000,1180.0,False
IN:leaf_in:WaferFab_TW:SmartXPro_CN,2027-W04,20000,1169.0,False
IN:leaf_in:WaferFab_TW:SmartXPro_CN,2027-W05,20000,3457.0,False
IN:leaf_in:WaferFab_TW:SmartXPro_CN,2027-W06,0,0.0,False
IN:leaf_in:WaferFab_TW:SmartXPro_CN,2027-W07,0,0.0,False
IN:leaf_in:WaferFab_TW:SmartXPro_CN,2027-W08,20000,1138.0,False
IN:leaf_in:WaferFab_TW:SmartXPro_CN,2027-W09,20000,1131.0,False
IN:leaf_in:WaferFab_TW:SmartXPro_CN,2027-W10,20000,1123.0,False
IN:leaf_in:WaferFab_TW:SmartXPro_CN,2027-W11,20000,1116.0,False
IN:leaf_in:WaferFab_TW:SmartXPro_CN,2027-W12,20000,1109.0,False
IN:leaf_in:WaferFab_TW:SmartXPro_CN,2027-W13,20000,1102.0,False
IN:leaf_in:WaferFab_TW:SmartXPro_CN,2027-W14,20000,1095.0,False
IN:leaf_in:WaferFab_TW:SmartXPro_CN,2027-W15,20000,1087.0,False
IN:leaf_in:WaferFab_TW:SmartXPro_CN,2027-W16,20000,1206.0,False
IN:leaf_in:WaferFab_TW:SmartXPro_CN,2027-W17,20000,1350.0,False
IN:leaf_in:WaferFab_TW:SmartXPro_CN,2027-W18,20000,1350.0,False
IN:leaf_in:WaferFab_TW:SmartXPro_CN,2027-W19,20000,1350.0,False
IN:leaf_in:WaferFab_TW:SmartXPro_CN,2027-W20,20000,1350.0,False
IN:leaf_in:WaferFab_TW:SmartXPro_CN,2027-W21,20000,901.0,False
IN:leaf_in:WaferFab_TW:SmartXPro_CN,2027-W22,20000,901.0,False
IN:leaf_in:WaferFab_TW:SmartXPro_CN,2027-W23,20000,901.0,False
IN:leaf_in:WaferFab_TW:SmartXPro_CN,2027-W24,20000,901.0,False
IN:leaf_in:WaferFab_TW:SmartXPro_CN,2027-W25,20000,901.0,False
IN:leaf_in:WaferFab_TW:SmartXPro_CN,2027-W26,20000,901.0,False
IN:leaf_in:WaferFab_TW:SmartXPro_CN,2027-W27,20000,901.0,False
IN:leaf_in:WaferFab_TW:SmartXPro_CN,2027-W28,20000,901.0,False
IN:leaf_in:WaferFab_TW:SmartXPro_CN,2027-W29,20000,901.0,False
IN:leaf_in:WaferFab_TW:SmartXPro_CN,2027-W30,20000,901.0,False
IN:leaf_in:WaferFab_TW:SmartXPro_CN,2027-W31,20000,901.0,False
IN:leaf_in:WaferFab_TW:SmartXPro_CN,2027-W32,20000,901.0,False
IN:leaf_in:WaferFab_TW:SmartXPro_CN,2027-W33,20000,901.0,False
IN:leaf_in:WaferFab_TW:SmartXPro_CN,2027-W34,20000,901.0,False
IN:leaf_in:WaferFab_TW:SmartXPro_CN,2027-W35,20000,901.0,False
IN:leaf_in:WaferFab_TW:SmartXPro_CN,2027-W36,20000,901.0,False
IN:leaf_in:WaferFab_TW:SmartXPro_CN,2027-W37,20000,901.0,False
IN:leaf_in:WaferFab_TW:SmartXPro_CN,2027-W38,20000,901.0,False
IN:leaf_in:WaferFab_TW:SmartXPro_CN,2027-W39,20000,901.0,False
IN:leaf_in:WaferFab_TW:SmartXPro_CN,2027-W40,20000,901.0,False
IN:leaf_in:WaferFab_TW:SmartXPro_CN,2027-W41,20000,901.0,False
IN:leaf_in:WaferFab_TW:SmartXPro_CN,2027-W42,20000,901.0,False
IN:leaf_in:WaferFab_TW:SmartXPro_CN,2027-W43,20000,901.0,False
IN:leaf_in:WaferFab_TW:SmartXPro_CN,2027-W44,20000,894.0,False
IN:leaf_in:WaferFab_TW:SmartXPro_CN,2027-W45,20000,889.0,False
IN:leaf_in:WaferFab_TW:SmartXPro_CN,2027-W46,20000,884.0,False
IN:leaf_in:WaferFab_TW:SmartXPro_CN,2027-W47,20000,878.0,False
IN:leaf_in:WaferFab_TW:SmartXPro_CN,2027-W48,20000,872.0,False
IN:leaf_in:WaferFab_TW:SmartXPro_CN,2027-W49,20000,867.0,False
IN:leaf_in:WaferFab_TW:SmartXPro_CN,2027-W50,20000,861.0,False
IN:leaf_in:WaferFab_TW:SmartXPro_CN,2027-W51,20000,856.0,False
IN:leaf_in:WaferFab_TW:SmartXPro_CN,2027-W52,20000,851.0,False
IN:leaf_in:WaferFab_TW:SmartXPro_CN,2028-W01,20000,845.0,False
IN:leaf_in:WaferFab_TW:SmartXPro_CN,2028-W02,20000,839.0,False
IN:leaf_in:WaferFab_TW:SmartXPro_CN,2028-W03,20000,834.0,False
IN:leaf_in:WaferFab_TW:SmartXPro_CN,2028-W04,20000,2440.0,False
IN:leaf_in:WaferFab_TW:SmartXPro_CN,2028-W05,0,0.0,False
IN:leaf_in:WaferFab_TW:SmartXPro_CN,2028-W06,0,0.0,False
IN:leaf_in:WaferFab_TW:SmartXPro_CN,2028-W07,20000,796.0,False
IN:leaf_in:WaferFab_TW:SmartXPro_CN,2028-W08,20000,787.0,False
IN:leaf_in:WaferFab_TW:SmartXPro_CN,2028-W09,20000,780.0,False
IN:leaf_in:WaferFab_TW:SmartXPro_CN,2028-W10,20000,772.0,False
IN:leaf_in:WaferFab_TW:SmartXPro_CN,2028-W11,20000,763.0,False
IN:leaf_in:WaferFab_TW:SmartXPro_CN,2028-W12,20000,901.0,False
IN:leaf_in:WaferFab_TW:SmartXPro_CN,2028-W13,20000,901.0,False
IN:leaf_in:WaferFab_TW:SmartXPro_CN,2028-W14,20000,901.0,False
IN:leaf_in:WaferFab_TW:SmartXPro_CN,2028-W15,20000,901.0,False
IN:leaf_in:WaferFab_TW:SmartXPro_CN,2028-W16,20000,901.0,False
IN:leaf_in:WaferFab_TW:SmartXPro_CN,2028-W17,20000,901.0,False
IN:leaf_in:WaferFab_TW:SmartXPro_CN,2028-W18,20000,901.0,False
IN:leaf_in:WaferFab_TW:SmartXPro_CN,2028-W19,20000,901.0,False
IN:leaf_in:WaferFab_TW:SmartXPro_CN,2028-W20,20000,901.0,False
IN:leaf_in:WaferFab_TW:SmartXPro_CN,2028-W21,20000,451.0,False
IN:leaf_in:WaferFab_TW:SmartXPro_CN,2028-W22,20000,451.0,False
IN:leaf_in:WaferFab_TW:SmartXPro_CN,2028-W23,20000,451.0,False
IN:leaf_in:WaferFab_TW:SmartXPro_CN,2028-W24,20000,451.0,False
IN:leaf_in:WaferFab_TW:SmartXPro_CN,2028-W25,20000,451.0,False
IN:leaf_in:WaferFab_TW:SmartXPro_CN,2028-W26,20000,451.0,False
IN:leaf_in:WaferFab_TW:SmartXPro_CN,2028-W27,20000,451.0,False
IN:leaf_in:WaferFab_TW:SmartXPro_CN,2028-W28,20000,451.0,False
IN:leaf_in:WaferFab_TW:SmartXPro_CN,2028-W29,20000,451.0,False
IN:leaf_in:WaferFab_TW:SmartXPro_CN,2028-W30,20000,451.0,False
IN:leaf_in:WaferFab_TW:SmartXPro_CN,2028-W31,20000,451.0,False
IN:leaf_in:WaferFab_TW:SmartXPro_CN,2028-W32,20000,451.0,False
IN:leaf_in:WaferFab_TW:SmartXPro_CN,2028-W33,20000,451.0,False
IN:leaf_in:WaferFab_TW:SmartXPro_CN,2028-W34,20000,451.0,False
IN:leaf_in:WaferFab_TW:SmartXPro_CN,2028-W35,20000,451.0,False
IN:leaf_in:WaferFab_TW:SmartXPro_CN,2028-W36,20000,451.0,False
IN:leaf_in:WaferFab_TW:SmartXPro_CN,2028-W37,20000,451.0,False
IN:leaf_in:WaferFab_TW:SmartXPro_CN,2028-W38,20000,451.0,False
IN:leaf_in:WaferFab_TW:SmartXPro_CN,2028-W39,20000,451.0,False
IN:leaf_in:WaferFab_TW:SmartXPro_CN,2028-W40,20000,451.0,False
IN:leaf_in:WaferFab_TW:SmartXPro_CN,2028-W41,20000,451.0,False
IN:leaf_in:WaferFab_TW:SmartXPro_CN,2028-W42,20000,451.0,False
IN:leaf_in:WaferFab_TW:SmartXPro_CN,2028-W43,20000,451.0,False
IN:leaf_in:WaferFab_TW:SmartXPro_CN,2028-W44,20000,451.0,False
IN:leaf_in:WaferFab_TW:SmartXPro_CN,2028-W45,20000,451.0,False
IN:leaf_in:WaferFab_TW:SmartXPro_CN,2028-W46,20000,451.0,False
IN:leaf_in:WaferFab_TW:SmartXPro_CN,2028-W47,20000,451.0,False
IN:leaf_in:WaferFab_TW:SmartXPro_CN,2028-W48,20000,446.0,False
IN:leaf_in:WaferFab_TW:SmartXPro_CN,2028-W49,20000,437.0,False
IN:leaf_in:WaferFab_TW:SmartXPro_CN,2028-W50,20000,429.0,False
IN:leaf_in:WaferFab_TW:SmartXPro_CN,2028-W51,20000,421.0,False
IN:leaf_in:WaferFab_TW:SmartXPro_CN,2028-W52,20000,412.0,False
IN:leaf_in:WaferFab_TW:SmartXPro_CN,2029-W01,20000,405.0,False
IN:leaf_in:WaferFab_TW:SmartXPro_CN,2029-W02,20000,397.0,False
IN:leaf_in:WaferFab_TW:SmartXPro_CN,2029-W03,20000,1143.0,False
IN:leaf_in:WaferFab_TW:SmartXPro_CN,2029-W04,0,0.0,False
IN:leaf_in:WaferFab_TW:SmartXPro_CN,2029-W05,0,0.0,False
IN:leaf_in:WaferFab_TW:SmartXPro_CN,2029-W06,20000,366.0,False
IN:leaf_in:WaferFab_TW:SmartXPro_CN,2029-W07,20000,359.0,False
IN:leaf_in:WaferFab_TW:SmartXPro_CN,2029-W08,20000,351.0,False
IN:leaf_in:WaferFab_TW:SmartXPro_CN,2029-W09,20000,344.0,False
IN:leaf_in:WaferFab_TW:SmartXPro_CN,2029-W10,20000,336.0,False
IN:leaf_in:WaferFab_TW:SmartXPro_CN,2029-W11,20000,329.0,False
IN:leaf_in:WaferFab_TW:SmartXPro_CN,2029-W12,20000,321.0,False
IN:leaf_in:WaferFab_TW:SmartXPro_CN,2029-W13,20000,314.0,False
IN:leaf_in:WaferFab_TW:SmartXPro_CN,2029-W14,20000,307.0,False
IN:leaf_in:WaferFab_TW:SmartXPro_CN,2029-W15,20000,300.0,False
IN:leaf_in:WaferFab_TW:SmartXPro_CN,2029-W16,20000,293.0,False
IN:leaf_in:WaferFab_TW:SmartXPro_CN,2029-W17,20000,285.0,False
IN:leaf_in:WaferFab_TW:SmartXPro_CN,2029-W18,20000,278.0,False
IN:leaf_in:WaferFab_TW:SmartXPro_CN,2029-W19,20000,270.0,False
IN:leaf_in:WaferFab_TW:SmartXPro_CN,2029-W20,20000,263.0,False
IN:leaf_in:WaferFab_TW:SmartXPro_CN,2029-W21,20000,255.0,False
IN:leaf_in:WaferFab_TW:SmartXPro_CN,2029-W22,20000,248.0,False
IN:leaf_in:WaferFab_TW:SmartXPro_CN,2029-W23,20000,240.0,False
IN:leaf_in:WaferFab_TW:SmartXPro_CN,2029-W24,20000,233.0,False
IN:leaf_in:WaferFab_TW:SmartXPro_CN,2029-W25,20000,226.0,False
IN:leaf_in:WaferFab_TW:SmartXPro_CN,2029-W26,20000,218.0,False
IN:leaf_in:WaferFab_TW:SmartXPro_CN,2029-W27,20000,211.0,False
IN:leaf_in:WaferFab_TW:SmartXPro_CN,2029-W28,20000,203.0,False
IN:leaf_in:WaferFab_TW:SmartXPro_CN,2029-W29,20000,196.0,False
IN:leaf_in:WaferFab_TW:SmartXPro_CN,2029-W30,20000,188.0,False
IN:leaf_in:WaferFab_TW:SmartXPro_CN,2029-W31,20000,182.0,False
IN:leaf_in:WaferFab_TW:SmartXPro_CN,2029-W32,20000,174.0,False
IN:leaf_in:WaferFab_TW:SmartXPro_CN,2029-W33,20000,167.0,False
IN:leaf_in:WaferFab_TW:SmartXPro_CN,2029-W34,20000,159.0,False
IN:leaf_in:WaferFab_TW:SmartXPro_CN,2029-W35,20000,152.0,False
IN:leaf_in:WaferFab_TW:SmartXPro_CN,2029-W36,20000,145.0,False
IN:leaf_in:WaferFab_TW:SmartXPro_CN,2029-W37,20000,137.0,False
IN:leaf_in:WaferFab_TW:SmartXPro_CN,2029-W38,20000,130.0,False
IN:leaf_in:WaferFab_TW:SmartXPro_CN,2029-W39,20000,122.0,False
IN:leaf_in:WaferFab_TW:SmartXPro_CN,2029-W40,20000,115.0,False
IN:leaf_in:WaferFab_TW:SmartXPro_CN,2029-W41,20000,107.0,False
IN:leaf_in:WaferFab_TW:SmartXPro_CN,2029-W42,20000,100.0,False
IN:leaf_in:WaferFab_TW:SmartXPro_CN,2029-W43,20000,92.0,False
IN:leaf_in:WaferFab_TW:SmartXPro_CN,2029-W44,20000,85.0,False
IN:leaf_in:WaferFab_TW:SmartXPro_CN,2029-W45,20000,78.0,False
IN:leaf_in:WaferFab_TW:SmartXPro_CN,2029-W46,20000,70.0,False
IN:leaf_in:WaferFab_TW:SmartXPro_CN,2029-W47,20000,63.0,False
IN:leaf_in:WaferFab_TW:SmartXPro_CN,2029-W48,20000,56.0,False
IN:leaf_in:WaferFab_TW:SmartXPro_CN,2029-W49,20000,49.0,False
IN:leaf_in:WaferFab_TW:SmartXPro_CN,2029-W50,20000,41.0,False
IN:leaf_in:WaferFab_TW:SmartXPro_CN,2029-W51,20000,34.0,False
IN:leaf_in:WaferFab_TW:SmartXPro_CN,2029-W52,20000,26.0,False
IN:leaf_in:WaferFab_TW:SmartXPro_CN,2030-W01,20000,19.0,False
IN:leaf_in:WaferFab_TW:SmartXPro_CN,2030-W02,20000,11.0,False
IN:leaf_in:WaferFab_TW:SmartXPro_CN,2030-W03,20000,4.0,False
IN:leaf_in:WaferFab_TW:SmartXPro_CN,2030-W04,20000,0.0,False
IN:leaf_in:WaferFab_TW:SmartXPro_CN,2030-W05,0,0.0,False
IN:leaf_in:WaferFab_TW:SmartXPro_CN,2030-W06,0,0.0,False
IN:leaf_in:WaferFab_TW:SmartXPro_CN,2030-W07,20000,0.0,False
IN:leaf_in:WaferFab_TW:SmartXPro_CN,2030-W08,20000,0.0,False
IN:leaf_in:WaferFab_TW:SmartXPro_CN,2030-W09,20000,0.0,False
IN:leaf_in:WaferFab_TW:SmartXPro_CN,2030-W10,20000,0.0,False
IN:leaf_in:WaferFab_TW:SmartXPro_CN,2030-W11,20000,0.0,False
IN:leaf_in:WaferFab_TW:SmartXPro_CN,2030-W12,20000,0.0,False
IN:leaf_in:WaferFab_TW:SmartXPro_CN,2030-W13,20000,0.0,False
IN:leaf_in:WaferFab_TW:SmartXPro_CN,2030-W14,20000,0.0,False
IN:leaf_in:WaferFab_TW:SmartXPro_CN,2030-W15,20000,0.0,False
IN:leaf_in:WaferFab_TW:SmartXPro_CN,2030-W16,20000,0.0,False
IN:leaf_in:WaferFab_TW:SmartXPro_CN,2030-W17,20000,0.0,False
IN:leaf_in:WaferFab_TW:SmartXPro_CN,2030-W18,20000,0.0,False
IN:leaf_in:WaferFab_TW:SmartXPro_CN,2030-W19,20000,0.0,False
IN:leaf_in:WaferFab_TW:SmartXPro_CN,2030-W20,20000,0.0,False
IN:leaf_in:WaferFab_TW:SmartXPro_CN,2030-W21,20000,0.0,False
IN:leaf_in:WaferFab_TW:SmartXPro_CN,2030-W22,20000,0.0,False
IN:leaf_in:WaferFab_TW:SmartXPro_CN,2030-W23,20000,0.0,False
IN:leaf_in:WaferFab_TW:SmartXPro_CN,2030-W24,20000,0.0,False
IN:leaf_in:WaferFab_TW:SmartXPro_CN,2030-W25,20000,0.0,False
IN:leaf_in:WaferFab_TW:SmartXPro_CN,2030-W26,20000,0.0,False
IN:leaf_in:WaferFab_TW:SmartXPro_CN,2030-W27,20000,0.0,False
IN:leaf_in:WaferFab_TW:SmartXPro_CN,2030-W28,20000,0.0,False
IN:leaf_in:WaferFab_TW:SmartXPro_CN,2030-W29,20000,0.0,False
IN:leaf_in:WaferFab_TW:SmartXPro_CN,2030-W30,20000,0.0,False
IN:leaf_in:WaferFab_TW:SmartXPro_CN,2030-W31,20000,0.0,False
IN:leaf_in:WaferFab_TW:SmartXPro_CN,2030-W32,20000,0.0,False
IN:leaf_in:WaferFab_TW:SmartXPro_CN,2030-W33,20000,0.0,False
IN:leaf_in:WaferFab_TW:SmartXPro_CN,2030-W34,20000,0.0,False
IN:leaf_in:WaferFab_TW:SmartXPro_CN,2030-W35,20000,0.0,False
IN:leaf_in:WaferFab_TW:SmartXPro_CN,2030-W36,20000,0.0,False
IN:leaf_in:WaferFab_TW:SmartXPro_CN,2030-W37,20000,0.0,False
IN:leaf_in:WaferFab_TW:SmartXPro_CN,2030-W38,20000,0.0,False
IN:leaf_in:WaferFab_TW:SmartXPro_CN,2030-W39,20000,0.0,False
IN:leaf_in:WaferFab_TW:SmartXPro_CN,2030-W40,20000,0.0,False
IN:leaf_in:WaferFab_TW:SmartXPro_CN,2030-W41,20000,0.0,False
IN:leaf_in:WaferFab_TW:SmartXPro_CN,2030-W42,20000,0.0,False
IN:leaf_in:WaferFab_TW:SmartXPro_CN,2030-W43,20000,0.0,False
IN:leaf_in:WaferFab_TW:SmartXPro_CN,2030-W44,20000,0.0,False
IN:leaf_in:WaferFab_TW:SmartXPro_CN,2030-W45,20000,0.0,False
IN:leaf_in:WaferFab_TW:SmartXPro_CN,2030-W46,20000,0.0,False
IN:leaf_in:WaferFab_TW:SmartXPro_CN,2030-W47,20000,0.0,False
IN:leaf_in:WaferFab_TW:SmartXPro_CN,2030-W48,20000,0.0,False
IN:leaf_in:WaferFab_TW:SmartXPro_CN,2030-W49,20000,0.0,False
IN:leaf_in:WaferFab_TW:SmartXPro_CN,2030-W50,20000,0.0,False
IN:leaf_in:WaferFab_TW:SmartXPro_CN,2030-W51,20000,0.0,False
IN:leaf_in:WaferFab_TW:SmartXPro_CN,2030-W52,20000,0.0,False
IN:leaf_in:WaferFab_TW_g1:SmartX,2025-W36,,0.0,True
IN:leaf_in:WaferFab_TW_g1:SmartX,2025-W37,,0.0,True
IN:leaf_in:WaferFab_TW_g1:SmartX,2025-W38,,0.0,True
IN:leaf_in:WaferFab_TW_g1:SmartX,2025-W39,,366.0,True
IN:leaf_in:WaferFab_TW_g1:SmartX,2025-W40,,1305.0,True
IN:leaf_in:WaferFab_TW_g1:SmartX,2025-W41,,1300.0,True
IN:leaf_in:WaferFab_TW_g1:SmartX,2025-W42,,1293.0,True
IN:leaf_in:WaferFab_TW_g1:SmartX,2025-W43,,1289.0,True
IN:leaf_in:WaferFab_TW_g1:SmartX,2025-W44,,1283.0,True
IN:leaf_in:WaferFab_TW_g1:SmartX,2025-W45,,1276.0,True
IN:leaf_in:WaferFab_TW_g1:SmartX,2025-W46,,1271.0,True
IN:leaf_in:WaferFab_TW_g1:SmartX,2025-W47,,1265.0,True
IN:leaf_in:WaferFab_TW_g1:SmartX,2025-W48,,1259.0,True
IN:leaf_in:WaferFab_TW_g1:SmartX,2025-W49,,1254.0,True
IN:leaf_in:WaferFab_TW_g1:SmartX,2025-W50,,1248.0,True
IN:leaf_in:WaferFab_TW_g1:SmartX,2025-W51,,1243.0,True
IN:leaf_in:WaferFab_TW_g1:SmartX,2025-W52,,1236.0,True
IN:leaf_in:WaferFab_TW_g1:SmartX,2026-W01,,1230.0,True
IN:leaf_in:WaferFab_TW_g1:SmartX,2026-W02,,1225.0,True
IN:leaf_in:WaferFab_TW_g1:SmartX,2026-W03,,1219.0,True
IN:leaf_in:WaferFab_TW_g1:SmartX,2026-W04,,1214.0,True
IN:leaf_in:WaferFab_TW_g1:SmartX,2026-W05,,1208.0,True
IN:leaf_in:WaferFab_TW_g1:SmartX,2026-W06,,3587.0,True
IN:leaf_in:WaferFab_TW_g1:SmartX,2026-W07,,1185.0,True
IN:leaf_in:WaferFab_TW_g1:SmartX,2026-W08,0,0.0,False
IN:leaf_in:WaferFab_TW_g1:SmartX,2026-W09,0,0.0,False
IN:leaf_in:WaferFab_TW_g1:SmartX,2026-W10,,1179.0,True
IN:leaf_in:WaferFab_TW_g1:SmartX,2026-W11,,1173.0,True
IN:leaf_in:WaferFab_TW_g1:SmartX,2026-W12,,1168.0,True
IN:leaf_in:WaferFab_TW_g1:SmartX,2026-W13,,1161.0,True
IN:leaf_in:WaferFab_TW_g1:SmartX,2026-W14,,1155.0,True
IN:leaf_in:WaferFab_TW_g1:SmartX,2026-W15,,1151.0,True
IN:leaf_in:WaferFab_TW_g1:SmartX,2026-W16,,1144.0,True
IN:leaf_in:WaferFab_TW_g1:SmartX,2026-W17,,1139.0,True
IN:leaf_in:WaferFab_TW_g1:SmartX,2026-W18,,1133.0,True
IN:leaf_in:WaferFab_TW_g1:SmartX,2026-W19,,1126.0,True
IN:leaf_in:WaferFab_TW_g1:SmartX,2026-W20,,1122.0,True
IN:leaf_in:WaferFab_TW_g1:SmartX,2026-W21,,1116.0,True
IN:leaf_in:WaferFab_TW_g1:SmartX,2026-W22,,1110.0,True
IN:leaf_in:WaferFab_TW_g1:SmartX,2026-W23,,1104.0,True
IN:leaf_in:WaferFab_TW_g1:SmartX,2026-W24,,1098.0,True
IN:leaf_in:WaferFab_TW_g1:SmartX,2026-W25,,1093.0,True
IN:leaf_in:WaferFab_TW_g1:SmartX,2026-W26,,1087.0,True
IN:leaf_in:WaferFab_TW_g1:SmartX,2026-W27,,1081.0,True
IN:leaf_in:WaferFab_TW_g1:SmartX,2026-W28,,1076.0,True
IN:leaf_in:WaferFab_TW_g1:SmartX,2026-W29,,1069.0,True
IN:leaf_in:WaferFab_TW_g1:SmartX,2026-W30,,1064.0,True
IN:leaf_in:WaferFab_TW_g1:SmartX,2026-W31,,1058.0,True
IN:leaf_in:WaferFab_TW_g1:SmartX,2026-W32,,1052.0,True
IN:leaf_in:WaferFab_TW_g1:SmartX,2026-W33,,1047.0,True
IN:leaf_in:WaferFab_TW_g1:SmartX,2026-W34,,1041.0,True
IN:leaf_in:WaferFab_TW_g1:SmartX,2026-W35,,1035.0,True
IN:leaf_in:WaferFab_TW_g1:SmartX,2026-W36,,1029.0,True
IN:leaf_in:WaferFab_TW_g1:SmartX,2026-W37,,1023.0,True
IN:leaf_in:WaferFab_TW_g1:SmartX,2026-W38,,1019.0,True
IN:leaf_in:WaferFab_TW_g1:SmartX,2026-W39,,1012.0,True
IN:leaf_in:WaferFab_TW_g1:SmartX,2026-W40,,1006.0,True
IN:leaf_in:WaferFab_TW_g1:SmartX,2026-W41,,1000.0,True
IN:leaf_in:WaferFab_TW_g1:SmartX,2026-W42,,1000.0,True
IN:leaf_in:WaferFab_TW_g1:SmartX,2026-W43,,1000.0,True
IN:leaf_in:WaferFab_TW_g1:SmartX,2026-W44,,1000.0,True
IN:leaf_in:WaferFab_TW_g1:SmartX,2026-W45,,1000.0,True
IN:leaf_in:WaferFab_TW_g1:SmartX,2026-W46,,1000.0,True
IN:leaf_in:WaferFab_TW_g1:SmartX,2026-W47,,1000.0,True
IN:leaf_in:WaferFab_TW_g1:SmartX,2026-W48,,1000.0,True
IN:leaf_in:WaferFab_TW_g1:SmartX,2026-W49,,1000.0,True
IN:leaf_in:WaferFab_TW_g1:SmartX,2026-W50,,1000.0,True
IN:leaf_in:WaferFab_TW_g1:SmartX,2026-W51,,1000.0,True
IN:leaf_in:WaferFab_TW_g1:SmartX,2026-W52,,1000.0,True
IN:leaf_in:WaferFab_TW_g1:SmartX,2026-W53,,1000.0,True
IN:leaf_in:WaferFab_TW_g1:SmartX,2027-W01,,1000.0,True
IN:leaf_in:WaferFab_TW_g1:SmartX,2027-W02,,1000.0,True
IN:leaf_in:WaferFab_TW_g1:SmartX,2027-W03,,1000.0,True
IN:leaf_in:WaferFab_TW_g1:SmartX,2027-W04,,3000.0,True
IN:leaf_in:WaferFab_TW_g1:SmartX,2027-W05,,1000.0,True
IN:leaf_in:WaferFab_TW_g1:SmartX,2027-W06,0,0.0,False
IN:leaf_in:WaferFab_TW_g1:SmartX,2027-W07,0,0.0,False
IN:leaf_in:WaferFab_TW_g1:SmartX,2027-W08,,1000.0,True
IN:leaf_in:WaferFab_TW_g1:SmartX,2027-W09,,1000.0,True
IN:leaf_in:WaferFab_TW_g1:SmartX,2027-W10,,1000.0,True
IN:leaf_in:WaferFab_TW_g1:SmartX,2027-W11,,1000.0,True
IN:leaf_in:WaferFab_TW_g1:SmartX,2027-W12,,1000.0,True
IN:leaf_in:WaferFab_TW_g1:SmartX,2027-W13,,997.0,True
IN:leaf_in:WaferFab_TW_g1:SmartX,2027-W14,,988.0,True
IN:leaf_in:WaferFab_TW_g1:SmartX,2027-W15,,979.0,True
IN:leaf_in:WaferFab_TW_g1:SmartX,2027-W16,,970.0,True
IN:leaf_in:WaferFab_TW_g1:SmartX,2027-W17,,960.0,True
IN:leaf_in:WaferFab_TW_g1:SmartX,2027-W18,,951.0,True
IN:leaf_in:WaferFab_TW_g1:SmartX,2027-W19,,942.0,True
IN:leaf_in:WaferFab_TW_g1:SmartX,2027-W20,,932.0,True
IN:leaf_in:WaferFab_TW_g1:SmartX,2027-W21,,923.0,True
IN:leaf_in:WaferFab_TW_g1:SmartX,2027-W22,,915.0,True
IN:leaf_in:WaferFab_TW_g1:SmartX,2027-W23,,904.0,True
IN:leaf_in:WaferFab_TW_g1:SmartX,2027-W24,,895.0,True
IN:leaf_in:WaferFab_TW_g1:SmartX,2027-W25,,887.0,True
IN:leaf_in:WaferFab_TW_g1:SmartX,2027-W26,,878.0,True
IN:leaf_in:WaferFab_TW_g1:SmartX,2027-W27,,867.0,True
IN:leaf_in:WaferFab_TW_g1:SmartX,2027-W28,,858.0,True
IN:leaf_in:WaferFab_TW_g1:SmartX,2027-W29,,850.0,True
IN:leaf_in:WaferFab_TW_g1:SmartX,2027-W30,,840.0,True
IN:leaf_in:WaferFab_TW_g1:SmartX,2027-W31,,830.0,True
IN:leaf_in:WaferFab_TW_g1:SmartX,2027-W32,,822.0,True
IN:leaf_in:WaferFab_TW_g1:SmartX,2027-W33,,812.0,True
IN:leaf_in:WaferFab_TW_g1:SmartX,2027-W34,,803.0,True
IN:leaf_in:WaferFab_TW_g1:SmartX,2027-W35,,794.0,True
IN:leaf_in:WaferFab_TW_g1:SmartX,2027-W36,,785.0,True
IN:leaf_in:WaferFab_TW_g1:SmartX,2027-W37,,775.0,True
IN:leaf_in:WaferFab_TW_g1:SmartX,2027-W38,,766.0,True
IN:leaf_in:WaferFab_TW_g1:SmartX,2027-W39,,754.0,True
IN:leaf_in:WaferFab_TW_g1:SmartX,2027-W40,,738.0,True
IN:leaf_in:WaferFab_TW_g1:SmartX,2027-W41,,729.0,True
IN:leaf_in:WaferFab_TW_g1:SmartX,2027-W42,,720.0,True
IN:leaf_in:WaferFab_TW_g1:SmartX,2027-W43,,710.0,True
IN:leaf_in:WaferFab_TW_g1:SmartX,2027-W44,,701.0,True
IN:leaf_in:WaferFab_TW_g1:SmartX,2027-W45,,692.0,True
IN:leaf_in:WaferFab_TW_g1:SmartX,2027-W46,,682.0,True
IN:leaf_in:WaferFab_TW_g1:SmartX,2027-W47,,673.0,True
IN:leaf_in:WaferFab_TW_g1:SmartX,2027-W48,,665.0,True
IN:leaf_in:WaferFab_TW_g1:SmartX,2027-W49,,654.0,True
IN:leaf_in:WaferFab_TW_g1:SmartX,2027-W50,,645.0,True
IN:leaf_in:WaferFab_TW_g1:SmartX,2027-W51,,637.0,True
IN:leaf_in:WaferFab_TW_g1:SmartX,2027-W52,,628.0,True
IN:leaf_in:WaferFab_TW_g1:SmartX,2028-W01,,617.0,True
IN:leaf_in:WaferFab_TW_g1:SmartX,2028-W02,,608.0,True
IN:leaf_in:WaferFab_TW_g1:SmartX,2028-W03,,1770.0,True
IN:leaf_in:WaferFab_TW_g1:SmartX,2028-W04,,572.0,True
IN:leaf_in:WaferFab_TW_g1:SmartX,2028-W05,0,0.0,False
IN:leaf_in:WaferFab_TW_g1:SmartX,2028-W06,0,0.0,False
IN:leaf_in:WaferFab_TW_g1:SmartX,2028-W07,,562.0,True
IN:leaf_in:WaferFab_TW_g1:SmartX,2028-W08,,553.0,True
IN:leaf_in:WaferFab_TW_g1:SmartX,2028-W09,,544.0,True
IN:leaf_in:WaferFab_TW_g1:SmartX,2028-W10,,535.0,True
IN:leaf_in:WaferFab_TW_g1:SmartX,2028-W11,,525.0,True
IN:leaf_in:WaferFab_TW_g1:SmartX,2028-W12,,516.0,True
IN:leaf_in:WaferFab_TW_g1:SmartX,2028-W13,,505.0,True
IN:leaf_in:WaferFab_TW_g1:SmartX,2028-W14,,491.0,True
IN:leaf_in:WaferFab_TW_g1:SmartX,2028-W15,,485.0,True
IN:leaf_in:WaferFab_TW_g1:SmartX,2028-W16,,479.0,True
IN:leaf_in:WaferFab_TW_g1:SmartX,2028-W17,,473.0,True
IN:leaf_in:WaferFab_TW_g1:SmartX,2028-W18,,466.0,True
IN:leaf_in:WaferFab_TW_g1:SmartX,2028-W19,,458.0,True
IN:leaf_in:WaferFab_TW_g1:SmartX,2028-W20,,453.0,True
IN:leaf_in:WaferFab_TW_g1:SmartX,2028-W21,,446.0,True
IN:leaf_in:WaferFab_TW_g1:SmartX,2028-W22,,441.0,True
IN:leaf_in:WaferFab_TW_g1:SmartX,2028-W23,,433.0,True
IN:leaf_in:WaferFab_TW_g1:SmartX,2028-W24,,426.0,True
IN:leaf_in:WaferFab_TW_g1:SmartX,2028-W25,,420.0,True
IN:leaf_in:WaferFab_TW_g1:SmartX,2028-W26,,414.0,True
IN:leaf_in:WaferFab_TW_g1:SmartX,2028-W27,,408.0,True
IN:leaf_in:WaferFab_TW_g1:SmartX,2028-W28,,401.0,True
IN:leaf_in:WaferFab_TW_g1:SmartX,2028-W29,,395.0,True
IN:leaf_in:WaferFab_TW_g1:SmartX,2028-W30,,388.0,True
IN:leaf_in:WaferFab_TW_g1:SmartX,2028-W31,,381.0,True
IN:leaf_in:WaferFab_TW_g1:SmartX,2028-W32,,376.0,True
IN:leaf_in:WaferFab_TW_g1:SmartX,2028-W33,,368.0,True
IN:leaf_in:WaferFab_TW_g1:SmartX,2028-W34,,363.0,True
IN:leaf_in:WaferFab_TW_g1:SmartX,2028-W35,,355.0,True
IN:leaf_in:WaferFab_TW_g1:SmartX,2028-W36,,349.0,True
IN:leaf_in:WaferFab_TW_g1:SmartX,2028-W37,,342.0,True
IN:leaf_in:WaferFab_TW_g1:SmartX,2028-W38,,336.0,True
IN:leaf_in:WaferFab_TW_g1:SmartX,2028-W39,,329.0,True
IN:leaf_in:WaferFab_TW_g1:SmartX,2028-W40,,318.0,True
IN:leaf_in:WaferFab_TW_g1:SmartX,2028-W41,,314.0,True
IN:leaf_in:WaferFab_TW_g1:SmartX,2028-W42,,309.0,True
IN:leaf_in:WaferFab_TW_g1:SmartX,2028-W43,,306.0,True
IN:leaf_in:WaferFab_TW_g1:SmartX,2028-W44,,301.0,True
IN:leaf_in:WaferFab_TW_g1:SmartX,2028-W45,,296.0,True
IN:leaf_in:WaferFab_TW_g1:SmartX,2028-W46,,291.0,True
IN:leaf_in:WaferFab_TW_g1:SmartX,2028-W47,,286.0,True
IN:leaf_in:WaferFab_TW_g1:SmartX,2028-W48,,281.0,True
IN:leaf_in:WaferFab_TW_g1:SmartX,2028-W49,,277.0,True
IN:leaf_in:WaferFab_TW_g1:SmartX,2028-W50,,274.0,True
IN:leaf_in:WaferFab_TW_g1:SmartX,2028-W51,,268.0,True
IN:leaf_in:WaferFab_TW_g1:SmartX,2028-W52,,264.0,True
IN:leaf_in:WaferFab_TW_g1:SmartX,2029-W01,,258.0,True
IN:leaf_in:WaferFab_TW_g1:SmartX,2029-W02,,749.0,True
IN:leaf_in:WaferFab_TW_g1:SmartX,2029-W03,,241.0,True
IN:leaf_in:WaferFab_TW_g1:SmartX,2029-W04,0,0.0,False
IN:leaf_in:WaferFab_TW_g1:SmartX,2029-W05,0,0.0,False
IN:leaf_in:WaferFab_TW_g1:SmartX,2029-W06,,236.0,True
IN:leaf_in:WaferFab_TW_g1:SmartX,2029-W07,,231.0,True
IN:leaf_in:WaferFab_TW_g1:SmartX,2029-W08,,226.0,True
IN:leaf_in:WaferFab_TW_g1:SmartX,2029-W09,,221.0,True
IN:leaf_in:WaferFab_TW_g1:SmartX,2029-W10,,217.0,True
IN:leaf_in:WaferFab_TW_g1:SmartX,2029-W11,,214.0,True
IN:leaf_in:WaferFab_TW_g1:SmartX,2029-W12,,208.0,True
IN:leaf_in:WaferFab_TW_g1:SmartX,2029-W13,,203.0,True
IN:leaf_in:WaferFab_TW_g1:SmartX,2029-W14,,196.0,True
IN:leaf_in:WaferFab_TW_g1:SmartX,2029-W15,,192.0,True
IN:leaf_in:WaferFab_TW_g1:SmartX,2029-W16,,189.0,True
IN:leaf_in:WaferFab_TW_g1:SmartX,2029-W17,,184.0,True
IN:leaf_in:WaferFab_TW_g1:SmartX,2029-W18,,181.0,True
IN:leaf_in:WaferFab_TW_g1:SmartX,2029-W19,,177.0,True
IN:leaf_in:WaferFab_TW_g1:SmartX,2029-W20,,174.0,True
IN:leaf_in:WaferFab_TW_g1:SmartX,2029-W21,,169.0,True
IN:leaf_in:WaferFab_TW_g1:SmartX,2029-W22,,167.0,True
IN:leaf_in:WaferFab_TW_g1:SmartX,2029-W23,,162.0,True
IN:leaf_in:WaferFab_TW_g1:SmartX,2029-W24,,158.0,True
IN:leaf_in:WaferFab_TW_g1:SmartX,2029-W25,,155.0,True
IN:leaf_in:WaferFab_TW_g1:SmartX,2029-W26,,151.0,True
IN:leaf_in:WaferFab_TW_g1:SmartX,2029-W27,,147.0,True
IN:leaf_in:WaferFab_TW_g1:SmartX,2029-W28,,143.0,True
IN:leaf_in:WaferFab_TW_g1:SmartX,2029-W29,,139.0,True
IN:leaf_in:WaferFab_TW_g1:SmartX,2029-W30,,136.0,True
IN:leaf_in:WaferFab_TW_g1:SmartX,2029-W31,,131.0,True
IN:leaf_in:WaferFab_TW_g1:SmartX,2029-W32,,129.0,True
IN:leaf_in:WaferFab_TW_g1:SmartX,2029-W33,,124.0,True
IN:leaf_in:WaferFab_TW_g1:SmartX,2029-W34,,121.0,True
IN:leaf_in:WaferFab_TW_g1:SmartX,2029-W35,,117.0,True
IN:leaf_in:WaferFab_TW_g1:SmartX,2029-W36,,114.0,True
IN:leaf_in:WaferFab_TW_g1:SmartX,2029-W37,,109.0,True
IN:leaf_in:WaferFab_TW_g1:SmartX,2029-W38,,106.0,True
IN:leaf_in:WaferFab_TW_g1:SmartX,2029-W39,,102.0,True
IN:leaf_in:WaferFab_TW_g1:SmartX,2029-W40,,99.0,True
IN:leaf_in:WaferFab_TW_g1:SmartX,2029-W41,,95.0,True
IN:leaf_in:WaferFab_TW_g1:SmartX,2029-W42,,92.0,True
IN:leaf_in:WaferFab_TW_g1:SmartX,2029-W43,,87.0,True
IN:leaf_in:WaferFab_TW_g1:SmartX,2029-W44,,84.0,True
IN:leaf_in:WaferFab_TW_g1:SmartX,2029-W45,,80.0,True
IN:leaf_in:WaferFab_TW_g1:SmartX,2029-W46,,76.0,True
IN:leaf_in:WaferFab_TW_g1:SmartX,2029-W47,,71.0,True
IN:leaf_in:WaferFab_TW_g1:SmartX,2029-W48,,68.0,True
IN:leaf_in:WaferFab_TW_g1:SmartX,2029-W49,,64.0,True
IN:leaf_in:WaferFab_TW_g1:SmartX,2029-W50,,61.0,True
IN:leaf_in:WaferFab_TW_g1:SmartX,2029-W51,,56.0,True
IN:leaf_in:WaferFab_TW_g1:SmartX,2029-W52,,53.0,True
IN:leaf_in:WaferFab_TW_g1:SmartX,2030-W01,,49.0,True
IN:leaf_in:WaferFab_TW_g1:SmartX,2030-W02,,45.0,True
IN:leaf_in:WaferFab_TW_g1:SmartX,2030-W03,,113.0,True
IN:leaf_in:WaferFab_TW_g1:SmartX,2030-W04,,30.0,True
IN:leaf_in:WaferFab_TW_g1:SmartX,2030-W05,0,0.0,False
IN:leaf_in:WaferFab_TW_g1:SmartX,2030-W06,0,0.0,False
IN:leaf_in:WaferFab_TW_g1:SmartX,2030-W07,,26.0,True
IN:leaf_in:WaferFab_TW_g1:SmartX,2030-W08,,21.0,True
IN:leaf_in:WaferFab_TW_g1:SmartX,2030-W09,,18.0,True
IN:leaf_in:WaferFab_TW_g1:SmartX,2030-W10,,14.0,True
IN:leaf_in:WaferFab_TW_g1:SmartX,2030-W11,,11.0,True
IN:leaf_in:WaferFab_TW_g1:SmartX,2030-W12,,6.0,True
IN:leaf_in:WaferFab_TW_g1:SmartX,2030-W13,,3.0,True
IN:leaf_in:WaferFab_TW_g1:SmartX,2030-W14,,0.0,True
IN:leaf_in:WaferFab_TW_g1:SmartX,2030-W15,,0.0,True
IN:leaf_in:WaferFab_TW_g1:SmartX,2030-W16,,0.0,True
IN:leaf_in:WaferFab_TW_g1:SmartX,2030-W17,,0.0,True
IN:leaf_in:WaferFab_TW_g1:SmartX,2030-W18,,0.0,True
IN:leaf_in:WaferFab_TW_g1:SmartX,2030-W19,,0.0,True
IN:leaf_in:WaferFab_TW_g1:SmartX,2030-W20,,0.0,True
IN:leaf_in:WaferFab_TW_g1:SmartX,2030-W21,,0.0,True
IN:leaf_in:WaferFab_TW_g1:SmartX,2030-W22,,0.0,True
IN:leaf_in:WaferFab_TW_g1:SmartX,2030-W23,,0.0,True
IN:leaf_in:WaferFab_TW_g1:SmartX,2030-W24,,0.0,True
IN:leaf_in:WaferFab_TW_g1:SmartX,2030-W25,,0.0,True
IN:leaf_in:WaferFab_TW_g1:SmartX,2030-W26,,0.0,True
IN:leaf_in:WaferFab_TW_g1:SmartX,2030-W27,,0.0,True
IN:leaf_in:WaferFab_TW_g1:SmartX,2030-W28,,0.0,True
IN:leaf_in:WaferFab_TW_g1:SmartX,2030-W29,,0.0,True
IN:leaf_in:WaferFab_TW_g1:SmartX,2030-W30,,0.0,True
IN:leaf_in:WaferFab_TW_g1:SmartX,2030-W31,,0.0,True
IN:leaf_in:WaferFab_TW_g1:SmartX,2030-W32,,0.0,True
IN:leaf_in:WaferFab_TW_g1:SmartX,2030-W33,,0.0,True
IN:leaf_in:WaferFab_TW_g1:SmartX,2030-W34,,0.0,True
IN:leaf_in:WaferFab_TW_g1:SmartX,2030-W35,,0.0,True
IN:leaf_in:WaferFab_TW_g1:SmartX,2030-W36,,0.0,True
IN:leaf_in:WaferFab_TW_g1:SmartX,2030-W37,,0.0,True
IN:leaf_in:WaferFab_TW_g1:SmartX,2030-W38,,0.0,True
IN:leaf_in:WaferFab_TW_g1:SmartX,2030-W39,,0.0,True
IN:leaf_in:WaferFab_TW_g1:SmartX,2030-W40,,0.0,True
IN:leaf_in:WaferFab_TW_g1:SmartX,2030-W41,,0.0,True
IN:leaf_in:WaferFab_TW_g1:SmartX,2030-W42,,0.0,True
IN:leaf_in:WaferFab_TW_g1:SmartX,2030-W43,,0.0,True
IN:leaf_in:WaferFab_TW_g1:SmartX,2030-W44,,0.0,True
IN:leaf_in:WaferFab_TW_g1:SmartX,2030-W45,,0.0,True
IN:leaf_in:WaferFab_TW_g1:SmartX,2030-W46,,0.0,True
IN:leaf_in:WaferFab_TW_g1:SmartX,2030-W47,,0.0,True
IN:leaf_in:WaferFab_TW_g1:SmartX,2030-W48,,0.0,True
IN:leaf_in:WaferFab_TW_g1:SmartX,2030-W49,,0.0,True
IN:leaf_in:WaferFab_TW_g1:SmartX,2030-W50,,0.0,True
IN:leaf_in:WaferFab_TW_g1:SmartX,2030-W51,,0.0,True
IN:leaf_in:WaferFab_TW_g1:SmartX,2030-W52,,0.0,True
IN:leaf_in:WaferFab_TW_g3:SmartXNext,2025-W36,,0.0,True
IN:leaf_in:WaferFab_TW_g3:SmartXNext,2025-W37,,0.0,True
IN:leaf_in:WaferFab_TW_g3:SmartXNext,2025-W38,,0.0,True
IN:leaf_in:WaferFab_TW_g3:SmartXNext,2025-W39,,0.0,True
IN:leaf_in:WaferFab_TW_g3:SmartXNext,2025-W40,,0.0,True
IN:leaf_in:WaferFab_TW_g3:SmartXNext,2025-W41,,0.0,True
IN:leaf_in:WaferFab_TW_g3:SmartXNext,2025-W42,,0.0,True
IN:leaf_in:WaferFab_TW_g3:SmartXNext,2025-W43,,0.0,True
IN:leaf_in:WaferFab_TW_g3:SmartXNext,2025-W44,,0.0,True
IN:leaf_in:WaferFab_TW_g3:SmartXNext,2025-W45,,0.0,True
IN:leaf_in:WaferFab_TW_g3:SmartXNext,2025-W46,,0.0,True
IN:leaf_in:WaferFab_TW_g3:SmartXNext,2025-W47,,0.0,True
IN:leaf_in:WaferFab_TW_g3:SmartXNext,2025-W48,,0.0,True
IN:leaf_in:WaferFab_TW_g3:SmartXNext,2025-W49,,0.0,True
IN:leaf_in:WaferFab_TW_g3:SmartXNext,2025-W50,,0.0,True
IN:leaf_in:WaferFab_TW_g3:SmartXNext,2025-W51,,0.0,True
IN:leaf_in:WaferFab_TW_g3:SmartXNext,2025-W52,,0.0,True
IN:leaf_in:WaferFab_TW_g3:SmartXNext,2026-W01,,0.0,True
IN:leaf_in:WaferFab_TW_g3:SmartXNext,2026-W02,,0.0,True
IN:leaf_in:WaferFab_TW_g3:SmartXNext,2026-W03,,0.0,True
IN:leaf_in:WaferFab_TW_g3:SmartXNext,2026-W04,,0.0,True
IN:leaf_in:WaferFab_TW_g3:SmartXNext,2026-W05,,0.0,True
IN:leaf_in:WaferFab_TW_g3:SmartXNext,2026-W06,,0.0,True
IN:leaf_in:WaferFab_TW_g3:SmartXNext,2026-W07,,0.0,True
IN:leaf_in:WaferFab_TW_g3:SmartXNext,2026-W08,0,0.0,False
IN:leaf_in:WaferFab_TW_g3:SmartXNext,2026-W09,0,0.0,False
IN:leaf_in:WaferFab_TW_g3:SmartXNext,2026-W10,,0.0,True
IN:leaf_in:WaferFab_TW_g3:SmartXNext,2026-W11,,0.0,True
IN:leaf_in:WaferFab_TW_g3:SmartXNext,2026-W12,,0.0,True
IN:leaf_in:WaferFab_TW_g3:SmartXNext,2026-W13,,0.0,True
IN:leaf_in:WaferFab_TW_g3:SmartXNext,2026-W14,,0.0,True
IN:leaf_in:WaferFab_TW_g3:SmartXNext,2026-W15,,0.0,True
IN:leaf_in:WaferFab_TW_g3:SmartXNext,2026-W16,,0.0,True
IN:leaf_in:WaferFab_TW_g3:SmartXNext,2026-W17,,0.0,True
IN:leaf_in:WaferFab_TW_g3:SmartXNext,2026-W18,,0.0,True
IN:leaf_in:WaferFab_TW_g3:SmartXNext,2026-W19,,0.0,True
IN:leaf_in:WaferFab_TW_g3:SmartXNext,2026-W20,,0.0,True
IN:leaf_in:WaferFab_TW_g3:SmartXNext,2026-W21,,0.0,True
IN:leaf_in:WaferFab_TW_g3:SmartXNext,2026-W22,,0.0,True
IN:leaf_in:WaferFab_TW_g3:SmartXNext,2026-W23,,0.0,True
IN:leaf_in:WaferFab_TW_g3:SmartXNext,2026-W24,,0.0,True
IN:leaf_in:WaferFab_TW_g3:SmartXNext,2026-W25,,0.0,True
IN:leaf_in:WaferFab_TW_g3:SmartXNext,2026-W26,,0.0,True
IN:leaf_in:WaferFab_TW_g3:SmartXNext,2026-W27,,0.0,True
IN:leaf_in:WaferFab_TW_g3:SmartXNext,2026-W28,,0.0,True
IN:leaf_in:WaferFab_TW_g3:SmartXNext,2026-W29,,0.0,True
IN:leaf_in:WaferFab_TW_g3:SmartXNext,2026-W30,,0.0,True
IN:leaf_in:WaferFab_TW_g3:SmartXNext,2026-W31,,0.0,True
IN:leaf_in:WaferFab_TW_g3:SmartXNext,2026-W32,,0.0,True
IN:leaf_in:WaferFab_TW_g3:SmartXNext,2026-W33,,0.0,True
IN:leaf_in:WaferFab_TW_g3:SmartXNext,2026-W34,,0.0,True
IN:leaf_in:WaferFab_TW_g3:SmartXNext,2026-W35,,0.0,True
IN:leaf_in:WaferFab_TW_g3:SmartXNext,2026-W36,,0.0,True
IN:leaf_in:WaferFab_TW_g3:SmartXNext,2026-W37,,0.0,True
IN:leaf_in:WaferFab_TW_g3:SmartXNext,2026-W38,,0.0,True
IN:leaf_in:WaferFab_TW_g3:SmartXNext,2026-W39,,0.0,True
IN:leaf_in:WaferFab_TW_g3:SmartXNext,2026-W40,,0.0,True
IN:leaf_in:WaferFab_TW_g3:SmartXNext,2026-W41,,0.0,True
IN:leaf_in:WaferFab_TW_g3:SmartXNext,2026-W42,,0.0,True
IN:leaf_in:WaferFab_TW_g3:SmartXNext,2026-W43,,0.0,True
IN:leaf_in:WaferFab_TW_g3:SmartXNext,2026-W44,,0.0,True
IN:leaf_in:WaferFab_TW_g3:SmartXNext,2026-W45,,0.0,True
IN:leaf_in:WaferFab_TW_g3:SmartXNext,2026-W46,,0.0,True
IN:leaf_in:WaferFab_TW_g3:SmartXNext,2026-W47,,0.0,True
IN:leaf_in:WaferFab_TW_g3:SmartXNext,2026-W48,,0.0,True
IN:leaf_in:WaferFab_TW_g3:SmartXNext,2026-W49,,0.0,True
IN:leaf_in:WaferFab_TW_g3:SmartXNext,2026-W50,,0.0,True
IN:leaf_in:WaferFab_TW_g3:SmartXNext,2026-W51,,0.0,True
IN:leaf_in:WaferFab_TW_g3:SmartXNext,2026-W52,,0.0,True
IN:leaf_in:WaferFab_TW_g3:SmartXNext,2026-W53,,0.0,True
IN:leaf_in:WaferFab_TW_g3:SmartXNext,2027-W01,,0.0,True
IN:leaf_in:WaferFab_TW_g3:SmartXNext,2027-W02,,0.0,True
IN:leaf_in:WaferFab_TW_g3:SmartXNext,2027-W03,,0.0,True
IN:leaf_in:WaferFab_TW_g3:SmartXNext,2027-W04,,0.0,True
IN:leaf_in:WaferFab_TW_g3:SmartXNext,2027-W05,,0.0,True
IN:leaf_in:WaferFab_TW_g3:SmartXNext,2027-W06,0,0.0,False
IN:leaf_in:WaferFab_TW_g3:SmartXNext,2027-W07,0,0.0,False
IN:leaf_in:WaferFab_TW_g3:SmartXNext,2027-W08,,0.0,True
IN:leaf_in:WaferFab_TW_g3:SmartXNext,2027-W09,,0.0,True
IN:leaf_in:WaferFab_TW_g3:SmartXNext,2027-W10,,0.0,True
IN:leaf_in:WaferFab_TW_g3:SmartXNext,2027-W11,,0.0,True
IN:leaf_in:WaferFab_TW_g3:SmartXNext,2027-W12,,0.0,True
IN:leaf_in:WaferFab_TW_g3:SmartXNext,2027-W13,,0.0,True
IN:leaf_in:WaferFab_TW_g3:SmartXNext,2027-W14,,0.0,True
IN:leaf_in:WaferFab_TW_g3:SmartXNext,2027-W15,,0.0,True
IN:leaf_in:WaferFab_TW_g3:SmartXNext,2027-W16,,0.0,True
IN:leaf_in:WaferFab_TW_g3:SmartXNext,2027-W17,,0.0,True
IN:leaf_in:WaferFab_TW_g3:SmartXNext,2027-W18,,0.0,True
IN:leaf_in:WaferFab_TW_g3:SmartXNext,2027-W19,,0.0,True
IN:leaf_in:WaferFab_TW_g3:SmartXNext,2027-W20,,0.0,True
IN:leaf_in:WaferFab_TW_g3:SmartXNext,2027-W21,,0.0,True
IN:leaf_in:WaferFab_TW_g3:SmartXNext,2027-W22,,0.0,True
IN:leaf_in:WaferFab_TW_g3:SmartXNext,2027-W23,,0.0,True
IN:leaf_in:WaferFab_TW_g3:SmartXNext,2027-W24,,0.0,True
IN:leaf_in:WaferFab_TW_g3:SmartXNext,2027-W25,,0.0,True
IN:leaf_in:WaferFab_TW_g3:SmartXNext,2027-W26,,0.0,True
IN:leaf_in:WaferFab_TW_g3:SmartXNext,2027-W27,,0.0,True
IN:leaf_in:WaferFab_TW_g3:SmartXNext,2027-W28,,0.0,True
IN:leaf_in:WaferFab_TW_g3:SmartXNext,2027-W29,,0.0,True
IN:leaf_in:WaferFab_TW_g3:SmartXNext,2027-W30,,0.0,True
IN:leaf_in:WaferFab_TW_g3:SmartXNext,2027-W31,,0.0,True
IN:leaf_in:WaferFab_TW_g3:SmartXNext,2027-W32,,0.0,True
IN:leaf_in:WaferFab_TW_g3:SmartXNext,2027-W33,,0.0,True
IN:leaf_in:WaferFab_TW_g3:SmartXNext,2027-W34,,0.0,True
IN:leaf_in:WaferFab_TW_g3:SmartXNext,2027-W35,,0.0,True
IN:leaf_in:WaferFab_TW_g3:SmartXNext,2027-W36,,0.0,True
IN:leaf_in:WaferFab_TW_g3:SmartXNext,2027-W37,,0.0,True
IN:leaf_in:WaferFab_TW_g3:SmartXNext,2027-W38,,0.0,True
IN:leaf_in:WaferFab_TW_g3:SmartXNext,2027-W39,,0.0,True
IN:leaf_in:WaferFab_TW_g3:SmartXNext,2027-W40,,0.0,True
IN:leaf_in:WaferFab_TW_g3:SmartXNext,2027-W41,,0.0,True
IN:leaf_in:WaferFab_TW_g3:SmartXNext,2027-W42,,0.0,True
IN:leaf_in:WaferFab_TW_g3:SmartXNext,2027-W43,,0.0,True
IN:leaf_in:WaferFab_TW_g3:SmartXNext,2027-W44,,0.0,True
IN:leaf_in:WaferFab_TW_g3:SmartXNext,2027-W45,,0.0,True
IN:leaf_in:WaferFab_TW_g3:SmartXNext,2027-W46,,0.0,True
IN:leaf_in:WaferFab_TW_g3:SmartXNext,2027-W47,,0.0,True
IN:leaf_in:WaferFab_TW_g3:SmartXNext,2027-W48,,0.0,True
IN:leaf_in:WaferFab_TW_g3:SmartXNext,2027-W49,,0.0,True
IN:leaf_in:WaferFab_TW_g3:SmartXNext,2027-W50,,0.0,True
IN:leaf_in:WaferFab_TW_g3:SmartXNext,2027-W51,,0.0,True
IN:leaf_in:WaferFab_TW_g3:SmartXNext,2027-W52,,0.0,True
IN:leaf_in:WaferFab_TW_g3:SmartXNext,2028-W01,,0.0,True
IN:leaf_in:WaferFab_TW_g3:SmartXNext,2028-W02,,0.0,True
IN:leaf_in:WaferFab_TW_g3:SmartXNext,2028-W03,,0.0,True
IN:leaf_in:WaferFab_TW_g3:SmartXNext,2028-W04,,0.0,True
IN:leaf_in:WaferFab_TW_g3:SmartXNext,2028-W05,0,0.0,False
IN:leaf_in:WaferFab_TW_g3:SmartXNext,2028-W06,0,0.0,False
IN:leaf_in:WaferFab_TW_g3:SmartXNext,2028-W07,,0.0,True
IN:leaf_in:WaferFab_TW_g3:SmartXNext,2028-W08,,0.0,True
IN:leaf_in:WaferFab_TW_g3:SmartXNext,2028-W09,,0.0,True
IN:leaf_in:WaferFab_TW_g3:SmartXNext,2028-W10,,0.0,True
IN:leaf_in:WaferFab_TW_g3:SmartXNext,2028-W11,,0.0,True
IN:leaf_in:WaferFab_TW_g3:SmartXNext,2028-W12,,0.0,True
IN:leaf_in:WaferFab_TW_g3:SmartXNext,2028-W13,,0.0,True
IN:leaf_in:WaferFab_TW_g3:SmartXNext,2028-W14,,0.0,True
IN:leaf_in:WaferFab_TW_g3:SmartXNext,2028-W15,,0.0,True
IN:leaf_in:WaferFab_TW_g3:SmartXNext,2028-W16,,15.0,True
IN:leaf_in:WaferFab_TW_g3:SmartXNext,2028-W17,,71.0,True
IN:leaf_in:WaferFab_TW_g3:SmartXNext,2028-W18,,126.0,True
IN:leaf_in:WaferFab_TW_g3:SmartXNext,2028-W19,,183.0,True
IN:leaf_in:WaferFab_TW_g3:SmartXNext,2028-W20,,238.0,True
IN:leaf_in:WaferFab_TW_g3:SmartXNext,2028-W21,,293.0,True
IN:leaf_in:WaferFab_TW_g3:SmartXNext,2028-W22,,348.0,True
IN:leaf_in:WaferFab_TW_g3:SmartXNext,2028-W23,,406.0,True
IN:leaf_in:WaferFab_TW_g3:SmartXNext,2028-W24,,460.0,True
IN:leaf_in:WaferFab_TW_g3:SmartXNext,2028-W25,,515.0,True
IN:leaf_in:WaferFab_TW_g3:SmartXNext,2028-W26,,571.0,True
IN:leaf_in:WaferFab_TW_g3:SmartXNext,2028-W27,,626.0,True
IN:leaf_in:WaferFab_TW_g3:SmartXNext,2028-W28,,683.0,True
IN:leaf_in:WaferFab_TW_g3:SmartXNext,2028-W29,,738.0,True
IN:leaf_in:WaferFab_TW_g3:SmartXNext,2028-W30,,793.0,True
IN:leaf_in:WaferFab_TW_g3:SmartXNext,2028-W31,,848.0,True
IN:leaf_in:WaferFab_TW_g3:SmartXNext,2028-W32,,906.0,True
IN:leaf_in:WaferFab_TW_g3:SmartXNext,2028-W33,,960.0,True
IN:leaf_in:WaferFab_TW_g3:SmartXNext,2028-W34,,1015.0,True
IN:leaf_in:WaferFab_TW_g3:SmartXNext,2028-W35,,1071.0,True
IN:leaf_in:WaferFab_TW_g3:SmartXNext,2028-W36,,1126.0,True
IN:leaf_in:WaferFab_TW_g3:SmartXNext,2028-W37,,1183.0,True
IN:leaf_in:WaferFab_TW_g3:SmartXNext,2028-W38,,1238.0,True
IN:leaf_in:WaferFab_TW_g3:SmartXNext,2028-W39,,1293.0,True
IN:leaf_in:WaferFab_TW_g3:SmartXNext,2028-W40,,1348.0,True
IN:leaf_in:WaferFab_TW_g3:SmartXNext,2028-W41,,1406.0,True
IN:leaf_in:WaferFab_TW_g3:SmartXNext,2028-W42,,1468.0,True
IN:leaf_in:WaferFab_TW_g3:SmartXNext,2028-W43,,1535.0,True
IN:leaf_in:WaferFab_TW_g3:SmartXNext,2028-W44,,1563.0,True
IN:leaf_in:WaferFab_TW_g3:SmartXNext,2028-W45,,1590.0,True
IN:leaf_in:WaferFab_TW_g3:SmartXNext,2028-W46,,1618.0,True
IN:leaf_in:WaferFab_TW_g3:SmartXNext,2028-W47,,1648.0,True
IN:leaf_in:WaferFab_TW_g3:SmartXNext,2028-W48,,1676.0,True
IN:leaf_in:WaferFab_TW_g3:SmartXNext,2028-W49,,1702.0,True
IN:leaf_in:WaferFab_TW_g3:SmartXNext,2028-W50,,1730.0,True
IN:leaf_in:WaferFab_TW_g3:SmartXNext,2028-W51,,1758.0,True
IN:leaf_in:WaferFab_TW_g3:SmartXNext,2028-W52,,1785.0,True
IN:leaf_in:WaferFab_TW_g3:SmartXNext,2029-W01,,1813.0,True
IN:leaf_in:WaferFab_TW_g3:SmartXNext,2029-W02,,5606.0,True
IN:leaf_in:WaferFab_TW_g3:SmartXNext,2029-W03,,1926.0,True
IN:leaf_in:WaferFab_TW_g3:SmartXNext,2029-W04,0,0.0,False
IN:leaf_in:WaferFab_TW_g3:SmartXNext,2029-W05,0,0.0,False
IN:leaf_in:WaferFab_TW_g3:SmartXNext,2029-W06,,1952.0,True
IN:leaf_in:WaferFab_TW_g3:SmartXNext,2029-W07,,1980.0,True
IN:leaf_in:WaferFab_TW_g3:SmartXNext,2029-W08,,2008.0,True
IN:leaf_in:WaferFab_TW_g3:SmartXNext,2029-W09,,2035.0,True
IN:leaf_in:WaferFab_TW_g3:SmartXNext,2029-W10,,2063.0,True
IN:leaf_in:WaferFab_TW_g3:SmartXNext,2029-W11,,2090.0,True
IN:leaf_in:WaferFab_TW_g3:SmartXNext,2029-W12,,2118.0,True
IN:leaf_in:WaferFab_TW_g3:SmartXNext,2029-W13,,2148.0,True
IN:leaf_in:WaferFab_TW_g3:SmartXNext,2029-W14,,2176.0,True
IN:leaf_in:WaferFab_TW_g3:SmartXNext,2029-W15,,2202.0,True
IN:leaf_in:WaferFab_TW_g3:SmartXNext,2029-W16,,2235.0,True
IN:leaf_in:WaferFab_TW_g3:SmartXNext,2029-W17,,2273.0,True
IN:leaf_in:WaferFab_TW_g3:SmartXNext,2029-W18,,2292.0,True
IN:leaf_in:WaferFab_TW_g3:SmartXNext,2029-W19,,2311.0,True
IN:leaf_in:WaferFab_TW_g3:SmartXNext,2029-W20,,2330.0,True
IN:leaf_in:WaferFab_TW_g3:SmartXNext,2029-W21,,2348.0,True
IN:leaf_in:WaferFab_TW_g3:SmartXNext,2029-W22,,2365.0,True
IN:leaf_in:WaferFab_TW_g3:SmartXNext,2029-W23,,2385.0,True
IN:leaf_in:WaferFab_TW_g3:SmartXNext,2029-W24,,2403.0,True
IN:leaf_in:WaferFab_TW_g3:SmartXNext,2029-W25,,2423.0,True
IN:leaf_in:WaferFab_TW_g3:SmartXNext,2029-W26,,2440.0,True
IN:leaf_in:WaferFab_TW_g3:SmartXNext,2029-W27,,2458.0,True
IN:leaf_in:WaferFab_TW_g3:SmartXNext,2029-W28,,2477.0,True
IN:leaf_in:WaferFab_TW_g3:SmartXNext,2029-W29,,2496.0,True
IN:leaf_in:WaferFab_TW_g3:SmartXNext,2029-W30,,2515.0,True
IN:leaf_in:WaferFab_TW_g3:SmartXNext,2029-W31,,2533.0,True
IN:leaf_in:WaferFab_TW_g3:SmartXNext,2029-W32,,2552.0,True
IN:leaf_in:WaferFab_TW_g3:SmartXNext,2029-W33,,2570.0,True
IN:leaf_in:WaferFab_TW_g3:SmartXNext,2029-W34,,2588.0,True
IN:leaf_in:WaferFab_TW_g3:SmartXNext,2029-W35,,2608.0,True
IN:leaf_in:WaferFab_TW_g3:SmartXNext,2029-W36,,2625.0,True
IN:leaf_in:WaferFab_TW_g3:SmartXNext,2029-W37,,2645.0,True
IN:leaf_in:WaferFab_TW_g3:SmartXNext,2029-W38,,2662.0,True
IN:leaf_in:WaferFab_TW_g3:SmartXNext,2029-W39,,2681.0,True
IN:leaf_in:WaferFab_TW_g3:SmartXNext,2029-W40,,2700.0,True
IN:leaf_in:WaferFab_TW_g3:SmartXNext,2029-W41,,2718.0,True
IN:leaf_in:WaferFab_TW_g3:SmartXNext,2029-W42,,2737.0,True
IN:leaf_in:WaferFab_TW_g3:SmartXNext,2029-W43,,2757.0,True
IN:leaf_in:WaferFab_TW_g3:SmartXNext,2029-W44,,2781.0,True
IN:leaf_in:WaferFab_TW_g3:SmartXNext,2029-W45,,2804.0,True
IN:leaf_in:WaferFab_TW_g3:SmartXNext,2029-W46,,2829.0,True
IN:leaf_in:WaferFab_TW_g3:SmartXNext,2029-W47,,2853.0,True
IN:leaf_in:WaferFab_TW_g3:SmartXNext,2029-W48,,2876.0,True
IN:leaf_in:WaferFab_TW_g3:SmartXNext,2029-W49,,2901.0,True
IN:leaf_in:WaferFab_TW_g3:SmartXNext,2029-W50,,2925.0,True
IN:leaf_in:WaferFab_TW_g3:SmartXNext,2029-W51,,2950.0,True
IN:leaf_in:WaferFab_TW_g3:SmartXNext,2029-W52,,2973.0,True
IN:leaf_in:WaferFab_TW_g3:SmartXNext,2030-W01,,2997.0,True
IN:leaf_in:WaferFab_TW_g3:SmartXNext,2030-W02,,3022.0,True
IN:leaf_in:WaferFab_TW_g3:SmartXNext,2030-W03,,9208.0,True
IN:leaf_in:WaferFab_TW_g3:SmartXNext,2030-W04,,3117.0,True
IN:leaf_in:WaferFab_TW_g3:SmartXNext,2030-W05,0,0.0,False
IN:leaf_in:WaferFab_TW_g3:SmartXNext,2030-W06,0,0.0,False
IN:leaf_in:WaferFab_TW_g3:SmartXNext,2030-W07,,3141.0,True
IN:leaf_in:WaferFab_TW_g3:SmartXNext,2030-W08,,3165.0,True
IN:leaf_in:WaferFab_TW_g3:SmartXNext,2030-W09,,3189.0,True
IN:leaf_in:WaferFab_TW_g3:SmartXNext,2030-W10,,3214.0,True
IN:leaf_in:WaferFab_TW_g3:SmartXNext,2030-W11,,3237.0,True
IN:leaf_in:WaferFab_TW_g3:SmartXNext,2030-W12,,3262.0,True
IN:leaf_in:WaferFab_TW_g3:SmartXNext,2030-W13,,3286.0,True
IN:leaf_in:WaferFab_TW_g3:SmartXNext,2030-W14,,3310.0,True
IN:leaf_in:WaferFab_TW_g3:SmartXNext,2030-W15,,3334.0,True
IN:leaf_in:WaferFab_TW_g3:SmartXNext,2030-W16,,3357.0,True
IN:leaf_in:WaferFab_TW_g3:SmartXNext,2030-W17,,3368.0,True
IN:leaf_in:WaferFab_TW_g3:SmartXNext,2030-W18,,3345.0,True
IN:leaf_in:WaferFab_TW_g3:SmartXNext,2030-W19,,3326.0,True
IN:leaf_in:WaferFab_TW_g3:SmartXNext,2030-W20,,3305.0,True
IN:leaf_in:WaferFab_TW_g3:SmartXNext,2030-W21,,3286.0,True
IN:leaf_in:WaferFab_TW_g3:SmartXNext,2030-W22,,3266.0,True
IN:leaf_in:WaferFab_TW_g3:SmartXNext,2030-W23,,3246.0,True
IN:leaf_in:WaferFab_TW_g3:SmartXNext,2030-W24,,3226.0,True
IN:leaf_in:WaferFab_TW_g3:SmartXNext,2030-W25,,3207.0,True
IN:leaf_in:WaferFab_TW_g3:SmartXNext,2030-W26,,3187.0,True
IN:leaf_in:WaferFab_TW_g3:SmartXNext,2030-W27,,3168.0,True
IN:leaf_in:WaferFab_TW_g3:SmartXNext,2030-W28,,3147.0,True
IN:leaf_in:WaferFab_TW_g3:SmartXNext,2030-W29,,3128.0,True
IN:leaf_in:WaferFab_TW_g3:SmartXNext,2030-W30,,3107.0,True
IN:leaf_in:WaferFab_TW_g3:SmartXNext,2030-W31,,3087.0,True
IN:leaf_in:WaferFab_TW_g3:SmartXNext,2030-W32,,3068.0,True
IN:leaf_in:WaferFab_TW_g3:SmartXNext,2030-W33,,3047.0,True
IN:leaf_in:WaferFab_TW_g3:SmartXNext,2030-W34,,3028.0,True
IN:leaf_in:WaferFab_TW_g3:SmartXNext,2030-W35,,3008.0,True
IN:leaf_in:WaferFab_TW_g3:SmartXNext,2030-W36,,2989.0,True
IN:leaf_in:WaferFab_TW_g3:SmartXNext,2030-W37,,2969.0,True
IN:leaf_in:WaferFab_TW_g3:SmartXNext,2030-W38,,2950.0,True
IN:leaf_in:WaferFab_TW_g3:SmartXNext,2030-W39,,2929.0,True
IN:leaf_in:WaferFab_TW_g3:SmartXNext,2030-W40,,2910.0,True
IN:leaf_in:WaferFab_TW_g3:SmartXNext,2030-W41,,2889.0,True
IN:leaf_in:WaferFab_TW_g3:SmartXNext,2030-W42,,2070.0,True
IN:leaf_in:WaferFab_TW_g3:SmartXNext,2030-W43,,0.0,True
IN:leaf_in:WaferFab_TW_g3:SmartXNext,2030-W44,,0.0,True
IN:leaf_in:WaferFab_TW_g3:SmartXNext,2030-W45,,0.0,True
IN:leaf_in:WaferFab_TW_g3:SmartXNext,2030-W46,,0.0,True
IN:leaf_in:WaferFab_TW_g3:SmartXNext,2030-W47,,0.0,True
IN:leaf_in:WaferFab_TW_g3:SmartXNext,2030-W48,,0.0,True
IN:leaf_in:WaferFab_TW_g3:SmartXNext,2030-W49,,0.0,True
IN:leaf_in:WaferFab_TW_g3:SmartXNext,2030-W50,,0.0,True
IN:leaf_in:WaferFab_TW_g3:SmartXNext,2030-W51,,0.0,True
IN:leaf_in:WaferFab_TW_g3:SmartXNext,2030-W52,,0.0,True
IN:mom:AssemblyCN:SmartXPro_CN,2025-W36,1350,0.0,False
IN:mom:AssemblyCN:SmartXPro_CN,2025-W37,1350,0.0,False
IN:mom:AssemblyCN:SmartXPro_CN,2025-W38,1350,0.0,False
IN:mom:AssemblyCN:SmartXPro_CN,2025-W39,1350,0.0,False
IN:mom:AssemblyCN:SmartXPro_CN,2025-W40,1350,0.0,False
IN:mom:AssemblyCN:SmartXPro_CN,2025-W41,1350,0.0,False
IN:mom:AssemblyCN:SmartXPro_CN,2025-W42,1350,0.0,False
IN:mom:AssemblyCN:SmartXPro_CN,2025-W43,1350,0.0,False
IN:mom:AssemblyCN:SmartXPro_CN,2025-W44,1350,0.0,False
IN:mom:AssemblyCN:SmartXPro_CN,2025-W45,1350,0.0,False
IN:mom:AssemblyCN:SmartXPro_CN,2025-W46,1350,0.0,False
IN:mom:AssemblyCN:SmartXPro_CN,2025-W47,1350,0.0,False
IN:mom:AssemblyCN:SmartXPro_CN,2025-W48,1350,0.0,False
IN:mom:AssemblyCN:SmartXPro_CN,2025-W49,1350,0.0,False
IN:mom:AssemblyCN:SmartXPro_CN,2025-W50,1350,0.0,False
IN:mom:AssemblyCN:SmartXPro_CN,2025-W51,1350,0.0,False
IN:mom:AssemblyCN:SmartXPro_CN,2025-W52,1350,0.0,False
IN:mom:AssemblyCN:SmartXPro_CN,2026-W01,1350,0.0,False
IN:mom:AssemblyCN:SmartXPro_CN,2026-W02,1350,0.0,False
IN:mom:AssemblyCN:SmartXPro_CN,2026-W03,1350,0.0,False
IN:mom:AssemblyCN:SmartXPro_CN,2026-W04,1350,0.0,False
IN:mom:AssemblyCN:SmartXPro_CN,2026-W05,1350,0.0,False
IN:mom:AssemblyCN:SmartXPro_CN,2026-W06,1350,0.0,False
IN:mom:AssemblyCN:SmartXPro_CN,2026-W07,1350,0.0,False
IN:mom:AssemblyCN:SmartXPro_CN,2026-W08,1350,0.0,False
IN:mom:AssemblyCN:SmartXPro_CN,2026-W09,1350,0.0,False
IN:mom:AssemblyCN:SmartXPro_CN,2026-W10,1350,0.0,False
IN:mom:AssemblyCN:SmartXPro_CN,2026-W11,1350,0.0,False
IN:mom:AssemblyCN:SmartXPro_CN,2026-W12,1350,0.0,False
IN:mom:AssemblyCN:SmartXPro_CN,2026-W13,1350,0.0,False
IN:mom:AssemblyCN:SmartXPro_CN,2026-W14,1350,0.0,False
IN:mom:AssemblyCN:SmartXPro_CN,2026-W15,1350,0.0,False
IN:mom:AssemblyCN:SmartXPro_CN,2026-W16,1350,0.0,False
IN:mom:AssemblyCN:SmartXPro_CN,2026-W17,1350,0.0,False
IN:mom:AssemblyCN:SmartXPro_CN,2026-W18,1350,0.0,False
IN:mom:AssemblyCN:SmartXPro_CN,2026-W19,1350,0.0,False
IN:mom:AssemblyCN:SmartXPro_CN,2026-W20,1350,0.0,False
IN:mom:AssemblyCN:SmartXPro_CN,2026-W21,1350,0.0,False
IN:mom:AssemblyCN:SmartXPro_CN,2026-W22,1350,0.0,False
IN:mom:AssemblyCN:SmartXPro_CN,2026-W23,1350,0.0,False
IN:mom:AssemblyCN:SmartXPro_CN,2026-W24,1350,0.0,False
IN:mom:AssemblyCN:SmartXPro_CN,2026-W25,1350,0.0,False
IN:mom:AssemblyCN:SmartXPro_CN,2026-W26,1350,0.0,False
IN:mom:AssemblyCN:SmartXPro_CN,2026-W27,1350,0.0,False
IN:mom:AssemblyCN:SmartXPro_CN,2026-W28,1350,0.0,False
IN:mom:AssemblyCN:SmartXPro_CN,2026-W29,1350,0.0,False
IN:mom:AssemblyCN:SmartXPro_CN,2026-W30,1350,0.0,False
IN:mom:AssemblyCN:SmartXPro_CN,2026-W31,1350,0.0,False
IN:mom:AssemblyCN:SmartXPro_CN,2026-W32,1350,0.0,False
IN:mom:AssemblyCN:SmartXPro_CN,2026-W33,1350,0.0,False
IN:mom:AssemblyCN:SmartXPro_CN,2026-W34,1350,0.0,False
IN:mom:AssemblyCN:SmartXPro_CN,2026-W35,1350,0.0,False
IN:mom:AssemblyCN:SmartXPro_CN,2026-W36,1350,0.0,False
IN:mom:AssemblyCN:SmartXPro_CN,2026-W37,1350,0.0,False
IN:mom:AssemblyCN:SmartXPro_CN,2026-W38,1350,0.0,False
IN:mom:AssemblyCN:SmartXPro_CN,2026-W39,1350,0.0,False
IN:mom:AssemblyCN:SmartXPro_CN,2026-W40,1350,0.0,False
IN:mom:AssemblyCN:SmartXPro_CN,2026-W41,1350,0.0,False
IN:mom:AssemblyCN:SmartXPro_CN,2026-W42,1350,0.0,False
IN:mom:AssemblyCN:SmartXPro_CN,2026-W43,1350,0.0,False
IN:mom:AssemblyCN:SmartXPro_CN,2026-W44,1350,0.0,False
IN:mom:AssemblyCN:SmartXPro_CN,2026-W45,1350,0.0,False
IN:mom:AssemblyCN:SmartXPro_CN,2026-W46,1350,0.0,False
IN:mom:AssemblyCN:SmartXPro_CN,2026-W47,1350,0.0,False
IN:mom:AssemblyCN:SmartXPro_CN,2026-W48,1350,0.0,False
IN:mom:AssemblyCN:SmartXPro_CN,2026-W49,1350,0.0,False
IN:mom:AssemblyCN:SmartXPro_CN,2026-W50,1350,630.0,False
IN:mom:AssemblyCN:SmartXPro_CN,2026-W51,1350,1350.0,False
IN:mom:AssemblyCN:SmartXPro_CN,2026-W52,1350,1350.0,False
IN:mom:AssemblyCN:SmartXPro_CN,2026-W53,1350,1350.0,False
IN:mom:AssemblyCN:SmartXPro_CN,2027-W01,1350,1350.0,False
IN:mom:AssemblyCN:SmartXPro_CN,2027-W02,1350,1350.0,False
IN:mom:AssemblyCN:SmartXPro_CN,2027-W03,1350,1350.0,False
IN:mom:AssemblyCN:SmartXPro_CN,2027-W04,1350,1350.0,False
IN:mom:AssemblyCN:SmartXPro_CN,2027-W05,1350,1350.0,False
IN:mom:AssemblyCN:SmartXPro_CN,2027-W06,1350,1350.0,False
IN:mom:AssemblyCN:SmartXPro_CN,2027-W07,1350,1350.0,False
IN:mom:AssemblyCN:SmartXPro_CN,2027-W08,1350,1350.0,False
IN:mom:AssemblyCN:SmartXPro_CN,2027-W09,1350,1350.0,False
IN:mom:AssemblyCN:SmartXPro_CN,2027-W10,1350,1350.0,False
IN:mom:AssemblyCN:SmartXPro_CN,2027-W11,1350,1350.0,False
IN:mom:AssemblyCN:SmartXPro_CN,2027-W12,1350,1350.0,False
IN:mom:AssemblyCN:SmartXPro_CN,2027-W13,1350,1350.0,False
IN:mom:AssemblyCN:SmartXPro_CN,2027-W14,1350,1350.0,False
IN:mom:AssemblyCN:SmartXPro_CN,2027-W15,1350,1350.0,False
IN:mom:AssemblyCN:SmartXPro_CN,2027-W16,1350,1350.0,False
IN:mom:AssemblyCN:SmartXPro_CN,2027-W17,1350,1350.0,False
IN:mom:AssemblyCN:SmartXPro_CN,2027-W18,1350,1350.0,False
IN:mom:AssemblyCN:SmartXPro_CN,2027-W19,1350,1350.0,False
IN:mom:AssemblyCN:SmartXPro_CN,2027-W20,1350,1350.0,False
IN:mom:AssemblyCN:SmartXPro_CN,2027-W21,1350,1350.0,False
IN:mom:AssemblyCN:SmartXPro_CN,2027-W22,1350,1350.0,False
IN:mom:AssemblyCN:SmartXPro_CN,2027-W23,1350,1347.0,False
IN:mom:AssemblyCN:SmartXPro_CN,2027-W24,1350,1341.0,False
IN:mom:AssemblyCN:SmartXPro_CN,2027-W25,1350,1334.0,False
IN:mom:AssemblyCN:SmartXPro_CN,2027-W26,1350,1327.0,False
IN:mom:AssemblyCN:SmartXPro_CN,2027-W27,1350,1321.0,False
IN:mom:AssemblyCN:SmartXPro_CN,2027-W28,1350,1313.0,False
IN:mom:AssemblyCN:SmartXPro_CN,2027-W29,1350,1306.0,False
IN:mom:AssemblyCN:SmartXPro_CN,2027-W30,1350,1300.0,False
IN:mom:AssemblyCN:SmartXPro_CN,2027-W31,1350,1293.0,False
IN:mom:AssemblyCN:SmartXPro_CN,2027-W32,1350,1287.0,False
IN:mom:AssemblyCN:SmartXPro_CN,2027-W33,1350,1281.0,False
IN:mom:AssemblyCN:SmartXPro_CN,2027-W34,1350,1274.0,False
IN:mom:AssemblyCN:SmartXPro_CN,2027-W35,1350,1267.0,False
IN:mom:AssemblyCN:SmartXPro_CN,2027-W36,1350,1261.0,False
IN:mom:AssemblyCN:SmartXPro_CN,2027-W37,1350,1253.0,False
IN:mom:AssemblyCN:SmartXPro_CN,2027-W38,1350,1246.0,False
IN:mom:AssemblyCN:SmartXPro_CN,2027-W39,1350,1240.0,False
IN:mom:AssemblyCN:SmartXPro_CN,2027-W40,1350,1233.0,False
IN:mom:AssemblyCN:SmartXPro_CN,2027-W41,1350,1227.0,False
IN:mom:AssemblyCN:SmartXPro_CN,2027-W42,1350,1221.0,False
IN:mom:AssemblyCN:SmartXPro_CN,2027-W43,1350,1214.0,False
IN:mom:AssemblyCN:SmartXPro_CN,2027-W44,1350,1207.0,False
IN:mom:AssemblyCN:SmartXPro_CN,2027-W45,1350,1201.0,False
IN:mom:AssemblyCN:SmartXPro_CN,2027-W46,1350,1193.0,False
IN:mom:AssemblyCN:SmartXPro_CN,2027-W47,1350,1186.0,False
IN:mom:AssemblyCN:SmartXPro_CN,2027-W48,1350,1180.0,False
IN:mom:AssemblyCN:SmartXPro_CN,2027-W49,1350,1169.0,False
IN:mom:AssemblyCN:SmartXPro_CN,2027-W50,1350,1159.0,False
IN:mom:AssemblyCN:SmartXPro_CN,2027-W51,1350,1152.0,False
IN:mom:AssemblyCN:SmartXPro_CN,2027-W52,1350,1146.0,False
IN:mom:AssemblyCN:SmartXPro_CN,2028-W01,1350,1138.0,False
IN:mom:AssemblyCN:SmartXPro_CN,2028-W02,1350,1131.0,False
IN:mom:AssemblyCN:SmartXPro_CN,2028-W03,1350,1123.0,False
IN:mom:AssemblyCN:SmartXPro_CN,2028-W04,1350,1116.0,False
IN:mom:AssemblyCN:SmartXPro_CN,2028-W05,1350,1109.0,False
IN:mom:AssemblyCN:SmartXPro_CN,2028-W06,1350,1102.0,False
IN:mom:AssemblyCN:SmartXPro_CN,2028-W07,1350,1095.0,False
IN:mom:AssemblyCN:SmartXPro_CN,2028-W08,1350,1087.0,False
IN:mom:AssemblyCN:SmartXPro_CN,2028-W09,1350,1206.0,False
IN:mom:AssemblyCN:SmartXPro_CN,2028-W10,1350,1350.0,False
IN:mom:AssemblyCN:SmartXPro_CN,2028-W11,1350,1350.0,False
IN:mom:AssemblyCN:SmartXPro_CN,2028-W12,1350,1350.0,False
IN:mom:AssemblyCN:SmartXPro_CN,2028-W13,1350,1350.0,False
IN:mom:AssemblyCN:SmartXPro_CN,2028-W14,901,901.0,False
IN:mom:AssemblyCN:SmartXPro_CN,2028-W15,901,901.0,False
IN:mom:AssemblyCN:SmartXPro_CN,2028-W16,901,901.0,False
IN:mom:AssemblyCN:SmartXPro_CN,2028-W17,901,901.0,False
IN:mom:AssemblyCN:SmartXPro_CN,2028-W18,901,901.0,False
IN:mom:AssemblyCN:SmartXPro_CN,2028-W19,901,901.0,False
IN:mom:AssemblyCN:SmartXPro_CN,2028-W20,901,901.0,False
IN:mom:AssemblyCN:SmartXPro_CN,2028-W21,901,901.0,False
IN:mom:AssemblyCN:SmartXPro_CN,2028-W22,901,901.0,False
IN:mom:AssemblyCN:SmartXPro_CN,2028-W23,901,901.0,False
IN:mom:AssemblyCN:SmartXPro_CN,2028-W24,901,901.0,False
IN:mom:AssemblyCN:SmartXPro_CN,2028-W25,901,901.0,False
IN:mom:AssemblyCN:SmartXPro_CN,2028-W26,901,901.0,False
IN:mom:AssemblyCN:SmartXPro_CN,2028-W27,901,901.0,False
IN:mom:AssemblyCN:SmartXPro_CN,2028-W28,901,901.0,False
IN:mom:AssemblyCN:SmartXPro_CN,2028-W29,901,901.0,False
IN:mom:AssemblyCN:SmartXPro_CN,2028-W30,901,901.0,False
IN:mom:AssemblyCN:SmartXPro_CN,2028-W31,901,901.0,False
IN:mom:AssemblyCN:SmartXPro_CN,2028-W32,901,901.0,False
IN:mom:AssemblyCN:SmartXPro_CN,2028-W33,901,901.0,False
IN:mom:AssemblyCN:SmartXPro_CN,2028-W34,901,901.0,False
IN:mom:AssemblyCN:SmartXPro_CN,2028-W35,901,901.0,False
IN:mom:AssemblyCN:SmartXPro_CN,2028-W36,901,901.0,False
IN:mom:AssemblyCN:SmartXPro_CN,2028-W37,901,894.0,False
IN:mom:AssemblyCN:SmartXPro_CN,2028-W38,901,889.0,False
IN:mom:AssemblyCN:SmartXPro_CN,2028-W39,901,884.0,False
IN:mom:AssemblyCN:SmartXPro_CN,2028-W40,901,878.0,False
IN:mom:AssemblyCN:SmartXPro_CN,2028-W41,901,872.0,False
IN:mom:AssemblyCN:SmartXPro_CN,2028-W42,901,867.0,False
IN:mom:AssemblyCN:SmartXPro_CN,2028-W43,901,861.0,False
IN:mom:AssemblyCN:SmartXPro_CN,2028-W44,901,856.0,False
IN:mom:AssemblyCN:SmartXPro_CN,2028-W45,901,851.0,False
IN:mom:AssemblyCN:SmartXPro_CN,2028-W46,901,845.0,False
IN:mom:AssemblyCN:SmartXPro_CN,2028-W47,901,839.0,False
IN:mom:AssemblyCN:SmartXPro_CN,2028-W48,901,834.0,False
IN:mom:AssemblyCN:SmartXPro_CN,2028-W49,901,824.0,False
IN:mom:AssemblyCN:SmartXPro_CN,2028-W50,901,812.0,False
IN:mom:AssemblyCN:SmartXPro_CN,2028-W51,901,804.0,False
IN:mom:AssemblyCN:SmartXPro_CN,2028-W52,901,796.0,False
IN:mom:AssemblyCN:SmartXPro_CN,2029-W01,901,787.0,False
IN:mom:AssemblyCN:SmartXPro_CN,2029-W02,901,780.0,False
IN:mom:AssemblyCN:SmartXPro_CN,2029-W03,901,772.0,False
IN:mom:AssemblyCN:SmartXPro_CN,2029-W04,901,763.0,False
IN:mom:AssemblyCN:SmartXPro_CN,2029-W05,901,901.0,False
IN:mom:AssemblyCN:SmartXPro_CN,2029-W06,901,901.0,False
IN:mom:AssemblyCN:SmartXPro_CN,2029-W07,901,901.0,False
IN:mom:AssemblyCN:SmartXPro_CN,2029-W08,901,901.0,False
IN:mom:AssemblyCN:SmartXPro_CN,2029-W09,901,901.0,False
IN:mom:AssemblyCN:SmartXPro_CN,2029-W10,901,901.0,False
IN:mom:AssemblyCN:SmartXPro_CN,2029-W11,901,901.0,False
IN:mom:AssemblyCN:SmartXPro_CN,2029-W12,901,901.0,False
IN:mom:AssemblyCN:SmartXPro_CN,2029-W13,901,901.0,False
IN:mom:AssemblyCN:SmartXPro_CN,2029-W14,451,451.0,False
IN:mom:AssemblyCN:SmartXPro_CN,2029-W15,451,451.0,False
IN:mom:AssemblyCN:SmartXPro_CN,2029-W16,451,451.0,False
IN:mom:AssemblyCN:SmartXPro_CN,2029-W17,451,451.0,False
IN:mom:AssemblyCN:SmartXPro_CN,2029-W18,451,451.0,False
IN:mom:AssemblyCN:SmartXPro_CN,2029-W19,451,451.0,False
IN:mom:AssemblyCN:SmartXPro_CN,2029-W20,451,451.0,False
IN:mom:AssemblyCN:SmartXPro_CN,2029-W21,451,451.0,False
IN:mom:AssemblyCN:SmartXPro_CN,2029-W22,451,451.0,False
IN:mom:AssemblyCN:SmartXPro_CN,2029-W23,451,451.0,False
IN:mom:AssemblyCN:SmartXPro_CN,2029-W24,451,451.0,False
IN:mom:AssemblyCN:SmartXPro_CN,2029-W25,451,451.0,False
IN:mom:AssemblyCN:SmartXPro_CN,2029-W26,451,451.0,False
IN:mom:AssemblyCN:SmartXPro_CN,2029-W27,451,451.0,False
IN:mom:AssemblyCN:SmartXPro_CN,2029-W28,451,451.0,False
IN:mom:AssemblyCN:SmartXPro_CN,2029-W29,451,451.0,False
IN:mom:AssemblyCN:SmartXPro_CN,2029-W30,451,451.0,False
IN:mom:AssemblyCN:SmartXPro_CN,2029-W31,451,451.0,False
IN:mom:AssemblyCN:SmartXPro_CN,2029-W32,451,451.0,False
IN:mom:AssemblyCN:SmartXPro_CN,2029-W33,451,451.0,False
IN:mom:AssemblyCN:SmartXPro_CN,2029-W34,451,451.0,False
IN:mom:AssemblyCN:SmartXPro_CN,2029-W35,451,451.0,False
IN:mom:AssemblyCN:SmartXPro_CN,2029-W36,451,451.0,False
IN:mom:AssemblyCN:SmartXPro_CN,2029-W37,451,451.0,False
IN:mom:AssemblyCN:SmartXPro_CN,2029-W38,451,451.0,False
IN:mom:AssemblyCN:SmartXPro_CN,2029-W39,451,451.0,False
IN:mom:AssemblyCN:SmartXPro_CN,2029-W40,451,451.0,False
IN:mom:AssemblyCN:SmartXPro_CN,2029-W41,451,446.0,False
IN:mom:AssemblyCN:SmartXPro_CN,2029-W42,451,437.0,False
IN:mom:AssemblyCN:SmartXPro_CN,2029-W43,451,429.0,False
IN:mom:AssemblyCN:SmartXPro_CN,2029-W44,451,421.0,False
IN:mom:AssemblyCN:SmartXPro_CN,2029-W45,451,412.0,False
IN:mom:AssemblyCN:SmartXPro_CN,2029-W46,451,405.0,False
IN:mom:AssemblyCN:SmartXPro_CN,2029-W47,451,397.0,False
IN:mom:AssemblyCN:SmartXPro_CN,2029-W48,451,388.0,False
IN:mom:AssemblyCN:SmartXPro_CN,2029-W49,451,381.0,False
IN:mom:AssemblyCN:SmartXPro_CN,2029-W50,451,374.0,False
IN:mom:AssemblyCN:SmartXPro_CN,2029-W51,451,366.0,False
IN:mom:AssemblyCN:SmartXPro_CN,2029-W52,451,359.0,False
IN:mom:AssemblyCN:SmartXPro_CN,2030-W01,451,351.0,False
IN:mom:AssemblyCN:SmartXPro_CN,2030-W02,451,344.0,False
IN:mom:AssemblyCN:SmartXPro_CN,2030-W03,451,336.0,False
IN:mom:AssemblyCN:SmartXPro_CN,2030-W04,451,329.0,False
IN:mom:AssemblyCN:SmartXPro_CN,2030-W05,451,321.0,False
IN:mom:AssemblyCN:SmartXPro_CN,2030-W06,451,314.0,False
IN:mom:AssemblyCN:SmartXPro_CN,2030-W07,451,307.0,False
IN:mom:AssemblyCN:SmartXPro_CN,2030-W08,451,300.0,False
IN:mom:AssemblyCN:SmartXPro_CN,2030-W09,451,293.0,False
IN:mom:AssemblyCN:SmartXPro_CN,2030-W10,451,285.0,False
IN:mom:AssemblyCN:SmartXPro_CN,2030-W11,451,278.0,False
IN:mom:AssemblyCN:SmartXPro_CN,2030-W12,451,270.0,False
IN:mom:AssemblyCN:SmartXPro_CN,2030-W13,451,263.0,False
IN:mom:AssemblyCN:SmartXPro_CN,2030-W14,,255.0,True
IN:mom:AssemblyCN:SmartXPro_CN,2030-W15,,248.0,True
IN:mom:AssemblyCN:SmartXPro_CN,2030-W16,,240.0,True
IN:mom:AssemblyCN:SmartXPro_CN,2030-W17,,233.0,True
IN:mom:AssemblyCN:SmartXPro_CN,2030-W18,,226.0,True
IN:mom:AssemblyCN:SmartXPro_CN,2030-W19,,218.0,True
IN:mom:AssemblyCN:SmartXPro_CN,2030-W20,,211.0,True
IN:mom:AssemblyCN:SmartXPro_CN,2030-W21,,203.0,True
IN:mom:AssemblyCN:SmartXPro_CN,2030-W22,,196.0,True
IN:mom:AssemblyCN:SmartXPro_CN,2030-W23,,188.0,True
IN:mom:AssemblyCN:SmartXPro_CN,2030-W24,,182.0,True
IN:mom:AssemblyCN:SmartXPro_CN,2030-W25,,174.0,True
IN:mom:AssemblyCN:SmartXPro_CN,2030-W26,,167.0,True
IN:mom:AssemblyCN:SmartXPro_CN,2030-W27,,159.0,True
IN:mom:AssemblyCN:SmartXPro_CN,2030-W28,,152.0,True
IN:mom:AssemblyCN:SmartXPro_CN,2030-W29,,145.0,True
IN:mom:AssemblyCN:SmartXPro_CN,2030-W30,,137.0,True
IN:mom:AssemblyCN:SmartXPro_CN,2030-W31,,130.0,True
IN:mom:AssemblyCN:SmartXPro_CN,2030-W32,,122.0,True
IN:mom:AssemblyCN:SmartXPro_CN,2030-W33,,115.0,True
IN:mom:AssemblyCN:SmartXPro_CN,2030-W34,,107.0,True
IN:mom:AssemblyCN:SmartXPro_CN,2030-W35,,100.0,True
IN:mom:AssemblyCN:SmartXPro_CN,2030-W36,,92.0,True
IN:mom:AssemblyCN:SmartXPro_CN,2030-W37,,85.0,True
IN:mom:AssemblyCN:SmartXPro_CN,2030-W38,,78.0,True
IN:mom:AssemblyCN:SmartXPro_CN,2030-W39,,70.0,True
IN:mom:AssemblyCN:SmartXPro_CN,2030-W40,,63.0,True
IN:mom:AssemblyCN:SmartXPro_CN,2030-W41,,56.0,True
IN:mom:AssemblyCN:SmartXPro_CN,2030-W42,,49.0,True
IN:mom:AssemblyCN:SmartXPro_CN,2030-W43,,41.0,True
IN:mom:AssemblyCN:SmartXPro_CN,2030-W44,,34.0,True
IN:mom:AssemblyCN:SmartXPro_CN,2030-W45,,26.0,True
IN:mom:AssemblyCN:SmartXPro_CN,2030-W46,,19.0,True
IN:mom:AssemblyCN:SmartXPro_CN,2030-W47,,11.0,True
IN:mom:AssemblyCN:SmartXPro_CN,2030-W48,,4.0,True
IN:mom:AssemblyCN:SmartXPro_CN,2030-W49,,0.0,True
IN:mom:AssemblyCN:SmartXPro_CN,2030-W50,,0.0,True
IN:mom:AssemblyCN:SmartXPro_CN,2030-W51,,0.0,True
IN:mom:AssemblyCN:SmartXPro_CN,2030-W52,,0.0,True
IN:mom:AssemblyCN_g1:SmartX,2025-W36,,0.0,True
IN:mom:AssemblyCN_g1:SmartX,2025-W37,,0.0,True
IN:mom:AssemblyCN_g1:SmartX,2025-W38,,0.0,True
IN:mom:AssemblyCN_g1:SmartX,2025-W39,,0.0,True
IN:mom:AssemblyCN_g1:SmartX,2025-W40,,0.0,True
IN:mom:AssemblyCN_g1:SmartX,2025-W41,,0.0,True
IN:mom:AssemblyCN_g1:SmartX,2025-W42,,0.0,True
IN:mom:AssemblyCN_g1:SmartX,2025-W43,,0.0,True
IN:mom:AssemblyCN_g1:SmartX,2025-W44,,0.0,True
IN:mom:AssemblyCN_g1:SmartX,2025-W45,,0.0,True
IN:mom:AssemblyCN_g1:SmartX,2025-W46,,0.0,True
IN:mom:AssemblyCN_g1:SmartX,2025-W47,,0.0,True
IN:mom:AssemblyCN_g1:SmartX,2025-W48,,0.0,True
IN:mom:AssemblyCN_g1:SmartX,2025-W49,,366.0,True
IN:mom:AssemblyCN_g1:SmartX,2025-W50,,1305.0,True
IN:mom:AssemblyCN_g1:SmartX,2025-W51,,1300.0,True
IN:mom:AssemblyCN_g1:SmartX,2025-W52,,1293.0,True
IN:mom:AssemblyCN_g1:SmartX,2026-W01,,1289.0,True
IN:mom:AssemblyCN_g1:SmartX,2026-W02,,1283.0,True
IN:mom:AssemblyCN_g1:SmartX,2026-W03,,1276.0,True
IN:mom:AssemblyCN_g1:SmartX,2026-W04,,1271.0,True
IN:mom:AssemblyCN_g1:SmartX,2026-W05,,1265.0,True
IN:mom:AssemblyCN_g1:SmartX,2026-W06,,1259.0,True
IN:mom:AssemblyCN_g1:SmartX,2026-W07,,1254.0,True
IN:mom:AssemblyCN_g1:SmartX,2026-W08,,1248.0,True
IN:mom:AssemblyCN_g1:SmartX,2026-W09,,1243.0,True
IN:mom:AssemblyCN_g1:SmartX,2026-W10,,1236.0,True
IN:mom:AssemblyCN_g1:SmartX,2026-W11,,1230.0,True
IN:mom:AssemblyCN_g1:SmartX,2026-W12,,1225.0,True
IN:mom:AssemblyCN_g1:SmartX,2026-W13,,1219.0,True
IN:mom:AssemblyCN_g1:SmartX,2026-W14,,1214.0,True
IN:mom:AssemblyCN_g1:SmartX,2026-W15,,1208.0,True
IN:mom:AssemblyCN_g1:SmartX,2026-W16,,1201.0,True
IN:mom:AssemblyCN_g1:SmartX,2026-W17,,1196.0,True
IN:mom:AssemblyCN_g1:SmartX,2026-W18,,1190.0,True
IN:mom:AssemblyCN_g1:SmartX,2026-W19,,1185.0,True
IN:mom:AssemblyCN_g1:SmartX,2026-W20,,1179.0,True
IN:mom:AssemblyCN_g1:SmartX,2026-W21,,1173.0,True
IN:mom:AssemblyCN_g1:SmartX,2026-W22,,1168.0,True
IN:mom:AssemblyCN_g1:SmartX,2026-W23,,1161.0,True
IN:mom:AssemblyCN_g1:SmartX,2026-W24,,1155.0,True
IN:mom:AssemblyCN_g1:SmartX,2026-W25,,1151.0,True
IN:mom:AssemblyCN_g1:SmartX,2026-W26,,1144.0,True
IN:mom:AssemblyCN_g1:SmartX,2026-W27,,1139.0,True
IN:mom:AssemblyCN_g1:SmartX,2026-W28,,1133.0,True
IN:mom:AssemblyCN_g1:SmartX,2026-W29,,1126.0,True
IN:mom:AssemblyCN_g1:SmartX,2026-W30,,1122.0,True
IN:mom:AssemblyCN_g1:SmartX,2026-W31,,1116.0,True
IN:mom:AssemblyCN_g1:SmartX,2026-W32,,1110.0,True
IN:mom:AssemblyCN_g1:SmartX,2026-W33,,1104.0,True
IN:mom:AssemblyCN_g1:SmartX,2026-W34,,1098.0,True
IN:mom:AssemblyCN_g1:SmartX,2026-W35,,1093.0,True
IN:mom:AssemblyCN_g1:SmartX,2026-W36,,1087.0,True
IN:mom:AssemblyCN_g1:SmartX,2026-W37,,1081.0,True
IN:mom:AssemblyCN_g1:SmartX,2026-W38,,1076.0,True
IN:mom:AssemblyCN_g1:SmartX,2026-W39,,1069.0,True
IN:mom:AssemblyCN_g1:SmartX,2026-W40,,1064.0,True
IN:mom:AssemblyCN_g1:SmartX,2026-W41,,1058.0,True
IN:mom:AssemblyCN_g1:SmartX,2026-W42,,1052.0,True
IN:mom:AssemblyCN_g1:SmartX,2026-W43,,1047.0,True
IN:mom:AssemblyCN_g1:SmartX,2026-W44,,1041.0,True
IN:mom:AssemblyCN_g1:SmartX,2026-W45,,1035.0,True
IN:mom:AssemblyCN_g1:SmartX,2026-W46,,1029.0,True
IN:mom:AssemblyCN_g1:SmartX,2026-W47,,1023.0,True
IN:mom:AssemblyCN_g1:SmartX,2026-W48,,1019.0,True
IN:mom:AssemblyCN_g1:SmartX,2026-W49,,1012.0,True
IN:mom:AssemblyCN_g1:SmartX,2026-W50,,1006.0,True
IN:mom:AssemblyCN_g1:SmartX,2026-W51,,1000.0,True
IN:mom:AssemblyCN_g1:SmartX,2026-W52,,1000.0,True
IN:mom:AssemblyCN_g1:SmartX,2026-W53,,1000.0,True
IN:mom:AssemblyCN_g1:SmartX,2027-W01,,1000.0,True
IN:mom:AssemblyCN_g1:SmartX,2027-W02,,1000.0,True
IN:mom:AssemblyCN_g1:SmartX,2027-W03,,1000.0,True
IN:mom:AssemblyCN_g1:SmartX,2027-W04,,1000.0,True
IN:mom:AssemblyCN_g1:SmartX,2027-W05,,1000.0,True
IN:mom:AssemblyCN_g1:SmartX,2027-W06,,1000.0,True
IN:mom:AssemblyCN_g1:SmartX,2027-W07,,1000.0,True
IN:mom:AssemblyCN_g1:SmartX,2027-W08,,1000.0,True
IN:mom:AssemblyCN_g1:SmartX,2027-W09,,1000.0,True
IN:mom:AssemblyCN_g1:SmartX,2027-W10,,1000.0,True
IN:mom:AssemblyCN_g1:SmartX,2027-W11,,1000.0,True
IN:mom:AssemblyCN_g1:SmartX,2027-W12,,1000.0,True
IN:mom:AssemblyCN_g1:SmartX,2027-W13,,1000.0,True
IN:mom:AssemblyCN_g1:SmartX,2027-W14,,1000.0,True
IN:mom:AssemblyCN_g1:SmartX,2027-W15,,1000.0,True
IN:mom:AssemblyCN_g1:SmartX,2027-W16,,1000.0,True
IN:mom:AssemblyCN_g1:SmartX,2027-W17,,1000.0,True
IN:mom:AssemblyCN_g1:SmartX,2027-W18,,1000.0,True
IN:mom:AssemblyCN_g1:SmartX,2027-W19,,1000.0,True
IN:mom:AssemblyCN_g1:SmartX,2027-W20,,1000.0,True
IN:mom:AssemblyCN_g1:SmartX,2027-W21,,1000.0,True
IN:mom:AssemblyCN_g1:SmartX,2027-W22,,1000.0,True
IN:mom:AssemblyCN_g1:SmartX,2027-W23,,997.0,True
IN:mom:AssemblyCN_g1:SmartX,2027-W24,,988.0,True
IN:mom:AssemblyCN_g1:SmartX,2027-W25,,979.0,True
IN:mom:AssemblyCN_g1:SmartX,2027-W26,,970.0,True
IN:mom:AssemblyCN_g1:SmartX,2027-W27,,960.0,True
IN:mom:AssemblyCN_g1:SmartX,2027-W28,,951.0,True
IN:mom:AssemblyCN_g1:SmartX,2027-W29,,942.0,True
IN:mom:AssemblyCN_g1:SmartX,2027-W30,,932.0,True
IN:mom:AssemblyCN_g1:SmartX,2027-W31,,923.0,True
IN:mom:AssemblyCN_g1:SmartX,2027-W32,,915.0,True
IN:mom:AssemblyCN_g1:SmartX,2027-W33,,904.0,True
IN:mom:AssemblyCN_g1:SmartX,2027-W34,,895.0,True
IN:mom:AssemblyCN_g1:SmartX,2027-W35,,887.0,True
IN:mom:AssemblyCN_g1:SmartX,2027-W36,,878.0,True
IN:mom:AssemblyCN_g1:SmartX,2027-W37,,867.0,True
IN:mom:AssemblyCN_g1:SmartX,2027-W38,,858.0,True
IN:mom:AssemblyCN_g1:SmartX,2027-W39,,850.0,True
IN:mom:AssemblyCN_g1:SmartX,2027-W40,,840.0,True
IN:mom:AssemblyCN_g1:SmartX,2027-W41,,830.0,True
IN:mom:AssemblyCN_g1:SmartX,2027-W42,,822.0,True
IN:mom:AssemblyCN_g1:SmartX,2027-W43,,812.0,True
IN:mom:AssemblyCN_g1:SmartX,2027-W44,,803.0,True
IN:mom:AssemblyCN_g1:SmartX,2027-W45,,794.0,True
IN:mom:AssemblyCN_g1:SmartX,2027-W46,,785.0,True
IN:mom:AssemblyCN_g1:SmartX,2027-W47,,775.0,True
IN:mom:AssemblyCN_g1:SmartX,2027-W48,,766.0,True
IN:mom:AssemblyCN_g1:SmartX,2027-W49,,754.0,True
IN:mom:AssemblyCN_g1:SmartX,2027-W50,,738.0,True
IN:mom:AssemblyCN_g1:SmartX,2027-W51,,729.0,True
IN:mom:AssemblyCN_g1:SmartX,2027-W52,,720.0,True
IN:mom:AssemblyCN_g1:SmartX,2028-W01,,710.0,True
IN:mom:AssemblyCN_g1:SmartX,2028-W02,,701.0,True
IN:mom:AssemblyCN_g1:SmartX,2028-W03,,692.0,True
IN:mom:AssemblyCN_g1:SmartX,2028-W04,,682.0,True
IN:mom:AssemblyCN_g1:SmartX,2028-W05,,673.0,True
IN:mom:AssemblyCN_g1:SmartX,2028-W06,,665.0,True
IN:mom:AssemblyCN_g1:SmartX,2028-W07,,654.0,True
IN:mom:AssemblyCN_g1:SmartX,2028-W08,,645.0,True
IN:mom:AssemblyCN_g1:SmartX,2028-W09,,637.0,True
IN:mom:AssemblyCN_g1:SmartX,2028-W10,,628.0,True
IN:mom:AssemblyCN_g1:SmartX,2028-W11,,617.0,True
IN:mom:AssemblyCN_g1:SmartX,2028-W12,,608.0,True
IN:mom:AssemblyCN_g1:SmartX,2028-W13,,600.0,True
IN:mom:AssemblyCN_g1:SmartX,2028-W14,,590.0,True
IN:mom:AssemblyCN_g1:SmartX,2028-W15,,580.0,True
IN:mom:AssemblyCN_g1:SmartX,2028-W16,,572.0,True
IN:mom:AssemblyCN_g1:SmartX,2028-W17,,562.0,True
IN:mom:AssemblyCN_g1:SmartX,2028-W18,,553.0,True
IN:mom:AssemblyCN_g1:SmartX,2028-W19,,544.0,True
IN:mom:AssemblyCN_g1:SmartX,2028-W20,,535.0,True
IN:mom:AssemblyCN_g1:SmartX,2028-W21,,525.0,True
IN:mom:AssemblyCN_g1:SmartX,2028-W22,,516.0,True
IN:mom:AssemblyCN_g1:SmartX,2028-W23,,505.0,True
IN:mom:AssemblyCN_g1:SmartX,2028-W24,,491.0,True
IN:mom:AssemblyCN_g1:SmartX,2028-W25,,485.0,True
IN:mom:AssemblyCN_g1:SmartX,2028-W26,,479.0,True
IN:mom:AssemblyCN_g1:SmartX,2028-W27,,473.0,True
IN:mom:AssemblyCN_g1:SmartX,2028-W28,,466.0,True
IN:mom:AssemblyCN_g1:SmartX,2028-W29,,458.0,True
IN:mom:AssemblyCN_g1:SmartX,2028-W30,,453.0,True
IN:mom:AssemblyCN_g1:SmartX,2028-W31,,446.0,True
IN:mom:AssemblyCN_g1:SmartX,2028-W32,,441.0,True
IN:mom:AssemblyCN_g1:SmartX,2028-W33,,433.0,True
IN:mom:AssemblyCN_g1:SmartX,2028-W34,,426.0,True
IN:mom:AssemblyCN_g1:SmartX,2028-W35,,420.0,True
IN:mom:AssemblyCN_g1:SmartX,2028-W36,,414.0,True
IN:mom:AssemblyCN_g1:SmartX,2028-W37,,408.0,True
IN:mom:AssemblyCN_g1:SmartX,2028-W38,,401.0,True
IN:mom:AssemblyCN_g1:SmartX,2028-W39,,395.0,True
IN:mom:AssemblyCN_g1:SmartX,2028-W40,,388.0,True
IN:mom:AssemblyCN_g1:SmartX,2028-W41,,381.0,True
IN:mom:AssemblyCN_g1:SmartX,2028-W42,,376.0,True
IN:mom:AssemblyCN_g1:SmartX,2028-W43,,368.0,True
IN:mom:AssemblyCN_g1:SmartX,2028-W44,,363.0,True
IN:mom:AssemblyCN_g1:SmartX,2028-W45,,355.0,True
IN:mom:AssemblyCN_g1:SmartX,2028-W46,,349.0,True
IN:mom:AssemblyCN_g1:SmartX,2028-W47,,342.0,True
IN:mom:AssemblyCN_g1:SmartX,2028-W48,,336.0,True
IN:mom:AssemblyCN_g1:SmartX,2028-W49,,329.0,True
IN:mom:AssemblyCN_g1:SmartX,2028-W50,,318.0,True
IN:mom:AssemblyCN_g1:SmartX,2028-W51,,314.0,True
IN:mom:AssemblyCN_g1:SmartX,2028-W52,,309.0,True
IN:mom:AssemblyCN_g1:SmartX,2029-W01,,306.0,True
IN:mom:AssemblyCN_g1:SmartX,2029-W02,,301.0,True
IN:mom:AssemblyCN_g1:SmartX,2029-W03,,296.0,True
IN:mom:AssemblyCN_g1:SmartX,2029-W04,,291.0,True
IN:mom:AssemblyCN_g1:SmartX,2029-W05,,286.0,True
IN:mom:AssemblyCN_g1:SmartX,2029-W06,,281.0,True
IN:mom:AssemblyCN_g1:SmartX,2029-W07,,277.0,True
IN:mom:AssemblyCN_g1:SmartX,2029-W08,,274.0,True
IN:mom:AssemblyCN_g1:SmartX,2029-W09,,268.0,True
IN:mom:AssemblyCN_g1:SmartX,2029-W10,,264.0,True
IN:mom:AssemblyCN_g1:SmartX,2029-W11,,258.0,True
IN:mom:AssemblyCN_g1:SmartX,2029-W12,,254.0,True
IN:mom:AssemblyCN_g1:SmartX,2029-W13,,249.0,True
IN:mom:AssemblyCN_g1:SmartX,2029-W14,,246.0,True
IN:mom:AssemblyCN_g1:SmartX,2029-W15,,241.0,True
IN:mom:AssemblyCN_g1:SmartX,2029-W16,,236.0,True
IN:mom:AssemblyCN_g1:SmartX,2029-W17,,231.0,True
IN:mom:AssemblyCN_g1:SmartX,2029-W18,,226.0,True
IN:mom:AssemblyCN_g1:SmartX,2029-W19,,221.0,True
IN:mom:AssemblyCN_g1:SmartX,2029-W20,,217.0,True
IN:mom:AssemblyCN_g1:SmartX,2029-W21,,214.0,True
IN:mom:AssemblyCN_g1:SmartX,2029-W22,,208.0,True
IN:mom:AssemblyCN_g1:SmartX,2029-W23,,203.0,True
IN:mom:AssemblyCN_g1:SmartX,2029-W24,,196.0,True
IN:mom:AssemblyCN_g1:SmartX,2029-W25,,192.0,True
IN:mom:AssemblyCN_g1:SmartX,2029-W26,,189.0,True
IN:mom:AssemblyCN_g1:SmartX,2029-W27,,184.0,True
IN:mom:AssemblyCN_g1:SmartX,2029-W28,,181.0,True
IN:mom:AssemblyCN_g1:SmartX,2029-W29,,177.0,True
IN:mom:AssemblyCN_g1:SmartX,2029-W30,,174.0,True
IN:mom:AssemblyCN_g1:SmartX,2029-W31,,169.0,True
IN:mom:AssemblyCN_g1:SmartX,2029-W32,,167.0,True
IN:mom:AssemblyCN_g1:SmartX,2029-W33,,162.0,True
IN:mom:AssemblyCN_g1:SmartX,2029-W34,,158.0,True
IN:mom:AssemblyCN_g1:SmartX,2029-W35,,155.0,True
IN:mom:AssemblyCN_g1:SmartX,2029-W36,,151.0,True
IN:mom:AssemblyCN_g1:SmartX,2029-W37,,147.0,True
IN:mom:AssemblyCN_g1:SmartX,2029-W38,,143.0,True
IN:mom:AssemblyCN_g1:SmartX,2029-W39,,139.0,True
IN:mom:AssemblyCN_g1:SmartX,2029-W40,,136.0,True
IN:mom:AssemblyCN_g1:SmartX,2029-W41,,131.0,True
IN:mom:AssemblyCN_g1:SmartX,2029-W42,,129.0,True
IN:mom:AssemblyCN_g1:SmartX,2029-W43,,124.0,True
IN:mom:AssemblyCN_g1:SmartX,2029-W44,,121.0,True
IN:mom:AssemblyCN_g1:SmartX,2029-W45,,117.0,True
IN:mom:AssemblyCN_g1:SmartX,2029-W46,,114.0,True
IN:mom:AssemblyCN_g1:SmartX,2029-W47,,109.0,True
IN:mom:AssemblyCN_g1:SmartX,2029-W48,,106.0,True
IN:mom:AssemblyCN_g1:SmartX,2029-W49,,102.0,True
IN:mom:AssemblyCN_g1:SmartX,2029-W50,,99.0,True
IN:mom:AssemblyCN_g1:SmartX,2029-W51,,95.0,True
IN:mom:AssemblyCN_g1:SmartX,2029-W52,,92.0,True
IN:mom:AssemblyCN_g1:SmartX,2030-W01,,87.0,True
IN:mom:AssemblyCN_g1:SmartX,2030-W02,,84.0,True
IN:mom:AssemblyCN_g1:SmartX,2030-W03,,80.0,True
IN:mom:AssemblyCN_g1:SmartX,2030-W04,,76.0,True
IN:mom:AssemblyCN_g1:SmartX,2030-W05,,71.0,True
IN:mom:AssemblyCN_g1:SmartX,2030-W06,,68.0,True
IN:mom:AssemblyCN_g1:SmartX,2030-W07,,64.0,True
IN:mom:AssemblyCN_g1:SmartX,2030-W08,,61.0,True
IN:mom:AssemblyCN_g1:SmartX,2030-W09,,56.0,True
IN:mom:AssemblyCN_g1:SmartX,2030-W10,,53.0,True
IN:mom:AssemblyCN_g1:SmartX,2030-W11,,49.0,True
IN:mom:AssemblyCN_g1:SmartX,2030-W12,,45.0,True
IN:mom:AssemblyCN_g1:SmartX,2030-W13,,42.0,True
IN:mom:AssemblyCN_g1:SmartX,2030-W14,,37.0,True
IN:mom:AssemblyCN_g1:SmartX,2030-W15,,34.0,True
IN:mom:AssemblyCN_g1:SmartX,2030-W16,,30.0,True
IN:mom:AssemblyCN_g1:SmartX,2030-W17,,26.0,True
IN:mom:AssemblyCN_g1:SmartX,2030-W18,,21.0,True
IN:mom:AssemblyCN_g1:SmartX,2030-W19,,18.0,True
IN:mom:AssemblyCN_g1:SmartX,2030-W20,,14.0,True
IN:mom:AssemblyCN_g1:SmartX,2030-W21,,11.0,True
IN:mom:AssemblyCN_g1:SmartX,2030-W22,,6.0,True
IN:mom:AssemblyCN_g1:SmartX,2030-W23,,3.0,True
IN:mom:AssemblyCN_g1:SmartX,2030-W24,,0.0,True
IN:mom:AssemblyCN_g1:SmartX,2030-W25,,0.0,True
IN:mom:AssemblyCN_g1:SmartX,2030-W26,,0.0,True
IN:mom:AssemblyCN_g1:SmartX,2030-W27,,0.0,True
IN:mom:AssemblyCN_g1:SmartX,2030-W28,,0.0,True
IN:mom:AssemblyCN_g1:SmartX,2030-W29,,0.0,True
IN:mom:AssemblyCN_g1:SmartX,2030-W30,,0.0,True
IN:mom:AssemblyCN_g1:SmartX,2030-W31,,0.0,True
IN:mom:AssemblyCN_g1:SmartX,2030-W32,,0.0,True
IN:mom:AssemblyCN_g1:SmartX,2030-W33,,0.0,True
IN:mom:AssemblyCN_g1:SmartX,2030-W34,,0.0,True
IN:mom:AssemblyCN_g1:SmartX,2030-W35,,0.0,True
IN:mom:AssemblyCN_g1:SmartX,2030-W36,,0.0,True
IN:mom:AssemblyCN_g1:SmartX,2030-W37,,0.0,True
IN:mom:AssemblyCN_g1:SmartX,2030-W38,,0.0,True
IN:mom:AssemblyCN_g1:SmartX,2030-W39,,0.0,True
IN:mom:AssemblyCN_g1:SmartX,2030-W40,,0.0,True
IN:mom:AssemblyCN_g1:SmartX,2030-W41,,0.0,True
IN:mom:AssemblyCN_g1:SmartX,2030-W42,,0.0,True
IN:mom:AssemblyCN_g1:SmartX,2030-W43,,0.0,True
IN:mom:AssemblyCN_g1:SmartX,2030-W44,,0.0,True
IN:mom:AssemblyCN_g1:SmartX,2030-W45,,0.0,True
IN:mom:AssemblyCN_g1:SmartX,2030-W46,,0.0,True
IN:mom:AssemblyCN_g1:SmartX,2030-W47,,0.0,True
IN:mom:AssemblyCN_g1:SmartX,2030-W48,,0.0,True
IN:mom:AssemblyCN_g1:SmartX,2030-W49,,0.0,True
IN:mom:AssemblyCN_g1:SmartX,2030-W50,,0.0,True
IN:mom:AssemblyCN_g1:SmartX,2030-W51,,0.0,True
IN:mom:AssemblyCN_g1:SmartX,2030-W52,,0.0,True
IN:mom:AssemblyCN_g3:SmartXNext,2025-W36,,0.0,True
IN:mom:AssemblyCN_g3:SmartXNext,2025-W37,,0.0,True
IN:mom:AssemblyCN_g3:SmartXNext,2025-W38,,0.0,True
IN:mom:AssemblyCN_g3:SmartXNext,2025-W39,,0.0,True
IN:mom:AssemblyCN_g3:SmartXNext,2025-W40,,0.0,True
IN:mom:AssemblyCN_g3:SmartXNext,2025-W41,,0.0,True
IN:mom:AssemblyCN_g3:SmartXNext,2025-W42,,0.0,True
IN:mom:AssemblyCN_g3:SmartXNext,2025-W43,,0.0,True
IN:mom:AssemblyCN_g3:SmartXNext,2025-W44,,0.0,True
IN:mom:AssemblyCN_g3:SmartXNext,2025-W45,,0.0,True
IN:mom:AssemblyCN_g3:SmartXNext,2025-W46,,0.0,True
IN:mom:AssemblyCN_g3:SmartXNext,2025-W47,,0.0,True
IN:mom:AssemblyCN_g3:SmartXNext,2025-W48,,0.0,True
IN:mom:AssemblyCN_g3:SmartXNext,2025-W49,,0.0,True
IN:mom:AssemblyCN_g3:SmartXNext,2025-W50,,0.0,True
IN:mom:AssemblyCN_g3:SmartXNext,2025-W51,,0.0,True
IN:mom:AssemblyCN_g3:SmartXNext,2025-W52,,0.0,True
IN:mom:AssemblyCN_g3:SmartXNext,2026-W01,,0.0,True
IN:mom:AssemblyCN_g3:SmartXNext,2026-W02,,0.0,True
IN:mom:AssemblyCN_g3:SmartXNext,2026-W03,,0.0,True
IN:mom:AssemblyCN_g3:SmartXNext,2026-W04,,0.0,True
IN:mom:AssemblyCN_g3:SmartXNext,2026-W05,,0.0,True
IN:mom:AssemblyCN_g3:SmartXNext,2026-W06,,0.0,True
IN:mom:AssemblyCN_g3:SmartXNext,2026-W07,,0.0,True
IN:mom:AssemblyCN_g3:SmartXNext,2026-W08,,0.0,True
IN:mom:AssemblyCN_g3:SmartXNext,2026-W09,,0.0,True
IN:mom:AssemblyCN_g3:SmartXNext,2026-W10,,0.0,True
IN:mom:AssemblyCN_g3:SmartXNext,2026-W11,,0.0,True
IN:mom:AssemblyCN_g3:SmartXNext,2026-W12,,0.0,True
IN:mom:AssemblyCN_g3:SmartXNext,2026-W13,,0.0,True
IN:mom:AssemblyCN_g3:SmartXNext,2026-W14,,0.0,True
IN:mom:AssemblyCN_g3:SmartXNext,2026-W15,,0.0,True
IN:mom:AssemblyCN_g3:SmartXNext,2026-W16,,0.0,True
IN:mom:AssemblyCN_g3:SmartXNext,2026-W17,,0.0,True
IN:mom:AssemblyCN_g3:SmartXNext,2026-W18,,0.0,True
IN:mom:AssemblyCN_g3:SmartXNext,2026-W19,,0.0,True
IN:mom:AssemblyCN_g3:SmartXNext,2026-W20,,0.0,True
IN:mom:AssemblyCN_g3:SmartXNext,2026-W21,,0.0,True
IN:mom:AssemblyCN_g3:SmartXNext,2026-W22,,0.0,True
IN:mom:AssemblyCN_g3:SmartXNext,2026-W23,,0.0,True
IN:mom:AssemblyCN_g3:SmartXNext,2026-W24,,0.0,True
IN:mom:AssemblyCN_g3:SmartXNext,2026-W25,,0.0,True
IN:mom:AssemblyCN_g3:SmartXNext,2026-W26,,0.0,True
IN:mom:AssemblyCN_g3:SmartXNext,2026-W27,,0.0,True
IN:mom:AssemblyCN_g3:SmartXNext,2026-W28,,0.0,True
IN:mom:AssemblyCN_g3:SmartXNext,2026-W29,,0.0,True
IN:mom:AssemblyCN_g3:SmartXNext,2026-W30,,0.0,True
IN:mom:AssemblyCN_g3:SmartXNext,2026-W31,,0.0,True
IN:mom:AssemblyCN_g3:SmartXNext,2026-W32,,0.0,True
IN:mom:AssemblyCN_g3:SmartXNext,2026-W33,,0.0,True
IN:mom:AssemblyCN_g3:SmartXNext,2026-W34,,0.0,True
IN:mom:AssemblyCN_g3:SmartXNext,2026-W35,,0.0,True
IN:mom:AssemblyCN_g3:SmartXNext,2026-W36,,0.0,True
IN:mom:AssemblyCN_g3:SmartXNext,2026-W37,,0.0,True
IN:mom:AssemblyCN_g3:SmartXNext,2026-W38,,0.0,True
IN:mom:AssemblyCN_g3:SmartXNext,2026-W39,,0.0,True
IN:mom:AssemblyCN_g3:SmartXNext,2026-W40,,0.0,True
IN:mom:AssemblyCN_g3:SmartXNext,2026-W41,,0.0,True
IN:mom:AssemblyCN_g3:SmartXNext,2026-W42,,0.0,True
IN:mom:AssemblyCN_g3:SmartXNext,2026-W43,,0.0,True
IN:mom:AssemblyCN_g3:SmartXNext,2026-W44,,0.0,True
IN:mom:AssemblyCN_g3:SmartXNext,2026-W45,,0.0,True
IN:mom:AssemblyCN_g3:SmartXNext,2026-W46,,0.0,True
IN:mom:AssemblyCN_g3:SmartXNext,2026-W47,,0.0,True
IN:mom:AssemblyCN_g3:SmartXNext,2026-W48,,0.0,True
IN:mom:AssemblyCN_g3:SmartXNext,2026-W49,,0.0,True
IN:mom:AssemblyCN_g3:SmartXNext,2026-W50,,0.0,True
IN:mom:AssemblyCN_g3:SmartXNext,2026-W51,,0.0,True
IN:mom:AssemblyCN_g3:SmartXNext,2026-W52,,0.0,True
IN:mom:AssemblyCN_g3:SmartXNext,2026-W53,,0.0,True
IN:mom:AssemblyCN_g3:SmartXNext,2027-W01,,0.0,True
IN:mom:AssemblyCN_g3:SmartXNext,2027-W02,,0.0,True
IN:mom:AssemblyCN_g3:SmartXNext,2027-W03,,0.0,True
IN:mom:AssemblyCN_g3:SmartXNext,2027-W04,,0.0,True
IN:mom:AssemblyCN_g3:SmartXNext,2027-W05,,0.0,True
IN:mom:AssemblyCN_g3:SmartXNext,2027-W06,,0.0,True
IN:mom:AssemblyCN_g3:SmartXNext,2027-W07,,0.0,True
IN:mom:AssemblyCN_g3:SmartXNext,2027-W08,,0.0,True
IN:mom:AssemblyCN_g3:SmartXNext,2027-W09,,0.0,True
IN:mom:AssemblyCN_g3:SmartXNext,2027-W10,,0.0,True
IN:mom:AssemblyCN_g3:SmartXNext,2027-W11,,0.0,True
IN:mom:AssemblyCN_g3:SmartXNext,2027-W12,,0.0,True
IN:mom:AssemblyCN_g3:SmartXNext,2027-W13,,0.0,True
IN:mom:AssemblyCN_g3:SmartXNext,2027-W14,,0.0,True
IN:mom:AssemblyCN_g3:SmartXNext,2027-W15,,0.0,True
IN:mom:AssemblyCN_g3:SmartXNext,2027-W16,,0.0,True
IN:mom:AssemblyCN_g3:SmartXNext,2027-W17,,0.0,True
IN:mom:AssemblyCN_g3:SmartXNext,2027-W18,,0.0,True
IN:mom:AssemblyCN_g3:SmartXNext,2027-W19,,0.0,True
IN:mom:AssemblyCN_g3:SmartXNext,2027-W20,,0.0,True
IN:mom:AssemblyCN_g3:SmartXNext,2027-W21,,0.0,True
IN:mom:AssemblyCN_g3:SmartXNext,2027-W22,,0.0,True
IN:mom:AssemblyCN_g3:SmartXNext,2027-W23,,0.0,True
IN:mom:AssemblyCN_g3:SmartXNext,2027-W24,,0.0,True
IN:mom:AssemblyCN_g3:SmartXNext,2027-W25,,0.0,True
IN:mom:AssemblyCN_g3:SmartXNext,2027-W26,,0.0,True
IN:mom:AssemblyCN_g3:SmartXNext,2027-W27,,0.0,True
IN:mom:AssemblyCN_g3:SmartXNext,2027-W28,,0.0,True
IN:mom:AssemblyCN_g3:SmartXNext,2027-W29,,0.0,True
IN:mom:AssemblyCN_g3:SmartXNext,2027-W30,,0.0,True
IN:mom:AssemblyCN_g3:SmartXNext,2027-W31,,0.0,True
IN:mom:AssemblyCN_g3:SmartXNext,2027-W32,,0.0,True
IN:mom:AssemblyCN_g3:SmartXNext,2027-W33,,0.0,True
IN:mom:AssemblyCN_g3:SmartXNext,2027-W34,,0.0,True
IN:mom:AssemblyCN_g3:SmartXNext,2027-W35,,0.0,True
IN:mom:AssemblyCN_g3:SmartXNext,2027-W36,,0.0,True
IN:mom:AssemblyCN_g3:SmartXNext,2027-W37,,0.0,True
IN:mom:AssemblyCN_g3:SmartXNext,2027-W38,,0.0,True
IN:mom:AssemblyCN_g3:SmartXNext,2027-W39,,0.0,True
IN:mom:AssemblyCN_g3:SmartXNext,2027-W40,,0.0,True
IN:mom:AssemblyCN_g3:SmartXNext,2027-W41,,0.0,True
IN:mom:AssemblyCN_g3:SmartXNext,2027-W42,,0.0,True
IN:mom:AssemblyCN_g3:SmartXNext,2027-W43,,0.0,True
IN:mom:AssemblyCN_g3:SmartXNext,2027-W44,,0.0,True
IN:mom:AssemblyCN_g3:SmartXNext,2027-W45,,0.0,True
IN:mom:AssemblyCN_g3:SmartXNext,2027-W46,,0.0,True
IN:mom:AssemblyCN_g3:SmartXNext,2027-W47,,0.0,True
IN:mom:AssemblyCN_g3:SmartXNext,2027-W48,,0.0,True
IN:mom:AssemblyCN_g3:SmartXNext,2027-W49,,0.0,True
IN:mom:AssemblyCN_g3:SmartXNext,2027-W50,,0.0,True
IN:mom:AssemblyCN_g3:SmartXNext,2027-W51,,0.0,True
IN:mom:AssemblyCN_g3:SmartXNext,2027-W52,,0.0,True
IN:mom:AssemblyCN_g3:SmartXNext,2028-W01,,0.0,True
IN:mom:AssemblyCN_g3:SmartXNext,2028-W02,,0.0,True
IN:mom:AssemblyCN_g3:SmartXNext,2028-W03,,0.0,True
IN:mom:AssemblyCN_g3:SmartXNext,2028-W04,,0.0,True
IN:mom:AssemblyCN_g3:SmartXNext,2028-W05,,0.0,True
IN:mom:AssemblyCN_g3:SmartXNext,2028-W06,,0.0,True
IN:mom:AssemblyCN_g3:SmartXNext,2028-W07,,0.0,True
IN:mom:AssemblyCN_g3:SmartXNext,2028-W08,,0.0,True
IN:mom:AssemblyCN_g3:SmartXNext,2028-W09,,0.0,True
IN:mom:AssemblyCN_g3:SmartXNext,2028-W10,,0.0,True
IN:mom:AssemblyCN_g3:SmartXNext,2028-W11,,0.0,True
IN:mom:AssemblyCN_g3:SmartXNext,2028-W12,,0.0,True
IN:mom:AssemblyCN_g3:SmartXNext,2028-W13,,0.0,True
IN:mom:AssemblyCN_g3:SmartXNext,2028-W14,,0.0,True
IN:mom:AssemblyCN_g3:SmartXNext,2028-W15,,0.0,True
IN:mom:AssemblyCN_g3:SmartXNext,2028-W16,,0.0,True
IN:mom:AssemblyCN_g3:SmartXNext,2028-W17,,0.0,True
IN:mom:AssemblyCN_g3:SmartXNext,2028-W18,,0.0,True
IN:mom:AssemblyCN_g3:SmartXNext,2028-W19,,0.0,True
IN:mom:AssemblyCN_g3:SmartXNext,2028-W20,,0.0,True
IN:mom:AssemblyCN_g3:SmartXNext,2028-W21,,0.0,True
IN:mom:AssemblyCN_g3:SmartXNext,2028-W22,,0.0,True
IN:mom:AssemblyCN_g3:SmartXNext,2028-W23,,15.0,True
IN:mom:AssemblyCN_g3:SmartXNext,2028-W24,,71.0,True
IN:mom:AssemblyCN_g3:SmartXNext,2028-W25,,126.0,True
IN:mom:AssemblyCN_g3:SmartXNext,2028-W26,,183.0,True
IN:mom:AssemblyCN_g3:SmartXNext,2028-W27,,238.0,True
IN:mom:AssemblyCN_g3:SmartXNext,2028-W28,,293.0,True
IN:mom:AssemblyCN_g3:SmartXNext,2028-W29,,348.0,True
IN:mom:AssemblyCN_g3:SmartXNext,2028-W30,,406.0,True
IN:mom:AssemblyCN_g3:SmartXNext,2028-W31,,460.0,True
IN:mom:AssemblyCN_g3:SmartXNext,2028-W32,,515.0,True
IN:mom:AssemblyCN_g3:SmartXNext,2028-W33,,571.0,True
IN:mom:AssemblyCN_g3:SmartXNext,2028-W34,,626.0,True
IN:mom:AssemblyCN_g3:SmartXNext,2028-W35,,683.0,True
IN:mom:AssemblyCN_g3:SmartXNext,2028-W36,,738.0,True
IN:mom:AssemblyCN_g3:SmartXNext,2028-W37,,793.0,True
IN:mom:AssemblyCN_g3:SmartXNext,2028-W38,,848.0,True
IN:mom:AssemblyCN_g3:SmartXNext,2028-W39,,906.0,True
IN:mom:AssemblyCN_g3:SmartXNext,2028-W40,,960.0,True
IN:mom:AssemblyCN_g3:SmartXNext,2028-W41,,1015.0,True
IN:mom:AssemblyCN_g3:SmartXNext,2028-W42,,1071.0,True
IN:mom:AssemblyCN_g3:SmartXNext,2028-W43,,1126.0,True
IN:mom:AssemblyCN_g3:SmartXNext,2028-W44,,1183.0,True
IN:mom:AssemblyCN_g3:SmartXNext,2028-W45,,1238.0,True
IN:mom:AssemblyCN_g3:SmartXNext,2028-W46,,1293.0,True
IN:mom:AssemblyCN_g3:SmartXNext,2028-W47,,1348.0,True
IN:mom:AssemblyCN_g3:SmartXNext,2028-W48,,1406.0,True
IN:mom:AssemblyCN_g3:SmartXNext,2028-W49,,1468.0,True
IN:mom:AssemblyCN_g3:SmartXNext,2028-W50,,1535.0,True
IN:mom:AssemblyCN_g3:SmartXNext,2028-W51,,1563.0,True
IN:mom:AssemblyCN_g3:SmartXNext,2028-W52,,1590.0,True
IN:mom:AssemblyCN_g3:SmartXNext,2029-W01,,1618.0,True
IN:mom:AssemblyCN_g3:SmartXNext,2029-W02,,1648.0,True
IN:mom:AssemblyCN_g3:SmartXNext,2029-W03,,1676.0,True
IN:mom:AssemblyCN_g3:SmartXNext,2029-W04,,1702.0,True
IN:mom:AssemblyCN_g3:SmartXNext,2029-W05,,1730.0,True
IN:mom:AssemblyCN_g3:SmartXNext,2029-W06,,1758.0,True
IN:mom:AssemblyCN_g3:SmartXNext,2029-W07,,1785.0,True
IN:mom:AssemblyCN_g3:SmartXNext,2029-W08,,1813.0,True
IN:mom:AssemblyCN_g3:SmartXNext,2029-W09,,1840.0,True
IN:mom:AssemblyCN_g3:SmartXNext,2029-W10,,1868.0,True
IN:mom:AssemblyCN_g3:SmartXNext,2029-W11,,1898.0,True
IN:mom:AssemblyCN_g3:SmartXNext,2029-W12,,1926.0,True
IN:mom:AssemblyCN_g3:SmartXNext,2029-W13,,1952.0,True
IN:mom:AssemblyCN_g3:SmartXNext,2029-W14,,1980.0,True
IN:mom:AssemblyCN_g3:SmartXNext,2029-W15,,2008.0,True
IN:mom:AssemblyCN_g3:SmartXNext,2029-W16,,2035.0,True
IN:mom:AssemblyCN_g3:SmartXNext,2029-W17,,2063.0,True
IN:mom:AssemblyCN_g3:SmartXNext,2029-W18,,2090.0,True
IN:mom:AssemblyCN_g3:SmartXNext,2029-W19,,2118.0,True
IN:mom:AssemblyCN_g3:SmartXNext,2029-W20,,2148.0,True
IN:mom:AssemblyCN_g3:SmartXNext,2029-W21,,2176.0,True
IN:mom:AssemblyCN_g3:SmartXNext,2029-W22,,2202.0,True
IN:mom:AssemblyCN_g3:SmartXNext,2029-W23,,2235.0,True
IN:mom:AssemblyCN_g3:SmartXNext,2029-W24,,2273.0,True
IN:mom:AssemblyCN_g3:SmartXNext,2029-W25,,2292.0,True
IN:mom:AssemblyCN_g3:SmartXNext,2029-W26,,2311.0,True
IN:mom:AssemblyCN_g3:SmartXNext,2029-W27,,2330.0,True
IN:mom:AssemblyCN_g3:SmartXNext,2029-W28,,2348.0,True
IN:mom:AssemblyCN_g3:SmartXNext,2029-W29,,2365.0,True
IN:mom:AssemblyCN_g3:SmartXNext,2029-W30,,2385.0,True
IN:mom:AssemblyCN_g3:SmartXNext,2029-W31,,2403.0,True
IN:mom:AssemblyCN_g3:SmartXNext,2029-W32,,2423.0,True
IN:mom:AssemblyCN_g3:SmartXNext,2029-W33,,2440.0,True
IN:mom:AssemblyCN_g3:SmartXNext,2029-W34,,2458.0,True
IN:mom:AssemblyCN_g3:SmartXNext,2029-W35,,2477.0,True
IN:mom:AssemblyCN_g3:SmartXNext,2029-W36,,2496.0,True
IN:mom:AssemblyCN_g3:SmartXNext,2029-W37,,2515.0,True
IN:mom:AssemblyCN_g3:SmartXNext,2029-W38,,2533.0,True
IN:mom:AssemblyCN_g3:SmartXNext,2029-W39,,2552.0,True
IN:mom:AssemblyCN_g3:SmartXNext,2029-W40,,2570.0,True
IN:mom:AssemblyCN_g3:SmartXNext,2029-W41,,2588.0,True
IN:mom:AssemblyCN_g3:SmartXNext,2029-W42,,2608.0,True
IN:mom:AssemblyCN_g3:SmartXNext,2029-W43,,2625.0,True
IN:mom:AssemblyCN_g3:SmartXNext,2029-W44,,2645.0,True
IN:mom:AssemblyCN_g3:SmartXNext,2029-W45,,2662.0,True
IN:mom:AssemblyCN_g3:SmartXNext,2029-W46,,2681.0,True
IN:mom:AssemblyCN_g3:SmartXNext,2029-W47,,2700.0,True
IN:mom:AssemblyCN_g3:SmartXNext,2029-W48,,2718.0,True
IN:mom:AssemblyCN_g3:SmartXNext,2029-W49,,2737.0,True
IN:mom:AssemblyCN_g3:SmartXNext,2029-W50,,2757.0,True
IN:mom:AssemblyCN_g3:SmartXNext,2029-W51,,2781.0,True
IN:mom:AssemblyCN_g3:SmartXNext,2029-W52,,2804.0,True
IN:mom:AssemblyCN_g3:SmartXNext,2030-W01,,2829.0,True
IN:mom:AssemblyCN_g3:SmartXNext,2030-W02,,2853.0,True
IN:mom:AssemblyCN_g3:SmartXNext,2030-W03,,2876.0,True
IN:mom:AssemblyCN_g3:SmartXNext,2030-W04,,2901.0,True
IN:mom:AssemblyCN_g3:SmartXNext,2030-W05,,2925.0,True
IN:mom:AssemblyCN_g3:SmartXNext,2030-W06,,2950.0,True
IN:mom:AssemblyCN_g3:SmartXNext,2030-W07,,2973.0,True
IN:mom:AssemblyCN_g3:SmartXNext,2030-W08,,2997.0,True
IN:mom:AssemblyCN_g3:SmartXNext,2030-W09,,3022.0,True
IN:mom:AssemblyCN_g3:SmartXNext,2030-W10,,3045.0,True
IN:mom:AssemblyCN_g3:SmartXNext,2030-W11,,3069.0,True
IN:mom:AssemblyCN_g3:SmartXNext,2030-W12,,3094.0,True
IN:mom:AssemblyCN_g3:SmartXNext,2030-W13,,3117.0,True
IN:mom:AssemblyCN_g3:SmartXNext,2030-W14,,3141.0,True
IN:mom:AssemblyCN_g3:SmartXNext,2030-W15,,3165.0,True
IN:mom:AssemblyCN_g3:SmartXNext,2030-W16,,3189.0,True
IN:mom:AssemblyCN_g3:SmartXNext,2030-W17,,3214.0,True
IN:mom:AssemblyCN_g3:SmartXNext,2030-W18,,3237.0,True
IN:mom:AssemblyCN_g3:SmartXNext,2030-W19,,3262.0,True
IN:mom:AssemblyCN_g3:SmartXNext,2030-W20,,3286.0,True
IN:mom:AssemblyCN_g3:SmartXNext,2030-W21,,3310.0,True
IN:mom:AssemblyCN_g3:SmartXNext,2030-W22,,3334.0,True
IN:mom:AssemblyCN_g3:SmartXNext,2030-W23,,3357.0,True
IN:mom:AssemblyCN_g3:SmartXNext,2030-W24,,3368.0,True
IN:mom:AssemblyCN_g3:SmartXNext,2030-W25,,3345.0,True
IN:mom:AssemblyCN_g3:SmartXNext,2030-W26,,3326.0,True
IN:mom:AssemblyCN_g3:SmartXNext,2030-W27,,3305.0,True
IN:mom:AssemblyCN_g3:SmartXNext,2030-W28,,3286.0,True
IN:mom:AssemblyCN_g3:SmartXNext,2030-W29,,3266.0,True
IN:mom:AssemblyCN_g3:SmartXNext,2030-W30,,3246.0,True
IN:mom:AssemblyCN_g3:SmartXNext,2030-W31,,3226.0,True
IN:mom:AssemblyCN_g3:SmartXNext,2030-W32,,3207.0,True
IN:mom:AssemblyCN_g3:SmartXNext,2030-W33,,3187.0,True
IN:mom:AssemblyCN_g3:SmartXNext,2030-W34,,3168.0,True
IN:mom:AssemblyCN_g3:SmartXNext,2030-W35,,3147.0,True
IN:mom:AssemblyCN_g3:SmartXNext,2030-W36,,3128.0,True
IN:mom:AssemblyCN_g3:SmartXNext,2030-W37,,3107.0,True
IN:mom:AssemblyCN_g3:SmartXNext,2030-W38,,3087.0,True
IN:mom:AssemblyCN_g3:SmartXNext,2030-W39,,3068.0,True
IN:mom:AssemblyCN_g3:SmartXNext,2030-W40,,3047.0,True
IN:mom:AssemblyCN_g3:SmartXNext,2030-W41,,3028.0,True
IN:mom:AssemblyCN_g3:SmartXNext,2030-W42,,3008.0,True
IN:mom:AssemblyCN_g3:SmartXNext,2030-W43,,2989.0,True
IN:mom:AssemblyCN_g3:SmartXNext,2030-W44,,2969.0,True
IN:mom:AssemblyCN_g3:SmartXNext,2030-W45,,2950.0,True
IN:mom:AssemblyCN_g3:SmartXNext,2030-W46,,2929.0,True
IN:mom:AssemblyCN_g3:SmartXNext,2030-W47,,2910.0,True
IN:mom:AssemblyCN_g3:SmartXNext,2030-W48,,2889.0,True
IN:mom:AssemblyCN_g3:SmartXNext,2030-W49,,2070.0,True
IN:mom:AssemblyCN_g3:SmartXNext,2030-W50,,0.0,True
IN:mom:AssemblyCN_g3:SmartXNext,2030-W51,,0.0,True
IN:mom:AssemblyCN_g3:SmartXNext,2030-W52,,0.0,True
IN:mom:AssemblyIN:SmartXPro_IN,2025-W36,1119,0.0,False
IN:mom:AssemblyIN:SmartXPro_IN,2025-W37,1119,0.0,False
IN:mom:AssemblyIN:SmartXPro_IN,2025-W38,1119,0.0,False
IN:mom:AssemblyIN:SmartXPro_IN,2025-W39,1119,0.0,False
IN:mom:AssemblyIN:SmartXPro_IN,2025-W40,1119,0.0,False
IN:mom:AssemblyIN:SmartXPro_IN,2025-W41,1119,0.0,False
IN:mom:AssemblyIN:SmartXPro_IN,2025-W42,1119,0.0,False
IN:mom:AssemblyIN:SmartXPro_IN,2025-W43,1119,0.0,False
IN:mom:AssemblyIN:SmartXPro_IN,2025-W44,1119,0.0,False
IN:mom:AssemblyIN:SmartXPro_IN,2025-W45,1119,0.0,False
IN:mom:AssemblyIN:SmartXPro_IN,2025-W46,1119,0.0,False
IN:mom:AssemblyIN:SmartXPro_IN,2025-W47,1119,0.0,False
IN:mom:AssemblyIN:SmartXPro_IN,2025-W48,1119,0.0,False
IN:mom:AssemblyIN:SmartXPro_IN,2025-W49,1119,0.0,False
IN:mom:AssemblyIN:SmartXPro_IN,2025-W50,1119,0.0,False
IN:mom:AssemblyIN:SmartXPro_IN,2025-W51,1119,0.0,False
IN:mom:AssemblyIN:SmartXPro_IN,2025-W52,1119,0.0,False
IN:mom:AssemblyIN:SmartXPro_IN,2026-W01,1119,0.0,False
IN:mom:AssemblyIN:SmartXPro_IN,2026-W02,1115,0.0,False
IN:mom:AssemblyIN:SmartXPro_IN,2026-W03,1111,0.0,False
IN:mom:AssemblyIN:SmartXPro_IN,2026-W04,1107,0.0,False
IN:mom:AssemblyIN:SmartXPro_IN,2026-W05,1102,0.0,False
IN:mom:AssemblyIN:SmartXPro_IN,2026-W06,1098,0.0,False
IN:mom:AssemblyIN:SmartXPro_IN,2026-W07,1094,0.0,False
IN:mom:AssemblyIN:SmartXPro_IN,2026-W08,1090,0.0,False
IN:mom:AssemblyIN:SmartXPro_IN,2026-W09,1086,0.0,False
IN:mom:AssemblyIN:SmartXPro_IN,2026-W10,1082,0.0,False
IN:mom:AssemblyIN:SmartXPro_IN,2026-W11,1078,0.0,False
IN:mom:AssemblyIN:SmartXPro_IN,2026-W12,1074,0.0,False
IN:mom:AssemblyIN:SmartXPro_IN,2026-W13,1069,0.0,False
IN:mom:AssemblyIN:SmartXPro_IN,2026-W14,1065,0.0,False
IN:mom:AssemblyIN:SmartXPro_IN,2026-W15,1061,0.0,False
IN:mom:AssemblyIN:SmartXPro_IN,2026-W16,1057,0.0,False
IN:mom:AssemblyIN:SmartXPro_IN,2026-W17,1053,0.0,False
IN:mom:AssemblyIN:SmartXPro_IN,2026-W18,1049,0.0,False
IN:mom:AssemblyIN:SmartXPro_IN,2026-W19,1045,0.0,False
IN:mom:AssemblyIN:SmartXPro_IN,2026-W20,1040,0.0,False
IN:mom:AssemblyIN:SmartXPro_IN,2026-W21,1036,0.0,False
IN:mom:AssemblyIN:SmartXPro_IN,2026-W22,1032,0.0,False
IN:mom:AssemblyIN:SmartXPro_IN,2026-W23,1028,0.0,False
IN:mom:AssemblyIN:SmartXPro_IN,2026-W24,1024,0.0,False
IN:mom:AssemblyIN:SmartXPro_IN,2026-W25,1020,0.0,False
IN:mom:AssemblyIN:SmartXPro_IN,2026-W26,1016,0.0,False
IN:mom:AssemblyIN:SmartXPro_IN,2026-W27,1012,0.0,False
IN:mom:AssemblyIN:SmartXPro_IN,2026-W28,1007,0.0,False
IN:mom:AssemblyIN:SmartXPro_IN,2026-W29,1003,0.0,False
IN:mom:AssemblyIN:SmartXPro_IN,2026-W30,999,0.0,False
IN:mom:AssemblyIN:SmartXPro_IN,2026-W31,995,0.0,False
IN:mom:AssemblyIN:SmartXPro_IN,2026-W32,991,0.0,False
IN:mom:AssemblyIN:SmartXPro_IN,2026-W33,987,0.0,False
IN:mom:AssemblyIN:SmartXPro_IN,2026-W34,983,0.0,False
IN:mom:AssemblyIN:SmartXPro_IN,2026-W35,978,0.0,False
IN:mom:AssemblyIN:SmartXPro_IN,2026-W36,974,0.0,False
IN:mom:AssemblyIN:SmartXPro_IN,2026-W37,970,0.0,False
IN:mom:AssemblyIN:SmartXPro_IN,2026-W38,966,0.0,False
IN:mom:AssemblyIN:SmartXPro_IN,2026-W39,962,0.0,False
IN:mom:AssemblyIN:SmartXPro_IN,2026-W40,958,0.0,False
IN:mom:AssemblyIN:SmartXPro_IN,2026-W41,954,0.0,False
IN:mom:AssemblyIN:SmartXPro_IN,2026-W42,949,0.0,False
IN:mom:AssemblyIN:SmartXPro_IN,2026-W43,945,0.0,False
IN:mom:AssemblyIN:SmartXPro_IN,2026-W44,941,0.0,False
IN:mom:AssemblyIN:SmartXPro_IN,2026-W45,937,0.0,False
IN:mom:AssemblyIN:SmartXPro_IN,2026-W46,933,0.0,False
IN:mom:AssemblyIN:SmartXPro_IN,2026-W47,929,0.0,False
IN:mom:AssemblyIN:SmartXPro_IN,2026-W48,925,0.0,False
IN:mom:AssemblyIN:SmartXPro_IN,2026-W49,921,0.0,False
IN:mom:AssemblyIN:SmartXPro_IN,2026-W50,916,0.0,False
IN:mom:AssemblyIN:SmartXPro_IN,2026-W51,912,900.0,False
IN:mom:AssemblyIN:SmartXPro_IN,2026-W52,908,900.0,False
IN:mom:AssemblyIN:SmartXPro_IN,2026-W53,904,900.0,False
IN:mom:AssemblyIN:SmartXPro_IN,2027-W01,900,900.0,False
IN:mom:AssemblyIN:SmartXPro_IN,2027-W02,900,900.0,False
IN:mom:AssemblyIN:SmartXPro_IN,2027-W03,900,900.0,False
IN:mom:AssemblyIN:SmartXPro_IN,2027-W04,900,900.0,False
IN:mom:AssemblyIN:SmartXPro_IN,2027-W05,900,900.0,False
IN:mom:AssemblyIN:SmartXPro_IN,2027-W06,900,900.0,False
IN:mom:AssemblyIN:SmartXPro_IN,2027-W07,900,900.0,False
IN:mom:AssemblyIN:SmartXPro_IN,2027-W08,900,900.0,False
IN:mom:AssemblyIN:SmartXPro_IN,2027-W09,900,900.0,False
IN:mom:AssemblyIN:SmartXPro_IN,2027-W10,900,900.0,False
IN:mom:AssemblyIN:SmartXPro_IN,2027-W11,900,900.0,False
IN:mom:AssemblyIN:SmartXPro_IN,2027-W12,900,900.0,False
IN:mom:AssemblyIN:SmartXPro_IN,2027-W13,900,900.0,False
IN:mom:AssemblyIN:SmartXPro_IN,2027-W14,900,900.0,False
IN:mom:AssemblyIN:SmartXPro_IN,2027-W15,900,900.0,False
IN:mom:AssemblyIN:SmartXPro_IN,2027-W16,900,900.0,False
IN:mom:AssemblyIN:SmartXPro_IN,2027-W17,900,900.0,False
IN:mom:AssemblyIN:SmartXPro_IN,2027-W18,900,900.0,False
IN:mom:AssemblyIN:SmartXPro_IN,2027-W19,900,900.0,False
IN:mom:AssemblyIN:SmartXPro_IN,2027-W20,900,900.0,False
IN:mom:AssemblyIN:SmartXPro_IN,2027-W21,900,900.0,False
IN:mom:AssemblyIN:SmartXPro_IN,2027-W22,900,900.0,False
IN:mom:AssemblyIN:SmartXPro_IN,2027-W23,900,900.0,False
IN:mom:AssemblyIN:SmartXPro_IN,2027-W24,900,896.0,False
IN:mom:AssemblyIN:SmartXPro_IN,2027-W25,900,891.0,False
IN:mom:AssemblyIN:SmartXPro_IN,2027-W26,900,900.0,False
IN:mom:AssemblyIN:SmartXPro_IN,2027-W27,896,896.0,False
IN:mom:AssemblyIN:SmartXPro_IN,2027-W28,891,891.0,False
IN:mom:AssemblyIN:SmartXPro_IN,2027-W29,887,887.0,False
IN:mom:AssemblyIN:SmartXPro_IN,2027-W30,882,882.0,False
IN:mom:AssemblyIN:SmartXPro_IN,2027-W31,878,878.0,False
IN:mom:AssemblyIN:SmartXPro_IN,2027-W32,873,873.0,False
IN:mom:AssemblyIN:SmartXPro_IN,2027-W33,869,869.0,False
IN:mom:AssemblyIN:SmartXPro_IN,2027-W34,864,864.0,False
IN:mom:AssemblyIN:SmartXPro_IN,2027-W35,860,860.0,False
IN:mom:AssemblyIN:SmartXPro_IN,2027-W36,856,856.0,False
IN:mom:AssemblyIN:SmartXPro_IN,2027-W37,851,851.0,False
IN:mom:AssemblyIN:SmartXPro_IN,2027-W38,847,847.0,False
IN:mom:AssemblyIN:SmartXPro_IN,2027-W39,842,842.0,False
IN:mom:AssemblyIN:SmartXPro_IN,2027-W40,838,838.0,False
IN:mom:AssemblyIN:SmartXPro_IN,2027-W41,833,833.0,False
IN:mom:AssemblyIN:SmartXPro_IN,2027-W42,829,829.0,False
IN:mom:AssemblyIN:SmartXPro_IN,2027-W43,824,807.0,False
IN:mom:AssemblyIN:SmartXPro_IN,2027-W44,820,802.0,False
IN:mom:AssemblyIN:SmartXPro_IN,2027-W45,816,0.0,False
IN:mom:AssemblyIN:SmartXPro_IN,2027-W46,811,798.0,False
IN:mom:AssemblyIN:SmartXPro_IN,2027-W47,807,793.0,False
IN:mom:AssemblyIN:SmartXPro_IN,2027-W48,802,789.0,False
IN:mom:AssemblyIN:SmartXPro_IN,2027-W49,798,784.0,False
IN:mom:AssemblyIN:SmartXPro_IN,2027-W50,793,775.0,False
IN:mom:AssemblyIN:SmartXPro_IN,2027-W51,789,770.0,False
IN:mom:AssemblyIN:SmartXPro_IN,2027-W52,784,766.0,False
IN:mom:AssemblyIN:SmartXPro_IN,2028-W01,775,761.0,False
IN:mom:AssemblyIN:SmartXPro_IN,2028-W02,770,756.0,False
IN:mom:AssemblyIN:SmartXPro_IN,2028-W03,766,751.0,False
IN:mom:AssemblyIN:SmartXPro_IN,2028-W04,761,746.0,False
IN:mom:AssemblyIN:SmartXPro_IN,2028-W05,756,741.0,False
IN:mom:AssemblyIN:SmartXPro_IN,2028-W06,751,737.0,False
IN:mom:AssemblyIN:SmartXPro_IN,2028-W07,746,732.0,False
IN:mom:AssemblyIN:SmartXPro_IN,2028-W08,741,727.0,False
IN:mom:AssemblyIN:SmartXPro_IN,2028-W09,737,722.0,False
IN:mom:AssemblyIN:SmartXPro_IN,2028-W10,732,717.0,False
IN:mom:AssemblyIN:SmartXPro_IN,2028-W11,727,713.0,False
IN:mom:AssemblyIN:SmartXPro_IN,2028-W12,722,708.0,False
IN:mom:AssemblyIN:SmartXPro_IN,2028-W13,717,703.0,False
IN:mom:AssemblyIN:SmartXPro_IN,2028-W14,713,698.0,False
IN:mom:AssemblyIN:SmartXPro_IN,2028-W15,708,693.0,False
IN:mom:AssemblyIN:SmartXPro_IN,2028-W16,703,689.0,False
IN:mom:AssemblyIN:SmartXPro_IN,2028-W17,698,684.0,False
IN:mom:AssemblyIN:SmartXPro_IN,2028-W18,693,679.0,False
IN:mom:AssemblyIN:SmartXPro_IN,2028-W19,689,674.0,False
IN:mom:AssemblyIN:SmartXPro_IN,2028-W20,684,669.0,False
IN:mom:AssemblyIN:SmartXPro_IN,2028-W21,679,664.0,False
IN:mom:AssemblyIN:SmartXPro_IN,2028-W22,674,660.0,False
IN:mom:AssemblyIN:SmartXPro_IN,2028-W23,669,655.0,False
IN:mom:AssemblyIN:SmartXPro_IN,2028-W24,664,664.0,False
IN:mom:AssemblyIN:SmartXPro_IN,2028-W25,660,660.0,False
IN:mom:AssemblyIN:SmartXPro_IN,2028-W26,655,655.0,False
IN:mom:AssemblyIN:SmartXPro_IN,2028-W27,646,646.0,False
IN:mom:AssemblyIN:SmartXPro_IN,2028-W28,643,643.0,False
IN:mom:AssemblyIN:SmartXPro_IN,2028-W29,639,639.0,False
IN:mom:AssemblyIN:SmartXPro_IN,2028-W30,635,635.0,False
IN:mom:AssemblyIN:SmartXPro_IN,2028-W31,631,631.0,False
IN:mom:AssemblyIN:SmartXPro_IN,2028-W32,628,628.0,False
IN:mom:AssemblyIN:SmartXPro_IN,2028-W33,624,624.0,False
IN:mom:AssemblyIN:SmartXPro_IN,2028-W34,620,620.0,False
IN:mom:AssemblyIN:SmartXPro_IN,2028-W35,617,617.0,False
IN:mom:AssemblyIN:SmartXPro_IN,2028-W36,613,613.0,False
IN:mom:AssemblyIN:SmartXPro_IN,2028-W37,609,609.0,False
IN:mom:AssemblyIN:SmartXPro_IN,2028-W38,606,606.0,False
IN:mom:AssemblyIN:SmartXPro_IN,2028-W39,602,602.0,False
IN:mom:AssemblyIN:SmartXPro_IN,2028-W40,598,598.0,False
IN:mom:AssemblyIN:SmartXPro_IN,2028-W41,594,580.0,False
IN:mom:AssemblyIN:SmartXPro_IN,2028-W42,591,576.0,False
IN:mom:AssemblyIN:SmartXPro_IN,2028-W43,587,0.0,False
IN:mom:AssemblyIN:SmartXPro_IN,2028-W44,583,572.0,False
IN:mom:AssemblyIN:SmartXPro_IN,2028-W45,580,569.0,False
IN:mom:AssemblyIN:SmartXPro_IN,2028-W46,576,565.0,False
IN:mom:AssemblyIN:SmartXPro_IN,2028-W47,572,561.0,False
IN:mom:AssemblyIN:SmartXPro_IN,2028-W48,569,557.0,False
IN:mom:AssemblyIN:SmartXPro_IN,2028-W49,565,554.0,False
IN:mom:AssemblyIN:SmartXPro_IN,2028-W50,561,544.0,False
IN:mom:AssemblyIN:SmartXPro_IN,2028-W51,557,539.0,False
IN:mom:AssemblyIN:SmartXPro_IN,2028-W52,554,533.0,False
IN:mom:AssemblyIN:SmartXPro_IN,2029-W01,544,528.0,False
IN:mom:AssemblyIN:SmartXPro_IN,2029-W02,539,522.0,False
IN:mom:AssemblyIN:SmartXPro_IN,2029-W03,533,517.0,False
IN:mom:AssemblyIN:SmartXPro_IN,2029-W04,528,511.0,False
IN:mom:AssemblyIN:SmartXPro_IN,2029-W05,522,506.0,False
IN:mom:AssemblyIN:SmartXPro_IN,2029-W06,517,500.0,False
IN:mom:AssemblyIN:SmartXPro_IN,2029-W07,511,494.0,False
IN:mom:AssemblyIN:SmartXPro_IN,2029-W08,506,489.0,False
IN:mom:AssemblyIN:SmartXPro_IN,2029-W09,500,483.0,False
IN:mom:AssemblyIN:SmartXPro_IN,2029-W10,494,478.0,False
IN:mom:AssemblyIN:SmartXPro_IN,2029-W11,489,472.0,False
IN:mom:AssemblyIN:SmartXPro_IN,2029-W12,483,467.0,False
IN:mom:AssemblyIN:SmartXPro_IN,2029-W13,478,461.0,False
IN:mom:AssemblyIN:SmartXPro_IN,2029-W14,472,456.0,False
IN:mom:AssemblyIN:SmartXPro_IN,2029-W15,467,450.0,False
IN:mom:AssemblyIN:SmartXPro_IN,2029-W16,461,444.0,False
IN:mom:AssemblyIN:SmartXPro_IN,2029-W17,456,439.0,False
IN:mom:AssemblyIN:SmartXPro_IN,2029-W18,450,433.0,False
IN:mom:AssemblyIN:SmartXPro_IN,2029-W19,444,428.0,False
IN:mom:AssemblyIN:SmartXPro_IN,2029-W20,439,422.0,False
IN:mom:AssemblyIN:SmartXPro_IN,2029-W21,433,417.0,False
IN:mom:AssemblyIN:SmartXPro_IN,2029-W22,428,411.0,False
IN:mom:AssemblyIN:SmartXPro_IN,2029-W23,422,406.0,False
IN:mom:AssemblyIN:SmartXPro_IN,2029-W24,417,394.0,False
IN:mom:AssemblyIN:SmartXPro_IN,2029-W25,411,411.0,False
IN:mom:AssemblyIN:SmartXPro_IN,2029-W26,406,406.0,False
IN:mom:AssemblyIN:SmartXPro_IN,2029-W27,394,394.0,False
IN:mom:AssemblyIN:SmartXPro_IN,2029-W28,389,389.0,False
IN:mom:AssemblyIN:SmartXPro_IN,2029-W29,383,383.0,False
IN:mom:AssemblyIN:SmartXPro_IN,2029-W30,378,378.0,False
IN:mom:AssemblyIN:SmartXPro_IN,2029-W31,372,372.0,False
IN:mom:AssemblyIN:SmartXPro_IN,2029-W32,367,367.0,False
IN:mom:AssemblyIN:SmartXPro_IN,2029-W33,361,361.0,False
IN:mom:AssemblyIN:SmartXPro_IN,2029-W34,356,356.0,False
IN:mom:AssemblyIN:SmartXPro_IN,2029-W35,350,350.0,False
IN:mom:AssemblyIN:SmartXPro_IN,2029-W36,344,344.0,False
IN:mom:AssemblyIN:SmartXPro_IN,2029-W37,339,339.0,False
IN:mom:AssemblyIN:SmartXPro_IN,2029-W38,333,333.0,False
IN:mom:AssemblyIN:SmartXPro_IN,2029-W39,328,328.0,False
IN:mom:AssemblyIN:SmartXPro_IN,2029-W40,322,322.0,False
IN:mom:AssemblyIN:SmartXPro_IN,2029-W41,317,317.0,False
IN:mom:AssemblyIN:SmartXPro_IN,2029-W42,311,289.0,False
IN:mom:AssemblyIN:SmartXPro_IN,2029-W43,306,283.0,False
IN:mom:AssemblyIN:SmartXPro_IN,2029-W44,300,0.0,False
IN:mom:AssemblyIN:SmartXPro_IN,2029-W45,294,278.0,False
IN:mom:AssemblyIN:SmartXPro_IN,2029-W46,289,272.0,False
IN:mom:AssemblyIN:SmartXPro_IN,2029-W47,283,267.0,False
IN:mom:AssemblyIN:SmartXPro_IN,2029-W48,278,261.0,False
IN:mom:AssemblyIN:SmartXPro_IN,2029-W49,272,256.0,False
IN:mom:AssemblyIN:SmartXPro_IN,2029-W50,267,251.0,False
IN:mom:AssemblyIN:SmartXPro_IN,2029-W51,261,246.0,False
IN:mom:AssemblyIN:SmartXPro_IN,2029-W52,256,241.0,False
IN:mom:AssemblyIN:SmartXPro_IN,2030-W01,253,236.0,False
IN:mom:AssemblyIN:SmartXPro_IN,2030-W02,250,231.0,False
IN:mom:AssemblyIN:SmartXPro_IN,2030-W03,247,226.0,False
IN:mom:AssemblyIN:SmartXPro_IN,2030-W04,243,221.0,False
IN:mom:AssemblyIN:SmartXPro_IN,2030-W05,240,217.0,False
IN:mom:AssemblyIN:SmartXPro_IN,2030-W06,237,212.0,False
IN:mom:AssemblyIN:SmartXPro_IN,2030-W07,234,207.0,False
IN:mom:AssemblyIN:SmartXPro_IN,2030-W08,230,202.0,False
IN:mom:AssemblyIN:SmartXPro_IN,2030-W09,227,197.0,False
IN:mom:AssemblyIN:SmartXPro_IN,2030-W10,224,192.0,False
IN:mom:AssemblyIN:SmartXPro_IN,2030-W11,221,187.0,False
IN:mom:AssemblyIN:SmartXPro_IN,2030-W12,217,182.0,False
IN:mom:AssemblyIN:SmartXPro_IN,2030-W13,214,177.0,False
IN:mom:AssemblyIN:SmartXPro_IN,2030-W14,211,172.0,False
IN:mom:AssemblyIN:SmartXPro_IN,2030-W15,208,167.0,False
IN:mom:AssemblyIN:SmartXPro_IN,2030-W16,204,162.0,False
IN:mom:AssemblyIN:SmartXPro_IN,2030-W17,201,157.0,False
IN:mom:AssemblyIN:SmartXPro_IN,2030-W18,198,153.0,False
IN:mom:AssemblyIN:SmartXPro_IN,2030-W19,195,148.0,False
IN:mom:AssemblyIN:SmartXPro_IN,2030-W20,192,143.0,False
IN:mom:AssemblyIN:SmartXPro_IN,2030-W21,188,138.0,False
IN:mom:AssemblyIN:SmartXPro_IN,2030-W22,185,133.0,False
IN:mom:AssemblyIN:SmartXPro_IN,2030-W23,182,128.0,False
IN:mom:AssemblyIN:SmartXPro_IN,2030-W24,179,123.0,False
IN:mom:AssemblyIN:SmartXPro_IN,2030-W25,175,118.0,False
IN:mom:AssemblyIN:SmartXPro_IN,2030-W26,172,113.0,False
IN:mom:AssemblyIN:SmartXPro_IN,2030-W27,169,108.0,False
IN:mom:AssemblyIN:SmartXPro_IN,2030-W28,166,103.0,False
IN:mom:AssemblyIN:SmartXPro_IN,2030-W29,162,98.0,False
IN:mom:AssemblyIN:SmartXPro_IN,2030-W30,159,94.0,False
IN:mom:AssemblyIN:SmartXPro_IN,2030-W31,156,89.0,False
IN:mom:AssemblyIN:SmartXPro_IN,2030-W32,153,84.0,False
IN:mom:AssemblyIN:SmartXPro_IN,2030-W33,149,79.0,False
IN:mom:AssemblyIN:SmartXPro_IN,2030-W34,146,74.0,False
IN:mom:AssemblyIN:SmartXPro_IN,2030-W35,143,69.0,False
IN:mom:AssemblyIN:SmartXPro_IN,2030-W36,140,64.0,False
IN:mom:AssemblyIN:SmartXPro_IN,2030-W37,137,59.0,False
IN:mom:AssemblyIN:SmartXPro_IN,2030-W38,133,54.0,False
IN:mom:AssemblyIN:SmartXPro_IN,2030-W39,130,49.0,False
IN:mom:AssemblyIN:SmartXPro_IN,2030-W40,127,44.0,False
IN:mom:AssemblyIN:SmartXPro_IN,2030-W41,124,73.0,False
IN:mom:AssemblyIN:SmartXPro_IN,2030-W42,120,30.0,False
IN:mom:AssemblyIN:SmartXPro_IN,2030-W43,117,25.0,False
IN:mom:AssemblyIN:SmartXPro_IN,2030-W44,114,0.0,False
IN:mom:AssemblyIN:SmartXPro_IN,2030-W45,111,20.0,False
IN:mom:AssemblyIN:SmartXPro_IN,2030-W46,107,15.0,False
IN:mom:AssemblyIN:SmartXPro_IN,2030-W47,104,10.0,False
IN:mom:AssemblyIN:SmartXPro_IN,2030-W48,101,5.0,False
IN:mom:AssemblyIN:SmartXPro_IN,2030-W49,98,0.0,False
IN:mom:AssemblyIN:SmartXPro_IN,2030-W50,94,0.0,False
IN:mom:AssemblyIN:SmartXPro_IN,2030-W51,91,0.0,False
IN:mom:AssemblyIN:SmartXPro_IN,2030-W52,88,0.0,False
IN:mom:FoundryTW:SmartXPro_CN,2025-W36,1350,0.0,False
IN:mom:FoundryTW:SmartXPro_CN,2025-W37,1350,0.0,False
IN:mom:FoundryTW:SmartXPro_CN,2025-W38,1350,0.0,False
IN:mom:FoundryTW:SmartXPro_CN,2025-W39,1350,0.0,False
IN:mom:FoundryTW:SmartXPro_CN,2025-W40,1350,0.0,False
IN:mom:FoundryTW:SmartXPro_CN,2025-W41,1350,0.0,False
IN:mom:FoundryTW:SmartXPro_CN,2025-W42,1350,0.0,False
IN:mom:FoundryTW:SmartXPro_CN,2025-W43,1350,0.0,False
IN:mom:FoundryTW:SmartXPro_CN,2025-W44,1350,0.0,False
IN:mom:FoundryTW:SmartXPro_CN,2025-W45,1350,0.0,False
IN:mom:FoundryTW:SmartXPro_CN,2025-W46,1350,0.0,False
IN:mom:FoundryTW:SmartXPro_CN,2025-W47,1350,0.0,False
IN:mom:FoundryTW:SmartXPro_CN,2025-W48,1350,0.0,False
IN:mom:FoundryTW:SmartXPro_CN,2025-W49,1350,0.0,False
IN:mom:FoundryTW:SmartXPro_CN,2025-W50,1350,0.0,False
IN:mom:FoundryTW:SmartXPro_CN,2025-W51,1350,0.0,False
IN:mom:FoundryTW:SmartXPro_CN,2025-W52,1350,0.0,False
IN:mom:FoundryTW:SmartXPro_CN,2026-W01,1350,0.0,False
IN:mom:FoundryTW:SmartXPro_CN,2026-W02,1350,0.0,False
IN:mom:FoundryTW:SmartXPro_CN,2026-W03,1350,0.0,False
IN:mom:FoundryTW:SmartXPro_CN,2026-W04,1350,0.0,False
IN:mom:FoundryTW:SmartXPro_CN,2026-W05,1350,0.0,False
IN:mom:FoundryTW:SmartXPro_CN,2026-W06,1350,0.0,False
IN:mom:FoundryTW:SmartXPro_CN,2026-W07,1350,0.0,False
IN:mom:FoundryTW:SmartXPro_CN,2026-W08,1350,0.0,False
IN:mom:FoundryTW:SmartXPro_CN,2026-W09,1350,0.0,False
IN:mom:FoundryTW:SmartXPro_CN,2026-W10,1350,0.0,False
IN:mom:FoundryTW:SmartXPro_CN,2026-W11,1350,0.0,False
IN:mom:FoundryTW:SmartXPro_CN,2026-W12,1350,0.0,False
IN:mom:FoundryTW:SmartXPro_CN,2026-W13,1350,0.0,False
IN:mom:FoundryTW:SmartXPro_CN,2026-W14,1350,0.0,False
IN:mom:FoundryTW:SmartXPro_CN,2026-W15,1350,0.0,False
IN:mom:FoundryTW:SmartXPro_CN,2026-W16,1350,0.0,False
IN:mom:FoundryTW:SmartXPro_CN,2026-W17,1350,0.0,False
IN:mom:FoundryTW:SmartXPro_CN,2026-W18,1350,0.0,False
IN:mom:FoundryTW:SmartXPro_CN,2026-W19,1350,0.0,False
IN:mom:FoundryTW:SmartXPro_CN,2026-W20,1350,0.0,False
IN:mom:FoundryTW:SmartXPro_CN,2026-W21,1350,0.0,False
IN:mom:FoundryTW:SmartXPro_CN,2026-W22,1350,0.0,False
IN:mom:FoundryTW:SmartXPro_CN,2026-W23,1350,0.0,False
IN:mom:FoundryTW:SmartXPro_CN,2026-W24,1350,0.0,False
IN:mom:FoundryTW:SmartXPro_CN,2026-W25,1350,0.0,False
IN:mom:FoundryTW:SmartXPro_CN,2026-W26,1350,0.0,False
IN:mom:FoundryTW:SmartXPro_CN,2026-W27,1350,0.0,False
IN:mom:FoundryTW:SmartXPro_CN,2026-W28,1350,0.0,False
IN:mom:FoundryTW:SmartXPro_CN,2026-W29,1350,0.0,False
IN:mom:FoundryTW:SmartXPro_CN,2026-W30,1350,0.0,False
IN:mom:FoundryTW:SmartXPro_CN,2026-W31,1350,0.0,False
IN:mom:FoundryTW:SmartXPro_CN,2026-W32,1350,0.0,False
IN:mom:FoundryTW:SmartXPro_CN,2026-W33,1350,0.0,False
IN:mom:FoundryTW:SmartXPro_CN,2026-W34,1350,0.0,False
IN:mom:FoundryTW:SmartXPro_CN,2026-W35,1350,0.0,False
IN:mom:FoundryTW:SmartXPro_CN,2026-W36,1350,0.0,False
IN:mom:FoundryTW:SmartXPro_CN,2026-W37,1350,0.0,False
IN:mom:FoundryTW:SmartXPro_CN,2026-W38,1350,0.0,False
IN:mom:FoundryTW:SmartXPro_CN,2026-W39,1350,0.0,False
IN:mom:FoundryTW:SmartXPro_CN,2026-W40,1350,0.0,False
IN:mom:FoundryTW:SmartXPro_CN,2026-W41,1350,0.0,False
IN:mom:FoundryTW:SmartXPro_CN,2026-W42,1350,0.0,False
IN:mom:FoundryTW:SmartXPro_CN,2026-W43,1350,0.0,False
IN:mom:FoundryTW:SmartXPro_CN,2026-W44,1350,630.0,False
IN:mom:FoundryTW:SmartXPro_CN,2026-W45,1350,1350.0,False
IN:mom:FoundryTW:SmartXPro_CN,2026-W46,1350,1350.0,False
IN:mom:FoundryTW:SmartXPro_CN,2026-W47,1350,1350.0,False
IN:mom:FoundryTW:SmartXPro_CN,2026-W48,1350,1350.0,False
IN:mom:FoundryTW:SmartXPro_CN,2026-W49,1350,1350.0,False
IN:mom:FoundryTW:SmartXPro_CN,2026-W50,1350,1350.0,False
IN:mom:FoundryTW:SmartXPro_CN,2026-W51,1350,1350.0,False
IN:mom:FoundryTW:SmartXPro_CN,2026-W52,1350,1350.0,False
IN:mom:FoundryTW:SmartXPro_CN,2026-W53,1350,1350.0,False
IN:mom:FoundryTW:SmartXPro_CN,2027-W01,1350,1350.0,False
IN:mom:FoundryTW:SmartXPro_CN,2027-W02,1350,1350.0,False
IN:mom:FoundryTW:SmartXPro_CN,2027-W03,1350,1350.0,False
IN:mom:FoundryTW:SmartXPro_CN,2027-W04,1350,1350.0,False
IN:mom:FoundryTW:SmartXPro_CN,2027-W05,1350,1350.0,False
IN:mom:FoundryTW:SmartXPro_CN,2027-W06,1350,1350.0,False
IN:mom:FoundryTW:SmartXPro_CN,2027-W07,1350,1350.0,False
IN:mom:FoundryTW:SmartXPro_CN,2027-W08,1350,1350.0,False
IN:mom:FoundryTW:SmartXPro_CN,2027-W09,1350,1350.0,False
IN:mom:FoundryTW:SmartXPro_CN,2027-W10,1350,1350.0,False
IN:mom:FoundryTW:SmartXPro_CN,2027-W11,1350,1350.0,False
IN:mom:FoundryTW:SmartXPro_CN,2027-W12,1350,1350.0,False
IN:mom:FoundryTW:SmartXPro_CN,2027-W13,1350,1350.0,False
IN:mom:FoundryTW:SmartXPro_CN,2027-W14,1350,1350.0,False
IN:mom:FoundryTW:SmartXPro_CN,2027-W15,1350,1350.0,False
IN:mom:FoundryTW:SmartXPro_CN,2027-W16,1350,1350.0,False
IN:mom:FoundryTW:SmartXPro_CN,2027-W17,1350,1347.0,False
IN:mom:FoundryTW:SmartXPro_CN,2027-W18,1350,1341.0,False
IN:mom:FoundryTW:SmartXPro_CN,2027-W19,1350,1334.0,False
IN:mom:FoundryTW:SmartXPro_CN,2027-W20,1350,1327.0,False
IN:mom:FoundryTW:SmartXPro_CN,2027-W21,1350,1321.0,False
IN:mom:FoundryTW:SmartXPro_CN,2027-W22,1350,1313.0,False
IN:mom:FoundryTW:SmartXPro_CN,2027-W23,1350,1306.0,False
IN:mom:FoundryTW:SmartXPro_CN,2027-W24,1350,1300.0,False
IN:mom:FoundryTW:SmartXPro_CN,2027-W25,1350,1293.0,False
IN:mom:FoundryTW:SmartXPro_CN,2027-W26,1350,1287.0,False
IN:mom:FoundryTW:SmartXPro_CN,2027-W27,1350,1281.0,False
IN:mom:FoundryTW:SmartXPro_CN,2027-W28,1350,1274.0,False
IN:mom:FoundryTW:SmartXPro_CN,2027-W29,1350,1267.0,False
IN:mom:FoundryTW:SmartXPro_CN,2027-W30,1350,1261.0,False
IN:mom:FoundryTW:SmartXPro_CN,2027-W31,1350,1253.0,False
IN:mom:FoundryTW:SmartXPro_CN,2027-W32,1350,1246.0,False
IN:mom:FoundryTW:SmartXPro_CN,2027-W33,1350,1240.0,False
IN:mom:FoundryTW:SmartXPro_CN,2027-W34,1350,1233.0,False
IN:mom:FoundryTW:SmartXPro_CN,2027-W35,1350,1227.0,False
IN:mom:FoundryTW:SmartXPro_CN,2027-W36,1350,1221.0,False
IN:mom:FoundryTW:SmartXPro_CN,2027-W37,1350,1214.0,False
IN:mom:FoundryTW:SmartXPro_CN,2027-W38,1350,1207.0,False
IN:mom:FoundryTW:SmartXPro_CN,2027-W39,1350,1201.0,False
IN:mom:FoundryTW:SmartXPro_CN,2027-W40,1350,1193.0,False
IN:mom:FoundryTW:SmartXPro_CN,2027-W41,1350,1186.0,False
IN:mom:FoundryTW:SmartXPro_CN,2027-W42,1350,1180.0,False
IN:mom:FoundryTW:SmartXPro_CN,2027-W43,1350,1169.0,False
IN:mom:FoundryTW:SmartXPro_CN,2027-W44,1350,1159.0,False
IN:mom:FoundryTW:SmartXPro_CN,2027-W45,1350,1152.0,False
IN:mom:FoundryTW:SmartXPro_CN,2027-W46,1350,1146.0,False
IN:mom:FoundryTW:SmartXPro_CN,2027-W47,1350,1138.0,False
IN:mom:FoundryTW:SmartXPro_CN,2027-W48,1350,1131.0,False
IN:mom:FoundryTW:SmartXPro_CN,2027-W49,1350,1123.0,False
IN:mom:FoundryTW:SmartXPro_CN,2027-W50,1350,1116.0,False
IN:mom:FoundryTW:SmartXPro_CN,2027-W51,1350,1109.0,False
IN:mom:FoundryTW:SmartXPro_CN,2027-W52,1350,1102.0,False
IN:mom:FoundryTW:SmartXPro_CN,2028-W01,1350,1095.0,False
IN:mom:FoundryTW:SmartXPro_CN,2028-W02,1350,1087.0,False
IN:mom:FoundryTW:SmartXPro_CN,2028-W03,1350,1206.0,False
IN:mom:FoundryTW:SmartXPro_CN,2028-W04,1350,1350.0,False
IN:mom:FoundryTW:SmartXPro_CN,2028-W05,1350,1350.0,False
IN:mom:FoundryTW:SmartXPro_CN,2028-W06,1350,1350.0,False
IN:mom:FoundryTW:SmartXPro_CN,2028-W07,1350,1350.0,False
IN:mom:FoundryTW:SmartXPro_CN,2028-W08,1350,901.0,False
IN:mom:FoundryTW:SmartXPro_CN,2028-W09,1350,901.0,False
IN:mom:FoundryTW:SmartXPro_CN,2028-W10,1350,901.0,False
IN:mom:FoundryTW:SmartXPro_CN,2028-W11,1350,901.0,False
IN:mom:FoundryTW:SmartXPro_CN,2028-W12,1350,901.0,False
IN:mom:FoundryTW:SmartXPro_CN,2028-W13,1350,901.0,False
IN:mom:FoundryTW:SmartXPro_CN,2028-W14,1350,901.0,False
IN:mom:FoundryTW:SmartXPro_CN,2028-W15,1350,901.0,False
IN:mom:FoundryTW:SmartXPro_CN,2028-W16,1350,901.0,False
IN:mom:FoundryTW:SmartXPro_CN,2028-W17,1350,901.0,False
IN:mom:FoundryTW:SmartXPro_CN,2028-W18,1350,901.0,False
IN:mom:FoundryTW:SmartXPro_CN,2028-W19,1350,901.0,False
IN:mom:FoundryTW:SmartXPro_CN,2028-W20,1350,901.0,False
IN:mom:FoundryTW:SmartXPro_CN,2028-W21,1350,901.0,False
IN:mom:FoundryTW:SmartXPro_CN,2028-W22,1350,901.0,False
IN:mom:FoundryTW:SmartXPro_CN,2028-W23,1350,901.0,False
IN:mom:FoundryTW:SmartXPro_CN,2028-W24,1350,901.0,False
IN:mom:FoundryTW:SmartXPro_CN,2028-W25,1350,901.0,False
IN:mom:FoundryTW:SmartXPro_CN,2028-W26,1350,901.0,False
IN:mom:FoundryTW:SmartXPro_CN,2028-W27,1350,901.0,False
IN:mom:FoundryTW:SmartXPro_CN,2028-W28,1350,901.0,False
IN:mom:FoundryTW:SmartXPro_CN,2028-W29,1350,901.0,False
IN:mom:FoundryTW:SmartXPro_CN,2028-W30,1350,901.0,False
IN:mom:FoundryTW:SmartXPro_CN,2028-W31,1350,894.0,False
IN:mom:FoundryTW:SmartXPro_CN,2028-W32,1350,889.0,False
IN:mom:FoundryTW:SmartXPro_CN,2028-W33,1350,884.0,False
IN:mom:FoundryTW:SmartXPro_CN,2028-W34,1350,878.0,False
IN:mom:FoundryTW:SmartXPro_CN,2028-W35,1350,872.0,False
IN:mom:FoundryTW:SmartXPro_CN,2028-W36,1350,867.0,False
IN:mom:FoundryTW:SmartXPro_CN,2028-W37,1350,861.0,False
IN:mom:FoundryTW:SmartXPro_CN,2028-W38,1350,856.0,False
IN:mom:FoundryTW:SmartXPro_CN,2028-W39,1350,851.0,False
IN:mom:FoundryTW:SmartXPro_CN,2028-W40,1350,845.0,False
IN:mom:FoundryTW:SmartXPro_CN,2028-W41,1350,839.0,False
IN:mom:FoundryTW:SmartXPro_CN,2028-W42,1350,834.0,False
IN:mom:FoundryTW:SmartXPro_CN,2028-W43,1350,824.0,False
IN:mom:FoundryTW:SmartXPro_CN,2028-W44,1350,812.0,False
IN:mom:FoundryTW:SmartXPro_CN,2028-W45,1350,804.0,False
IN:mom:FoundryTW:SmartXPro_CN,2028-W46,1350,796.0,False
IN:mom:FoundryTW:SmartXPro_CN,2028-W47,1350,787.0,False
IN:mom:FoundryTW:SmartXPro_CN,2028-W48,1350,780.0,False
IN:mom:FoundryTW:SmartXPro_CN,2028-W49,1350,772.0,False
IN:mom:FoundryTW:SmartXPro_CN,2028-W50,1350,763.0,False
IN:mom:FoundryTW:SmartXPro_CN,2028-W51,1350,901.0,False
IN:mom:FoundryTW:SmartXPro_CN,2028-W52,1350,901.0,False
IN:mom:FoundryTW:SmartXPro_CN,2029-W01,1350,901.0,False
IN:mom:FoundryTW:SmartXPro_CN,2029-W02,1350,901.0,False
IN:mom:FoundryTW:SmartXPro_CN,2029-W03,1350,901.0,False
IN:mom:FoundryTW:SmartXPro_CN,2029-W04,1350,901.0,False
IN:mom:FoundryTW:SmartXPro_CN,2029-W05,1350,901.0,False
IN:mom:FoundryTW:SmartXPro_CN,2029-W06,1350,901.0,False
IN:mom:FoundryTW:SmartXPro_CN,2029-W07,1350,901.0,False
IN:mom:FoundryTW:SmartXPro_CN,2029-W08,1350,451.0,False
IN:mom:FoundryTW:SmartXPro_CN,2029-W09,1350,451.0,False
IN:mom:FoundryTW:SmartXPro_CN,2029-W10,1350,451.0,False
IN:mom:FoundryTW:SmartXPro_CN,2029-W11,1350,451.0,False
IN:mom:FoundryTW:SmartXPro_CN,2029-W12,1350,451.0,False
IN:mom:FoundryTW:SmartXPro_CN,2029-W13,1350,451.0,False
IN:mom:FoundryTW:SmartXPro_CN,2029-W14,1350,451.0,False
IN:mom:FoundryTW:SmartXPro_CN,2029-W15,1350,451.0,False
IN:mom:FoundryTW:SmartXPro_CN,2029-W16,1350,451.0,False
IN:mom:FoundryTW:SmartXPro_CN,2029-W17,1350,451.0,False
IN:mom:FoundryTW:SmartXPro_CN,2029-W18,1350,451.0,False
IN:mom:FoundryTW:SmartXPro_CN,2029-W19,1350,451.0,False
IN:mom:FoundryTW:SmartXPro_CN,2029-W20,1350,451.0,False
IN:mom:FoundryTW:SmartXPro_CN,2029-W21,1350,451.0,False
IN:mom:FoundryTW:SmartXPro_CN,2029-W22,1350,451.0,False
IN:mom:FoundryTW:SmartXPro_CN,2029-W23,1350,451.0,False
IN:mom:FoundryTW:SmartXPro_CN,2029-W24,1350,451.0,False
IN:mom:FoundryTW:SmartXPro_CN,2029-W25,1350,451.0,False
IN:mom:FoundryTW:SmartXPro_CN,2029-W26,1350,451.0,False
IN:mom:FoundryTW:SmartXPro_CN,2029-W27,1350,451.0,False
IN:mom:FoundryTW:SmartXPro_CN,2029-W28,1350,451.0,False
IN:mom:FoundryTW:SmartXPro_CN,2029-W29,1350,451.0,False
IN:mom:FoundryTW:SmartXPro_CN,2029-W30,1350,451.0,False
IN:mom:FoundryTW:SmartXPro_CN,2029-W31,1350,451.0,False
IN:mom:FoundryTW:SmartXPro_CN,2029-W32,1350,451.0,False
IN:mom:FoundryTW:SmartXPro_CN,2029-W33,1350,451.0,False
IN:mom:FoundryTW:SmartXPro_CN,2029-W34,1350,451.0,False
IN:mom:FoundryTW:SmartXPro_CN,2029-W35,1350,446.0,False
IN:mom:FoundryTW:SmartXPro_CN,2029-W36,1350,437.0,False
IN:mom:FoundryTW:SmartXPro_CN,2029-W37,1350,429.0,False
IN:mom:FoundryTW:SmartXPro_CN,2029-W38,1350,421.0,False
IN:mom:FoundryTW:SmartXPro_CN,2029-W39,1350,412.0,False
IN:mom:FoundryTW:SmartXPro_CN,2029-W40,1350,405.0,False
IN:mom:FoundryTW:SmartXPro_CN,2029-W41,1350,397.0,False
IN:mom:FoundryTW:SmartXPro_CN,2029-W42,1350,388.0,False
IN:mom:FoundryTW:SmartXPro_CN,2029-W43,1350,381.0,False
IN:mom:FoundryTW:SmartXPro_CN,2029-W44,1350,374.0,False
IN:mom:FoundryTW:SmartXPro_CN,2029-W45,1350,366.0,False
IN:mom:FoundryTW:SmartXPro_CN,2029-W46,1350,359.0,False
IN:mom:FoundryTW:SmartXPro_CN,2029-W47,1350,351.0,False
IN:mom:FoundryTW:SmartXPro_CN,2029-W48,1350,344.0,False
IN:mom:FoundryTW:SmartXPro_CN,2029-W49,1350,336.0,False
IN:mom:FoundryTW:SmartXPro_CN,2029-W50,1350,329.0,False
IN:mom:FoundryTW:SmartXPro_CN,2029-W51,1350,321.0,False
IN:mom:FoundryTW:SmartXPro_CN,2029-W52,1350,314.0,False
IN:mom:FoundryTW:SmartXPro_CN,2030-W01,1350,307.0,False
IN:mom:FoundryTW:SmartXPro_CN,2030-W02,1350,300.0,False
IN:mom:FoundryTW:SmartXPro_CN,2030-W03,1350,293.0,False
IN:mom:FoundryTW:SmartXPro_CN,2030-W04,1350,285.0,False
IN:mom:FoundryTW:SmartXPro_CN,2030-W05,1350,278.0,False
IN:mom:FoundryTW:SmartXPro_CN,2030-W06,1350,270.0,False
IN:mom:FoundryTW:SmartXPro_CN,2030-W07,1350,263.0,False
IN:mom:FoundryTW:SmartXPro_CN,2030-W08,1350,255.0,False
IN:mom:FoundryTW:SmartXPro_CN,2030-W09,1350,248.0,False
IN:mom:FoundryTW:SmartXPro_CN,2030-W10,1350,240.0,False
IN:mom:FoundryTW:SmartXPro_CN,2030-W11,1350,233.0,False
IN:mom:FoundryTW:SmartXPro_CN,2030-W12,1350,226.0,False
IN:mom:FoundryTW:SmartXPro_CN,2030-W13,1350,218.0,False
IN:mom:FoundryTW:SmartXPro_CN,2030-W14,1350,211.0,False
IN:mom:FoundryTW:SmartXPro_CN,2030-W15,1350,203.0,False
IN:mom:FoundryTW:SmartXPro_CN,2030-W16,1350,196.0,False
IN:mom:FoundryTW:SmartXPro_CN,2030-W17,1350,188.0,False
IN:mom:FoundryTW:SmartXPro_CN,2030-W18,1350,182.0,False
IN:mom:FoundryTW:SmartXPro_CN,2030-W19,1350,174.0,False
IN:mom:FoundryTW:SmartXPro_CN,2030-W20,1350,167.0,False
IN:mom:FoundryTW:SmartXPro_CN,2030-W21,1350,159.0,False
IN:mom:FoundryTW:SmartXPro_CN,2030-W22,1350,152.0,False
IN:mom:FoundryTW:SmartXPro_CN,2030-W23,1350,145.0,False
IN:mom:FoundryTW:SmartXPro_CN,2030-W24,1350,137.0,False
IN:mom:FoundryTW:SmartXPro_CN,2030-W25,1350,130.0,False
IN:mom:FoundryTW:SmartXPro_CN,2030-W26,1350,122.0,False
IN:mom:FoundryTW:SmartXPro_CN,2030-W27,1350,115.0,False
IN:mom:FoundryTW:SmartXPro_CN,2030-W28,1350,107.0,False
IN:mom:FoundryTW:SmartXPro_CN,2030-W29,1350,100.0,False
IN:mom:FoundryTW:SmartXPro_CN,2030-W30,1350,92.0,False
IN:mom:FoundryTW:SmartXPro_CN,2030-W31,1350,85.0,False
IN:mom:FoundryTW:SmartXPro_CN,2030-W32,1350,78.0,False
IN:mom:FoundryTW:SmartXPro_CN,2030-W33,1350,70.0,False
IN:mom:FoundryTW:SmartXPro_CN,2030-W34,1350,63.0,False
IN:mom:FoundryTW:SmartXPro_CN,2030-W35,1350,56.0,False
IN:mom:FoundryTW:SmartXPro_CN,2030-W36,1350,49.0,False
IN:mom:FoundryTW:SmartXPro_CN,2030-W37,1350,41.0,False
IN:mom:FoundryTW:SmartXPro_CN,2030-W38,1350,34.0,False
IN:mom:FoundryTW:SmartXPro_CN,2030-W39,1350,26.0,False
IN:mom:FoundryTW:SmartXPro_CN,2030-W40,1350,19.0,False
IN:mom:FoundryTW:SmartXPro_CN,2030-W41,1350,11.0,False
IN:mom:FoundryTW:SmartXPro_CN,2030-W42,1350,4.0,False
IN:mom:FoundryTW:SmartXPro_CN,2030-W43,1350,0.0,False
IN:mom:FoundryTW:SmartXPro_CN,2030-W44,1350,0.0,False
IN:mom:FoundryTW:SmartXPro_CN,2030-W45,1350,0.0,False
IN:mom:FoundryTW:SmartXPro_CN,2030-W46,1350,0.0,False
IN:mom:FoundryTW:SmartXPro_CN,2030-W47,1350,0.0,False
IN:mom:FoundryTW:SmartXPro_CN,2030-W48,1350,0.0,False
IN:mom:FoundryTW:SmartXPro_CN,2030-W49,1350,0.0,False
IN:mom:FoundryTW:SmartXPro_CN,2030-W50,1350,0.0,False
IN:mom:FoundryTW:SmartXPro_CN,2030-W51,1350,0.0,False
IN:mom:FoundryTW:SmartXPro_CN,2030-W52,1350,0.0,False
IN:mom:FoundryTW_g1:SmartX,2025-W36,,0.0,True
IN:mom:FoundryTW_g1:SmartX,2025-W37,,0.0,True
IN:mom:FoundryTW_g1:SmartX,2025-W38,,0.0,True
IN:mom:FoundryTW_g1:SmartX,2025-W39,,0.0,True
IN:mom:FoundryTW_g1:SmartX,2025-W40,,0.0,True
IN:mom:FoundryTW_g1:SmartX,2025-W41,,366.0,True
IN:mom:FoundryTW_g1:SmartX,2025-W42,,1305.0,True
IN:mom:FoundryTW_g1:SmartX,2025-W43,,1300.0,True
IN:mom:FoundryTW_g1:SmartX,2025-W44,,1293.0,True
IN:mom:FoundryTW_g1:SmartX,2025-W45,,1289.0,True
IN:mom:FoundryTW_g1:SmartX,2025-W46,,1283.0,True
IN:mom:FoundryTW_g1:SmartX,2025-W47,,1276.0,True
IN:mom:FoundryTW_g1:SmartX,2025-W48,,1271.0,True
IN:mom:FoundryTW_g1:SmartX,2025-W49,,1265.0,True
IN:mom:FoundryTW_g1:SmartX,2025-W50,,1259.0,True
IN:mom:FoundryTW_g1:SmartX,2025-W51,,1254.0,True
IN:mom:FoundryTW_g1:SmartX,2025-W52,,1248.0,True
IN:mom:FoundryTW_g1:SmartX,2026-W01,,1243.0,True
IN:mom:FoundryTW_g1:SmartX,2026-W02,,1236.0,True
IN:mom:FoundryTW_g1:SmartX,2026-W03,,1230.0,True
IN:mom:FoundryTW_g1:SmartX,2026-W04,,1225.0,True
IN:mom:FoundryTW_g1:SmartX,2026-W05,,1219.0,True
IN:mom:FoundryTW_g1:SmartX,2026-W06,,1214.0,True
IN:mom:FoundryTW_g1:SmartX,2026-W07,,1208.0,True
IN:mom:FoundryTW_g1:SmartX,2026-W08,,3587.0,True
IN:mom:FoundryTW_g1:SmartX,2026-W09,,1185.0,True
IN:mom:FoundryTW_g1:SmartX,2026-W10,,0.0,True
IN:mom:FoundryTW_g1:SmartX,2026-W11,,0.0,True
IN:mom:FoundryTW_g1:SmartX,2026-W12,,1179.0,True
IN:mom:FoundryTW_g1:SmartX,2026-W13,,1173.0,True
IN:mom:FoundryTW_g1:SmartX,2026-W14,,1168.0,True
IN:mom:FoundryTW_g1:SmartX,2026-W15,,1161.0,True
IN:mom:FoundryTW_g1:SmartX,2026-W16,,1155.0,True
IN:mom:FoundryTW_g1:SmartX,2026-W17,,1151.0,True
IN:mom:FoundryTW_g1:SmartX,2026-W18,,1144.0,True
IN:mom:FoundryTW_g1:SmartX,2026-W19,,1139.0,True
IN:mom:FoundryTW_g1:SmartX,2026-W20,,1133.0,True
IN:mom:FoundryTW_g1:SmartX,2026-W21,,1126.0,True
IN:mom:FoundryTW_g1:SmartX,2026-W22,,1122.0,True
IN:mom:FoundryTW_g1:SmartX,2026-W23,,1116.0,True
IN:mom:FoundryTW_g1:SmartX,2026-W24,,1110.0,True
IN:mom:FoundryTW_g1:SmartX,2026-W25,,1104.0,True
IN:mom:FoundryTW_g1:SmartX,2026-W26,,1098.0,True
IN:mom:FoundryTW_g1:SmartX,2026-W27,,1093.0,True
IN:mom:FoundryTW_g1:SmartX,2026-W28,,1087.0,True
IN:mom:FoundryTW_g1:SmartX,2026-W29,,1081.0,True
IN:mom:FoundryTW_g1:SmartX,2026-W30,,1076.0,True
IN:mom:FoundryTW_g1:SmartX,2026-W31,,1069.0,True
IN:mom:FoundryTW_g1:SmartX,2026-W32,,1064.0,True
IN:mom:FoundryTW_g1:SmartX,2026-W33,,1058.0,True
IN:mom:FoundryTW_g1:SmartX,2026-W34,,1052.0,True
IN:mom:FoundryTW_g1:SmartX,2026-W35,,1047.0,True
IN:mom:FoundryTW_g1:SmartX,2026-W36,,1041.0,True
IN:mom:FoundryTW_g1:SmartX,2026-W37,,1035.0,True
IN:mom:FoundryTW_g1:SmartX,2026-W38,,1029.0,True
IN:mom:FoundryTW_g1:SmartX,2026-W39,,1023.0,True
IN:mom:FoundryTW_g1:SmartX,2026-W40,,1019.0,True
IN:mom:FoundryTW_g1:SmartX,2026-W41,,1012.0,True
IN:mom:FoundryTW_g1:SmartX,2026-W42,,1006.0,True
IN:mom:FoundryTW_g1:SmartX,2026-W43,,1000.0,True
IN:mom:FoundryTW_g1:SmartX,2026-W44,,1000.0,True
IN:mom:FoundryTW_g1:SmartX,2026-W45,,1000.0,True
IN:mom:FoundryTW_g1:SmartX,2026-W46,,1000.0,True
IN:mom:FoundryTW_g1:SmartX,2026-W47,,1000.0,True
IN:mom:FoundryTW_g1:SmartX,2026-W48,,1000.0,True
IN:mom:FoundryTW_g1:SmartX,2026-W49,,1000.0,True
IN:mom:FoundryTW_g1:SmartX,2026-W50,,1000.0,True
IN:mom:FoundryTW_g1:SmartX,2026-W51,,1000.0,True
IN:mom:FoundryTW_g1:SmartX,2026-W52,,1000.0,True
IN:mom:FoundryTW_g1:SmartX,2026-W53,,1000.0,True
IN:mom:FoundryTW_g1:SmartX,2027-W01,,1000.0,True
IN:mom:FoundryTW_g1:SmartX,2027-W02,,1000.0,True
IN:mom:FoundryTW_g1:SmartX,2027-W03,,1000.0,True
IN:mom:FoundryTW_g1:SmartX,2027-W04,,1000.0,True
IN:mom:FoundryTW_g1:SmartX,2027-W05,,1000.0,True
IN:mom:FoundryTW_g1:SmartX,2027-W06,,3000.0,True
IN:mom:FoundryTW_g1:SmartX,2027-W07,,1000.0,True
IN:mom:FoundryTW_g1:SmartX,2027-W08,,0.0,True
IN:mom:FoundryTW_g1:SmartX,2027-W09,,0.0,True
IN:mom:FoundryTW_g1:SmartX,2027-W10,,1000.0,True
IN:mom:FoundryTW_g1:SmartX,2027-W11,,1000.0,True
IN:mom:FoundryTW_g1:SmartX,2027-W12,,1000.0,True
IN:mom:FoundryTW_g1:SmartX,2027-W13,,1000.0,True
IN:mom:FoundryTW_g1:SmartX,2027-W14,,1000.0,True
IN:mom:FoundryTW_g1:SmartX,2027-W15,,997.0,True
IN:mom:FoundryTW_g1:SmartX,2027-W16,,988.0,True
IN:mom:FoundryTW_g1:SmartX,2027-W17,,979.0,True
IN:mom:FoundryTW_g1:SmartX,2027-W18,,970.0,True
IN:mom:FoundryTW_g1:SmartX,2027-W19,,960.0,True
IN:mom:FoundryTW_g1:SmartX,2027-W20,,951.0,True
IN:mom:FoundryTW_g1:SmartX,2027-W21,,942.0,True
IN:mom:FoundryTW_g1:SmartX,2027-W22,,932.0,True
IN:mom:FoundryTW_g1:SmartX,2027-W23,,923.0,True
IN:mom:FoundryTW_g1:SmartX,2027-W24,,915.0,True
IN:mom:FoundryTW_g1:SmartX,2027-W25,,904.0,True
IN:mom:FoundryTW_g1:SmartX,2027-W26,,895.0,True
IN:mom:FoundryTW_g1:SmartX,2027-W27,,887.0,True
IN:mom:FoundryTW_g1:SmartX,2027-W28,,878.0,True
IN:mom:FoundryTW_g1:SmartX,2027-W29,,867.0,True
IN:mom:FoundryTW_g1:SmartX,2027-W30,,858.0,True
IN:mom:FoundryTW_g1:SmartX,2027-W31,,850.0,True
IN:mom:FoundryTW_g1:SmartX,2027-W32,,840.0,True
IN:mom:FoundryTW_g1:SmartX,2027-W33,,830.0,True
IN:mom:FoundryTW_g1:SmartX,2027-W34,,822.0,True
IN:mom:FoundryTW_g1:SmartX,2027-W35,,812.0,True
IN:mom:FoundryTW_g1:SmartX,2027-W36,,803.0,True
IN:mom:FoundryTW_g1:SmartX,2027-W37,,794.0,True
IN:mom:FoundryTW_g1:SmartX,2027-W38,,785.0,True
IN:mom:FoundryTW_g1:SmartX,2027-W39,,775.0,True
IN:mom:FoundryTW_g1:SmartX,2027-W40,,766.0,True
IN:mom:FoundryTW_g1:SmartX,2027-W41,,754.0,True
IN:mom:FoundryTW_g1:SmartX,2027-W42,,738.0,True
IN:mom:FoundryTW_g1:SmartX,2027-W43,,729.0,True
IN:mom:FoundryTW_g1:SmartX,2027-W44,,720.0,True
IN:mom:FoundryTW_g1:SmartX,2027-W45,,710.0,True
IN:mom:FoundryTW_g1:SmartX,2027-W46,,701.0,True
IN:mom:FoundryTW_g1:SmartX,2027-W47,,692.0,True
IN:mom:FoundryTW_g1:SmartX,2027-W48,,682.0,True
IN:mom:FoundryTW_g1:SmartX,2027-W49,,673.0,True
IN:mom:FoundryTW_g1:SmartX,2027-W50,,665.0,True
IN:mom:FoundryTW_g1:SmartX,2027-W51,,654.0,True
IN:mom:FoundryTW_g1:SmartX,2027-W52,,645.0,True
IN:mom:FoundryTW_g1:SmartX,2028-W01,,637.0,True
IN:mom:FoundryTW_g1:SmartX,2028-W02,,628.0,True
IN:mom:FoundryTW_g1:SmartX,2028-W03,,617.0,True
IN:mom:FoundryTW_g1:SmartX,2028-W04,,608.0,True
IN:mom:FoundryTW_g1:SmartX,2028-W05,,1770.0,True
IN:mom:FoundryTW_g1:SmartX,2028-W06,,572.0,True
IN:mom:FoundryTW_g1:SmartX,2028-W07,,0.0,True
IN:mom:FoundryTW_g1:SmartX,2028-W08,,0.0,True
IN:mom:FoundryTW_g1:SmartX,2028-W09,,562.0,True
IN:mom:FoundryTW_g1:SmartX,2028-W10,,553.0,True
IN:mom:FoundryTW_g1:SmartX,2028-W11,,544.0,True
IN:mom:FoundryTW_g1:SmartX,2028-W12,,535.0,True
IN:mom:FoundryTW_g1:SmartX,2028-W13,,525.0,True
IN:mom:FoundryTW_g1:SmartX,2028-W14,,516.0,True
IN:mom:FoundryTW_g1:SmartX,2028-W15,,505.0,True
IN:mom:FoundryTW_g1:SmartX,2028-W16,,491.0,True
IN:mom:FoundryTW_g1:SmartX,2028-W17,,485.0,True
IN:mom:FoundryTW_g1:SmartX,2028-W18,,479.0,True
IN:mom:FoundryTW_g1:SmartX,2028-W19,,473.0,True
IN:mom:FoundryTW_g1:SmartX,2028-W20,,466.0,True
IN:mom:FoundryTW_g1:SmartX,2028-W21,,458.0,True
IN:mom:FoundryTW_g1:SmartX,2028-W22,,453.0,True
IN:mom:FoundryTW_g1:SmartX,2028-W23,,446.0,True
IN:mom:FoundryTW_g1:SmartX,2028-W24,,441.0,True
IN:mom:FoundryTW_g1:SmartX,2028-W25,,433.0,True
IN:mom:FoundryTW_g1:SmartX,2028-W26,,426.0,True
IN:mom:FoundryTW_g1:SmartX,2028-W27,,420.0,True
IN:mom:FoundryTW_g1:SmartX,2028-W28,,414.0,True
IN:mom:FoundryTW_g1:SmartX,2028-W29,,408.0,True
IN:mom:FoundryTW_g1:SmartX,2028-W30,,401.0,True
IN:mom:FoundryTW_g1:SmartX,2028-W31,,395.0,True
IN:mom:FoundryTW_g1:SmartX,2028-W32,,388.0,True
IN:mom:FoundryTW_g1:SmartX,2028-W33,,381.0,True
IN:mom:FoundryTW_g1:SmartX,2028-W34,,376.0,True
IN:mom:FoundryTW_g1:SmartX,2028-W35,,368.0,True
IN:mom:FoundryTW_g1:SmartX,2028-W36,,363.0,True
IN:mom:FoundryTW_g1:SmartX,2028-W37,,355.0,True
IN:mom:FoundryTW_g1:SmartX,2028-W38,,349.0,True
IN:mom:FoundryTW_g1:SmartX,2028-W39,,342.0,True
IN:mom:FoundryTW_g1:SmartX,2028-W40,,336.0,True
IN:mom:FoundryTW_g1:SmartX,2028-W41,,329.0,True
IN:mom:FoundryTW_g1:SmartX,2028-W42,,318.0,True
IN:mom:FoundryTW_g1:SmartX,2028-W43,,314.0,True
IN:mom:FoundryTW_g1:SmartX,2028-W44,,309.0,True
IN:mom:FoundryTW_g1:SmartX,2028-W45,,306.0,True
IN:mom:FoundryTW_g1:SmartX,2028-W46,,301.0,True
IN:mom:FoundryTW_g1:SmartX,2028-W47,,296.0,True
IN:mom:FoundryTW_g1:SmartX,2028-W48,,291.0,True
IN:mom:FoundryTW_g1:SmartX,2028-W49,,286.0,True
IN:mom:FoundryTW_g1:SmartX,2028-W50,,281.0,True
IN:mom:FoundryTW_g1:SmartX,2028-W51,,277.0,True
IN:mom:FoundryTW_g1:SmartX,2028-W52,,274.0,True
IN:mom:FoundryTW_g1:SmartX,2029-W01,,268.0,True
IN:mom:FoundryTW_g1:SmartX,2029-W02,,264.0,True
IN:mom:FoundryTW_g1:SmartX,2029-W03,,258.0,True
IN:mom:FoundryTW_g1:SmartX,2029-W04,,749.0,True
IN:mom:FoundryTW_g1:SmartX,2029-W05,,241.0,True
IN:mom:FoundryTW_g1:SmartX,2029-W06,,0.0,True
IN:mom:FoundryTW_g1:SmartX,2029-W07,,0.0,True
IN:mom:FoundryTW_g1:SmartX,2029-W08,,236.0,True
IN:mom:FoundryTW_g1:SmartX,2029-W09,,231.0,True
IN:mom:FoundryTW_g1:SmartX,2029-W10,,226.0,True
IN:mom:FoundryTW_g1:SmartX,2029-W11,,221.0,True
IN:mom:FoundryTW_g1:SmartX,2029-W12,,217.0,True
IN:mom:FoundryTW_g1:SmartX,2029-W13,,214.0,True
IN:mom:FoundryTW_g1:SmartX,2029-W14,,208.0,True
IN:mom:FoundryTW_g1:SmartX,2029-W15,,203.0,True
IN:mom:FoundryTW_g1:SmartX,2029-W16,,196.0,True
IN:mom:FoundryTW_g1:SmartX,2029-W17,,192.0,True
IN:mom:FoundryTW_g1:SmartX,2029-W18,,189.0,True
IN:mom:FoundryTW_g1:SmartX,2029-W19,,184.0,True
IN:mom:FoundryTW_g1:SmartX,2029-W20,,181.0,True
IN:mom:FoundryTW_g1:SmartX,2029-W21,,177.0,True
IN:mom:FoundryTW_g1:SmartX,2029-W22,,174.0,True
IN:mom:FoundryTW_g1:SmartX,2029-W23,,169.0,True
IN:mom:FoundryTW_g1:SmartX,2029-W24,,167.0,True
IN:mom:FoundryTW_g1:SmartX,2029-W25,,162.0,True
IN:mom:FoundryTW_g1:SmartX,2029-W26,,158.0,True
IN:mom:FoundryTW_g1:SmartX,2029-W27,,155.0,True
IN:mom:FoundryTW_g1:SmartX,2029-W28,,151.0,True
IN:mom:FoundryTW_g1:SmartX,2029-W29,,147.0,True
IN:mom:FoundryTW_g1:SmartX,2029-W30,,143.0,True
IN:mom:FoundryTW_g1:SmartX,2029-W31,,139.0,True
IN:mom:FoundryTW_g1:SmartX,2029-W32,,136.0,True
IN:mom:FoundryTW_g1:SmartX,2029-W33,,131.0,True
IN:mom:FoundryTW_g1:SmartX,2029-W34,,129.0,True
IN:mom:FoundryTW_g1:SmartX,2029-W35,,124.0,True
IN:mom:FoundryTW_g1:SmartX,2029-W36,,121.0,True
IN:mom:FoundryTW_g1:SmartX,2029-W37,,117.0,True
IN:mom:FoundryTW_g1:SmartX,2029-W38,,114.0,True
IN:mom:FoundryTW_g1:SmartX,2029-W39,,109.0,True
IN:mom:FoundryTW_g1:SmartX,2029-W40,,106.0,True
IN:mom:FoundryTW_g1:SmartX,2029-W41,,102.0,True
IN:mom:FoundryTW_g1:SmartX,2029-W42,,99.0,True
IN:mom:FoundryTW_g1:SmartX,2029-W43,,95.0,True
IN:mom:FoundryTW_g1:SmartX,2029-W44,,92.0,True
IN:mom:FoundryTW_g1:SmartX,2029-W45,,87.0,True
IN:mom:FoundryTW_g1:SmartX,2029-W46,,84.0,True
IN:mom:FoundryTW_g1:SmartX,2029-W47,,80.0,True
IN:mom:FoundryTW_g1:SmartX,2029-W48,,76.0,True
IN:mom:FoundryTW_g1:SmartX,2029-W49,,71.0,True
IN:mom:FoundryTW_g1:SmartX,2029-W50,,68.0,True
IN:mom:FoundryTW_g1:SmartX,2029-W51,,64.0,True
IN:mom:FoundryTW_g1:SmartX,2029-W52,,61.0,True
IN:mom:FoundryTW_g1:SmartX,2030-W01,,56.0,True
IN:mom:FoundryTW_g1:SmartX,2030-W02,,53.0,True
IN:mom:FoundryTW_g1:SmartX,2030-W03,,49.0,True
IN:mom:FoundryTW_g1:SmartX,2030-W04,,45.0,True
IN:mom:FoundryTW_g1:SmartX,2030-W05,,113.0,True
IN:mom:FoundryTW_g1:SmartX,2030-W06,,30.0,True
IN:mom:FoundryTW_g1:SmartX,2030-W07,,0.0,True
IN:mom:FoundryTW_g1:SmartX,2030-W08,,0.0,True
IN:mom:FoundryTW_g1:SmartX,2030-W09,,26.0,True
IN:mom:FoundryTW_g1:SmartX,2030-W10,,21.0,True
IN:mom:FoundryTW_g1:SmartX,2030-W11,,18.0,True
IN:mom:FoundryTW_g1:SmartX,2030-W12,,14.0,True
IN:mom:FoundryTW_g1:SmartX,2030-W13,,11.0,True
IN:mom:FoundryTW_g1:SmartX,2030-W14,,6.0,True
IN:mom:FoundryTW_g1:SmartX,2030-W15,,3.0,True
IN:mom:FoundryTW_g1:SmartX,2030-W16,,0.0,True
IN:mom:FoundryTW_g1:SmartX,2030-W17,,0.0,True
IN:mom:FoundryTW_g1:SmartX,2030-W18,,0.0,True
IN:mom:FoundryTW_g1:SmartX,2030-W19,,0.0,True
IN:mom:FoundryTW_g1:SmartX,2030-W20,,0.0,True
IN:mom:FoundryTW_g1:SmartX,2030-W21,,0.0,True
IN:mom:FoundryTW_g1:SmartX,2030-W22,,0.0,True
IN:mom:FoundryTW_g1:SmartX,2030-W23,,0.0,True
IN:mom:FoundryTW_g1:SmartX,2030-W24,,0.0,True
IN:mom:FoundryTW_g1:SmartX,2030-W25,,0.0,True
IN:mom:FoundryTW_g1:SmartX,2030-W26,,0.0,True
IN:mom:FoundryTW_g1:SmartX,2030-W27,,0.0,True
IN:mom:FoundryTW_g1:SmartX,2030-W28,,0.0,True
IN:mom:FoundryTW_g1:SmartX,2030-W29,,0.0,True
IN:mom:FoundryTW_g1:SmartX,2030-W30,,0.0,True
IN:mom:FoundryTW_g1:SmartX,2030-W31,,0.0,True
IN:mom:FoundryTW_g1:SmartX,2030-W32,,0.0,True
IN:mom:FoundryTW_g1:SmartX,2030-W33,,0.0,True
IN:mom:FoundryTW_g1:SmartX,2030-W34,,0.0,True
IN:mom:FoundryTW_g1:SmartX,2030-W35,,0.0,True
IN:mom:FoundryTW_g1:SmartX,2030-W36,,0.0,True
IN:mom:FoundryTW_g1:SmartX,2030-W37,,0.0,True
IN:mom:FoundryTW_g1:SmartX,2030-W38,,0.0,True
IN:mom:FoundryTW_g1:SmartX,2030-W39,,0.0,True
IN:mom:FoundryTW_g1:SmartX,2030-W40,,0.0,True
IN:mom:FoundryTW_g1:SmartX,2030-W41,,0.0,True
IN:mom:FoundryTW_g1:SmartX,2030-W42,,0.0,True
IN:mom:FoundryTW_g1:SmartX,2030-W43,,0.0,True
IN:mom:FoundryTW_g1:SmartX,2030-W44,,0.0,True
IN:mom:FoundryTW_g1:SmartX,2030-W45,,0.0,True
IN:mom:FoundryTW_g1:SmartX,2030-W46,,0.0,True
IN:mom:FoundryTW_g1:SmartX,2030-W47,,0.0,True
IN:mom:FoundryTW_g1:SmartX,2030-W48,,0.0,True
IN:mom:FoundryTW_g1:SmartX,2030-W49,,0.0,True
IN:mom:FoundryTW_g1:SmartX,2030-W50,,0.0,True
IN:mom:FoundryTW_g1:SmartX,2030-W51,,0.0,True
IN:mom:FoundryTW_g1:SmartX,2030-W52,,0.0,True
IN:mom:FoundryTW_g3:SmartXNext,2025-W36,,0.0,True
IN:mom:FoundryTW_g3:SmartXNext,2025-W37,,0.0,True
IN:mom:FoundryTW_g3:SmartXNext,2025-W38,,0.0,True
IN:mom:FoundryTW_g3:SmartXNext,2025-W39,,0.0,True
IN:mom:FoundryTW_g3:SmartXNext,2025-W40,,0.0,True
IN:mom:FoundryTW_g3:SmartXNext,2025-W41,,0.0,True
IN:mom:FoundryTW_g3:SmartXNext,2025-W42,,0.0,True
IN:mom:FoundryTW_g3:SmartXNext,2025-W43,,0.0,True
IN:mom:FoundryTW_g3:SmartXNext,2025-W44,,0.0,True
IN:mom:FoundryTW_g3:SmartXNext,2025-W45,,0.0,True
IN:mom:FoundryTW_g3:SmartXNext,2025-W46,,0.0,True
IN:mom:FoundryTW_g3:SmartXNext,2025-W47,,0.0,True
IN:mom:FoundryTW_g3:SmartXNext,2025-W48,,0.0,True
IN:mom:FoundryTW_g3:SmartXNext,2025-W49,,0.0,True
IN:mom:FoundryTW_g3:SmartXNext,2025-W50,,0.0,True
IN:mom:FoundryTW_g3:SmartXNext,2025-W51,,0.0,True
IN:mom:FoundryTW_g3:SmartXNext,2025-W52,,0.0,True
IN:mom:FoundryTW_g3:SmartXNext,2026-W01,,0.0,True
IN:mom:FoundryTW_g3:SmartXNext,2026-W02,,0.0,True
IN:mom:FoundryTW_g3:SmartXNext,2026-W03,,0.0,True
IN:mom:FoundryTW_g3:SmartXNext,2026-W04,,0.0,True
IN:mom:FoundryTW_g3:SmartXNext,2026-W05,,0.0,True
IN:mom:FoundryTW_g3:SmartXNext,2026-W06,,0.0,True
IN:mom:FoundryTW_g3:SmartXNext,2026-W07,,0.0,True
IN:mom:FoundryTW_g3:SmartXNext,2026-W08,,0.0,True
IN:mom:FoundryTW_g3:SmartXNext,2026-W09,,0.0,True
IN:mom:FoundryTW_g3:SmartXNext,2026-W10,,0.0,True
IN:mom:FoundryTW_g3:SmartXNext,2026-W11,,0.0,True
IN:mom:FoundryTW_g3:SmartXNext,2026-W12,,0.0,True
IN:mom:FoundryTW_g3:SmartXNext,2026-W13,,0.0,True
IN:mom:FoundryTW_g3:SmartXNext,2026-W14,,0.0,True
IN:mom:FoundryTW_g3:SmartXNext,2026-W15,,0.0,True
IN:mom:FoundryTW_g3:SmartXNext,2026-W16,,0.0,True
IN:mom:FoundryTW_g3:SmartXNext,2026-W17,,0.0,True
IN:mom:FoundryTW_g3:SmartXNext,2026-W18,,0.0,True
IN:mom:FoundryTW_g3:SmartXNext,2026-W19,,0.0,True
IN:mom:FoundryTW_g3:SmartXNext,2026-W20,,0.0,True
IN:mom:FoundryTW_g3:SmartXNext,2026-W21,,0.0,True
IN:mom:FoundryTW_g3:SmartXNext,2026-W22,,0.0,True
IN:mom:FoundryTW_g3:SmartXNext,2026-W23,,0.0,True
IN:mom:FoundryTW_g3:SmartXNext,2026-W24,,0.0,True
IN:mom:FoundryTW_g3:SmartXNext,2026-W25,,0.0,True
IN:mom:FoundryTW_g3:SmartXNext,2026-W26,,0.0,True
IN:mom:FoundryTW_g3:SmartXNext,2026-W27,,0.0,True
IN:mom:FoundryTW_g3:SmartXNext,2026-W28,,0.0,True
IN:mom:FoundryTW_g3:SmartXNext,2026-W29,,0.0,True
IN:mom:FoundryTW_g3:SmartXNext,2026-W30,,0.0,True
IN:mom:FoundryTW_g3:SmartXNext,2026-W31,,0.0,True
IN:mom:FoundryTW_g3:SmartXNext,2026-W32,,0.0,True
IN:mom:FoundryTW_g3:SmartXNext,2026-W33,,0.0,True
IN:mom:FoundryTW_g3:SmartXNext,2026-W34,,0.0,True
IN:mom:FoundryTW_g3:SmartXNext,2026-W35,,0.0,True
IN:mom:FoundryTW_g3:SmartXNext,2026-W36,,0.0,True
IN:mom:FoundryTW_g3:SmartXNext,2026-W37,,0.0,True
IN:mom:FoundryTW_g3:SmartXNext,2026-W38,,0.0,True
IN:mom:FoundryTW_g3:SmartXNext,2026-W39,,0.0,True
IN:mom:FoundryTW_g3:SmartXNext,2026-W40,,0.0,True
IN:mom:FoundryTW_g3:SmartXNext,2026-W41,,0.0,True
IN:mom:FoundryTW_g3:SmartXNext,2026-W42,,0.0,True
IN:mom:FoundryTW_g3:SmartXNext,2026-W43,,0.0,True
IN:mom:FoundryTW_g3:SmartXNext,2026-W44,,0.0,True
IN:mom:FoundryTW_g3:SmartXNext,2026-W45,,0.0,True
IN:mom:FoundryTW_g3:SmartXNext,2026-W46,,0.0,True
IN:mom:FoundryTW_g3:SmartXNext,2026-W47,,0.0,True
IN:mom:FoundryTW_g3:SmartXNext,2026-W48,,0.0,True
IN:mom:FoundryTW_g3:SmartXNext,2026-W49,,0.0,True
IN:mom:FoundryTW_g3:SmartXNext,2026-W50,,0.0,True
IN:mom:FoundryTW_g3:SmartXNext,2026-W51,,0.0,True
IN:mom:FoundryTW_g3:SmartXNext,2026-W52,,0.0,True
IN:mom:FoundryTW_g3:SmartXNext,2026-W53,,0.0,True
IN:mom:FoundryTW_g3:SmartXNext,2027-W01,,0.0,True
IN:mom:FoundryTW_g3:SmartXNext,2027-W02,,0.0,True
IN:mom:FoundryTW_g3:SmartXNext,2027-W03,,0.0,True
IN:mom:FoundryTW_g3:SmartXNext,2027-W04,,0.0,True
IN:mom:FoundryTW_g3:SmartXNext,2027-W05,,0.0,True
IN:mom:FoundryTW_g3:SmartXNext,2027-W06,,0.0,True
IN:mom:FoundryTW_g3:SmartXNext,2027-W07,,0.0,True
IN:mom:FoundryTW_g3:SmartXNext,2027-W08,,0.0,True
IN:mom:FoundryTW_g3:SmartXNext,2027-W09,,0.0,True
IN:mom:FoundryTW_g3:SmartXNext,2027-W10,,0.0,True
IN:mom:FoundryTW_g3:SmartXNext,2027-W11,,0.0,True
IN:mom:FoundryTW_g3:SmartXNext,2027-W12,,0.0,True
IN:mom:FoundryTW_g3:SmartXNext,2027-W13,,0.0,True
IN:mom:FoundryTW_g3:SmartXNext,2027-W14,,0.0,True
IN:mom:FoundryTW_g3:SmartXNext,2027-W15,,0.0,True
IN:mom:FoundryTW_g3:SmartXNext,2027-W16,,0.0,True
IN:mom:FoundryTW_g3:SmartXNext,2027-W17,,0.0,True
IN:mom:FoundryTW_g3:SmartXNext,2027-W18,,0.0,True
IN:mom:FoundryTW_g3:SmartXNext,2027-W19,,0.0,True
IN:mom:FoundryTW_g3:SmartXNext,2027-W20,,0.0,True
IN:mom:FoundryTW_g3:SmartXNext,2027-W21,,0.0,True
IN:mom:FoundryTW_g3:SmartXNext,2027-W22,,0.0,True
IN:mom:FoundryTW_g3:SmartXNext,2027-W23,,0.0,True
IN:mom:FoundryTW_g3:SmartXNext,2027-W24,,0.0,True
IN:mom:FoundryTW_g3:SmartXNext,2027-W25,,0.0,True
IN:mom:FoundryTW_g3:SmartXNext,2027-W26,,0.0,True
IN:mom:FoundryTW_g3:SmartXNext,2027-W27,,0.0,True
IN:mom:FoundryTW_g3:SmartXNext,2027-W28,,0.0,True
IN:mom:FoundryTW_g3:SmartXNext,2027-W29,,0.0,True
IN:mom:FoundryTW_g3:SmartXNext,2027-W30,,0.0,True
IN:mom:FoundryTW_g3:SmartXNext,2027-W31,,0.0,True
IN:mom:FoundryTW_g3:SmartXNext,2027-W32,,0.0,True
IN:mom:FoundryTW_g3:SmartXNext,2027-W33,,0.0,True
IN:mom:FoundryTW_g3:SmartXNext,2027-W34,,0.0,True
IN:mom:FoundryTW_g3:SmartXNext,2027-W35,,0.0,True
IN:mom:FoundryTW_g3:SmartXNext,2027-W36,,0.0,True
IN:mom:FoundryTW_g3:SmartXNext,2027-W37,,0.0,True
IN:mom:FoundryTW_g3:SmartXNext,2027-W38,,0.0,True
IN:mom:FoundryTW_g3:SmartXNext,2027-W39,,0.0,True
IN:mom:FoundryTW_g3:SmartXNext,2027-W40,,0.0,True
IN:mom:FoundryTW_g3:SmartXNext,2027-W41,,0.0,True
IN:mom:FoundryTW_g3:SmartXNext,2027-W42,,0.0,True
IN:mom:FoundryTW_g3:SmartXNext,2027-W43,,0.0,True
IN:mom:FoundryTW_g3:SmartXNext,2027-W44,,0.0,True
IN:mom:FoundryTW_g3:SmartXNext,2027-W45,,0.0,True
IN:mom:FoundryTW_g3:SmartXNext,2027-W46,,0.0,True
IN:mom:FoundryTW_g3:SmartXNext,2027-W47,,0.0,True
IN:mom:FoundryTW_g3:SmartXNext,2027-W48,,0.0,True
IN:mom:FoundryTW_g3:SmartXNext,2027-W49,,0.0,True
IN:mom:FoundryTW_g3:SmartXNext,2027-W50,,0.0,True
IN:mom:FoundryTW_g3:SmartXNext,2027-W51,,0.0,True
IN:mom:FoundryTW_g3:SmartXNext,2027-W52,,0.0,True
IN:mom:FoundryTW_g3:SmartXNext,2028-W01,,0.0,True
IN:mom:FoundryTW_g3:SmartXNext,2028-W02,,0.0,True
IN:mom:FoundryTW_g3:SmartXNext,2028-W03,,0.0,True
IN:mom:FoundryTW_g3:SmartXNext,2028-W04,,0.0,True
IN:mom:FoundryTW_g3:SmartXNext,2028-W05,,0.0,True
IN:mom:FoundryTW_g3:SmartXNext,2028-W06,,0.0,True
IN:mom:FoundryTW_g3:SmartXNext,2028-W07,,0.0,True
IN:mom:FoundryTW_g3:SmartXNext,2028-W08,,0.0,True
IN:mom:FoundryTW_g3:SmartXNext,2028-W09,,0.0,True
IN:mom:FoundryTW_g3:SmartXNext,2028-W10,,0.0,True
IN:mom:FoundryTW_g3:SmartXNext,2028-W11,,0.0,True
IN:mom:FoundryTW_g3:SmartXNext,2028-W12,,0.0,True
IN:mom:FoundryTW_g3:SmartXNext,2028-W13,,0.0,True
IN:mom:FoundryTW_g3:SmartXNext,2028-W14,,0.0,True
IN:mom:FoundryTW_g3:SmartXNext,2028-W15,,0.0,True
IN:mom:FoundryTW_g3:SmartXNext,2028-W16,,0.0,True
IN:mom:FoundryTW_g3:SmartXNext,2028-W17,,0.0,True
IN:mom:FoundryTW_g3:SmartXNext,2028-W18,,15.0,True
IN:mom:FoundryTW_g3:SmartXNext,2028-W19,,71.0,True
IN:mom:FoundryTW_g3:SmartXNext,2028-W20,,126.0,True
IN:mom:FoundryTW_g3:SmartXNext,2028-W21,,183.0,True
IN:mom:FoundryTW_g3:SmartXNext,2028-W22,,238.0,True
IN:mom:FoundryTW_g3:SmartXNext,2028-W23,,293.0,True
IN:mom:FoundryTW_g3:SmartXNext,2028-W24,,348.0,True
IN:mom:FoundryTW_g3:SmartXNext,2028-W25,,406.0,True
IN:mom:FoundryTW_g3:SmartXNext,2028-W26,,460.0,True
IN:mom:FoundryTW_g3:SmartXNext,2028-W27,,515.0,True
IN:mom:FoundryTW_g3:SmartXNext,2028-W28,,571.0,True
IN:mom:FoundryTW_g3:SmartXNext,2028-W29,,626.0,True
IN:mom:FoundryTW_g3:SmartXNext,2028-W30,,683.0,True
IN:mom:FoundryTW_g3:SmartXNext,2028-W31,,738.0,True
IN:mom:FoundryTW_g3:SmartXNext,2028-W32,,793.0,True
IN:mom:FoundryTW_g3:SmartXNext,2028-W33,,848.0,True
IN:mom:FoundryTW_g3:SmartXNext,2028-W34,,906.0,True
IN:mom:FoundryTW_g3:SmartXNext,2028-W35,,960.0,True
IN:mom:FoundryTW_g3:SmartXNext,2028-W36,,1015.0,True
IN:mom:FoundryTW_g3:SmartXNext,2028-W37,,1071.0,True
IN:mom:FoundryTW_g3:SmartXNext,2028-W38,,1126.0,True
IN:mom:FoundryTW_g3:SmartXNext,2028-W39,,1183.0,True
IN:mom:FoundryTW_g3:SmartXNext,2028-W40,,1238.0,True
IN:mom:FoundryTW_g3:SmartXNext,2028-W41,,1293.0,True
IN:mom:FoundryTW_g3:SmartXNext,2028-W42,,1348.0,True
IN:mom:FoundryTW_g3:SmartXNext,2028-W43,,1406.0,True
IN:mom:FoundryTW_g3:SmartXNext,2028-W44,,1468.0,True
IN:mom:FoundryTW_g3:SmartXNext,2028-W45,,1535.0,True
IN:mom:FoundryTW_g3:SmartXNext,2028-W46,,1563.0,True
IN:mom:FoundryTW_g3:SmartXNext,2028-W47,,1590.0,True
IN:mom:FoundryTW_g3:SmartXNext,2028-W48,,1618.0,True
IN:mom:FoundryTW_g3:SmartXNext,2028-W49,,1648.0,True
IN:mom:FoundryTW_g3:SmartXNext,2028-W50,,1676.0,True
IN:mom:FoundryTW_g3:SmartXNext,2028-W51,,1702.0,True
IN:mom:FoundryTW_g3:SmartXNext,2028-W52,,1730.0,True
IN:mom:FoundryTW_g3:SmartXNext,2029-W01,,1758.0,True
IN:mom:FoundryTW_g3:SmartXNext,2029-W02,,1785.0,True
IN:mom:FoundryTW_g3:SmartXNext,2029-W03,,1813.0,True
IN:mom:FoundryTW_g3:SmartXNext,2029-W04,,5606.0,True
IN:mom:FoundryTW_g3:SmartXNext,2029-W05,,1926.0,True
IN:mom:FoundryTW_g3:SmartXNext,2029-W06,,0.0,True
IN:mom:FoundryTW_g3:SmartXNext,2029-W07,,0.0,True
IN:mom:FoundryTW_g3:SmartXNext,2029-W08,,1952.0,True
IN:mom:FoundryTW_g3:SmartXNext,2029-W09,,1980.0,True
IN:mom:FoundryTW_g3:SmartXNext,2029-W10,,2008.0,True
IN:mom:FoundryTW_g3:SmartXNext,2029-W11,,2035.0,True
IN:mom:FoundryTW_g3:SmartXNext,2029-W12,,2063.0,True
IN:mom:FoundryTW_g3:SmartXNext,2029-W13,,2090.0,True
IN:mom:FoundryTW_g3:SmartXNext,2029-W14,,2118.0,True
IN:mom:FoundryTW_g3:SmartXNext,2029-W15,,2148.0,True
IN:mom:FoundryTW_g3:SmartXNext,2029-W16,,2176.0,True
IN:mom:FoundryTW_g3:SmartXNext,2029-W17,,2202.0,True
IN:mom:FoundryTW_g3:SmartXNext,2029-W18,,2235.0,True
IN:mom:FoundryTW_g3:SmartXNext,2029-W19,,2273.0,True
IN:mom:FoundryTW_g3:SmartXNext,2029-W20,,2292.0,True
IN:mom:FoundryTW_g3:SmartXNext,2029-W21,,2311.0,True
IN:mom:FoundryTW_g3:SmartXNext,2029-W22,,2330.0,True
IN:mom:FoundryTW_g3:SmartXNext,2029-W23,,2348.0,True
IN:mom:FoundryTW_g3:SmartXNext,2029-W24,,2365.0,True
IN:mom:FoundryTW_g3:SmartXNext,2029-W25,,2385.0,True
IN:mom:FoundryTW_g3:SmartXNext,2029-W26,,2403.0,True
IN:mom:FoundryTW_g3:SmartXNext,2029-W27,,2423.0,True
IN:mom:FoundryTW_g3:SmartXNext,2029-W28,,2440.0,True
IN:mom:FoundryTW_g3:SmartXNext,2029-W29,,2458.0,True
IN:mom:FoundryTW_g3:SmartXNext,2029-W30,,2477.0,True
IN:mom:FoundryTW_g3:SmartXNext,2029-W31,,2496.0,True
IN:mom:FoundryTW_g3:SmartXNext,2029-W32,,2515.0,True
IN:mom:FoundryTW_g3:SmartXNext,2029-W33,,2533.0,True
IN:mom:FoundryTW_g3:SmartXNext,2029-W34,,2552.0,True
IN:mom:FoundryTW_g3:SmartXNext,2029-W35,,2570.0,True
IN:mom:FoundryTW_g3:SmartXNext,2029-W36,,2588.0,True
IN:mom:FoundryTW_g3:SmartXNext,2029-W37,,2608.0,True
IN:mom:FoundryTW_g3:SmartXNext,2029-W38,,2625.0,True
IN:mom:FoundryTW_g3:SmartXNext,2029-W39,,2645.0,True
IN:mom:FoundryTW_g3:SmartXNext,2029-W40,,2662.0,True
IN:mom:FoundryTW_g3:SmartXNext,2029-W41,,2681.0,True
IN:mom:FoundryTW_g3:SmartXNext,2029-W42,,2700.0,True
IN:mom:FoundryTW_g3:SmartXNext,2029-W43,,2718.0,True
IN:mom:FoundryTW_g3:SmartXNext,2029-W44,,2737.0,True
IN:mom:FoundryTW_g3:SmartXNext,2029-W45,,2757.0,True
IN:mom:FoundryTW_g3:SmartXNext,2029-W46,,2781.0,True
IN:mom:FoundryTW_g3:SmartXNext,2029-W47,,2804.0,True
IN:mom:FoundryTW_g3:SmartXNext,2029-W48,,2829.0,True
IN:mom:FoundryTW_g3:SmartXNext,2029-W49,,2853.0,True
IN:mom:FoundryTW_g3:SmartXNext,2029-W50,,2876.0,True
IN:mom:FoundryTW_g3:SmartXNext,2029-W51,,2901.0,True
IN:mom:FoundryTW_g3:SmartXNext,2029-W52,,2925.0,True
IN:mom:FoundryTW_g3:SmartXNext,2030-W01,,2950.0,True
IN:mom:FoundryTW_g3:SmartXNext,2030-W02,,2973.0,True
IN:mom:FoundryTW_g3:SmartXNext,2030-W03,,2997.0,True
IN:mom:FoundryTW_g3:SmartXNext,2030-W04,,3022.0,True
IN:mom:FoundryTW_g3:SmartXNext,2030-W05,,9208.0,True
IN:mom:FoundryTW_g3:SmartXNext,2030-W06,,3117.0,True
IN:mom:FoundryTW_g3:SmartXNext,2030-W07,,0.0,True
IN:mom:FoundryTW_g3:SmartXNext,2030-W08,,0.0,True
IN:mom:FoundryTW_g3:SmartXNext,2030-W09,,3141.0,True
IN:mom:FoundryTW_g3:SmartXNext,2030-W10,,3165.0,True
IN:mom:FoundryTW_g3:SmartXNext,2030-W11,,3189.0,True
IN:mom:FoundryTW_g3:SmartXNext,2030-W12,,3214.0,True
IN:mom:FoundryTW_g3:SmartXNext,2030-W13,,3237.0,True
IN:mom:FoundryTW_g3:SmartXNext,2030-W14,,3262.0,True
IN:mom:FoundryTW_g3:SmartXNext,2030-W15,,3286.0,True
IN:mom:FoundryTW_g3:SmartXNext,2030-W16,,3310.0,True
IN:mom:FoundryTW_g3:SmartXNext,2030-W17,,3334.0,True
IN:mom:FoundryTW_g3:SmartXNext,2030-W18,,3357.0,True
IN:mom:FoundryTW_g3:SmartXNext,2030-W19,,3368.0,True
IN:mom:FoundryTW_g3:SmartXNext,2030-W20,,3345.0,True
IN:mom:FoundryTW_g3:SmartXNext,2030-W21,,3326.0,True
IN:mom:FoundryTW_g3:SmartXNext,2030-W22,,3305.0,True
IN:mom:FoundryTW_g3:SmartXNext,2030-W23,,3286.0,True
IN:mom:FoundryTW_g3:SmartXNext,2030-W24,,3266.0,True
IN:mom:FoundryTW_g3:SmartXNext,2030-W25,,3246.0,True
IN:mom:FoundryTW_g3:SmartXNext,2030-W26,,3226.0,True
IN:mom:FoundryTW_g3:SmartXNext,2030-W27,,3207.0,True
IN:mom:FoundryTW_g3:SmartXNext,2030-W28,,3187.0,True
IN:mom:FoundryTW_g3:SmartXNext,2030-W29,,3168.0,True
IN:mom:FoundryTW_g3:SmartXNext,2030-W30,,3147.0,True
IN:mom:FoundryTW_g3:SmartXNext,2030-W31,,3128.0,True
IN:mom:FoundryTW_g3:SmartXNext,2030-W32,,3107.0,True
IN:mom:FoundryTW_g3:SmartXNext,2030-W33,,3087.0,True
IN:mom:FoundryTW_g3:SmartXNext,2030-W34,,3068.0,True
IN:mom:FoundryTW_g3:SmartXNext,2030-W35,,3047.0,True
IN:mom:FoundryTW_g3:SmartXNext,2030-W36,,3028.0,True
IN:mom:FoundryTW_g3:SmartXNext,2030-W37,,3008.0,True
IN:mom:FoundryTW_g3:SmartXNext,2030-W38,,2989.0,True
IN:mom:FoundryTW_g3:SmartXNext,2030-W39,,2969.0,True
IN:mom:FoundryTW_g3:SmartXNext,2030-W40,,2950.0,True
IN:mom:FoundryTW_g3:SmartXNext,2030-W41,,2929.0,True
IN:mom:FoundryTW_g3:SmartXNext,2030-W42,,2910.0,True
IN:mom:FoundryTW_g3:SmartXNext,2030-W43,,2889.0,True
IN:mom:FoundryTW_g3:SmartXNext,2030-W44,,2070.0,True
IN:mom:FoundryTW_g3:SmartXNext,2030-W45,,0.0,True
IN:mom:FoundryTW_g3:SmartXNext,2030-W46,,0.0,True
IN:mom:FoundryTW_g3:SmartXNext,2030-W47,,0.0,True
IN:mom:FoundryTW_g3:SmartXNext,2030-W48,,0.0,True
IN:mom:FoundryTW_g3:SmartXNext,2030-W49,,0.0,True
IN:mom:FoundryTW_g3:SmartXNext,2030-W50,,0.0,True
IN:mom:FoundryTW_g3:SmartXNext,2030-W51,,0.0,True
IN:mom:FoundryTW_g3:SmartXNext,2030-W52,,0.0,True
OUT:dad:DC_AMER:SmartXPro_IN,2025-W36,,0.0,True
OUT:dad:DC_AMER:SmartXPro_IN,2025-W37,,0.0,True
OUT:dad:DC_AMER:SmartXPro_IN,2025-W38,,0.0,True
OUT:dad:DC_AMER:SmartXPro_IN,2025-W39,,0.0,True
OUT:dad:DC_AMER:SmartXPro_IN,2025-W40,,0.0,True
OUT:dad:DC_AMER:SmartXPro_IN,2025-W41,,0.0,True
OUT:dad:DC_AMER:SmartXPro_IN,2025-W42,,0.0,True
OUT:dad:DC_AMER:SmartXPro_IN,2025-W43,,0.0,True
OUT:dad:DC_AMER:SmartXPro_IN,2025-W44,,0.0,True
OUT:dad:DC_AMER:SmartXPro_IN,2025-W45,,0.0,True
OUT:dad:DC_AMER:SmartXPro_IN,2025-W46,,0.0,True
OUT:dad:DC_AMER:SmartXPro_IN,2025-W47,,0.0,True
OUT:dad:DC_AMER:SmartXPro_IN,2025-W48,,0.0,True
OUT:dad:DC_AMER:SmartXPro_IN,2025-W49,,0.0,True
OUT:dad:DC_AMER:SmartXPro_IN,2025-W50,,0.0,True
OUT:dad:DC_AMER:SmartXPro_IN,2025-W51,,0.0,True
OUT:dad:DC_AMER:SmartXPro_IN,2025-W52,,0.0,True
OUT:dad:DC_AMER:SmartXPro_IN,2026-W01,,0.0,True
OUT:dad:DC_AMER:SmartXPro_IN,2026-W02,,0.0,True
OUT:dad:DC_AMER:SmartXPro_IN,2026-W03,,0.0,True
OUT:dad:DC_AMER:SmartXPro_IN,2026-W04,,0.0,True
OUT:dad:DC_AMER:SmartXPro_IN,2026-W05,,0.0,True
OUT:dad:DC_AMER:SmartXPro_IN,2026-W06,,0.0,True
OUT:dad:DC_AMER:SmartXPro_IN,2026-W07,,0.0,True
OUT:dad:DC_AMER:SmartXPro_IN,2026-W08,,0.0,True
OUT:dad:DC_AMER:SmartXPro_IN,2026-W09,,0.0,True
OUT:dad:DC_AMER:SmartXPro_IN,2026-W10,,0.0,True
OUT:dad:DC_AMER:SmartXPro_IN,2026-W11,,0.0,True
OUT:dad:DC_AMER:SmartXPro_IN,2026-W12,,0.0,True
OUT:dad:DC_AMER:SmartXPro_IN,2026-W13,,0.0,True
OUT:dad:DC_AMER:SmartXPro_IN,2026-W14,,0.0,True
OUT:dad:DC_AMER:SmartXPro_IN,2026-W15,,0.0,True
OUT:dad:DC_AMER:SmartXPro_IN,2026-W16,,0.0,True
OUT:dad:DC_AMER:SmartXPro_IN,2026-W17,,0.0,True
OUT:dad:DC_AMER:SmartXPro_IN,2026-W18,,0.0,True
OUT:dad:DC_AMER:SmartXPro_IN,2026-W19,,0.0,True
OUT:dad:DC_AMER:SmartXPro_IN,2026-W20,,0.0,True
OUT:dad:DC_AMER:SmartXPro_IN,2026-W21,,0.0,True
OUT:dad:DC_AMER:SmartXPro_IN,2026-W22,,0.0,True
OUT:dad:DC_AMER:SmartXPro_IN,2026-W23,,0.0,True
OUT:dad:DC_AMER:SmartXPro_IN,2026-W24,,0.0,True
OUT:dad:DC_AMER:SmartXPro_IN,2026-W25,,0.0,True
OUT:dad:DC_AMER:SmartXPro_IN,2026-W26,,0.0,True
OUT:dad:DC_AMER:SmartXPro_IN,2026-W27,,0.0,True
OUT:dad:DC_AMER:SmartXPro_IN,2026-W28,,0.0,True
OUT:dad:DC_AMER:SmartXPro_IN,2026-W29,,0.0,True
OUT:dad:DC_AMER:SmartXPro_IN,2026-W30,,0.0,True
OUT:dad:DC_AMER:SmartXPro_IN,2026-W31,,0.0,True
OUT:dad:DC_AMER:SmartXPro_IN,2026-W32,,0.0,True
OUT:dad:DC_AMER:SmartXPro_IN,2026-W33,,0.0,True
OUT:dad:DC_AMER:SmartXPro_IN,2026-W34,,0.0,True
OUT:dad:DC_AMER:SmartXPro_IN,2026-W35,,0.0,True
OUT:dad:DC_AMER:SmartXPro_IN,2026-W36,,0.0,True
OUT:dad:DC_AMER:SmartXPro_IN,2026-W37,,0.0,True
OUT:dad:DC_AMER:SmartXPro_IN,2026-W38,,0.0,True
OUT:dad:DC_AMER:SmartXPro_IN,2026-W39,,0.0,True
OUT:dad:DC_AMER:SmartXPro_IN,2026-W40,,0.0,True
OUT:dad:DC_AMER:SmartXPro_IN,2026-W41,,0.0,True
OUT:dad:DC_AMER:SmartXPro_IN,2026-W42,,0.0,True
OUT:dad:DC_AMER:SmartXPro_IN,2026-W43,,0.0,True
OUT:dad:DC_AMER:SmartXPro_IN,2026-W44,,0.0,True
OUT:dad:DC_AMER:SmartXPro_IN,2026-W45,,0.0,True
OUT:dad:DC_AMER:SmartXPro_IN,2026-W46,,0.0,True
OUT:dad:DC_AMER:SmartXPro_IN,2026-W47,,0.0,True
OUT:dad:DC_AMER:SmartXPro_IN,2026-W48,,0.0,True
OUT:dad:DC_AMER:SmartXPro_IN,2026-W49,,0.0,True
OUT:dad:DC_AMER:SmartXPro_IN,2026-W50,,0.0,True
OUT:dad:DC_AMER:SmartXPro_IN,2026-W51,,0.0,True
OUT:dad:DC_AMER:SmartXPro_IN,2026-W52,,0.0,True
OUT:dad:DC_AMER:SmartXPro_IN,2026-W53,,900.0,True
OUT:dad:DC_AMER:SmartXPro_IN,2027-W01,,900.0,True
OUT:dad:DC_AMER:SmartXPro_IN,2027-W02,,900.0,True
OUT:dad:DC_AMER:SmartXPro_IN,2027-W03,,900.0,True
OUT:dad:DC_AMER:SmartXPro_IN,2027-W04,,900.0,True
OUT:dad:DC_AMER:SmartXPro_IN,2027-W05,,900.0,True
OUT:dad:DC_AMER:SmartXPro_IN,2027-W06,,900.0,True
OUT:dad:DC_AMER:SmartXPro_IN,2027-W07,,900.0,True
OUT:dad:DC_AMER:SmartXPro_IN,2027-W08,,900.0,True
OUT:dad:DC_AMER:SmartXPro_IN,2027-W09,,900.0,True
OUT:dad:DC_AMER:SmartXPro_IN,2027-W10,,900.0,True
OUT:dad:DC_AMER:SmartXPro_IN,2027-W11,,900.0,True
OUT:dad:DC_AMER:SmartXPro_IN,2027-W12,,900.0,True
OUT:dad:DC_AMER:SmartXPro_IN,2027-W13,,900.0,True
OUT:dad:DC_AMER:SmartXPro_IN,2027-W14,,900.0,True
OUT:dad:DC_AMER:SmartXPro_IN,2027-W15,,900.0,True
OUT:dad:DC_AMER:SmartXPro_IN,2027-W16,,900.0,True
OUT:dad:DC_AMER:SmartXPro_IN,2027-W17,,900.0,True
OUT:dad:DC_AMER:SmartXPro_IN,2027-W18,,900.0,True
OUT:dad:DC_AMER:SmartXPro_IN,2027-W19,,900.0,True
OUT:dad:DC_AMER:SmartXPro_IN,2027-W20,,900.0,True
OUT:dad:DC_AMER:SmartXPro_IN,2027-W21,,900.0,True
OUT:dad:DC_AMER:SmartXPro_IN,2027-W22,,900.0,True
OUT:dad:DC_AMER:SmartXPro_IN,2027-W23,,900.0,True
OUT:dad:DC_AMER:SmartXPro_IN,2027-W24,,900.0,True
OUT:dad:DC_AMER:SmartXPro_IN,2027-W25,,900.0,True
OUT:dad:DC_AMER:SmartXPro_IN,2027-W26,,896.0,True
OUT:dad:DC_AMER:SmartXPro_IN,2027-W27,,891.0,True
OUT:dad:DC_AMER:SmartXPro_IN,2027-W28,,900.0,True
OUT:dad:DC_AMER:SmartXPro_IN,2027-W29,,896.0,True
OUT:dad:DC_AMER:SmartXPro_IN,2027-W30,,891.0,True
OUT:dad:DC_AMER:SmartXPro_IN,2027-W31,,887.0,True
OUT:dad:DC_AMER:SmartXPro_IN,2027-W32,,882.0,True
OUT:dad:DC_AMER:SmartXPro_IN,2027-W33,,878.0,True
OUT:dad:DC_AMER:SmartXPro_IN,2027-W34,,873.0,True
OUT:dad:DC_AMER:SmartXPro_IN,2027-W35,,869.0,True
OUT:dad:DC_AMER:SmartXPro_IN,2027-W36,,864.0,True
OUT:dad:DC_AMER:SmartXPro_IN,2027-W37,,860.0,True
OUT:dad:DC_AMER:SmartXPro_IN,2027-W38,,856.0,True
OUT:dad:DC_AMER:SmartXPro_IN,2027-W39,,851.0,True
OUT:dad:DC_AMER:SmartXPro_IN,2027-W40,,847.0,True
OUT:dad:DC_AMER:SmartXPro_IN,2027-W41,,842.0,True
OUT:dad:DC_AMER:SmartXPro_IN,2027-W42,,838.0,True
OUT:dad:DC_AMER:SmartXPro_IN,2027-W43,,833.0,True
OUT:dad:DC_AMER:SmartXPro_IN,2027-W44,,816.0,True
OUT:dad:DC_AMER:SmartXPro_IN,2027-W45,,13.0,True
OUT:dad:DC_AMER:SmartXPro_IN,2027-W46,,807.0,True
OUT:dad:DC_AMER:SmartXPro_IN,2027-W47,,802.0,True
OUT:dad:DC_AMER:SmartXPro_IN,2027-W48,,798.0,True
OUT:dad:DC_AMER:SmartXPro_IN,2027-W49,,793.0,True
OUT:dad:DC_AMER:SmartXPro_IN,2027-W50,,789.0,True
OUT:dad:DC_AMER:SmartXPro_IN,2027-W51,,784.0,True
OUT:dad:DC_AMER:SmartXPro_IN,2027-W52,,775.0,True
OUT:dad:DC_AMER:SmartXPro_IN,2028-W01,,770.0,True
OUT:dad:DC_AMER:SmartXPro_IN,2028-W02,,766.0,True
OUT:dad:DC_AMER:SmartXPro_IN,2028-W03,,761.0,True
OUT:dad:DC_AMER:SmartXPro_IN,2028-W04,,756.0,True
OUT:dad:DC_AMER:SmartXPro_IN,2028-W05,,751.0,True
OUT:dad:DC_AMER:SmartXPro_IN,2028-W06,,746.0,True
OUT:dad:DC_AMER:SmartXPro_IN,2028-W07,,741.0,True
OUT:dad:DC_AMER:SmartXPro_IN,2028-W08,,737.0,True
OUT:dad:DC_AMER:SmartXPro_IN,2028-W09,,732.0,True
OUT:dad:DC_AMER:SmartXPro_IN,2028-W10,,727.0,True
OUT:dad:DC_AMER:SmartXPro_IN,2028-W11,,722.0,True
OUT:dad:DC_AMER:SmartXPro_IN,2028-W12,,717.0,True
OUT:dad:DC_AMER:SmartXPro_IN,2028-W13,,713.0,True
OUT:dad:DC_AMER:SmartXPro_IN,2028-W14,,708.0,True
OUT:dad:DC_AMER:SmartXPro_IN,2028-W15,,703.0,True
OUT:dad:DC_AMER:SmartXPro_IN,2028-W16,,698.0,True
OUT:dad:DC_AMER:SmartXPro_IN,2028-W17,,693.0,True
OUT:dad:DC_AMER:SmartXPro_IN,2028-W18,,689.0,True
OUT:dad:DC_AMER:SmartXPro_IN,2028-W19,,684.0,True
OUT:dad:DC_AMER:SmartXPro_IN,2028-W20,,679.0,True
OUT:dad:DC_AMER:SmartXPro_IN,2028-W21,,674.0,True
OUT:dad:DC_AMER:SmartXPro_IN,2028-W22,,669.0,True
OUT:dad:DC_AMER:SmartXPro_IN,2028-W23,,664.0,True
OUT:dad:DC_AMER:SmartXPro_IN,2028-W24,,660.0,True
OUT:dad:DC_AMER:SmartXPro_IN,2028-W25,,655.0,True
OUT:dad:DC_AMER:SmartXPro_IN,2028-W26,,664.0,True
OUT:dad:DC_AMER:SmartXPro_IN,2028-W27,,660.0,True
OUT:dad:DC_AMER:SmartXPro_IN,2028-W28,,655.0,True
OUT:dad:DC_AMER:SmartXPro_IN,2028-W29,,646.0,True
OUT:dad:DC_AMER:SmartXPro_IN,2028-W30,,643.0,True
OUT:dad:DC_AMER:SmartXPro_IN,2028-W31,,639.0,True
OUT:dad:DC_AMER:SmartXPro_IN,2028-W32,,635.0,True
OUT:dad:DC_AMER:SmartXPro_IN,2028-W33,,631.0,True
OUT:dad:DC_AMER:SmartXPro_IN,2028-W34,,628.0,True
OUT:dad:DC_AMER:SmartXPro_IN,2028-W35,,624.0,True
OUT:dad:DC_AMER:SmartXPro_IN,2028-W36,,620.0,True
OUT:dad:DC_AMER:SmartXPro_IN,2028-W37,,617.0,True
OUT:dad:DC_AMER:SmartXPro_IN,2028-W38,,613.0,True
OUT:dad:DC_AMER:SmartXPro_IN,2028-W39,,609.0,True
OUT:dad:DC_AMER:SmartXPro_IN,2028-W40,,606.0,True
OUT:dad:DC_AMER:SmartXPro_IN,2028-W41,,602.0,True
OUT:dad:DC_AMER:SmartXPro_IN,2028-W42,,587.0,True
OUT:dad:DC_AMER:SmartXPro_IN,2028-W43,,11.0,True
OUT:dad:DC_AMER:SmartXPro_IN,2028-W44,,580.0,True
OUT:dad:DC_AMER:SmartXPro_IN,2028-W45,,576.0,True
OUT:dad:DC_AMER:SmartXPro_IN,2028-W46,,572.0,True
OUT:dad:DC_AMER:SmartXPro_IN,2028-W47,,569.0,True
OUT:dad:DC_AMER:SmartXPro_IN,2028-W48,,565.0,True
OUT:dad:DC_AMER:SmartXPro_IN,2028-W49,,561.0,True
OUT:dad:DC_AMER:SmartXPro_IN,2028-W50,,557.0,True
OUT:dad:DC_AMER:SmartXPro_IN,2028-W51,,554.0,True
OUT:dad:DC_AMER:SmartXPro_IN,2028-W52,,544.0,True
OUT:dad:DC_AMER:SmartXPro_IN,2029-W01,,539.0,True
OUT:dad:DC_AMER:SmartXPro_IN,2029-W02,,533.0,True
OUT:dad:DC_AMER:SmartXPro_IN,2029-W03,,528.0,True
OUT:dad:DC_AMER:SmartXPro_IN,2029-W04,,522.0,True
OUT:dad:DC_AMER:SmartXPro_IN,2029-W05,,517.0,True
OUT:dad:DC_AMER:SmartXPro_IN,2029-W06,,511.0,True
OUT:dad:DC_AMER:SmartXPro_IN,2029-W07,,506.0,True
OUT:dad:DC_AMER:SmartXPro_IN,2029-W08,,500.0,True
OUT:dad:DC_AMER:SmartXPro_IN,2029-W09,,494.0,True
OUT:dad:DC_AMER:SmartXPro_IN,2029-W10,,489.0,True
OUT:dad:DC_AMER:SmartXPro_IN,2029-W11,,483.0,True
OUT:dad:DC_AMER:SmartXPro_IN,2029-W12,,478.0,True
OUT:dad:DC_AMER:SmartXPro_IN,2029-W13,,472.0,True
OUT:dad:DC_AMER:SmartXPro_IN,2029-W14,,467.0,True
OUT:dad:DC_AMER:SmartXPro_IN,2029-W15,,461.0,True
OUT:dad:DC_AMER:SmartXPro_IN,2029-W16,,456.0,True
OUT:dad:DC_AMER:SmartXPro_IN,2029-W17,,450.0,True
OUT:dad:DC_AMER:SmartXPro_IN,2029-W18,,444.0,True
OUT:dad:DC_AMER:SmartXPro_IN,2029-W19,,439.0,True
OUT:dad:DC_AMER:SmartXPro_IN,2029-W20,,433.0,True
OUT:dad:DC_AMER:SmartXPro_IN,2029-W21,,428.0,True
OUT:dad:DC_AMER:SmartXPro_IN,2029-W22,,422.0,True
OUT:dad:DC_AMER:SmartXPro_IN,2029-W23,,417.0,True
OUT:dad:DC_AMER:SmartXPro_IN,2029-W24,,411.0,True
OUT:dad:DC_AMER:SmartXPro_IN,2029-W25,,406.0,True
OUT:dad:DC_AMER:SmartXPro_IN,2029-W26,,394.0,True
OUT:dad:DC_AMER:SmartXPro_IN,2029-W27,,411.0,True
OUT:dad:DC_AMER:SmartXPro_IN,2029-W28,,406.0,True
OUT:dad:DC_AMER:SmartXPro_IN,2029-W29,,394.0,True
OUT:dad:DC_AMER:SmartXPro_IN,2029-W30,,389.0,True
OUT:dad:DC_AMER:SmartXPro_IN,2029-W31,,383.0,True
OUT:dad:DC_AMER:SmartXPro_IN,2029-W32,,378.0,True
OUT:dad:DC_AMER:SmartXPro_IN,2029-W33,,372.0,True
OUT:dad:DC_AMER:SmartXPro_IN,2029-W34,,367.0,True
OUT:dad:DC_AMER:SmartXPro_IN,2029-W35,,361.0,True
OUT:dad:DC_AMER:SmartXPro_IN,2029-W36,,356.0,True
OUT:dad:DC_AMER:SmartXPro_IN,2029-W37,,350.0,True
OUT:dad:DC_AMER:SmartXPro_IN,2029-W38,,344.0,True
OUT:dad:DC_AMER:SmartXPro_IN,2029-W39,,339.0,True
OUT:dad:DC_AMER:SmartXPro_IN,2029-W40,,333.0,True
OUT:dad:DC_AMER:SmartXPro_IN,2029-W41,,328.0,True
OUT:dad:DC_AMER:SmartXPro_IN,2029-W42,,322.0,True
OUT:dad:DC_AMER:SmartXPro_IN,2029-W43,,300.0,True
OUT:dad:DC_AMER:SmartXPro_IN,2029-W44,,17.0,True
OUT:dad:DC_AMER:SmartXPro_IN,2029-W45,,289.0,True
OUT:dad:DC_AMER:SmartXPro_IN,2029-W46,,283.0,True
OUT:dad:DC_AMER:SmartXPro_IN,2029-W47,,278.0,True
OUT:dad:DC_AMER:SmartXPro_IN,2029-W48,,272.0,True
OUT:dad:DC_AMER:SmartXPro_IN,2029-W49,,267.0,True
OUT:dad:DC_AMER:SmartXPro_IN,2029-W50,,261.0,True
OUT:dad:DC_AMER:SmartXPro_IN,2029-W51,,256.0,True
OUT:dad:DC_AMER:SmartXPro_IN,2029-W52,,251.0,True
OUT:dad:DC_AMER:SmartXPro_IN,2030-W01,,246.0,True
OUT:dad:DC_AMER:SmartXPro_IN,2030-W02,,241.0,True
OUT:dad:DC_AMER:SmartXPro_IN,2030-W03,,236.0,True
OUT:dad:DC_AMER:SmartXPro_IN,2030-W04,,231.0,True
OUT:dad:DC_AMER:SmartXPro_IN,2030-W05,,226.0,True
OUT:dad:DC_AMER:SmartXPro_IN,2030-W06,,221.0,True
OUT:dad:DC_AMER:SmartXPro_IN,2030-W07,,217.0,True
OUT:dad:DC_AMER:SmartXPro_IN,2030-W08,,212.0,True
OUT:dad:DC_AMER:SmartXPro_IN,2030-W09,,207.0,True
OUT:dad:DC_AMER:SmartXPro_IN,2030-W10,,202.0,True
OUT:dad:DC_AMER:SmartXPro_IN,2030-W11,,197.0,True
OUT:dad:DC_AMER:SmartXPro_IN,2030-W12,,192.0,True
OUT:dad:DC_AMER:SmartXPro_IN,2030-W13,,187.0,True
OUT:dad:DC_AMER:SmartXPro_IN,2030-W14,,182.0,True
OUT:dad:DC_AMER:SmartXPro_IN,2030-W15,,177.0,True
OUT:dad:DC_AMER:SmartXPro_IN,2030-W16,,172.0,True
OUT:dad:DC_AMER:SmartXPro_IN,2030-W17,,167.0,True
OUT:dad:DC_AMER:SmartXPro_IN,2030-W18,,162.0,True
OUT:dad:DC_AMER:SmartXPro_IN,2030-W19,,157.0,True
OUT:dad:DC_AMER:SmartXPro_IN,2030-W20,,153.0,True
OUT:dad:DC_AMER:SmartXPro_IN,2030-W21,,148.0,True
OUT:dad:DC_AMER:SmartXPro_IN,2030-W22,,143.0,True
OUT:dad:DC_AMER:SmartXPro_IN,2030-W23,,138.0,True
OUT:dad:DC_AMER:SmartXPro_IN,2030-W24,,133.0,True
OUT:dad:DC_AMER:SmartXPro_IN,2030-W25,,128.0,True
OUT:dad:DC_AMER:SmartXPro_IN,2030-W26,,123.0,True
OUT:dad:DC_AMER:SmartXPro_IN,2030-W27,,118.0,True
OUT:dad:DC_AMER:SmartXPro_IN,2030-W28,,113.0,True
OUT:dad:DC_AMER:SmartXPro_IN,2030-W29,,108.0,True
OUT:dad:DC_AMER:SmartXPro_IN,2030-W30,,103.0,True
OUT:dad:DC_AMER:SmartXPro_IN,2030-W31,,98.0,True
OUT:dad:DC_AMER:SmartXPro_IN,2030-W32,,94.0,True
OUT:dad:DC_AMER:SmartXPro_IN,2030-W33,,89.0,True
OUT:dad:DC_AMER:SmartXPro_IN,2030-W34,,84.0,True
OUT:dad:DC_AMER:SmartXPro_IN,2030-W35,,79.0,True
OUT:dad:DC_AMER:SmartXPro_IN,2030-W36,,74.0,True
OUT:dad:DC_AMER:SmartXPro_IN,2030-W37,,69.0,True
OUT:dad:DC_AMER:SmartXPro_IN,2030-W38,,64.0,True
OUT:dad:DC_AMER:SmartXPro_IN,2030-W39,,59.0,True
OUT:dad:DC_AMER:SmartXPro_IN,2030-W40,,54.0,True
OUT:dad:DC_AMER:SmartXPro_IN,2030-W41,,49.0,True
OUT:dad:DC_AMER:SmartXPro_IN,2030-W42,,44.0,True
OUT:dad:DC_AMER:SmartXPro_IN,2030-W43,,39.0,True
OUT:dad:DC_AMER:SmartXPro_IN,2030-W44,,34.0,True
OUT:dad:DC_AMER:SmartXPro_IN,2030-W45,,30.0,True
OUT:dad:DC_AMER:SmartXPro_IN,2030-W46,,25.0,True
OUT:dad:DC_AMER:SmartXPro_IN,2030-W47,,20.0,True
OUT:dad:DC_AMER:SmartXPro_IN,2030-W48,,15.0,True
OUT:dad:DC_AMER:SmartXPro_IN,2030-W49,,10.0,True
OUT:dad:DC_AMER:SmartXPro_IN,2030-W50,,5.0,True
OUT:dad:DC_AMER:SmartXPro_IN,2030-W51,,0.0,True
OUT:dad:DC_AMER:SmartXPro_IN,2030-W52,,0.0,True
OUT:dad:DC_AMER_g1:SmartX,2025-W36,,0.0,True
OUT:dad:DC_AMER_g1:SmartX,2025-W37,,0.0,True
OUT:dad:DC_AMER_g1:SmartX,2025-W38,,0.0,True
OUT:dad:DC_AMER_g1:SmartX,2025-W39,,0.0,True
OUT:dad:DC_AMER_g1:SmartX,2025-W40,,0.0,True
OUT:dad:DC_AMER_g1:SmartX,2025-W41,,0.0,True
OUT:dad:DC_AMER_g1:SmartX,2025-W42,,0.0,True
OUT:dad:DC_AMER_g1:SmartX,2025-W43,,0.0,True
OUT:dad:DC_AMER_g1:SmartX,2025-W44,,0.0,True
OUT:dad:DC_AMER_g1:SmartX,2025-W45,,0.0,True
OUT:dad:DC_AMER_g1:SmartX,2025-W46,,0.0,True
OUT:dad:DC_AMER_g1:SmartX,2025-W47,,0.0,True
OUT:dad:DC_AMER_g1:SmartX,2025-W48,,0.0,True
OUT:dad:DC_AMER_g1:SmartX,2025-W49,,0.0,True
OUT:dad:DC_AMER_g1:SmartX,2025-W50,,0.0,True
OUT:dad:DC_AMER_g1:SmartX,2025-W51,,0.0,True
OUT:dad:DC_AMER_g1:SmartX,2025-W52,,523.0,True
OUT:dad:DC_AMER_g1:SmartX,2026-W01,,521.0,True
OUT:dad:DC_AMER_g1:SmartX,2026-W02,,518.0,True
OUT:dad:DC_AMER_g1:SmartX,2026-W03,,516.0,True
OUT:dad:DC_AMER_g1:SmartX,2026-W04,,514.0,True
OUT:dad:DC_AMER_g1:SmartX,2026-W05,,511.0,True
OUT:dad:DC_AMER_g1:SmartX,2026-W06,,509.0,True
OUT:dad:DC_AMER_g1:SmartX,2026-W07,,507.0,True
OUT:dad:DC_AMER_g1:SmartX,2026-W08,,505.0,True
OUT:dad:DC_AMER_g1:SmartX,2026-W09,,502.0,True
OUT:dad:DC_AMER_g1:SmartX,2026-W10,,500.0,True
OUT:dad:DC_AMER_g1:SmartX,2026-W11,,498.0,True
OUT:dad:DC_AMER_g1:SmartX,2026-W12,,495.0,True
OUT:dad:DC_AMER_g1:SmartX,2026-W13,,493.0,True
OUT:dad:DC_AMER_g1:SmartX,2026-W14,,491.0,True
OUT:dad:DC_AMER_g1:SmartX,2026-W15,,488.0,True
OUT:dad:DC_AMER_g1:SmartX,2026-W16,,486.0,True
OUT:dad:DC_AMER_g1:SmartX,2026-W17,,484.0,True
OUT:dad:DC_AMER_g1:SmartX,2026-W18,,481.0,True
OUT:dad:DC_AMER_g1:SmartX,2026-W19,,479.0,True
OUT:dad:DC_AMER_g1:SmartX,2026-W20,,477.0,True
OUT:dad:DC_AMER_g1:SmartX,2026-W21,,475.0,True
OUT:dad:DC_AMER_g1:SmartX,2026-W22,,472.0,True
OUT:dad:DC_AMER_g1:SmartX,2026-W23,,470.0,True
OUT:dad:DC_AMER_g1:SmartX,2026-W24,,468.0,True
OUT:dad:DC_AMER_g1:SmartX,2026-W25,,465.0,True
OUT:dad:DC_AMER_g1:SmartX,2026-W26,,463.0,True
OUT:dad:DC_AMER_g1:SmartX,2026-W27,,461.0,True
OUT:dad:DC_AMER_g1:SmartX,2026-W28,,458.0,True
OUT:dad:DC_AMER_g1:SmartX,2026-W29,,456.0,True
OUT:dad:DC_AMER_g1:SmartX,2026-W30,,454.0,True
OUT:dad:DC_AMER_g1:SmartX,2026-W31,,451.0,True
OUT:dad:DC_AMER_g1:SmartX,2026-W32,,449.0,True
OUT:dad:DC_AMER_g1:SmartX,2026-W33,,447.0,True
OUT:dad:DC_AMER_g1:SmartX,2026-W34,,445.0,True
OUT:dad:DC_AMER_g1:SmartX,2026-W35,,442.0,True
OUT:dad:DC_AMER_g1:SmartX,2026-W36,,440.0,True
OUT:dad:DC_AMER_g1:SmartX,2026-W37,,438.0,True
OUT:dad:DC_AMER_g1:SmartX,2026-W38,,435.0,True
OUT:dad:DC_AMER_g1:SmartX,2026-W39,,433.0,True
OUT:dad:DC_AMER_g1:SmartX,2026-W40,,431.0,True
OUT:dad:DC_AMER_g1:SmartX,2026-W41,,428.0,True
OUT:dad:DC_AMER_g1:SmartX,2026-W42,,426.0,True
OUT:dad:DC_AMER_g1:SmartX,2026-W43,,424.0,True
OUT:dad:DC_AMER_g1:SmartX,2026-W44,,421.0,True
OUT:dad:DC_AMER_g1:SmartX,2026-W45,,419.0,True
OUT:dad:DC_AMER_g1:SmartX,2026-W46,,417.0,True
OUT:dad:DC_AMER_g1:SmartX,2026-W47,,415.0,True
OUT:dad:DC_AMER_g1:SmartX,2026-W48,,412.0,True
OUT:dad:DC_AMER_g1:SmartX,2026-W49,,410.0,True
OUT:dad:DC_AMER_g1:SmartX,2026-W50,,408.0,True
OUT:dad:DC_AMER_g1:SmartX,2026-W51,,405.0,True
OUT:dad:DC_AMER_g1:SmartX,2026-W52,,403.0,True
OUT:dad:DC_AMER_g1:SmartX,2026-W53,,400.0,True
OUT:dad:DC_AMER_g1:SmartX,2027-W01,,400.0,True
OUT:dad:DC_AMER_g1:SmartX,2027-W02,,400.0,True
OUT:dad:DC_AMER_g1:SmartX,2027-W03,,400.0,True
OUT:dad:DC_AMER_g1:SmartX,2027-W04,,400.0,True
OUT:dad:DC_AMER_g1:SmartX,2027-W05,,400.0,True
OUT:dad:DC_AMER_g1:SmartX,2027-W06,,400.0,True
OUT:dad:DC_AMER_g1:SmartX,2027-W07,,400.0,True
OUT:dad:DC_AMER_g1:SmartX,2027-W08,,400.0,True
OUT:dad:DC_AMER_g1:SmartX,2027-W09,,400.0,True
OUT:dad:DC_AMER_g1:SmartX,2027-W10,,400.0,True
OUT:dad:DC_AMER_g1:SmartX,2027-W11,,400.0,True
OUT:dad:DC_AMER_g1:SmartX,2027-W12,,400.0,True
OUT:dad:DC_AMER_g1:SmartX,2027-W13,,400.0,True
OUT:dad:DC_AMER_g1:SmartX,2027-W14,,400.0,True
OUT:dad:DC_AMER_g1:SmartX,2027-W15,,400.0,True
OUT:dad:DC_AMER_g1:SmartX,2027-W16,,400.0,True
OUT:dad:DC_AMER_g1:SmartX,2027-W17,,400.0,True
OUT:dad:DC_AMER_g1:SmartX,2027-W18,,400.0,True
OUT:dad:DC_AMER_g1:SmartX,2027-W19,,400.0,True
OUT:dad:DC_AMER_g1:SmartX,2027-W20,,400.0,True
OUT:dad:DC_AMER_g1:SmartX,2027-W21,,400.0,True
OUT:dad:DC_AMER_g1:SmartX,2027-W22,,400.0,True
OUT:dad:DC_AMER_g1:SmartX,2027-W23,,400.0,True
OUT:dad:DC_AMER_g1:SmartX,2027-W24,,400.0,True
OUT:dad:DC_AMER_g1:SmartX,2027-W25,,400.0,True
OUT:dad:DC_AMER_g1:SmartX,2027-W26,,396.0,True
OUT:dad:DC_AMER_g1:SmartX,2027-W27,,393.0,True
OUT:dad:DC_AMER_g1:SmartX,2027-W28,,389.0,True
OUT:dad:DC_AMER_g1:SmartX,2027-W29,,385.0,True
OUT:dad:DC_AMER_g1:SmartX,2027-W30,,381.0,True
OUT:dad:DC_AMER_g1:SmartX,2027-W31,,378.0,True
OUT:dad:DC_AMER_g1:SmartX,2027-W32,,374.0,True
OUT:dad:DC_AMER_g1:SmartX,2027-W33,,370.0,True
OUT:dad:DC_AMER_g1:SmartX,2027-W34,,367.0,True
OUT:dad:DC_AMER_g1:SmartX,2027-W35,,363.0,True
OUT:dad:DC_AMER_g1:SmartX,2027-W36,,359.0,True
OUT:dad:DC_AMER_g1:SmartX,2027-W37,,356.0,True
OUT:dad:DC_AMER_g1:SmartX,2027-W38,,352.0,True
OUT:dad:DC_AMER_g1:SmartX,2027-W39,,348.0,True
OUT:dad:DC_AMER_g1:SmartX,2027-W40,,344.0,True
OUT:dad:DC_AMER_g1:SmartX,2027-W41,,341.0,True
OUT:dad:DC_AMER_g1:SmartX,2027-W42,,337.0,True
OUT:dad:DC_AMER_g1:SmartX,2027-W43,,333.0,True
OUT:dad:DC_AMER_g1:SmartX,2027-W44,,330.0,True
OUT:dad:DC_AMER_g1:SmartX,2027-W45,,326.0,True
OUT:dad:DC_AMER_g1:SmartX,2027-W46,,322.0,True
OUT:dad:DC_AMER_g1:SmartX,2027-W47,,319.0,True
OUT:dad:DC_AMER_g1:SmartX,2027-W48,,315.0,True
OUT:dad:DC_AMER_g1:SmartX,2027-W49,,311.0,True
OUT:dad:DC_AMER_g1:SmartX,2027-W50,,307.0,True
OUT:dad:DC_AMER_g1:SmartX,2027-W51,,304.0,True
OUT:dad:DC_AMER_g1:SmartX,2027-W52,,296.0,True
OUT:dad:DC_AMER_g1:SmartX,2028-W01,,293.0,True
OUT:dad:DC_AMER_g1:SmartX,2028-W02,,289.0,True
OUT:dad:DC_AMER_g1:SmartX,2028-W03,,285.0,True
OUT:dad:DC_AMER_g1:SmartX,2028-W04,,281.0,True
OUT:dad:DC_AMER_g1:SmartX,2028-W05,,278.0,True
OUT:dad:DC_AMER_g1:SmartX,2028-W06,,274.0,True
OUT:dad:DC_AMER_g1:SmartX,2028-W07,,270.0,True
OUT:dad:DC_AMER_g1:SmartX,2028-W08,,267.0,True
OUT:dad:DC_AMER_g1:SmartX,2028-W09,,263.0,True
OUT:dad:DC_AMER_g1:SmartX,2028-W10,,259.0,True
OUT:dad:DC_AMER_g1:SmartX,2028-W11,,256.0,True
OUT:dad:DC_AMER_g1:SmartX,2028-W12,,252.0,True
OUT:dad:DC_AMER_g1:SmartX,2028-W13,,248.0,True
OUT:dad:DC_AMER_g1:SmartX,2028-W14,,244.0,True
OUT:dad:DC_AMER_g1:SmartX,2028-W15,,241.0,True
OUT:dad:DC_AMER_g1:SmartX,2028-W16,,237.0,True
OUT:dad:DC_AMER_g1:SmartX,2028-W17,,233.0,True
OUT:dad:DC_AMER_g1:SmartX,2028-W18,,230.0,True
OUT:dad:DC_AMER_g1:SmartX,2028-W19,,226.0,True
OUT:dad:DC_AMER_g1:SmartX,2028-W20,,222.0,True
OUT:dad:DC_AMER_g1:SmartX,2028-W21,,219.0,True
OUT:dad:DC_AMER_g1:SmartX,2028-W22,,215.0,True
OUT:dad:DC_AMER_g1:SmartX,2028-W23,,211.0,True
OUT:dad:DC_AMER_g1:SmartX,2028-W24,,207.0,True
OUT:dad:DC_AMER_g1:SmartX,2028-W25,,204.0,True
OUT:dad:DC_AMER_g1:SmartX,2028-W26,,197.0,True
OUT:dad:DC_AMER_g1:SmartX,2028-W27,,195.0,True
OUT:dad:DC_AMER_g1:SmartX,2028-W28,,192.0,True
OUT:dad:DC_AMER_g1:SmartX,2028-W29,,190.0,True
OUT:dad:DC_AMER_g1:SmartX,2028-W30,,187.0,True
OUT:dad:DC_AMER_g1:SmartX,2028-W31,,184.0,True
OUT:dad:DC_AMER_g1:SmartX,2028-W32,,182.0,True
OUT:dad:DC_AMER_g1:SmartX,2028-W33,,179.0,True
OUT:dad:DC_AMER_g1:SmartX,2028-W34,,177.0,True
OUT:dad:DC_AMER_g1:SmartX,2028-W35,,174.0,True
OUT:dad:DC_AMER_g1:SmartX,2028-W36,,171.0,True
OUT:dad:DC_AMER_g1:SmartX,2028-W37,,169.0,True
OUT:dad:DC_AMER_g1:SmartX,2028-W38,,166.0,True
OUT:dad:DC_AMER_g1:SmartX,2028-W39,,164.0,True
OUT:dad:DC_AMER_g1:SmartX,2028-W40,,161.0,True
OUT:dad:DC_AMER_g1:SmartX,2028-W41,,159.0,True
OUT:dad:DC_AMER_g1:SmartX,2028-W42,,156.0,True
OUT:dad:DC_AMER_g1:SmartX,2028-W43,,153.0,True
OUT:dad:DC_AMER_g1:SmartX,2028-W44,,151.0,True
OUT:dad:DC_AMER_g1:SmartX,2028-W45,,148.0,True
OUT:dad:DC_AMER_g1:SmartX,2028-W46,,146.0,True
OUT:dad:DC_AMER_g1:SmartX,2028-W47,,143.0,True
OUT:dad:DC_AMER_g1:SmartX,2028-W48,,140.0,True
OUT:dad:DC_AMER_g1:SmartX,2028-W49,,138.0,True
OUT:dad:DC_AMER_g1:SmartX,2028-W50,,135.0,True
OUT:dad:DC_AMER_g1:SmartX,2028-W51,,133.0,True
OUT:dad:DC_AMER_g1:SmartX,2028-W52,,128.0,True
OUT:dad:DC_AMER_g1:SmartX,2029-W01,,126.0,True
OUT:dad:DC_AMER_g1:SmartX,2029-W02,,124.0,True
OUT:dad:DC_AMER_g1:SmartX,2029-W03,,123.0,True
OUT:dad:DC_AMER_g1:SmartX,2029-W04,,121.0,True
OUT:dad:DC_AMER_g1:SmartX,2029-W05,,119.0,True
OUT:dad:DC_AMER_g1:SmartX,2029-W06,,117.0,True
OUT:dad:DC_AMER_g1:SmartX,2029-W07,,115.0,True
OUT:dad:DC_AMER_g1:SmartX,2029-W08,,113.0,True
OUT:dad:DC_AMER_g1:SmartX,2029-W09,,111.0,True
OUT:dad:DC_AMER_g1:SmartX,2029-W10,,110.0,True
OUT:dad:DC_AMER_g1:SmartX,2029-W11,,108.0,True
OUT:dad:DC_AMER_g1:SmartX,2029-W12,,106.0,True
OUT:dad:DC_AMER_g1:SmartX,2029-W13,,104.0,True
OUT:dad:DC_AMER_g1:SmartX,2029-W14,,102.0,True
OUT:dad:DC_AMER_g1:SmartX,2029-W15,,100.0,True
OUT:dad:DC_AMER_g1:SmartX,2029-W16,,99.0,True
OUT:dad:DC_AMER_g1:SmartX,2029-W17,,97.0,True
OUT:dad:DC_AMER_g1:SmartX,2029-W18,,95.0,True
OUT:dad:DC_AMER_g1:SmartX,2029-W19,,93.0,True
OUT:dad:DC_AMER_g1:SmartX,2029-W20,,91.0,True
OUT:dad:DC_AMER_g1:SmartX,2029-W21,,89.0,True
OUT:dad:DC_AMER_g1:SmartX,2029-W22,,87.0,True
OUT:dad:DC_AMER_g1:SmartX,2029-W23,,86.0,True
OUT:dad:DC_AMER_g1:SmartX,2029-W24,,84.0,True
OUT:dad:DC_AMER_g1:SmartX,2029-W25,,82.0,True
OUT:dad:DC_AMER_g1:SmartX,2029-W26,,79.0,True
OUT:dad:DC_AMER_g1:SmartX,2029-W27,,77.0,True
OUT:dad:DC_AMER_g1:SmartX,2029-W28,,76.0,True
OUT:dad:DC_AMER_g1:SmartX,2029-W29,,74.0,True
OUT:dad:DC_AMER_g1:SmartX,2029-W30,,73.0,True
OUT:dad:DC_AMER_g1:SmartX,2029-W31,,71.0,True
OUT:dad:DC_AMER_g1:SmartX,2029-W32,,70.0,True
OUT:dad:DC_AMER_g1:SmartX,2029-W33,,68.0,True
OUT:dad:DC_AMER_g1:SmartX,2029-W34,,67.0,True
OUT:dad:DC_AMER_g1:SmartX,2029-W35,,65.0,True
OUT:dad:DC_AMER_g1:SmartX,2029-W36,,64.0,True
OUT:dad:DC_AMER_g1:SmartX,2029-W37,,62.0,True
OUT:dad:DC_AMER_g1:SmartX,2029-W38,,61.0,True
OUT:dad:DC_AMER_g1:SmartX,2029-W39,,59.0,True
OUT:dad:DC_AMER_g1:SmartX,2029-W40,,58.0,True
OUT:dad:DC_AMER_g1:SmartX,2029-W41,,56.0,True
OUT:dad:DC_AMER_g1:SmartX,2029-W42,,55.0,True
OUT:dad:DC_AMER_g1:SmartX,2029-W43,,53.0,True
OUT:dad:DC_AMER_g1:SmartX,2029-W44,,52.0,True
OUT:dad:DC_AMER_g1:SmartX,2029-W45,,50.0,True
OUT:dad:DC_AMER_g1:SmartX,2029-W46,,49.0,True
OUT:dad:DC_AMER_g1:SmartX,2029-W47,,47.0,True
OUT:dad:DC_AMER_g1:SmartX,2029-W48,,46.0,True
OUT:dad:DC_AMER_g1:SmartX,2029-W49,,44.0,True
OUT:dad:DC_AMER_g1:SmartX,2029-W50,,43.0,True
OUT:dad:DC_AMER_g1:SmartX,2029-W51,,41.0,True
OUT:dad:DC_AMER_g1:SmartX,2029-W52,,40.0,True
OUT:dad:DC_AMER_g1:SmartX,2030-W01,,38.0,True
OUT:dad:DC_AMER_g1:SmartX,2030-W02,,37.0,True
OUT:dad:DC_AMER_g1:SmartX,2030-W03,,35.0,True
OUT:dad:DC_AMER_g1:SmartX,2030-W04,,34.0,True
OUT:dad:DC_AMER_g1:SmartX,2030-W05,,32.0,True
OUT:dad:DC_AMER_g1:SmartX,2030-W06,,31.0,True
OUT:dad:DC_AMER_g1:SmartX,2030-W07,,29.0,True
OUT:dad:DC_AMER_g1:SmartX,2030-W08,,28.0,True
OUT:dad:DC_AMER_g1:SmartX,2030-W09,,26.0,True
OUT:dad:DC_AMER_g1:SmartX,2030-W10,,25.0,True
OUT:dad:DC_AMER_g1:SmartX,2030-W11,,23.0,True
OUT:dad:DC_AMER_g1:SmartX,2030-W12,,22.0,True
OUT:dad:DC_AMER_g1:SmartX,2030-W13,,20.0,True
OUT:dad:DC_AMER_g1:SmartX,2030-W14,,18.0,True
OUT:dad:DC_AMER_g1:SmartX,2030-W15,,17.0,True
OUT:dad:DC_AMER_g1:SmartX,2030-W16,,15.0,True
OUT:dad:DC_AMER_g1:SmartX,2030-W17,,14.0,True
OUT:dad:DC_AMER_g1:SmartX,2030-W18,,12.0,True
OUT:dad:DC_AMER_g1:SmartX,2030-W19,,11.0,True
OUT:dad:DC_AMER_g1:SmartX,2030-W20,,9.0,True
OUT:dad:DC_AMER_g1:SmartX,2030-W21,,8.0,True
OUT:dad:DC_AMER_g1:SmartX,2030-W22,,6.0,True
OUT:dad:DC_AMER_g1:SmartX,2030-W23,,5.0,True
OUT:dad:DC_AMER_g1:SmartX,2030-W24,,3.0,True
OUT:dad:DC_AMER_g1:SmartX,2030-W25,,2.0,True
OUT:dad:DC_AMER_g1:SmartX,2030-W26,,0.0,True
OUT:dad:DC_AMER_g1:SmartX,2030-W27,,0.0,True
OUT:dad:DC_AMER_g1:SmartX,2030-W28,,0.0,True
OUT:dad:DC_AMER_g1:SmartX,2030-W29,,0.0,True
OUT:dad:DC_AMER_g1:SmartX,2030-W30,,0.0,True
OUT:dad:DC_AMER_g1:SmartX,2030-W31,,0.0,True
OUT:dad:DC_AMER_g1:SmartX,2030-W32,,0.0,True
OUT:dad:DC_AMER_g1:SmartX,2030-W33,,0.0,True
OUT:dad:DC_AMER_g1:SmartX,2030-W34,,0.0,True
OUT:dad:DC_AMER_g1:SmartX,2030-W35,,0.0,True
OUT:dad:DC_AMER_g1:SmartX,2030-W36,,0.0,True
OUT:dad:DC_AMER_g1:SmartX,2030-W37,,0.0,True
OUT:dad:DC_AMER_g1:SmartX,2030-W38,,0.0,True
OUT:dad:DC_AMER_g1:SmartX,2030-W39,,0.0,True
OUT:dad:DC_AMER_g1:SmartX,2030-W40,,0.0,True
OUT:dad:DC_AMER_g1:SmartX,2030-W41,,0.0,True
OUT:dad:DC_AMER_g1:SmartX,2030-W42,,0.0,True
OUT:dad:DC_AMER_g1:SmartX,2030-W43,,0.0,True
OUT:dad:DC_AMER_g1:SmartX,2030-W44,,0.0,True
OUT:dad:DC_AMER_g1:SmartX,2030-W45,,0.0,True
OUT:dad:DC_AMER_g1:SmartX,2030-W46,,0.0,True
OUT:dad:DC_AMER_g1:SmartX,2030-W47,,0.0,True
OUT:dad:DC_AMER_g1:SmartX,2030-W48,,0.0,True
OUT:dad:DC_AMER_g1:SmartX,2030-W49,,0.0,True
OUT:dad:DC_AMER_g1:SmartX,2030-W50,,0.0,True
OUT:dad:DC_AMER_g1:SmartX,2030-W51,,0.0,True
OUT:dad:DC_AMER_g1:SmartX,2030-W52,,0.0,True
OUT:dad:DC_AMER_g3:SmartXNext,2025-W36,,0.0,True
OUT:dad:DC_AMER_g3:SmartXNext,2025-W37,,0.0,True
OUT:dad:DC_AMER_g3:SmartXNext,2025-W38,,0.0,True
OUT:dad:DC_AMER_g3:SmartXNext,2025-W39,,0.0,True
OUT:dad:DC_AMER_g3:SmartXNext,2025-W40,,0.0,True
OUT:dad:DC_AMER_g3:SmartXNext,2025-W41,,0.0,True
OUT:dad:DC_AMER_g3:SmartXNext,2025-W42,,0.0,True
OUT:dad:DC_AMER_g3:SmartXNext,2025-W43,,0.0,True
OUT:dad:DC_AMER_g3:SmartXNext,2025-W44,,0.0,True
OUT:dad:DC_AMER_g3:SmartXNext,2025-W45,,0.0,True
OUT:dad:DC_AMER_g3:SmartXNext,2025-W46,,0.0,True
OUT:dad:DC_AMER_g3:SmartXNext,2025-W47,,0.0,True
OUT:dad:DC_AMER_g3:SmartXNext,2025-W48,,0.0,True
OUT:dad:DC_AMER_g3:SmartXNext,2025-W49,,0.0,True
OUT:dad:DC_AMER_g3:SmartXNext,2025-W50,,0.0,True
OUT:dad:DC_AMER_g3:SmartXNext,2025-W51,,0.0,True
OUT:dad:DC_AMER_g3:SmartXNext,2025-W52,,0.0,True
OUT:dad:DC_AMER_g3:SmartXNext,2026-W01,,0.0,True
OUT:dad:DC_AMER_g3:SmartXNext,2026-W02,,0.0,True
OUT:dad:DC_AMER_g3:SmartXNext,2026-W03,,0.0,True
OUT:dad:DC_AMER_g3:SmartXNext,2026-W04,,0.0,True
OUT:dad:DC_AMER_g3:SmartXNext,2026-W05,,0.0,True
OUT:dad:DC_AMER_g3:SmartXNext,2026-W06,,0.0,True
OUT:dad:DC_AMER_g3:SmartXNext,2026-W07,,0.0,True
OUT:dad:DC_AMER_g3:SmartXNext,2026-W08,,0.0,True
OUT:dad:DC_AMER_g3:SmartXNext,2026-W09,,0.0,True
OUT:dad:DC_AMER_g3:SmartXNext,2026-W10,,0.0,True
OUT:dad:DC_AMER_g3:SmartXNext,2026-W11,,0.0,True
OUT:dad:DC_AMER_g3:SmartXNext,2026-W12,,0.0,True
OUT:dad:DC_AMER_g3:SmartXNext,2026-W13,,0.0,True
OUT:dad:DC_AMER_g3:SmartXNext,2026-W14,,0.0,True
OUT:dad:DC_AMER_g3:SmartXNext,2026-W15,,0.0,True
OUT:dad:DC_AMER_g3:SmartXNext,2026-W16,,0.0,True
OUT:dad:DC_AMER_g3:SmartXNext,2026-W17,,0.0,True
OUT:dad:DC_AMER_g3:SmartXNext,2026-W18,,0.0,True
OUT:dad:DC_AMER_g3:SmartXNext,2026-W19,,0.0,True
OUT:dad:DC_AMER_g3:SmartXNext,2026-W20,,0.0,True
OUT:dad:DC_AMER_g3:SmartXNext,2026-W21,,0.0,True
OUT:dad:DC_AMER_g3:SmartXNext,2026-W22,,0.0,True
OUT:dad:DC_AMER_g3:SmartXNext,2026-W23,,0.0,True
OUT:dad:DC_AMER_g3:SmartXNext,2026-W24,,0.0,True
OUT:dad:DC_AMER_g3:SmartXNext,2026-W25,,0.0,True
OUT:dad:DC_AMER_g3:SmartXNext,2026-W26,,0.0,True
OUT:dad:DC_AMER_g3:SmartXNext,2026-W27,,0.0,True
OUT:dad:DC_AMER_g3:SmartXNext,2026-W28,,0.0,True
OUT:dad:DC_AMER_g3:SmartXNext,2026-W29,,0.0,True
OUT:dad:DC_AMER_g3:SmartXNext,2026-W30,,0.0,True
OUT:dad:DC_AMER_g3:SmartXNext,2026-W31,,0.0,True
OUT:dad:DC_AMER_g3:SmartXNext,2026-W32,,0.0,True
OUT:dad:DC_AMER_g3:SmartXNext,2026-W33,,0.0,True
OUT:dad:DC_AMER_g3:SmartXNext,2026-W34,,0.0,True
OUT:dad:DC_AMER_g3:SmartXNext,2026-W35,,0.0,True
OUT:dad:DC_AMER_g3:SmartXNext,2026-W36,,0.0,True
OUT:dad:DC_AMER_g3:SmartXNext,2026-W37,,0.0,True
OUT:dad:DC_AMER_g3:SmartXNext,2026-W38,,0.0,True
OUT:dad:DC_AMER_g3:SmartXNext,2026-W39,,0.0,True
OUT:dad:DC_AMER_g3:SmartXNext,2026-W40,,0.0,True
OUT:dad:DC_AMER_g3:SmartXNext,2026-W41,,0.0,True
OUT:dad:DC_AMER_g3:SmartXNext,2026-W42,,0.0,True
OUT:dad:DC_AMER_g3:SmartXNext,2026-W43,,0.0,True
OUT:dad:DC_AMER_g3:SmartXNext,2026-W44,,0.0,True
OUT:dad:DC_AMER_g3:SmartXNext,2026-W45,,0.0,True
OUT:dad:DC_AMER_g3:SmartXNext,2026-W46,,0.0,True
OUT:dad:DC_AMER_g3:SmartXNext,2026-W47,,0.0,True
OUT:dad:DC_AMER_g3:SmartXNext,2026-W48,,0.0,True
OUT:dad:DC_AMER_g3:SmartXNext,2026-W49,,0.0,True
OUT:dad:DC_AMER_g3:SmartXNext,2026-W50,,0.0,True
OUT:dad:DC_AMER_g3:SmartXNext,2026-W51,,0.0,True
OUT:dad:DC_AMER_g3:SmartXNext,2026-W52,,0.0,True
OUT:dad:DC_AMER_g3:SmartXNext,2026-W53,,0.0,True
OUT:dad:DC_AMER_g3:SmartXNext,2027-W01,,0.0,True
OUT:dad:DC_AMER_g3:SmartXNext,2027-W02,,0.0,True
OUT:dad:DC_AMER_g3:SmartXNext,2027-W03,,0.0,True
OUT:dad:DC_AMER_g3:SmartXNext,2027-W04,,0.0,True
OUT:dad:DC_AMER_g3:SmartXNext,2027-W05,,0.0,True
OUT:dad:DC_AMER_g3:SmartXNext,2027-W06,,0.0,True
OUT:dad:DC_AMER_g3:SmartXNext,2027-W07,,0.0,True
OUT:dad:DC_AMER_g3:SmartXNext,2027-W08,,0.0,True
OUT:dad:DC_AMER_g3:SmartXNext,2027-W09,,0.0,True
OUT:dad:DC_AMER_g3:SmartXNext,2027-W10,,0.0,True
OUT:dad:DC_AMER_g3:SmartXNext,2027-W11,,0.0,True
OUT:dad:DC_AMER_g3:SmartXNext,2027-W12,,0.0,True
OUT:dad:DC_AMER_g3:SmartXNext,2027-W13,,0.0,True
OUT:dad:DC_AMER_g3:SmartXNext,2027-W14,,0.0,True
OUT:dad:DC_AMER_g3:SmartXNext,2027-W15,,0.0,True
OUT:dad:DC_AMER_g3:SmartXNext,2027-W16,,0.0,True
OUT:dad:DC_AMER_g3:SmartXNext,2027-W17,,0.0,True
OUT:dad:DC_AMER_g3:SmartXNext,2027-W18,,0.0,True
OUT:dad:DC_AMER_g3:SmartXNext,2027-W19,,0.0,True
OUT:dad:DC_AMER_g3:SmartXNext,2027-W20,,0.0,True
OUT:dad:DC_AMER_g3:SmartXNext,2027-W21,,0.0,True
OUT:dad:DC_AMER_g3:SmartXNext,2027-W22,,0.0,True
OUT:dad:DC_AMER_g3:SmartXNext,2027-W23,,0.0,True
OUT:dad:DC_AMER_g3:SmartXNext,2027-W24,,0.0,True
OUT:dad:DC_AMER_g3:SmartXNext,2027-W25,,0.0,True
OUT:dad:DC_AMER_g3:SmartXNext,2027-W26,,0.0,True
OUT:dad:DC_AMER_g3:SmartXNext,2027-W27,,0.0,True
OUT:dad:DC_AMER_g3:SmartXNext,2027-W28,,0.0,True
OUT:dad:DC_AMER_g3:SmartXNext,2027-W29,,0.0,True
OUT:dad:DC_AMER_g3:SmartXNext,2027-W30,,0.0,True
OUT:dad:DC_AMER_g3:SmartXNext,2027-W31,,0.0,True
OUT:dad:DC_AMER_g3:SmartXNext,2027-W32,,0.0,True
OUT:dad:DC_AMER_g3:SmartXNext,2027-W33,,0.0,True
OUT:dad:DC_AMER_g3:SmartXNext,2027-W34,,0.0,True
OUT:dad:DC_AMER_g3:SmartXNext,2027-W35,,0.0,True
OUT:dad:DC_AMER_g3:SmartXNext,2027-W36,,0.0,True
OUT:dad:DC_AMER_g3:SmartXNext,2027-W37,,0.0,True
OUT:dad:DC_AMER_g3:SmartXNext,2027-W38,,0.0,True
OUT:dad:DC_AMER_g3:SmartXNext,2027-W39,,0.0,True
OUT:dad:DC_AMER_g3:SmartXNext,2027-W40,,0.0,True
OUT:dad:DC_AMER_g3:SmartXNext,2027-W41,,0.0,True
OUT:dad:DC_AMER_g3:SmartXNext,2027-W42,,0.0,True
OUT:dad:DC_AMER_g3:SmartXNext,2027-W43,,0.0,True
OUT:dad:DC_AMER_g3:SmartXNext,2027-W44,,0.0,True
OUT:dad:DC_AMER_g3:SmartXNext,2027-W45,,0.0,True
OUT:dad:DC_AMER_g3:SmartXNext,2027-W46,,0.0,True
OUT:dad:DC_AMER_g3:SmartXNext,2027-W47,,0.0,True
OUT:dad:DC_AMER_g3:SmartXNext,2027-W48,,0.0,True
OUT:dad:DC_AMER_g3:SmartXNext,2027-W49,,0.0,True
OUT:dad:DC_AMER_g3:SmartXNext,2027-W50,,0.0,True
OUT:dad:DC_AMER_g3:SmartXNext,2027-W51,,0.0,True
OUT:dad:DC_AMER_g3:SmartXNext,2027-W52,,0.0,True
OUT:dad:DC_AMER_g3:SmartXNext,2028-W01,,0.0,True
OUT:dad:DC_AMER_g3:SmartXNext,2028-W02,,0.0,True
OUT:dad:DC_AMER_g3:SmartXNext,2028-W03,,0.0,True
OUT:dad:DC_AMER_g3:SmartXNext,2028-W04,,0.0,True
OUT:dad:DC_AMER_g3:SmartXNext,2028-W05,,0.0,True
OUT:dad:DC_AMER_g3:SmartXNext,2028-W06,,0.0,True
OUT:dad:DC_AMER_g3:SmartXNext,2028-W07,,0.0,True
OUT:dad:DC_AMER_g3:SmartXNext,2028-W08,,0.0,True
OUT:dad:DC_AMER_g3:SmartXNext,2028-W09,,0.0,True
OUT:dad:DC_AMER_g3:SmartXNext,2028-W10,,0.0,True
OUT:dad:DC_AMER_g3:SmartXNext,2028-W11,,0.0,True
OUT:dad:DC_AMER_g3:SmartXNext,2028-W12,,0.0,True
OUT:dad:DC_AMER_g3:SmartXNext,2028-W13,,0.0,True
OUT:dad:DC_AMER_g3:SmartXNext,2028-W14,,0.0,True
OUT:dad:DC_AMER_g3:SmartXNext,2028-W15,,0.0,True
OUT:dad:DC_AMER_g3:SmartXNext,2028-W16,,0.0,True
OUT:dad:DC_AMER_g3:SmartXNext,2028-W17,,0.0,True
OUT:dad:DC_AMER_g3:SmartXNext,2028-W18,,0.0,True
OUT:dad:DC_AMER_g3:SmartXNext,2028-W19,,0.0,True
OUT:dad:DC_AMER_g3:SmartXNext,2028-W20,,0.0,True
OUT:dad:DC_AMER_g3:SmartXNext,2028-W21,,0.0,True
OUT:dad:DC_AMER_g3:SmartXNext,2028-W22,,0.0,True
OUT:dad:DC_AMER_g3:SmartXNext,2028-W23,,0.0,True
OUT:dad:DC_AMER_g3:SmartXNext,2028-W24,,0.0,True
OUT:dad:DC_AMER_g3:SmartXNext,2028-W25,,0.0,True
OUT:dad:DC_AMER_g3:SmartXNext,2028-W26,,22.0,True
OUT:dad:DC_AMER_g3:SmartXNext,2028-W27,,44.0,True
OUT:dad:DC_AMER_g3:SmartXNext,2028-W28,,67.0,True
OUT:dad:DC_AMER_g3:SmartXNext,2028-W29,,89.0,True
OUT:dad:DC_AMER_g3:SmartXNext,2028-W30,,111.0,True
OUT:dad:DC_AMER_g3:SmartXNext,2028-W31,,133.0,True
OUT:dad:DC_AMER_g3:SmartXNext,2028-W32,,156.0,True
OUT:dad:DC_AMER_g3:SmartXNext,2028-W33,,178.0,True
OUT:dad:DC_AMER_g3:SmartXNext,2028-W34,,200.0,True
OUT:dad:DC_AMER_g3:SmartXNext,2028-W35,,222.0,True
OUT:dad:DC_AMER_g3:SmartXNext,2028-W36,,244.0,True
OUT:dad:DC_AMER_g3:SmartXNext,2028-W37,,267.0,True
OUT:dad:DC_AMER_g3:SmartXNext,2028-W38,,289.0,True
OUT:dad:DC_AMER_g3:SmartXNext,2028-W39,,311.0,True
OUT:dad:DC_AMER_g3:SmartXNext,2028-W40,,333.0,True
OUT:dad:DC_AMER_g3:SmartXNext,2028-W41,,356.0,True
OUT:dad:DC_AMER_g3:SmartXNext,2028-W42,,378.0,True
OUT:dad:DC_AMER_g3:SmartXNext,2028-W43,,400.0,True
OUT:dad:DC_AMER_g3:SmartXNext,2028-W44,,422.0,True
OUT:dad:DC_AMER_g3:SmartXNext,2028-W45,,444.0,True
OUT:dad:DC_AMER_g3:SmartXNext,2028-W46,,467.0,True
OUT:dad:DC_AMER_g3:SmartXNext,2028-W47,,489.0,True
OUT:dad:DC_AMER_g3:SmartXNext,2028-W48,,511.0,True
OUT:dad:DC_AMER_g3:SmartXNext,2028-W49,,533.0,True
OUT:dad:DC_AMER_g3:SmartXNext,2028-W50,,556.0,True
OUT:dad:DC_AMER_g3:SmartXNext,2028-W51,,578.0,True
OUT:dad:DC_AMER_g3:SmartXNext,2028-W52,,611.0,True
OUT:dad:DC_AMER_g3:SmartXNext,2029-W01,,622.0,True
OUT:dad:DC_AMER_g3:SmartXNext,2029-W02,,633.0,True
OUT:dad:DC_AMER_g3:SmartXNext,2029-W03,,644.0,True
OUT:dad:DC_AMER_g3:SmartXNext,2029-W04,,656.0,True
OUT:dad:DC_AMER_g3:SmartXNext,2029-W05,,667.0,True
OUT:dad:DC_AMER_g3:SmartXNext,2029-W06,,678.0,True
OUT:dad:DC_AMER_g3:SmartXNext,2029-W07,,689.0,True
OUT:dad:DC_AMER_g3:SmartXNext,2029-W08,,700.0,True
OUT:dad:DC_AMER_g3:SmartXNext,2029-W09,,711.0,True
OUT:dad:DC_AMER_g3:SmartXNext,2029-W10,,722.0,True
OUT:dad:DC_AMER_g3:SmartXNext,2029-W11,,733.0,True
OUT:dad:DC_AMER_g3:SmartXNext,2029-W12,,744.0,True
OUT:dad:DC_AMER_g3:SmartXNext,2029-W13,,756.0,True
OUT:dad:DC_AMER_g3:SmartXNext,2029-W14,,767.0,True
OUT:dad:DC_AMER_g3:SmartXNext,2029-W15,,778.0,True
OUT:dad:DC_AMER_g3:SmartXNext,2029-W16,,789.0,True
OUT:dad:DC_AMER_g3:SmartXNext,2029-W17,,800.0,True
OUT:dad:DC_AMER_g3:SmartXNext,2029-W18,,811.0,True
OUT:dad:DC_AMER_g3:SmartXNext,2029-W19,,822.0,True
OUT:dad:DC_AMER_g3:SmartXNext,2029-W20,,833.0,True
OUT:dad:DC_AMER_g3:SmartXNext,2029-W21,,844.0,True
OUT:dad:DC_AMER_g3:SmartXNext,2029-W22,,856.0,True
OUT:dad:DC_AMER_g3:SmartXNext,2029-W23,,867.0,True
OUT:dad:DC_AMER_g3:SmartXNext,2029-W24,,878.0,True
OUT:dad:DC_AMER_g3:SmartXNext,2029-W25,,889.0,True
OUT:dad:DC_AMER_g3:SmartXNext,2029-W26,,907.0,True
OUT:dad:DC_AMER_g3:SmartXNext,2029-W27,,915.0,True
OUT:dad:DC_AMER_g3:SmartXNext,2029-W28,,922.0,True
OUT:dad:DC_AMER_g3:SmartXNext,2029-W29,,930.0,True
OUT:dad:DC_AMER_g3:SmartXNext,2029-W30,,937.0,True
OUT:dad:DC_AMER_g3:SmartXNext,2029-W31,,944.0,True
OUT:dad:DC_AMER_g3:SmartXNext,2029-W32,,952.0,True
OUT:dad:DC_AMER_g3:SmartXNext,2029-W33,,959.0,True
OUT:dad:DC_AMER_g3:SmartXNext,2029-W34,,967.0,True
OUT:dad:DC_AMER_g3:SmartXNext,2029-W35,,974.0,True
OUT:dad:DC_AMER_g3:SmartXNext,2029-W36,,981.0,True
OUT:dad:DC_AMER_g3:SmartXNext,2029-W37,,989.0,True
OUT:dad:DC_AMER_g3:SmartXNext,2029-W38,,996.0,True
OUT:dad:DC_AMER_g3:SmartXNext,2029-W39,,1004.0,True
OUT:dad:DC_AMER_g3:SmartXNext,2029-W40,,1011.0,True
OUT:dad:DC_AMER_g3:SmartXNext,2029-W41,,1019.0,True
OUT:dad:DC_AMER_g3:SmartXNext,2029-W42,,1026.0,True
OUT:dad:DC_AMER_g3:SmartXNext,2029-W43,,1033.0,True
OUT:dad:DC_AMER_g3:SmartXNext,2029-W44,,1041.0,True
OUT:dad:DC_AMER_g3:SmartXNext,2029-W45,,1048.0,True
OUT:dad:DC_AMER_g3:SmartXNext,2029-W46,,1056.0,True
OUT:dad:DC_AMER_g3:SmartXNext,2029-W47,,1063.0,True
OUT:dad:DC_AMER_g3:SmartXNext,2029-W48,,1070.0,True
OUT:dad:DC_AMER_g3:SmartXNext,2029-W49,,1078.0,True
OUT:dad:DC_AMER_g3:SmartXNext,2029-W50,,1085.0,True
OUT:dad:DC_AMER_g3:SmartXNext,2029-W51,,1093.0,True
OUT:dad:DC_AMER_g3:SmartXNext,2029-W52,,1100.0,True
OUT:dad:DC_AMER_g3:SmartXNext,2030-W01,,1110.0,True
OUT:dad:DC_AMER_g3:SmartXNext,2030-W02,,1119.0,True
OUT:dad:DC_AMER_g3:SmartXNext,2030-W03,,1129.0,True
OUT:dad:DC_AMER_g3:SmartXNext,2030-W04,,1138.0,True
OUT:dad:DC_AMER_g3:SmartXNext,2030-W05,,1148.0,True
OUT:dad:DC_AMER_g3:SmartXNext,2030-W06,,1158.0,True
OUT:dad:DC_AMER_g3:SmartXNext,2030-W07,,1167.0,True
OUT:dad:DC_AMER_g3:SmartXNext,2030-W08,,1177.0,True
OUT:dad:DC_AMER_g3:SmartXNext,2030-W09,,1187.0,True
OUT:dad:DC_AMER_g3:SmartXNext,2030-W10,,1196.0,True
OUT:dad:DC_AMER_g3:SmartXNext,2030-W11,,1206.0,True
OUT:dad:DC_AMER_g3:SmartXNext,2030-W12,,1215.0,True
OUT:dad:DC_AMER_g3:SmartXNext,2030-W13,,1225.0,True
OUT:dad:DC_AMER_g3:SmartXNext,2030-W14,,1235.0,True
OUT:dad:DC_AMER_g3:SmartXNext,2030-W15,,1244.0,True
OUT:dad:DC_AMER_g3:SmartXNext,2030-W16,,1254.0,True
OUT:dad:DC_AMER_g3:SmartXNext,2030-W17,,1263.0,True
OUT:dad:DC_AMER_g3:SmartXNext,2030-W18,,1273.0,True
OUT:dad:DC_AMER_g3:SmartXNext,2030-W19,,1283.0,True
OUT:dad:DC_AMER_g3:SmartXNext,2030-W20,,1292.0,True
OUT:dad:DC_AMER_g3:SmartXNext,2030-W21,,1302.0,True
OUT:dad:DC_AMER_g3:SmartXNext,2030-W22,,1312.0,True
OUT:dad:DC_AMER_g3:SmartXNext,2030-W23,,1321.0,True
OUT:dad:DC_AMER_g3:SmartXNext,2030-W24,,1331.0,True
OUT:dad:DC_AMER_g3:SmartXNext,2030-W25,,1340.0,True
OUT:dad:DC_AMER_g3:SmartXNext,2030-W26,,1350.0,True
OUT:dad:DC_AMER_g3:SmartXNext,2030-W27,,1340.0,True
OUT:dad:DC_AMER_g3:SmartXNext,2030-W28,,1332.0,True
OUT:dad:DC_AMER_g3:SmartXNext,2030-W29,,1324.0,True
OUT:dad:DC_AMER_g3:SmartXNext,2030-W30,,1316.0,True
OUT:dad:DC_AMER_g3:SmartXNext,2030-W31,,1308.0,True
OUT:dad:DC_AMER_g3:SmartXNext,2030-W32,,1300.0,True
OUT:dad:DC_AMER_g3:SmartXNext,2030-W33,,1292.0,True
OUT:dad:DC_AMER_g3:SmartXNext,2030-W34,,1285.0,True
OUT:dad:DC_AMER_g3:SmartXNext,2030-W35,,1277.0,True
OUT:dad:DC_AMER_g3:SmartXNext,2030-W36,,1269.0,True
OUT:dad:DC_AMER_g3:SmartXNext,2030-W37,,1261.0,True
OUT:dad:DC_AMER_g3:SmartXNext,2030-W38,,1253.0,True
OUT:dad:DC_AMER_g3:SmartXNext,2030-W39,,1245.0,True
OUT:dad:DC_AMER_g3:SmartXNext,2030-W40,,1237.0,True
OUT:dad:DC_AMER_g3:SmartXNext,2030-W41,,1229.0,True
OUT:dad:DC_AMER_g3:SmartXNext,2030-W42,,1221.0,True
OUT:dad:DC_AMER_g3:SmartXNext,2030-W43,,1213.0,True
OUT:dad:DC_AMER_g3:SmartXNext,2030-W44,,1205.0,True
OUT:dad:DC_AMER_g3:SmartXNext,2030-W45,,1198.0,True
OUT:dad:DC_AMER_g3:SmartXNext,2030-W46,,1190.0,True
OUT:dad:DC_AMER_g3:SmartXNext,2030-W47,,1182.0,True
OUT:dad:DC_AMER_g3:SmartXNext,2030-W48,,1174.0,True
OUT:dad:DC_AMER_g3:SmartXNext,2030-W49,,1166.0,True
OUT:dad:DC_AMER_g3:SmartXNext,2030-W50,,1158.0,True
OUT:dad:DC_AMER_g3:SmartXNext,2030-W51,,1150.0,True
OUT:dad:DC_AMER_g3:SmartXNext,2030-W52,,0.0,True
OUT:dad:DC_APAC:SmartXPro_CN,2025-W36,,0.0,True
OUT:dad:DC_APAC:SmartXPro_CN,2025-W37,,0.0,True
OUT:dad:DC_APAC:SmartXPro_CN,2025-W38,,0.0,True
OUT:dad:DC_APAC:SmartXPro_CN,2025-W39,,0.0,True
OUT:dad:DC_APAC:SmartXPro_CN,2025-W40,,0.0,True
OUT:dad:DC_APAC:SmartXPro_CN,2025-W41,,0.0,True
OUT:dad:DC_APAC:SmartXPro_CN,2025-W42,,0.0,True
OUT:dad:DC_APAC:SmartXPro_CN,2025-W43,,0.0,True
OUT:dad:DC_APAC:SmartXPro_CN,2025-W44,,0.0,True
OUT:dad:DC_APAC:SmartXPro_CN,2025-W45,,0.0,True
OUT:dad:DC_APAC:SmartXPro_CN,2025-W46,,0.0,True
OUT:dad:DC_APAC:SmartXPro_CN,2025-W47,,0.0,True
OUT:dad:DC_APAC:SmartXPro_CN,2025-W48,,0.0,True
OUT:dad:DC_APAC:SmartXPro_CN,2025-W49,,0.0,True
OUT:dad:DC_APAC:SmartXPro_CN,2025-W50,,0.0,True
OUT:dad:DC_APAC:SmartXPro_CN,2025-W51,,0.0,True
OUT:dad:DC_APAC:SmartXPro_CN,2025-W52,,0.0,True
OUT:dad:DC_APAC:SmartXPro_CN,2026-W01,,0.0,True
OUT:dad:DC_APAC:SmartXPro_CN,2026-W02,,0.0,True
OUT:dad:DC_APAC:SmartXPro_CN,2026-W03,,0.0,True
OUT:dad:DC_APAC:SmartXPro_CN,2026-W04,,0.0,True
OUT:dad:DC_APAC:SmartXPro_CN,2026-W05,,0.0,True
OUT:dad:DC_APAC:SmartXPro_CN,2026-W06,,0.0,True
OUT:dad:DC_APAC:SmartXPro_CN,2026-W07,,0.0,True
OUT:dad:DC_APAC:SmartXPro_CN,2026-W08,,0.0,True
OUT:dad:DC_APAC:SmartXPro_CN,2026-W09,,0.0,True
OUT:dad:DC_APAC:SmartXPro_CN,2026-W10,,0.0,True
OUT:dad:DC_APAC:SmartXPro_CN,2026-W11,,0.0,True
OUT:dad:DC_APAC:SmartXPro_CN,2026-W12,,0.0,True
OUT:dad:DC_APAC:SmartXPro_CN,2026-W13,,0.0,True
OUT:dad:DC_APAC:SmartXPro_CN,2026-W14,,0.0,True
OUT:dad:DC_APAC:SmartXPro_CN,2026-W15,,0.0,True
OUT:dad:DC_APAC:SmartXPro_CN,2026-W16,,0.0,True
OUT:dad:DC_APAC:SmartXPro_CN,2026-W17,,0.0,True
OUT:dad:DC_APAC:SmartXPro_CN,2026-W18,,0.0,True
OUT:dad:DC_APAC:SmartXPro_CN,2026-W19,,0.0,True
OUT:dad:DC_APAC:SmartXPro_CN,2026-W20,,0.0,True
OUT:dad:DC_APAC:SmartXPro_CN,2026-W21,,0.0,True
OUT:dad:DC_APAC:SmartXPro_CN,2026-W22,,0.0,True
OUT:dad:DC_APAC:SmartXPro_CN,2026-W23,,0.0,True
OUT:dad:DC_APAC:SmartXPro_CN,2026-W24,,0.0,True
OUT:dad:DC_APAC:SmartXPro_CN,2026-W25,,0.0,True
OUT:dad:DC_APAC:SmartXPro_CN,2026-W26,,0.0,True
OUT:dad:DC_APAC:SmartXPro_CN,2026-W27,,0.0,True
OUT:dad:DC_APAC:SmartXPro_CN,2026-W28,,0.0,True
OUT:dad:DC_APAC:SmartXPro_CN,2026-W29,,0.0,True
OUT:dad:DC_APAC:SmartXPro_CN,2026-W30,,0.0,True
OUT:dad:DC_APAC:SmartXPro_CN,2026-W31,,0.0,True
OUT:dad:DC_APAC:SmartXPro_CN,2026-W32,,0.0,True
OUT:dad:DC_APAC:SmartXPro_CN,2026-W33,,0.0,True
OUT:dad:DC_APAC:SmartXPro_CN,2026-W34,,0.0,True
OUT:dad:DC_APAC:SmartXPro_CN,2026-W35,,0.0,True
OUT:dad:DC_APAC:SmartXPro_CN,2026-W36,,0.0,True
OUT:dad:DC_APAC:SmartXPro_CN,2026-W37,,0.0,True
OUT:dad:DC_APAC:SmartXPro_CN,2026-W38,,0.0,True
OUT:dad:DC_APAC:SmartXPro_CN,2026-W39,,0.0,True
OUT:dad:DC_APAC:SmartXPro_CN,2026-W40,,0.0,True
OUT:dad:DC_APAC:SmartXPro_CN,2026-W41,,0.0,True
OUT:dad:DC_APAC:SmartXPro_CN,2026-W42,,0.0,True
OUT:dad:DC_APAC:SmartXPro_CN,2026-W43,,0.0,True
OUT:dad:DC_APAC:SmartXPro_CN,2026-W44,,0.0,True
OUT:dad:DC_APAC:SmartXPro_CN,2026-W45,,0.0,True
OUT:dad:DC_APAC:SmartXPro_CN,2026-W46,,0.0,True
OUT:dad:DC_APAC:SmartXPro_CN,2026-W47,,0.0,True
OUT:dad:DC_APAC:SmartXPro_CN,2026-W48,,0.0,True
OUT:dad:DC_APAC:SmartXPro_CN,2026-W49,,0.0,True
OUT:dad:DC_APAC:SmartXPro_CN,2026-W50,,0.0,True
OUT:dad:DC_APAC:SmartXPro_CN,2026-W51,,0.0,True
OUT:dad:DC_APAC:SmartXPro_CN,2026-W52,,0.0,True
OUT:dad:DC_APAC:SmartXPro_CN,2026-W53,,720.0,True
OUT:dad:DC_APAC:SmartXPro_CN,2027-W01,,720.0,True
OUT:dad:DC_APAC:SmartXPro_CN,2027-W02,,720.0,True
OUT:dad:DC_APAC:SmartXPro_CN,2027-W03,,720.0,True
OUT:dad:DC_APAC:SmartXPro_CN,2027-W04,,720.0,True
OUT:dad:DC_APAC:SmartXPro_CN,2027-W05,,720.0,True
OUT:dad:DC_APAC:SmartXPro_CN,2027-W06,,720.0,True
OUT:dad:DC_APAC:SmartXPro_CN,2027-W07,,720.0,True
OUT:dad:DC_APAC:SmartXPro_CN,2027-W08,,720.0,True
OUT:dad:DC_APAC:SmartXPro_CN,2027-W09,,720.0,True
OUT:dad:DC_APAC:SmartXPro_CN,2027-W10,,720.0,True
OUT:dad:DC_APAC:SmartXPro_CN,2027-W11,,720.0,True
OUT:dad:DC_APAC:SmartXPro_CN,2027-W12,,720.0,True
OUT:dad:DC_APAC:SmartXPro_CN,2027-W13,,720.0,True
OUT:dad:DC_APAC:SmartXPro_CN,2027-W14,,720.0,True
OUT:dad:DC_APAC:SmartXPro_CN,2027-W15,,720.0,True
OUT:dad:DC_APAC:SmartXPro_CN,2027-W16,,720.0,True
OUT:dad:DC_APAC:SmartXPro_CN,2027-W17,,720.0,True
OUT:dad:DC_APAC:SmartXPro_CN,2027-W18,,720.0,True
OUT:dad:DC_APAC:SmartXPro_CN,2027-W19,,720.0,True
OUT:dad:DC_APAC:SmartXPro_CN,2027-W20,,720.0,True
OUT:dad:DC_APAC:SmartXPro_CN,2027-W21,,720.0,True
OUT:dad:DC_APAC:SmartXPro_CN,2027-W22,,720.0,True
OUT:dad:DC_APAC:SmartXPro_CN,2027-W23,,720.0,True
OUT:dad:DC_APAC:SmartXPro_CN,2027-W24,,720.0,True
OUT:dad:DC_APAC:SmartXPro_CN,2027-W25,,720.0,True
OUT:dad:DC_APAC:SmartXPro_CN,2027-W26,,717.0,True
OUT:dad:DC_APAC:SmartXPro_CN,2027-W27,,713.0,True
OUT:dad:DC_APAC:SmartXPro_CN,2027-W28,,710.0,True
OUT:dad:DC_APAC:SmartXPro_CN,2027-W29,,706.0,True
OUT:dad:DC_APAC:SmartXPro_CN,2027-W30,,702.0,True
OUT:dad:DC_APAC:SmartXPro_CN,2027-W31,,698.0,True
OUT:dad:DC_APAC:SmartXPro_CN,2027-W32,,695.0,True
OUT:dad:DC_APAC:SmartXPro_CN,2027-W33,,691.0,True
OUT:dad:DC_APAC:SmartXPro_CN,2027-W34,,688.0,True
OUT:dad:DC_APAC:SmartXPro_CN,2027-W35,,685.0,True
OUT:dad:DC_APAC:SmartXPro_CN,2027-W36,,681.0,True
OUT:dad:DC_APAC:SmartXPro_CN,2027-W37,,678.0,True
OUT:dad:DC_APAC:SmartXPro_CN,2027-W38,,674.0,True
OUT:dad:DC_APAC:SmartXPro_CN,2027-W39,,670.0,True
OUT:dad:DC_APAC:SmartXPro_CN,2027-W40,,666.0,True
OUT:dad:DC_APAC:SmartXPro_CN,2027-W41,,663.0,True
OUT:dad:DC_APAC:SmartXPro_CN,2027-W42,,659.0,True
OUT:dad:DC_APAC:SmartXPro_CN,2027-W43,,656.0,True
OUT:dad:DC_APAC:SmartXPro_CN,2027-W44,,653.0,True
OUT:dad:DC_APAC:SmartXPro_CN,2027-W45,,649.0,True
OUT:dad:DC_APAC:SmartXPro_CN,2027-W46,,646.0,True
OUT:dad:DC_APAC:SmartXPro_CN,2027-W47,,642.0,True
OUT:dad:DC_APAC:SmartXPro_CN,2027-W48,,638.0,True
OUT:dad:DC_APAC:SmartXPro_CN,2027-W49,,634.0,True
OUT:dad:DC_APAC:SmartXPro_CN,2027-W50,,631.0,True
OUT:dad:DC_APAC:SmartXPro_CN,2027-W51,,627.0,True
OUT:dad:DC_APAC:SmartXPro_CN,2027-W52,,620.0,True
OUT:dad:DC_APAC:SmartXPro_CN,2028-W01,,616.0,True
OUT:dad:DC_APAC:SmartXPro_CN,2028-W02,,613.0,True
OUT:dad:DC_APAC:SmartXPro_CN,2028-W03,,609.0,True
OUT:dad:DC_APAC:SmartXPro_CN,2028-W04,,605.0,True
OUT:dad:DC_APAC:SmartXPro_CN,2028-W05,,601.0,True
OUT:dad:DC_APAC:SmartXPro_CN,2028-W06,,597.0,True
OUT:dad:DC_APAC:SmartXPro_CN,2028-W07,,593.0,True
OUT:dad:DC_APAC:SmartXPro_CN,2028-W08,,590.0,True
OUT:dad:DC_APAC:SmartXPro_CN,2028-W09,,586.0,True
OUT:dad:DC_APAC:SmartXPro_CN,2028-W10,,582.0,True
OUT:dad:DC_APAC:SmartXPro_CN,2028-W11,,578.0,True
OUT:dad:DC_APAC:SmartXPro_CN,2028-W12,,574.0,True
OUT:dad:DC_APAC:SmartXPro_CN,2028-W13,,570.0,True
OUT:dad:DC_APAC:SmartXPro_CN,2028-W14,,566.0,True
OUT:dad:DC_APAC:SmartXPro_CN,2028-W15,,562.0,True
OUT:dad:DC_APAC:SmartXPro_CN,2028-W16,,558.0,True
OUT:dad:DC_APAC:SmartXPro_CN,2028-W17,,554.0,True
OUT:dad:DC_APAC:SmartXPro_CN,2028-W18,,551.0,True
OUT:dad:DC_APAC:SmartXPro_CN,2028-W19,,547.0,True
OUT:dad:DC_APAC:SmartXPro_CN,2028-W20,,543.0,True
OUT:dad:DC_APAC:SmartXPro_CN,2028-W21,,539.0,True
OUT:dad:DC_APAC:SmartXPro_CN,2028-W22,,535.0,True
OUT:dad:DC_APAC:SmartXPro_CN,2028-W23,,531.0,True
OUT:dad:DC_APAC:SmartXPro_CN,2028-W24,,528.0,True
OUT:dad:DC_APAC:SmartXPro_CN,2028-W25,,524.0,True
OUT:dad:DC_APAC:SmartXPro_CN,2028-W26,,517.0,True
OUT:dad:DC_APAC:SmartXPro_CN,2028-W27,,514.0,True
OUT:dad:DC_APAC:SmartXPro_CN,2028-W28,,511.0,True
OUT:dad:DC_APAC:SmartXPro_CN,2028-W29,,508.0,True
OUT:dad:DC_APAC:SmartXPro_CN,2028-W30,,505.0,True
OUT:dad:DC_APAC:SmartXPro_CN,2028-W31,,502.0,True
OUT:dad:DC_APAC:SmartXPro_CN,2028-W32,,499.0,True
OUT:dad:DC_APAC:SmartXPro_CN,2028-W33,,496.0,True
OUT:dad:DC_APAC:SmartXPro_CN,2028-W34,,494.0,True
OUT:dad:DC_APAC:SmartXPro_CN,2028-W35,,490.0,True
OUT:dad:DC_APAC:SmartXPro_CN,2028-W36,,487.0,True
OUT:dad:DC_APAC:SmartXPro_CN,2028-W37,,485.0,True
OUT:dad:DC_APAC:SmartXPro_CN,2028-W38,,482.0,True
OUT:dad:DC_APAC:SmartXPro_CN,2028-W39,,478.0,True
OUT:dad:DC_APAC:SmartXPro_CN,2028-W40,,475.0,True
OUT:dad:DC_APAC:SmartXPro_CN,2028-W41,,473.0,True
OUT:dad:DC_APAC:SmartXPro_CN,2028-W42,,470.0,True
OUT:dad:DC_APAC:SmartXPro_CN,2028-W43,,466.0,True
OUT:dad:DC_APAC:SmartXPro_CN,2028-W44,,464.0,True
OUT:dad:DC_APAC:SmartXPro_CN,2028-W45,,461.0,True
OUT:dad:DC_APAC:SmartXPro_CN,2028-W46,,458.0,True
OUT:dad:DC_APAC:SmartXPro_CN,2028-W47,,455.0,True
OUT:dad:DC_APAC:SmartXPro_CN,2028-W48,,452.0,True
OUT:dad:DC_APAC:SmartXPro_CN,2028-W49,,449.0,True
OUT:dad:DC_APAC:SmartXPro_CN,2028-W50,,446.0,True
OUT:dad:DC_APAC:SmartXPro_CN,2028-W51,,443.0,True
OUT:dad:DC_APAC:SmartXPro_CN,2028-W52,,435.0,True
OUT:dad:DC_APAC:SmartXPro_CN,2029-W01,,431.0,True
OUT:dad:DC_APAC:SmartXPro_CN,2029-W02,,426.0,True
OUT:dad:DC_APAC:SmartXPro_CN,2029-W03,,422.0,True
OUT:dad:DC_APAC:SmartXPro_CN,2029-W04,,418.0,True
OUT:dad:DC_APAC:SmartXPro_CN,2029-W05,,414.0,True
OUT:dad:DC_APAC:SmartXPro_CN,2029-W06,,409.0,True
OUT:dad:DC_APAC:SmartXPro_CN,2029-W07,,405.0,True
OUT:dad:DC_APAC:SmartXPro_CN,2029-W08,,400.0,True
OUT:dad:DC_APAC:SmartXPro_CN,2029-W09,,395.0,True
OUT:dad:DC_APAC:SmartXPro_CN,2029-W10,,391.0,True
OUT:dad:DC_APAC:SmartXPro_CN,2029-W11,,386.0,True
OUT:dad:DC_APAC:SmartXPro_CN,2029-W12,,382.0,True
OUT:dad:DC_APAC:SmartXPro_CN,2029-W13,,378.0,True
OUT:dad:DC_APAC:SmartXPro_CN,2029-W14,,374.0,True
OUT:dad:DC_APAC:SmartXPro_CN,2029-W15,,369.0,True
OUT:dad:DC_APAC:SmartXPro_CN,2029-W16,,365.0,True
OUT:dad:DC_APAC:SmartXPro_CN,2029-W17,,360.0,True
OUT:dad:DC_APAC:SmartXPro_CN,2029-W18,,355.0,True
OUT:dad:DC_APAC:SmartXPro_CN,2029-W19,,351.0,True
OUT:dad:DC_APAC:SmartXPro_CN,2029-W20,,346.0,True
OUT:dad:DC_APAC:SmartXPro_CN,2029-W21,,342.0,True
OUT:dad:DC_APAC:SmartXPro_CN,2029-W22,,338.0,True
OUT:dad:DC_APAC:SmartXPro_CN,2029-W23,,334.0,True
OUT:dad:DC_APAC:SmartXPro_CN,2029-W24,,329.0,True
OUT:dad:DC_APAC:SmartXPro_CN,2029-W25,,325.0,True
OUT:dad:DC_APAC:SmartXPro_CN,2029-W26,,315.0,True
OUT:dad:DC_APAC:SmartXPro_CN,2029-W27,,311.0,True
OUT:dad:DC_APAC:SmartXPro_CN,2029-W28,,306.0,True
OUT:dad:DC_APAC:SmartXPro_CN,2029-W29,,302.0,True
OUT:dad:DC_APAC:SmartXPro_CN,2029-W30,,298.0,True
OUT:dad:DC_APAC:SmartXPro_CN,2029-W31,,294.0,True
OUT:dad:DC_APAC:SmartXPro_CN,2029-W32,,289.0,True
OUT:dad:DC_APAC:SmartXPro_CN,2029-W33,,285.0,True
OUT:dad:DC_APAC:SmartXPro_CN,2029-W34,,280.0,True
OUT:dad:DC_APAC:SmartXPro_CN,2029-W35,,275.0,True
OUT:dad:DC_APAC:SmartXPro_CN,2029-W36,,271.0,True
OUT:dad:DC_APAC:SmartXPro_CN,2029-W37,,266.0,True
OUT:dad:DC_APAC:SmartXPro_CN,2029-W38,,262.0,True
OUT:dad:DC_APAC:SmartXPro_CN,2029-W39,,258.0,True
OUT:dad:DC_APAC:SmartXPro_CN,2029-W40,,254.0,True
OUT:dad:DC_APAC:SmartXPro_CN,2029-W41,,249.0,True
OUT:dad:DC_APAC:SmartXPro_CN,2029-W42,,245.0,True
OUT:dad:DC_APAC:SmartXPro_CN,2029-W43,,240.0,True
OUT:dad:DC_APAC:SmartXPro_CN,2029-W44,,235.0,True
OUT:dad:DC_APAC:SmartXPro_CN,2029-W45,,231.0,True
OUT:dad:DC_APAC:SmartXPro_CN,2029-W46,,226.0,True
OUT:dad:DC_APAC:SmartXPro_CN,2029-W47,,222.0,True
OUT:dad:DC_APAC:SmartXPro_CN,2029-W48,,218.0,True
OUT:dad:DC_APAC:SmartXPro_CN,2029-W49,,214.0,True
OUT:dad:DC_APAC:SmartXPro_CN,2029-W50,,209.0,True
OUT:dad:DC_APAC:SmartXPro_CN,2029-W51,,205.0,True
OUT:dad:DC_APAC:SmartXPro_CN,2029-W52,,201.0,True
OUT:dad:DC_APAC:SmartXPro_CN,2030-W01,,197.0,True
OUT:dad:DC_APAC:SmartXPro_CN,2030-W02,,193.0,True
OUT:dad:DC_APAC:SmartXPro_CN,2030-W03,,189.0,True
OUT:dad:DC_APAC:SmartXPro_CN,2030-W04,,185.0,True
OUT:dad:DC_APAC:SmartXPro_CN,2030-W05,,181.0,True
OUT:dad:DC_APAC:SmartXPro_CN,2030-W06,,177.0,True
OUT:dad:DC_APAC:SmartXPro_CN,2030-W07,,173.0,True
OUT:dad:DC_APAC:SmartXPro_CN,2030-W08,,169.0,True
OUT:dad:DC_APAC:SmartXPro_CN,2030-W09,,166.0,True
OUT:dad:DC_APAC:SmartXPro_CN,2030-W10,,162.0,True
OUT:dad:DC_APAC:SmartXPro_CN,2030-W11,,158.0,True
OUT:dad:DC_APAC:SmartXPro_CN,2030-W12,,154.0,True
OUT:dad:DC_APAC:SmartXPro_CN,2030-W13,,150.0,True
OUT:dad:DC_APAC:SmartXPro_CN,2030-W14,,146.0,True
OUT:dad:DC_APAC:SmartXPro_CN,2030-W15,,142.0,True
OUT:dad:DC_APAC:SmartXPro_CN,2030-W16,,138.0,True
OUT:dad:DC_APAC:SmartXPro_CN,2030-W17,,134.0,True
OUT:dad:DC_APAC:SmartXPro_CN,2030-W18,,130.0,True
OUT:dad:DC_APAC:SmartXPro_CN,2030-W19,,126.0,True
OUT:dad:DC_APAC:SmartXPro_CN,2030-W20,,122.0,True
OUT:dad:DC_APAC:SmartXPro_CN,2030-W21,,118.0,True
OUT:dad:DC_APAC:SmartXPro_CN,2030-W22,,114.0,True
OUT:dad:DC_APAC:SmartXPro_CN,2030-W23,,110.0,True
OUT:dad:DC_APAC:SmartXPro_CN,2030-W24,,106.0,True
OUT:dad:DC_APAC:SmartXPro_CN,2030-W25,,102.0,True
OUT:dad:DC_APAC:SmartXPro_CN,2030-W26,,99.0,True
OUT:dad:DC_APAC:SmartXPro_CN,2030-W27,,95.0,True
OUT:dad:DC_APAC:SmartXPro_CN,2030-W28,,91.0,True
OUT:dad:DC_APAC:SmartXPro_CN,2030-W29,,87.0,True
OUT:dad:DC_APAC:SmartXPro_CN,2030-W30,,83.0,True
OUT:dad:DC_APAC:SmartXPro_CN,2030-W31,,79.0,True
OUT:dad:DC_APAC:SmartXPro_CN,2030-W32,,75.0,True
OUT:dad:DC_APAC:SmartXPro_CN,2030-W33,,71.0,True
OUT:dad:DC_APAC:SmartXPro_CN,2030-W34,,67.0,True
OUT:dad:DC_APAC:SmartXPro_CN,2030-W35,,63.0,True
OUT:dad:DC_APAC:SmartXPro_CN,2030-W36,,59.0,True
OUT:dad:DC_APAC:SmartXPro_CN,2030-W37,,55.0,True
OUT:dad:DC_APAC:SmartXPro_CN,2030-W38,,51.0,True
OUT:dad:DC_APAC:SmartXPro_CN,2030-W39,,47.0,True
OUT:dad:DC_APAC:SmartXPro_CN,2030-W40,,43.0,True
OUT:dad:DC_APAC:SmartXPro_CN,2030-W41,,39.0,True
OUT:dad:DC_APAC:SmartXPro_CN,2030-W42,,35.0,True
OUT:dad:DC_APAC:SmartXPro_CN,2030-W43,,32.0,True
OUT:dad:DC_APAC:SmartXPro_CN,2030-W44,,28.0,True
OUT:dad:DC_APAC:SmartXPro_CN,2030-W45,,24.0,True
OUT:dad:DC_APAC:SmartXPro_CN,2030-W46,,20.0,True
OUT:dad:DC_APAC:SmartXPro_CN,2030-W47,,16.0,True
OUT:dad:DC_APAC:SmartXPro_CN,2030-W48,,12.0,True
OUT:dad:DC_APAC:SmartXPro_CN,2030-W49,,8.0,True
OUT:dad:DC_APAC:SmartXPro_CN,2030-W50,,4.0,True
OUT:dad:DC_APAC:SmartXPro_CN,2030-W51,,0.0,True
OUT:dad:DC_APAC:SmartXPro_CN,2030-W52,,0.0,True
OUT:dad:DC_APAC_g1:SmartX,2025-W36,,0.0,True
OUT:dad:DC_APAC_g1:SmartX,2025-W37,,0.0,True
OUT:dad:DC_APAC_g1:SmartX,2025-W38,,0.0,True
OUT:dad:DC_APAC_g1:SmartX,2025-W39,,0.0,True
OUT:dad:DC_APAC_g1:SmartX,2025-W40,,0.0,True
OUT:dad:DC_APAC_g1:SmartX,2025-W41,,0.0,True
OUT:dad:DC_APAC_g1:SmartX,2025-W42,,0.0,True
OUT:dad:DC_APAC_g1:SmartX,2025-W43,,0.0,True
OUT:dad:DC_APAC_g1:SmartX,2025-W44,,0.0,True
OUT:dad:DC_APAC_g1:SmartX,2025-W45,,0.0,True
OUT:dad:DC_APAC_g1:SmartX,2025-W46,,0.0,True
OUT:dad:DC_APAC_g1:SmartX,2025-W47,,0.0,True
OUT:dad:DC_APAC_g1:SmartX,2025-W48,,0.0,True
OUT:dad:DC_APAC_g1:SmartX,2025-W49,,0.0,True
OUT:dad:DC_APAC_g1:SmartX,2025-W50,,0.0,True
OUT:dad:DC_APAC_g1:SmartX,2025-W51,,0.0,True
OUT:dad:DC_APAC_g1:SmartX,2025-W52,,418.0,True
OUT:dad:DC_APAC_g1:SmartX,2026-W01,,416.0,True
OUT:dad:DC_APAC_g1:SmartX,2026-W02,,414.0,True
OUT:dad:DC_APAC_g1:SmartX,2026-W03,,413.0,True
OUT:dad:DC_APAC_g1:SmartX,2026-W04,,411.0,True
OUT:dad:DC_APAC_g1:SmartX,2026-W05,,409.0,True
OUT:dad:DC_APAC_g1:SmartX,2026-W06,,407.0,True
OUT:dad:DC_APAC_g1:SmartX,2026-W07,,405.0,True
OUT:dad:DC_APAC_g1:SmartX,2026-W08,,403.0,True
OUT:dad:DC_APAC_g1:SmartX,2026-W09,,402.0,True
OUT:dad:DC_APAC_g1:SmartX,2026-W10,,400.0,True
OUT:dad:DC_APAC_g1:SmartX,2026-W11,,398.0,True
OUT:dad:DC_APAC_g1:SmartX,2026-W12,,396.0,True
OUT:dad:DC_APAC_g1:SmartX,2026-W13,,394.0,True
OUT:dad:DC_APAC_g1:SmartX,2026-W14,,392.0,True
OUT:dad:DC_APAC_g1:SmartX,2026-W15,,391.0,True
OUT:dad:DC_APAC_g1:SmartX,2026-W16,,389.0,True
OUT:dad:DC_APAC_g1:SmartX,2026-W17,,387.0,True
OUT:dad:DC_APAC_g1:SmartX,2026-W18,,385.0,True
OUT:dad:DC_APAC_g1:SmartX,2026-W19,,383.0,True
OUT:dad:DC_APAC_g1:SmartX,2026-W20,,381.0,True
OUT:dad:DC_APAC_g1:SmartX,2026-W21,,380.0,True
OUT:dad:DC_APAC_g1:SmartX,2026-W22,,378.0,True
OUT:dad:DC_APAC_g1:SmartX,2026-W23,,376.0,True
OUT:dad:DC_APAC_g1:SmartX,2026-W24,,374.0,True
OUT:dad:DC_APAC_g1:SmartX,2026-W25,,372.0,True
OUT:dad:DC_APAC_g1:SmartX,2026-W26,,370.0,True
OUT:dad:DC_APAC_g1:SmartX,2026-W27,,369.0,True
OUT:dad:DC_APAC_g1:SmartX,2026-W28,,367.0,True
OUT:dad:DC_APAC_g1:SmartX,2026-W29,,365.0,True
OUT:dad:DC_APAC_g1:SmartX,2026-W30,,363.0,True
OUT:dad:DC_APAC_g1:SmartX,2026-W31,,361.0,True
OUT:dad:DC_APAC_g1:SmartX,2026-W32,,360.0,True
OUT:dad:DC_APAC_g1:SmartX,2026-W33,,358.0,True
OUT:dad:DC_APAC_g1:SmartX,2026-W34,,356.0,True
OUT:dad:DC_APAC_g1:SmartX,2026-W35,,354.0,True
OUT:dad:DC_APAC_g1:SmartX,2026-W36,,352.0,True
OUT:dad:DC_APAC_g1:SmartX,2026-W37,,350.0,True
OUT:dad:DC_APAC_g1:SmartX,2026-W38,,349.0,True
OUT:dad:DC_APAC_g1:SmartX,2026-W39,,347.0,True
OUT:dad:DC_APAC_g1:SmartX,2026-W40,,345.0,True
OUT:dad:DC_APAC_g1:SmartX,2026-W41,,343.0,True
OUT:dad:DC_APAC_g1:SmartX,2026-W42,,341.0,True
OUT:dad:DC_APAC_g1:SmartX,2026-W43,,339.0,True
OUT:dad:DC_APAC_g1:SmartX,2026-W44,,338.0,True
OUT:dad:DC_APAC_g1:SmartX,2026-W45,,336.0,True
OUT:dad:DC_APAC_g1:SmartX,2026-W46,,334.0,True
OUT:dad:DC_APAC_g1:SmartX,2026-W47,,332.0,True
OUT:dad:DC_APAC_g1:SmartX,2026-W48,,330.0,True
OUT:dad:DC_APAC_g1:SmartX,2026-W49,,328.0,True
OUT:dad:DC_APAC_g1:SmartX,2026-W50,,327.0,True
OUT:dad:DC_APAC_g1:SmartX,2026-W51,,325.0,True
OUT:dad:DC_APAC_g1:SmartX,2026-W52,,323.0,True
OUT:dad:DC_APAC_g1:SmartX,2026-W53,,320.0,True
OUT:dad:DC_APAC_g1:SmartX,2027-W01,,320.0,True
OUT:dad:DC_APAC_g1:SmartX,2027-W02,,320.0,True
OUT:dad:DC_APAC_g1:SmartX,2027-W03,,320.0,True
OUT:dad:DC_APAC_g1:SmartX,2027-W04,,320.0,True
OUT:dad:DC_APAC_g1:SmartX,2027-W05,,320.0,True
OUT:dad:DC_APAC_g1:SmartX,2027-W06,,320.0,True
OUT:dad:DC_APAC_g1:SmartX,2027-W07,,320.0,True
OUT:dad:DC_APAC_g1:SmartX,2027-W08,,320.0,True
OUT:dad:DC_APAC_g1:SmartX,2027-W09,,320.0,True
OUT:dad:DC_APAC_g1:SmartX,2027-W10,,320.0,True
OUT:dad:DC_APAC_g1:SmartX,2027-W11,,320.0,True
OUT:dad:DC_APAC_g1:SmartX,2027-W12,,320.0,True
OUT:dad:DC_APAC_g1:SmartX,2027-W13,,320.0,True
OUT:dad:DC_APAC_g1:SmartX,2027-W14,,320.0,True
OUT:dad:DC_APAC_g1:SmartX,2027-W15,,320.0,True
OUT:dad:DC_APAC_g1:SmartX,2027-W16,,320.0,True
OUT:dad:DC_APAC_g1:SmartX,2027-W17,,320.0,True
OUT:dad:DC_APAC_g1:SmartX,2027-W18,,320.0,True
OUT:dad:DC_APAC_g1:SmartX,2027-W19,,320.0,True
OUT:dad:DC_APAC_g1:SmartX,2027-W20,,320.0,True
OUT:dad:DC_APAC_g1:SmartX,2027-W21,,320.0,True
OUT:dad:DC_APAC_g1:SmartX,2027-W22,,320.0,True
OUT:dad:DC_APAC_g1:SmartX,2027-W23,,320.0,True
OUT:dad:DC_APAC_g1:SmartX,2027-W24,,320.0,True
OUT:dad:DC_APAC_g1:SmartX,2027-W25,,320.0,True
OUT:dad:DC_APAC_g1:SmartX,2027-W26,,317.0,True
OUT:dad:DC_APAC_g1:SmartX,2027-W27,,314.0,True
OUT:dad:DC_APAC_g1:SmartX,2027-W28,,311.0,True
OUT:dad:DC_APAC_g1:SmartX,2027-W29,,308.0,True
OUT:dad:DC_APAC_g1:SmartX,2027-W30,,305.0,True
OUT:dad:DC_APAC_g1:SmartX,2027-W31,,302.0,True
OUT:dad:DC_APAC_g1:SmartX,2027-W32,,299.0,True
OUT:dad:DC_APAC_g1:SmartX,2027-W33,,296.0,True
OUT:dad:DC_APAC_g1:SmartX,2027-W34,,294.0,True
OUT:dad:DC_APAC_g1:SmartX,2027-W35,,290.0,True
OUT:dad:DC_APAC_g1:SmartX,2027-W36,,287.0,True
OUT:dad:DC_APAC_g1:SmartX,2027-W37,,285.0,True
OUT:dad:DC_APAC_g1:SmartX,2027-W38,,282.0,True
OUT:dad:DC_APAC_g1:SmartX,2027-W39,,278.0,True
OUT:dad:DC_APAC_g1:SmartX,2027-W40,,275.0,True
OUT:dad:DC_APAC_g1:SmartX,2027-W41,,273.0,True
OUT:dad:DC_APAC_g1:SmartX,2027-W42,,270.0,True
OUT:dad:DC_APAC_g1:SmartX,2027-W43,,266.0,True
OUT:dad:DC_APAC_g1:SmartX,2027-W44,,264.0,True
OUT:dad:DC_APAC_g1:SmartX,2027-W45,,261.0,True
OUT:dad:DC_APAC_g1:SmartX,2027-W46,,258.0,True
OUT:dad:DC_APAC_g1:SmartX,2027-W47,,255.0,True
OUT:dad:DC_APAC_g1:SmartX,2027-W48,,252.0,True
OUT:dad:DC_APAC_g1:SmartX,2027-W49,,249.0,True
OUT:dad:DC_APAC_g1:SmartX,2027-W50,,246.0,True
OUT:dad:DC_APAC_g1:SmartX,2027-W51,,243.0,True
OUT:dad:DC_APAC_g1:SmartX,2027-W52,,237.0,True
OUT:dad:DC_APAC_g1:SmartX,2028-W01,,234.0,True
OUT:dad:DC_APAC_g1:SmartX,2028-W02,,231.0,True
OUT:dad:DC_APAC_g1:SmartX,2028-W03,,228.0,True
OUT:dad:DC_APAC_g1:SmartX,2028-W04,,225.0,True
OUT:dad:DC_APAC_g1:SmartX,2028-W05,,222.0,True
OUT:dad:DC_APAC_g1:SmartX,2028-W06,,219.0,True
OUT:dad:DC_APAC_g1:SmartX,2028-W07,,216.0,True
OUT:dad:DC_APAC_g1:SmartX,2028-W08,,214.0,True
OUT:dad:DC_APAC_g1:SmartX,2028-W09,,210.0,True
OUT:dad:DC_APAC_g1:SmartX,2028-W10,,207.0,True
OUT:dad:DC_APAC_g1:SmartX,2028-W11,,205.0,True
OUT:dad:DC_APAC_g1:SmartX,2028-W12,,202.0,True
OUT:dad:DC_APAC_g1:SmartX,2028-W13,,198.0,True
OUT:dad:DC_APAC_g1:SmartX,2028-W14,,195.0,True
OUT:dad:DC_APAC_g1:SmartX,2028-W15,,193.0,True
OUT:dad:DC_APAC_g1:SmartX,2028-W16,,190.0,True
OUT:dad:DC_APAC_g1:SmartX,2028-W17,,186.0,True
OUT:dad:DC_APAC_g1:SmartX,2028-W18,,184.0,True
OUT:dad:DC_APAC_g1:SmartX,2028-W19,,181.0,True
OUT:dad:DC_APAC_g1:SmartX,2028-W20,,178.0,True
OUT:dad:DC_APAC_g1:SmartX,2028-W21,,175.0,True
OUT:dad:DC_APAC_g1:SmartX,2028-W22,,172.0,True
OUT:dad:DC_APAC_g1:SmartX,2028-W23,,169.0,True
OUT:dad:DC_APAC_g1:SmartX,2028-W24,,166.0,True
OUT:dad:DC_APAC_g1:SmartX,2028-W25,,163.0,True
OUT:dad:DC_APAC_g1:SmartX,2028-W26,,158.0,True
OUT:dad:DC_APAC_g1:SmartX,2028-W27,,156.0,True
OUT:dad:DC_APAC_g1:SmartX,2028-W28,,154.0,True
OUT:dad:DC_APAC_g1:SmartX,2028-W29,,152.0,True
OUT:dad:DC_APAC_g1:SmartX,2028-W30,,150.0,True
OUT:dad:DC_APAC_g1:SmartX,2028-W31,,147.0,True
OUT:dad:DC_APAC_g1:SmartX,2028-W32,,146.0,True
OUT:dad:DC_APAC_g1:SmartX,2028-W33,,143.0,True
OUT:dad:DC_APAC_g1:SmartX,2028-W34,,142.0,True
OUT:dad:DC_APAC_g1:SmartX,2028-W35,,139.0,True
OUT:dad:DC_APAC_g1:SmartX,2028-W36,,137.0,True
OUT:dad:DC_APAC_g1:SmartX,2028-W37,,135.0,True
OUT:dad:DC_APAC_g1:SmartX,2028-W38,,133.0,True
OUT:dad:DC_APAC_g1:SmartX,2028-W39,,131.0,True
OUT:dad:DC_APAC_g1:SmartX,2028-W40,,129.0,True
OUT:dad:DC_APAC_g1:SmartX,2028-W41,,127.0,True
OUT:dad:DC_APAC_g1:SmartX,2028-W42,,125.0,True
OUT:dad:DC_APAC_g1:SmartX,2028-W43,,122.0,True
OUT:dad:DC_APAC_g1:SmartX,2028-W44,,121.0,True
OUT:dad:DC_APAC_g1:SmartX,2028-W45,,118.0,True
OUT:dad:DC_APAC_g1:SmartX,2028-W46,,117.0,True
OUT:dad:DC_APAC_g1:SmartX,2028-W47,,114.0,True
OUT:dad:DC_APAC_g1:SmartX,2028-W48,,112.0,True
OUT:dad:DC_APAC_g1:SmartX,2028-W49,,110.0,True
OUT:dad:DC_APAC_g1:SmartX,2028-W50,,108.0,True
OUT:dad:DC_APAC_g1:SmartX,2028-W51,,106.0,True
OUT:dad:DC_APAC_g1:SmartX,2028-W52,,102.0,True
OUT:dad:DC_APAC_g1:SmartX,2029-W01,,101.0,True
OUT:dad:DC_APAC_g1:SmartX,2029-W02,,99.0,True
OUT:dad:DC_APAC_g1:SmartX,2029-W03,,98.0,True
OUT:dad:DC_APAC_g1:SmartX,2029-W04,,97.0,True
OUT:dad:DC_APAC_g1:SmartX,2029-W05,,95.0,True
OUT:dad:DC_APAC_g1:SmartX,2029-W06,,94.0,True
OUT:dad:DC_APAC_g1:SmartX,2029-W07,,92.0,True
OUT:dad:DC_APAC_g1:SmartX,2029-W08,,90.0,True
OUT:dad:DC_APAC_g1:SmartX,2029-W09,,89.0,True
OUT:dad:DC_APAC_g1:SmartX,2029-W10,,88.0,True
OUT:dad:DC_APAC_g1:SmartX,2029-W11,,86.0,True
OUT:dad:DC_APAC_g1:SmartX,2029-W12,,85.0,True
OUT:dad:DC_APAC_g1:SmartX,2029-W13,,83.0,True
OUT:dad:DC_APAC_g1:SmartX,2029-W14,,82.0,True
OUT:dad:DC_APAC_g1:SmartX,2029-W15,,80.0,True
OUT:dad:DC_APAC_g1:SmartX,2029-W16,,79.0,True
OUT:dad:DC_APAC_g1:SmartX,2029-W17,,78.0,True
OUT:dad:DC_APAC_g1:SmartX,2029-W18,,76.0,True
OUT:dad:DC_APAC_g1:SmartX,2029-W19,,74.0,True
OUT:dad:DC_APAC_g1:SmartX,2029-W20,,73.0,True
OUT:dad:DC_APAC_g1:SmartX,2029-W21,,71.0,True
OUT:dad:DC_APAC_g1:SmartX,2029-W22,,70.0,True
OUT:dad:DC_APAC_g1:SmartX,2029-W23,,69.0,True
OUT:dad:DC_APAC_g1:SmartX,2029-W24,,67.0,True
OUT:dad:DC_APAC_g1:SmartX,2029-W25,,66.0,True
OUT:dad:DC_APAC_g1:SmartX,2029-W26,,63.0,True
OUT:dad:DC_APAC_g1:SmartX,2029-W27,,62.0,True
OUT:dad:DC_APAC_g1:SmartX,2029-W28,,61.0,True
OUT:dad:DC_APAC_g1:SmartX,2029-W29,,59.0,True
OUT:dad:DC_APAC_g1:SmartX,2029-W30,,58.0,True
OUT:dad:DC_APAC_g1:SmartX,2029-W31,,57.0,True
OUT:dad:DC_APAC_g1:SmartX,2029-W32,,56.0,True
OUT:dad:DC_APAC_g1:SmartX,2029-W33,,54.0,True
OUT:dad:DC_APAC_g1:SmartX,2029-W34,,54.0,True
OUT:dad:DC_APAC_g1:SmartX,2029-W35,,52.0,True
OUT:dad:DC_APAC_g1:SmartX,2029-W36,,51.0,True
OUT:dad:DC_APAC_g1:SmartX,2029-W37,,50.0,True
OUT:dad:DC_APAC_g1:SmartX,2029-W38,,49.0,True
OUT:dad:DC_APAC_g1:SmartX,2029-W39,,47.0,True
OUT:dad:DC_APAC_g1:SmartX,2029-W40,,46.0,True
OUT:dad:DC_APAC_g1:SmartX,2029-W41,,45.0,True
OUT:dad:DC_APAC_g1:SmartX,2029-W42,,44.0,True
OUT:dad:DC_APAC_g1:SmartX,2029-W43,,42.0,True
OUT:dad:DC_APAC_g1:SmartX,2029-W44,,42.0,True
OUT:dad:DC_APAC_g1:SmartX,2029-W45,,40.0,True
OUT:dad:DC_APAC_g1:SmartX,2029-W46,,39.0,True
OUT:dad:DC_APAC_g1:SmartX,2029-W47,,38.0,True
OUT:dad:DC_APAC_g1:SmartX,2029-W48,,37.0,True
OUT:dad:DC_APAC_g1:SmartX,2029-W49,,35.0,True
OUT:dad:DC_APAC_g1:SmartX,2029-W50,,34.0,True
OUT:dad:DC_APAC_g1:SmartX,2029-W51,,33.0,True
OUT:dad:DC_APAC_g1:SmartX,2029-W52,,32.0,True
OUT:dad:DC_APAC_g1:SmartX,2030-W01,,31.0,True
OUT:dad:DC_APAC_g1:SmartX,2030-W02,,30.0,True
OUT:dad:DC_APAC_g1:SmartX,2030-W03,,28.0,True
OUT:dad:DC_APAC_g1:SmartX,2030-W04,,27.0,True
OUT:dad:DC_APAC_g1:SmartX,2030-W05,,26.0,True
OUT:dad:DC_APAC_g1:SmartX,2030-W06,,25.0,True
OUT:dad:DC_APAC_g1:SmartX,2030-W07,,23.0,True
OUT:dad:DC_APAC_g1:SmartX,2030-W08,,22.0,True
OUT:dad:DC_APAC_g1:SmartX,2030-W09,,21.0,True
OUT:dad:DC_APAC_g1:SmartX,2030-W10,,20.0,True
OUT:dad:DC_APAC_g1:SmartX,2030-W11,,18.0,True
OUT:dad:DC_APAC_g1:SmartX,2030-W12,,17.0,True
OUT:dad:DC_APAC_g1:SmartX,2030-W13,,16.0,True
OUT:dad:DC_APAC_g1:SmartX,2030-W14,,15.0,True
OUT:dad:DC_APAC_g1:SmartX,2030-W15,,14.0,True
OUT:dad:DC_APAC_g1:SmartX,2030-W16,,12.0,True
OUT:dad:DC_APAC_g1:SmartX,2030-W17,,11.0,True
OUT:dad:DC_APAC_g1:SmartX,2030-W18,,10.0,True
OUT:dad:DC_APAC_g1:SmartX,2030-W19,,9.0,True
OUT:dad:DC_APAC_g1:SmartX,2030-W20,,7.0,True
OUT:dad:DC_APAC_g1:SmartX,2030-W21,,6.0,True
OUT:dad:DC_APAC_g1:SmartX,2030-W22,,5.0,True
OUT:dad:DC_APAC_g1:SmartX,2030-W23,,4.0,True
OUT:dad:DC_APAC_g1:SmartX,2030-W24,,2.0,True
OUT:dad:DC_APAC_g1:SmartX,2030-W25,,1.0,True
OUT:dad:DC_APAC_g1:SmartX,2030-W26,,0.0,True
OUT:dad:DC_APAC_g1:SmartX,2030-W27,,0.0,True
OUT:dad:DC_APAC_g1:SmartX,2030-W28,,0.0,True
OUT:dad:DC_APAC_g1:SmartX,2030-W29,,0.0,True
OUT:dad:DC_APAC_g1:SmartX,2030-W30,,0.0,True
OUT:dad:DC_APAC_g1:SmartX,2030-W31,,0.0,True
OUT:dad:DC_APAC_g1:SmartX,2030-W32,,0.0,True
OUT:dad:DC_APAC_g1:SmartX,2030-W33,,0.0,True
OUT:dad:DC_APAC_g1:SmartX,2030-W34,,0.0,True
OUT:dad:DC_APAC_g1:SmartX,2030-W35,,0.0,True
OUT:dad:DC_APAC_g1:SmartX,2030-W36,,0.0,True
OUT:dad:DC_APAC_g1:SmartX,2030-W37,,0.0,True
OUT:dad:DC_APAC_g1:SmartX,2030-W38,,0.0,True
OUT:dad:DC_APAC_g1:SmartX,2030-W39,,0.0,True
OUT:dad:DC_APAC_g1:SmartX,2030-W40,,0.0,True
OUT:dad:DC_APAC_g1:SmartX,2030-W41,,0.0,True
OUT:dad:DC_APAC_g1:SmartX,2030-W42,,0.0,True
OUT:dad:DC_APAC_g1:SmartX,2030-W43,,0.0,True
OUT:dad:DC_APAC_g1:SmartX,2030-W44,,0.0,True
OUT:dad:DC_APAC_g1:SmartX,2030-W45,,0.0,True
OUT:dad:DC_APAC_g1:SmartX,2030-W46,,0.0,True
OUT:dad:DC_APAC_g1:SmartX,2030-W47,,0.0,True
OUT:dad:DC_APAC_g1:SmartX,2030-W48,,0.0,True
OUT:dad:DC_APAC_g1:SmartX,2030-W49,,0.0,True
OUT:dad:DC_APAC_g1:SmartX,2030-W50,,0.0,True
OUT:dad:DC_APAC_g1:SmartX,2030-W51,,0.0,True
OUT:dad:DC_APAC_g1:SmartX,2030-W52,,0.0,True
OUT:dad:DC_APAC_g3:SmartXNext,2025-W36,,0.0,True
OUT:dad:DC_APAC_g3:SmartXNext,2025-W37,,0.0,True
OUT:dad:DC_APAC_g3:SmartXNext,2025-W38,,0.0,True
OUT:dad:DC_APAC_g3:SmartXNext,2025-W39,,0.0,True
OUT:dad:DC_APAC_g3:SmartXNext,2025-W40,,0.0,True
OUT:dad:DC_APAC_g3:SmartXNext,2025-W41,,0.0,True
OUT:dad:DC_APAC_g3:SmartXNext,2025-W42,,0.0,True
OUT:dad:DC_APAC_g3:SmartXNext,2025-W43,,0.0,True
OUT:dad:DC_APAC_g3:SmartXNext,2025-W44,,0.0,True
OUT:dad:DC_APAC_g3:SmartXNext,2025-W45,,0.0,True
OUT:dad:DC_APAC_g3:SmartXNext,2025-W46,,0.0,True
OUT:dad:DC_APAC_g3:SmartXNext,2025-W47,,0.0,True
OUT:dad:DC_APAC_g3:SmartXNext,2025-W48,,0.0,True
OUT:dad:DC_APAC_g3:SmartXNext,2025-W49,,0.0,True
OUT:dad:DC_APAC_g3:SmartXNext,2025-W50,,0.0,True
OUT:dad:DC_APAC_g3:SmartXNext,2025-W51,,0.0,True
OUT:dad:DC_APAC_g3:SmartXNext,2025-W52,,0.0,True
OUT:dad:DC_APAC_g3:SmartXNext,2026-W01,,0.0,True
OUT:dad:DC_APAC_g3:SmartXNext,2026-W02,,0.0,True
OUT:dad:DC_APAC_g3:SmartXNext,2026-W03,,0.0,True
OUT:dad:DC_APAC_g3:SmartXNext,2026-W04,,0.0,True
OUT:dad:DC_APAC_g3:SmartXNext,2026-W05,,0.0,True
OUT:dad:DC_APAC_g3:SmartXNext,2026-W06,,0.0,True
OUT:dad:DC_APAC_g3:SmartXNext,2026-W07,,0.0,True
OUT:dad:DC_APAC_g3:SmartXNext,2026-W08,,0.0,True
OUT:dad:DC_APAC_g3:SmartXNext,2026-W09,,0.0,True
OUT:dad:DC_APAC_g3:SmartXNext,2026-W10,,0.0,True
OUT:dad:DC_APAC_g3:SmartXNext,2026-W11,,0.0,True
OUT:dad:DC_APAC_g3:SmartXNext,2026-W12,,0.0,True
OUT:dad:DC_APAC_g3:SmartXNext,2026-W13,,0.0,True
OUT:dad:DC_APAC_g3:SmartXNext,2026-W14,,0.0,True
OUT:dad:DC_APAC_g3:SmartXNext,2026-W15,,0.0,True
OUT:dad:DC_APAC_g3:SmartXNext,2026-W16,,0.0,True
OUT:dad:DC_APAC_g3:SmartXNext,2026-W17,,0.0,True
OUT:dad:DC_APAC_g3:SmartXNext,2026-W18,,0.0,True
OUT:dad:DC_APAC_g3:SmartXNext,2026-W19,,0.0,True
OUT:dad:DC_APAC_g3:SmartXNext,2026-W20,,0.0,True
OUT:dad:DC_APAC_g3:SmartXNext,2026-W21,,0.0,True
OUT:dad:DC_APAC_g3:SmartXNext,2026-W22,,0.0,True
OUT:dad:DC_APAC_g3:SmartXNext,2026-W23,,0.0,True
OUT:dad:DC_APAC_g3:SmartXNext,2026-W24,,0.0,True
OUT:dad:DC_APAC_g3:SmartXNext,2026-W25,,0.0,True
OUT:dad:DC_APAC_g3:SmartXNext,2026-W26,,0.0,True
OUT:dad:DC_APAC_g3:SmartXNext,2026-W27,,0.0,True
OUT:dad:DC_APAC_g3:SmartXNext,2026-W28,,0.0,True
OUT:dad:DC_APAC_g3:SmartXNext,2026-W29,,0.0,True
OUT:dad:DC_APAC_g3:SmartXNext,2026-W30,,0.0,True
OUT:dad:DC_APAC_g3:SmartXNext,2026-W31,,0.0,True
OUT:dad:DC_APAC_g3:SmartXNext,2026-W32,,0.0,True
OUT:dad:DC_APAC_g3:SmartXNext,2026-W33,,0.0,True
OUT:dad:DC_APAC_g3:SmartXNext,2026-W34,,0.0,True
OUT:dad:DC_APAC_g3:SmartXNext,2026-W35,,0.0,True
OUT:dad:DC_APAC_g3:SmartXNext,2026-W36,,0.0,True
OUT:dad:DC_APAC_g3:SmartXNext,2026-W37,,0.0,True
OUT:dad:DC_APAC_g3:SmartXNext,2026-W38,,0.0,True
OUT:dad:DC_APAC_g3:SmartXNext,2026-W39,,0.0,True
OUT:dad:DC_APAC_g3:SmartXNext,2026-W40,,0.0,True
OUT:dad:DC_APAC_g3:SmartXNext,2026-W41,,0.0,True
OUT:dad:DC_APAC_g3:SmartXNext,2026-W42,,0.0,True
OUT:dad:DC_APAC_g3:SmartXNext,2026-W43,,0.0,True
OUT:dad:DC_APAC_g3:SmartXNext,2026-W44,,0.0,True
OUT:dad:DC_APAC_g3:SmartXNext,2026-W45,,0.0,True
OUT:dad:DC_APAC_g3:SmartXNext,2026-W46,,0.0,True
OUT:dad:DC_APAC_g3:SmartXNext,2026-W47,,0.0,True
OUT:dad:DC_APAC_g3:SmartXNext,2026-W48,,0.0,True
OUT:dad:DC_APAC_g3:SmartXNext,2026-W49,,0.0,True
OUT:dad:DC_APAC_g3:SmartXNext,2026-W50,,0.0,True
OUT:dad:DC_APAC_g3:SmartXNext,2026-W51,,0.0,True
OUT:dad:DC_APAC_g3:SmartXNext,2026-W52,,0.0,True
OUT:dad:DC_APAC_g3:SmartXNext,2026-W53,,0.0,True
OUT:dad:DC_APAC_g3:SmartXNext,2027-W01,,0.0,True
OUT:dad:DC_APAC_g3:SmartXNext,2027-W02,,0.0,True
OUT:dad:DC_APAC_g3:SmartXNext,2027-W03,,0.0,True
OUT:dad:DC_APAC_g3:SmartXNext,2027-W04,,0.0,True
OUT:dad:DC_APAC_g3:SmartXNext,2027-W05,,0.0,True
OUT:dad:DC_APAC_g3:SmartXNext,2027-W06,,0.0,True
OUT:dad:DC_APAC_g3:SmartXNext,2027-W07,,0.0,True
OUT:dad:DC_APAC_g3:SmartXNext,2027-W08,,0.0,True
OUT:dad:DC_APAC_g3:SmartXNext,2027-W09,,0.0,True
OUT:dad:DC_APAC_g3:SmartXNext,2027-W10,,0.0,True
OUT:dad:DC_APAC_g3:SmartXNext,2027-W11,,0.0,True
OUT:dad:DC_APAC_g3:SmartXNext,2027-W12,,0.0,True
OUT:dad:DC_APAC_g3:SmartXNext,2027-W13,,0.0,True
OUT:dad:DC_APAC_g3:SmartXNext,2027-W14,,0.0,True
OUT:dad:DC_APAC_g3:SmartXNext,2027-W15,,0.0,True
OUT:dad:DC_APAC_g3:SmartXNext,2027-W16,,0.0,True
OUT:dad:DC_APAC_g3:SmartXNext,2027-W17,,0.0,True
OUT:dad:DC_APAC_g3:SmartXNext,2027-W18,,0.0,True
OUT:dad:DC_APAC_g3:SmartXNext,2027-W19,,0.0,True
OUT:dad:DC_APAC_g3:SmartXNext,2027-W20,,0.0,True
OUT:dad:DC_APAC_g3:SmartXNext,2027-W21,,0.0,True
OUT:dad:DC_APAC_g3:SmartXNext,2027-W22,,0.0,True
OUT:dad:DC_APAC_g3:SmartXNext,2027-W23,,0.0,True
OUT:dad:DC_APAC_g3:SmartXNext,2027-W24,,0.0,True
OUT:dad:DC_APAC_g3:SmartXNext,2027-W25,,0.0,True
OUT:dad:DC_APAC_g3:SmartXNext,2027-W26,,0.0,True
OUT:dad:DC_APAC_g3:SmartXNext,2027-W27,,0.0,True
OUT:dad:DC_APAC_g3:SmartXNext,2027-W28,,0.0,True
OUT:dad:DC_APAC_g3:SmartXNext,2027-W29,,0.0,True
OUT:dad:DC_APAC_g3:SmartXNext,2027-W30,,0.0,True
OUT:dad:DC_APAC_g3:SmartXNext,2027-W31,,0.0,True
OUT:dad:DC_APAC_g3:SmartXNext,2027-W32,,0.0,True
OUT:dad:DC_APAC_g3:SmartXNext,2027-W33,,0.0,True
OUT:dad:DC_APAC_g3:SmartXNext,2027-W34,,0.0,True
OUT:dad:DC_APAC_g3:SmartXNext,2027-W35,,0.0,True
OUT:dad:DC_APAC_g3:SmartXNext,2027-W36,,0.0,True
OUT:dad:DC_APAC_g3:SmartXNext,2027-W37,,0.0,True
OUT:dad:DC_APAC_g3:SmartXNext,2027-W38,,0.0,True
OUT:dad:DC_APAC_g3:SmartXNext,2027-W39,,0.0,True
OUT:dad:DC_APAC_g3:SmartXNext,2027-W40,,0.0,True
OUT:dad:DC_APAC_g3:SmartXNext,2027-W41,,0.0,True
OUT:dad:DC_APAC_g3:SmartXNext,2027-W42,,0.0,True
OUT:dad:DC_APAC_g3:SmartXNext,2027-W43,,0.0,True
OUT:dad:DC_APAC_g3:SmartXNext,2027-W44,,0.0,True
OUT:dad:DC_APAC_g3:SmartXNext,2027-W45,,0.0,True
OUT:dad:DC_APAC_g3:SmartXNext,2027-W46,,0.0,True
OUT:dad:DC_APAC_g3:SmartXNext,2027-W47,,0.0,True
OUT:dad:DC_APAC_g3:SmartXNext,2027-W48,,0.0,True
OUT:dad:DC_APAC_g3:SmartXNext,2027-W49,,0.0,True
OUT:dad:DC_APAC_g3:SmartXNext,2027-W50,,0.0,True
OUT:dad:DC_APAC_g3:SmartXNext,2027-W51,,0.0,True
OUT:dad:DC_APAC_g3:SmartXNext,2027-W52,,0.0,True
OUT:dad:DC_APAC_g3:SmartXNext,2028-W01,,0.0,True
OUT:dad:DC_APAC_g3:SmartXNext,2028-W02,,0.0,True
OUT:dad:DC_APAC_g3:SmartXNext,2028-W03,,0.0,True
OUT:dad:DC_APAC_g3:SmartXNext,2028-W04,,0.0,True
OUT:dad:DC_APAC_g3:SmartXNext,2028-W05,,0.0,True
OUT:dad:DC_APAC_g3:SmartXNext,2028-W06,,0.0,True
OUT:dad:DC_APAC_g3:SmartXNext,2028-W07,,0.0,True
OUT:dad:DC_APAC_g3:SmartXNext,2028-W08,,0.0,True
OUT:dad:DC_APAC_g3:SmartXNext,2028-W09,,0.0,True
OUT:dad:DC_APAC_g3:SmartXNext,2028-W10,,0.0,True
OUT:dad:DC_APAC_g3:SmartXNext,2028-W11,,0.0,True
OUT:dad:DC_APAC_g3:SmartXNext,2028-W12,,0.0,True
OUT:dad:DC_APAC_g3:SmartXNext,2028-W13,,0.0,True
OUT:dad:DC_APAC_g3:SmartXNext,2028-W14,,0.0,True
OUT:dad:DC_APAC_g3:SmartXNext,2028-W15,,0.0,True
OUT:dad:DC_APAC_g3:SmartXNext,2028-W16,,0.0,True
OUT:dad:DC_APAC_g3:SmartXNext,2028-W17,,0.0,True
OUT:dad:DC_APAC_g3:SmartXNext,2028-W18,,0.0,True
OUT:dad:DC_APAC_g3:SmartXNext,2028-W19,,0.0,True
OUT:dad:DC_APAC_g3:SmartXNext,2028-W20,,0.0,True
OUT:dad:DC_APAC_g3:SmartXNext,2028-W21,,0.0,True
OUT:dad:DC_APAC_g3:SmartXNext,2028-W22,,0.0,True
OUT:dad:DC_APAC_g3:SmartXNext,2028-W23,,0.0,True
OUT:dad:DC_APAC_g3:SmartXNext,2028-W24,,0.0,True
OUT:dad:DC_APAC_g3:SmartXNext,2028-W25,,0.0,True
OUT:dad:DC_APAC_g3:SmartXNext,2028-W26,,18.0,True
OUT:dad:DC_APAC_g3:SmartXNext,2028-W27,,35.0,True
OUT:dad:DC_APAC_g3:SmartXNext,2028-W28,,54.0,True
OUT:dad:DC_APAC_g3:SmartXNext,2028-W29,,71.0,True
OUT:dad:DC_APAC_g3:SmartXNext,2028-W30,,89.0,True
OUT:dad:DC_APAC_g3:SmartXNext,2028-W31,,106.0,True
OUT:dad:DC_APAC_g3:SmartXNext,2028-W32,,125.0,True
OUT:dad:DC_APAC_g3:SmartXNext,2028-W33,,142.0,True
OUT:dad:DC_APAC_g3:SmartXNext,2028-W34,,160.0,True
OUT:dad:DC_APAC_g3:SmartXNext,2028-W35,,178.0,True
OUT:dad:DC_APAC_g3:SmartXNext,2028-W36,,195.0,True
OUT:dad:DC_APAC_g3:SmartXNext,2028-W37,,214.0,True
OUT:dad:DC_APAC_g3:SmartXNext,2028-W38,,231.0,True
OUT:dad:DC_APAC_g3:SmartXNext,2028-W39,,249.0,True
OUT:dad:DC_APAC_g3:SmartXNext,2028-W40,,266.0,True
OUT:dad:DC_APAC_g3:SmartXNext,2028-W41,,285.0,True
OUT:dad:DC_APAC_g3:SmartXNext,2028-W42,,302.0,True
OUT:dad:DC_APAC_g3:SmartXNext,2028-W43,,320.0,True
OUT:dad:DC_APAC_g3:SmartXNext,2028-W44,,338.0,True
OUT:dad:DC_APAC_g3:SmartXNext,2028-W45,,355.0,True
OUT:dad:DC_APAC_g3:SmartXNext,2028-W46,,374.0,True
OUT:dad:DC_APAC_g3:SmartXNext,2028-W47,,391.0,True
OUT:dad:DC_APAC_g3:SmartXNext,2028-W48,,409.0,True
OUT:dad:DC_APAC_g3:SmartXNext,2028-W49,,426.0,True
OUT:dad:DC_APAC_g3:SmartXNext,2028-W50,,445.0,True
OUT:dad:DC_APAC_g3:SmartXNext,2028-W51,,462.0,True
OUT:dad:DC_APAC_g3:SmartXNext,2028-W52,,489.0,True
OUT:dad:DC_APAC_g3:SmartXNext,2029-W01,,498.0,True
OUT:dad:DC_APAC_g3:SmartXNext,2029-W02,,506.0,True
OUT:dad:DC_APAC_g3:SmartXNext,2029-W03,,515.0,True
OUT:dad:DC_APAC_g3:SmartXNext,2029-W04,,525.0,True
OUT:dad:DC_APAC_g3:SmartXNext,2029-W05,,534.0,True
OUT:dad:DC_APAC_g3:SmartXNext,2029-W06,,542.0,True
OUT:dad:DC_APAC_g3:SmartXNext,2029-W07,,551.0,True
OUT:dad:DC_APAC_g3:SmartXNext,2029-W08,,560.0,True
OUT:dad:DC_APAC_g3:SmartXNext,2029-W09,,569.0,True
OUT:dad:DC_APAC_g3:SmartXNext,2029-W10,,578.0,True
OUT:dad:DC_APAC_g3:SmartXNext,2029-W11,,586.0,True
OUT:dad:DC_APAC_g3:SmartXNext,2029-W12,,595.0,True
OUT:dad:DC_APAC_g3:SmartXNext,2029-W13,,605.0,True
OUT:dad:DC_APAC_g3:SmartXNext,2029-W14,,614.0,True
OUT:dad:DC_APAC_g3:SmartXNext,2029-W15,,622.0,True
OUT:dad:DC_APAC_g3:SmartXNext,2029-W16,,631.0,True
OUT:dad:DC_APAC_g3:SmartXNext,2029-W17,,640.0,True
OUT:dad:DC_APAC_g3:SmartXNext,2029-W18,,649.0,True
OUT:dad:DC_APAC_g3:SmartXNext,2029-W19,,658.0,True
OUT:dad:DC_APAC_g3:SmartXNext,2029-W20,,666.0,True
OUT:dad:DC_APAC_g3:SmartXNext,2029-W21,,675.0,True
OUT:dad:DC_APAC_g3:SmartXNext,2029-W22,,685.0,True
OUT:dad:DC_APAC_g3:SmartXNext,2029-W23,,694.0,True
OUT:dad:DC_APAC_g3:SmartXNext,2029-W24,,702.0,True
OUT:dad:DC_APAC_g3:SmartXNext,2029-W25,,711.0,True
OUT:dad:DC_APAC_g3:SmartXNext,2029-W26,,726.0,True
OUT:dad:DC_APAC_g3:SmartXNext,2029-W27,,732.0,True
OUT:dad:DC_APAC_g3:SmartXNext,2029-W28,,738.0,True
OUT:dad:DC_APAC_g3:SmartXNext,2029-W29,,744.0,True
OUT:dad:DC_APAC_g3:SmartXNext,2029-W30,,750.0,True
OUT:dad:DC_APAC_g3:SmartXNext,2029-W31,,755.0,True
OUT:dad:DC_APAC_g3:SmartXNext,2029-W32,,762.0,True
OUT:dad:DC_APAC_g3:SmartXNext,2029-W33,,767.0,True
OUT:dad:DC_APAC_g3:SmartXNext,2029-W34,,774.0,True
OUT:dad:DC_APAC_g3:SmartXNext,2029-W35,,779.0,True
OUT:dad:DC_APAC_g3:SmartXNext,2029-W36,,785.0,True
OUT:dad:DC_APAC_g3:SmartXNext,2029-W37,,791.0,True
OUT:dad:DC_APAC_g3:SmartXNext,2029-W38,,797.0,True
OUT:dad:DC_APAC_g3:SmartXNext,2029-W39,,803.0,True
OUT:dad:DC_APAC_g3:SmartXNext,2029-W40,,809.0,True
OUT:dad:DC_APAC_g3:SmartXNext,2029-W41,,815.0,True
OUT:dad:DC_APAC_g3:SmartXNext,2029-W42,,821.0,True
OUT:dad:DC_APAC_g3:SmartXNext,2029-W43,,826.0,True
OUT:dad:DC_APAC_g3:SmartXNext,2029-W44,,833.0,True
OUT:dad:DC_APAC_g3:SmartXNext,2029-W45,,838.0,True
OUT:dad:DC_APAC_g3:SmartXNext,2029-W46,,845.0,True
OUT:dad:DC_APAC_g3:SmartXNext,2029-W47,,850.0,True
OUT:dad:DC_APAC_g3:SmartXNext,2029-W48,,856.0,True
OUT:dad:DC_APAC_g3:SmartXNext,2029-W49,,862.0,True
OUT:dad:DC_APAC_g3:SmartXNext,2029-W50,,868.0,True
OUT:dad:DC_APAC_g3:SmartXNext,2029-W51,,874.0,True
OUT:dad:DC_APAC_g3:SmartXNext,2029-W52,,880.0,True
OUT:dad:DC_APAC_g3:SmartXNext,2030-W01,,888.0,True
OUT:dad:DC_APAC_g3:SmartXNext,2030-W02,,895.0,True
OUT:dad:DC_APAC_g3:SmartXNext,2030-W03,,903.0,True
OUT:dad:DC_APAC_g3:SmartXNext,2030-W04,,911.0,True
OUT:dad:DC_APAC_g3:SmartXNext,2030-W05,,918.0,True
OUT:dad:DC_APAC_g3:SmartXNext,2030-W06,,926.0,True
OUT:dad:DC_APAC_g3:SmartXNext,2030-W07,,934.0,True
OUT:dad:DC_APAC_g3:SmartXNext,2030-W08,,942.0,True
OUT:dad:DC_APAC_g3:SmartXNext,2030-W09,,949.0,True
OUT:dad:DC_APAC_g3:SmartXNext,2030-W10,,957.0,True
OUT:dad:DC_APAC_g3:SmartXNext,2030-W11,,965.0,True
OUT:dad:DC_APAC_g3:SmartXNext,2030-W12,,972.0,True
OUT:dad:DC_APAC_g3:SmartXNext,2030-W13,,980.0,True
OUT:dad:DC_APAC_g3:SmartXNext,2030-W14,,988.0,True
OUT:dad:DC_APAC_g3:SmartXNext,2030-W15,,995.0,True
OUT:dad:DC_APAC_g3:SmartXNext,2030-W16,,1003.0,True
OUT:dad:DC_APAC_g3:SmartXNext,2030-W17,,1011.0,True
OUT:dad:DC_APAC_g3:SmartXNext,2030-W18,,1018.0,True
OUT:dad:DC_APAC_g3:SmartXNext,2030-W19,,1026.0,True
OUT:dad:DC_APAC_g3:SmartXNext,2030-W20,,1034.0,True
OUT:dad:DC_APAC_g3:SmartXNext,2030-W21,,1042.0,True
OUT:dad:DC_APAC_g3:SmartXNext,2030-W22,,1049.0,True
OUT:dad:DC_APAC_g3:SmartXNext,2030-W23,,1057.0,True
OUT:dad:DC_APAC_g3:SmartXNext,2030-W24,,1065.0,True
OUT:dad:DC_APAC_g3:SmartXNext,2030-W25,,1072.0,True
OUT:dad:DC_APAC_g3:SmartXNext,2030-W26,,1080.0,True
OUT:dad:DC_APAC_g3:SmartXNext,2030-W27,,1073.0,True
OUT:dad:DC_APAC_g3:SmartXNext,2030-W28,,1067.0,True
OUT:dad:DC_APAC_g3:SmartXNext,2030-W29,,1060.0,True
OUT:dad:DC_APAC_g3:SmartXNext,2030-W30,,1054.0,True
OUT:dad:DC_APAC_g3:SmartXNext,2030-W31,,1048.0,True
OUT:dad:DC_APAC_g3:SmartXNext,2030-W32,,1041.0,True
OUT:dad:DC_APAC_g3:SmartXNext,2030-W33,,1035.0,True
OUT:dad:DC_APAC_g3:SmartXNext,2030-W34,,1028.0,True
OUT:dad:DC_APAC_g3:SmartXNext,2030-W35,,1022.0,True
OUT:dad:DC_APAC_g3:SmartXNext,2030-W36,,1016.0,True
OUT:dad:DC_APAC_g3:SmartXNext,2030-W37,,1009.0,True
OUT:dad:DC_APAC_g3:SmartXNext,2030-W38,,1003.0,True
OUT:dad:DC_APAC_g3:SmartXNext,2030-W39,,996.0,True
OUT:dad:DC_APAC_g3:SmartXNext,2030-W40,,990.0,True
OUT:dad:DC_APAC_g3:SmartXNext,2030-W41,,984.0,True
OUT:dad:DC_APAC_g3:SmartXNext,2030-W42,,977.0,True
OUT:dad:DC_APAC_g3:SmartXNext,2030-W43,,971.0,True
OUT:dad:DC_APAC_g3:SmartXNext,2030-W44,,965.0,True
OUT:dad:DC_APAC_g3:SmartXNext,2030-W45,,958.0,True
OUT:dad:DC_APAC_g3:SmartXNext,2030-W46,,952.0,True
OUT:dad:DC_APAC_g3:SmartXNext,2030-W47,,946.0,True
OUT:dad:DC_APAC_g3:SmartXNext,2030-W48,,939.0,True
OUT:dad:DC_APAC_g3:SmartXNext,2030-W49,,933.0,True
OUT:dad:DC_APAC_g3:SmartXNext,2030-W50,,926.0,True
OUT:dad:DC_APAC_g3:SmartXNext,2030-W51,,920.0,True
OUT:dad:DC_APAC_g3:SmartXNext,2030-W52,,0.0,True
OUT:dad:DC_EMEA:SmartXPro_CN,2025-W36,,0.0,True
OUT:dad:DC_EMEA:SmartXPro_CN,2025-W37,,0.0,True
OUT:dad:DC_EMEA:SmartXPro_CN,2025-W38,,0.0,True
OUT:dad:DC_EMEA:SmartXPro_CN,2025-W39,,0.0,True
OUT:dad:DC_EMEA:SmartXPro_CN,2025-W40,,0.0,True
OUT:dad:DC_EMEA:SmartXPro_CN,2025-W41,,0.0,True
OUT:dad:DC_EMEA:SmartXPro_CN,2025-W42,,0.0,True
OUT:dad:DC_EMEA:SmartXPro_CN,2025-W43,,0.0,True
OUT:dad:DC_EMEA:SmartXPro_CN,2025-W44,,0.0,True
OUT:dad:DC_EMEA:SmartXPro_CN,2025-W45,,0.0,True
OUT:dad:DC_EMEA:SmartXPro_CN,2025-W46,,0.0,True
OUT:dad:DC_EMEA:SmartXPro_CN,2025-W47,,0.0,True
OUT:dad:DC_EMEA:SmartXPro_CN,2025-W48,,0.0,True
OUT:dad:DC_EMEA:SmartXPro_CN,2025-W49,,0.0,True
OUT:dad:DC_EMEA:SmartXPro_CN,2025-W50,,0.0,True
OUT:dad:DC_EMEA:SmartXPro_CN,2025-W51,,0.0,True
OUT:dad:DC_EMEA:SmartXPro_CN,2025-W52,,0.0,True
OUT:dad:DC_EMEA:SmartXPro_CN,2026-W01,,0.0,True
OUT:dad:DC_EMEA:SmartXPro_CN,2026-W02,,0.0,True
OUT:dad:DC_EMEA:SmartXPro_CN,2026-W03,,0.0,True
OUT:dad:DC_EMEA:SmartXPro_CN,2026-W04,,0.0,True
OUT:dad:DC_EMEA:SmartXPro_CN,2026-W05,,0.0,True
OUT:dad:DC_EMEA:SmartXPro_CN,2026-W06,,0.0,True
OUT:dad:DC_EMEA:SmartXPro_CN,2026-W07,,0.0,True
OUT:dad:DC_EMEA:SmartXPro_CN,2026-W08,,0.0,True
OUT:dad:DC_EMEA:SmartXPro_CN,2026-W09,,0.0,True
OUT:dad:DC_EMEA:SmartXPro_CN,2026-W10,,0.0,True
OUT:dad:DC_EMEA:SmartXPro_CN,2026-W11,,0.0,True
OUT:dad:DC_EMEA:SmartXPro_CN,2026-W12,,0.0,True
OUT:dad:DC_EMEA:SmartXPro_CN,2026-W13,,0.0,True
OUT:dad:DC_EMEA:SmartXPro_CN,2026-W14,,0.0,True
OUT:dad:DC_EMEA:SmartXPro_CN,2026-W15,,0.0,True
OUT:dad:DC_EMEA:SmartXPro_CN,2026-W16,,0.0,True
OUT:dad:DC_EMEA:SmartXPro_CN,2026-W17,,0.0,True
OUT:dad:DC_EMEA:SmartXPro_CN,2026-W18,,0.0,True
OUT:dad:DC_EMEA:SmartXPro_CN,2026-W19,,0.0,True
OUT:dad:DC_EMEA:SmartXPro_CN,2026-W20,,0.0,True
OUT:dad:DC_EMEA:SmartXPro_CN,2026-W21,,0.0,True
OUT:dad:DC_EMEA:SmartXPro_CN,2026-W22,,0.0,True
OUT:dad:DC_EMEA:SmartXPro_CN,2026-W23,,0.0,True
OUT:dad:DC_EMEA:SmartXPro_CN,2026-W24,,0.0,True
OUT:dad:DC_EMEA:SmartXPro_CN,2026-W25,,0.0,True
OUT:dad:DC_EMEA:SmartXPro_CN,2026-W26,,0.0,True
OUT:dad:DC_EMEA:SmartXPro_CN,2026-W27,,0.0,True
OUT:dad:DC_EMEA:SmartXPro_CN,2026-W28,,0.0,True
OUT:dad:DC_EMEA:SmartXPro_CN,2026-W29,,0.0,True
OUT:dad:DC_EMEA:SmartXPro_CN,2026-W30,,0.0,True
OUT:dad:DC_EMEA:SmartXPro_CN,2026-W31,,0.0,True
OUT:dad:DC_EMEA:SmartXPro_CN,2026-W32,,0.0,True
OUT:dad:DC_EMEA:SmartXPro_CN,2026-W33,,0.0,True
OUT:dad:DC_EMEA:SmartXPro_CN,2026-W34,,0.0,True
OUT:dad:DC_EMEA:SmartXPro_CN,2026-W35,,0.0,True
OUT:dad:DC_EMEA:SmartXPro_CN,2026-W36,,0.0,True
OUT:dad:DC_EMEA:SmartXPro_CN,2026-W37,,0.0,True
OUT:dad:DC_EMEA:SmartXPro_CN,2026-W38,,0.0,True
OUT:dad:DC_EMEA:SmartXPro_CN,2026-W39,,0.0,True
OUT:dad:DC_EMEA:SmartXPro_CN,2026-W40,,0.0,True
OUT:dad:DC_EMEA:SmartXPro_CN,2026-W41,,0.0,True
OUT:dad:DC_EMEA:SmartXPro_CN,2026-W42,,0.0,True
OUT:dad:DC_EMEA:SmartXPro_CN,2026-W43,,0.0,True
OUT:dad:DC_EMEA:SmartXPro_CN,2026-W44,,0.0,True
OUT:dad:DC_EMEA:SmartXPro_CN,2026-W45,,0.0,True
OUT:dad:DC_EMEA:SmartXPro_CN,2026-W46,,0.0,True
OUT:dad:DC_EMEA:SmartXPro_CN,2026-W47,,0.0,True
OUT:dad:DC_EMEA:SmartXPro_CN,2026-W48,,0.0,True
OUT:dad:DC_EMEA:SmartXPro_CN,2026-W49,,0.0,True
OUT:dad:DC_EMEA:SmartXPro_CN,2026-W50,,0.0,True
OUT:dad:DC_EMEA:SmartXPro_CN,2026-W51,,0.0,True
OUT:dad:DC_EMEA:SmartXPro_CN,2026-W52,,0.0,True
OUT:dad:DC_EMEA:SmartXPro_CN,2026-W53,,630.0,True
OUT:dad:DC_EMEA:SmartXPro_CN,2027-W01,,630.0,True
OUT:dad:DC_EMEA:SmartXPro_CN,2027-W02,,630.0,True
OUT:dad:DC_EMEA:SmartXPro_CN,2027-W03,,630.0,True
OUT:dad:DC_EMEA:SmartXPro_CN,2027-W04,,630.0,True
OUT:dad:DC_EMEA:SmartXPro_CN,2027-W05,,630.0,True
OUT:dad:DC_EMEA:SmartXPro_CN,2027-W06,,630.0,True
OUT:dad:DC_EMEA:SmartXPro_CN,2027-W07,,630.0,True
OUT:dad:DC_EMEA:SmartXPro_CN,2027-W08,,630.0,True
OUT:dad:DC_EMEA:SmartXPro_CN,2027-W09,,630.0,True
OUT:dad:DC_EMEA:SmartXPro_CN,2027-W10,,630.0,True
OUT:dad:DC_EMEA:SmartXPro_CN,2027-W11,,630.0,True
OUT:dad:DC_EMEA:SmartXPro_CN,2027-W12,,630.0,True
OUT:dad:DC_EMEA:SmartXPro_CN,2027-W13,,630.0,True
OUT:dad:DC_EMEA:SmartXPro_CN,2027-W14,,630.0,True
OUT:dad:DC_EMEA:SmartXPro_CN,2027-W15,,630.0,True
OUT:dad:DC_EMEA:SmartXPro_CN,2027-W16,,630.0,True
OUT:dad:DC_EMEA:SmartXPro_CN,2027-W17,,630.0,True
OUT:dad:DC_EMEA:SmartXPro_CN,2027-W18,,630.0,True
OUT:dad:DC_EMEA:SmartXPro_CN,2027-W19,,630.0,True
OUT:dad:DC_EMEA:SmartXPro_CN,2027-W20,,630.0,True
OUT:dad:DC_EMEA:SmartXPro_CN,2027-W21,,630.0,True
OUT:dad:DC_EMEA:SmartXPro_CN,2027-W22,,630.0,True
OUT:dad:DC_EMEA:SmartXPro_CN,2027-W23,,630.0,True
OUT:dad:DC_EMEA:SmartXPro_CN,2027-W24,,630.0,True
OUT:dad:DC_EMEA:SmartXPro_CN,2027-W25,,630.0,True
OUT:dad:DC_EMEA:SmartXPro_CN,2027-W26,,627.0,True
OUT:dad:DC_EMEA:SmartXPro_CN,2027-W27,,624.0,True
OUT:dad:DC_EMEA:SmartXPro_CN,2027-W28,,621.0,True
OUT:dad:DC_EMEA:SmartXPro_CN,2027-W29,,617.0,True
OUT:dad:DC_EMEA:SmartXPro_CN,2027-W30,,615.0,True
OUT:dad:DC_EMEA:SmartXPro_CN,2027-W31,,611.0,True
OUT:dad:DC_EMEA:SmartXPro_CN,2027-W32,,608.0,True
OUT:dad:DC_EMEA:SmartXPro_CN,2027-W33,,605.0,True
OUT:dad:DC_EMEA:SmartXPro_CN,2027-W34,,602.0,True
OUT:dad:DC_EMEA:SmartXPro_CN,2027-W35,,599.0,True
OUT:dad:DC_EMEA:SmartXPro_CN,2027-W36,,596.0,True
OUT:dad:DC_EMEA:SmartXPro_CN,2027-W37,,593.0,True
OUT:dad:DC_EMEA:SmartXPro_CN,2027-W38,,589.0,True
OUT:dad:DC_EMEA:SmartXPro_CN,2027-W39,,587.0,True
OUT:dad:DC_EMEA:SmartXPro_CN,2027-W40,,583.0,True
OUT:dad:DC_EMEA:SmartXPro_CN,2027-W41,,580.0,True
OUT:dad:DC_EMEA:SmartXPro_CN,2027-W42,,577.0,True
OUT:dad:DC_EMEA:SmartXPro_CN,2027-W43,,574.0,True
OUT:dad:DC_EMEA:SmartXPro_CN,2027-W44,,571.0,True
OUT:dad:DC_EMEA:SmartXPro_CN,2027-W45,,568.0,True
OUT:dad:DC_EMEA:SmartXPro_CN,2027-W46,,565.0,True
OUT:dad:DC_EMEA:SmartXPro_CN,2027-W47,,561.0,True
OUT:dad:DC_EMEA:SmartXPro_CN,2027-W48,,559.0,True
OUT:dad:DC_EMEA:SmartXPro_CN,2027-W49,,555.0,True
OUT:dad:DC_EMEA:SmartXPro_CN,2027-W50,,552.0,True
OUT:dad:DC_EMEA:SmartXPro_CN,2027-W51,,549.0,True
OUT:dad:DC_EMEA:SmartXPro_CN,2027-W52,,542.0,True
OUT:dad:DC_EMEA:SmartXPro_CN,2028-W01,,539.0,True
OUT:dad:DC_EMEA:SmartXPro_CN,2028-W02,,536.0,True
OUT:dad:DC_EMEA:SmartXPro_CN,2028-W03,,533.0,True
OUT:dad:DC_EMEA:SmartXPro_CN,2028-W04,,529.0,True
OUT:dad:DC_EMEA:SmartXPro_CN,2028-W05,,526.0,True
OUT:dad:DC_EMEA:SmartXPro_CN,2028-W06,,522.0,True
OUT:dad:DC_EMEA:SmartXPro_CN,2028-W07,,519.0,True
OUT:dad:DC_EMEA:SmartXPro_CN,2028-W08,,516.0,True
OUT:dad:DC_EMEA:SmartXPro_CN,2028-W09,,512.0,True
OUT:dad:DC_EMEA:SmartXPro_CN,2028-W10,,509.0,True
OUT:dad:DC_EMEA:SmartXPro_CN,2028-W11,,505.0,True
OUT:dad:DC_EMEA:SmartXPro_CN,2028-W12,,628.0,True
OUT:dad:DC_EMEA:SmartXPro_CN,2028-W13,,776.0,True
OUT:dad:DC_EMEA:SmartXPro_CN,2028-W14,,780.0,True
OUT:dad:DC_EMEA:SmartXPro_CN,2028-W15,,784.0,True
OUT:dad:DC_EMEA:SmartXPro_CN,2028-W16,,788.0,True
OUT:dad:DC_EMEA:SmartXPro_CN,2028-W17,,343.0,True
OUT:dad:DC_EMEA:SmartXPro_CN,2028-W18,,347.0,True
OUT:dad:DC_EMEA:SmartXPro_CN,2028-W19,,350.0,True
OUT:dad:DC_EMEA:SmartXPro_CN,2028-W20,,354.0,True
OUT:dad:DC_EMEA:SmartXPro_CN,2028-W21,,358.0,True
OUT:dad:DC_EMEA:SmartXPro_CN,2028-W22,,362.0,True
OUT:dad:DC_EMEA:SmartXPro_CN,2028-W23,,366.0,True
OUT:dad:DC_EMEA:SmartXPro_CN,2028-W24,,370.0,True
OUT:dad:DC_EMEA:SmartXPro_CN,2028-W25,,373.0,True
OUT:dad:DC_EMEA:SmartXPro_CN,2028-W26,,377.0,True
OUT:dad:DC_EMEA:SmartXPro_CN,2028-W27,,384.0,True
OUT:dad:DC_EMEA:SmartXPro_CN,2028-W28,,387.0,True
OUT:dad:DC_EMEA:SmartXPro_CN,2028-W29,,390.0,True
OUT:dad:DC_EMEA:SmartXPro_CN,2028-W30,,393.0,True
OUT:dad:DC_EMEA:SmartXPro_CN,2028-W31,,396.0,True
OUT:dad:DC_EMEA:SmartXPro_CN,2028-W32,,399.0,True
OUT:dad:DC_EMEA:SmartXPro_CN,2028-W33,,402.0,True
OUT:dad:DC_EMEA:SmartXPro_CN,2028-W34,,405.0,True
OUT:dad:DC_EMEA:SmartXPro_CN,2028-W35,,407.0,True
OUT:dad:DC_EMEA:SmartXPro_CN,2028-W36,,411.0,True
OUT:dad:DC_EMEA:SmartXPro_CN,2028-W37,,414.0,True
OUT:dad:DC_EMEA:SmartXPro_CN,2028-W38,,416.0,True
OUT:dad:DC_EMEA:SmartXPro_CN,2028-W39,,419.0,True
OUT:dad:DC_EMEA:SmartXPro_CN,2028-W40,,416.0,True
OUT:dad:DC_EMEA:SmartXPro_CN,2028-W41,,414.0,True
OUT:dad:DC_EMEA:SmartXPro_CN,2028-W42,,411.0,True
OUT:dad:DC_EMEA:SmartXPro_CN,2028-W43,,408.0,True
OUT:dad:DC_EMEA:SmartXPro_CN,2028-W44,,406.0,True
OUT:dad:DC_EMEA:SmartXPro_CN,2028-W45,,403.0,True
OUT:dad:DC_EMEA:SmartXPro_CN,2028-W46,,400.0,True
OUT:dad:DC_EMEA:SmartXPro_CN,2028-W47,,398.0,True
OUT:dad:DC_EMEA:SmartXPro_CN,2028-W48,,396.0,True
OUT:dad:DC_EMEA:SmartXPro_CN,2028-W49,,393.0,True
OUT:dad:DC_EMEA:SmartXPro_CN,2028-W50,,390.0,True
OUT:dad:DC_EMEA:SmartXPro_CN,2028-W51,,388.0,True
OUT:dad:DC_EMEA:SmartXPro_CN,2028-W52,,381.0,True
OUT:dad:DC_EMEA:SmartXPro_CN,2029-W01,,377.0,True
OUT:dad:DC_EMEA:SmartXPro_CN,2029-W02,,373.0,True
OUT:dad:DC_EMEA:SmartXPro_CN,2029-W03,,370.0,True
OUT:dad:DC_EMEA:SmartXPro_CN,2029-W04,,365.0,True
OUT:dad:DC_EMEA:SmartXPro_CN,2029-W05,,362.0,True
OUT:dad:DC_EMEA:SmartXPro_CN,2029-W06,,358.0,True
OUT:dad:DC_EMEA:SmartXPro_CN,2029-W07,,354.0,True
OUT:dad:DC_EMEA:SmartXPro_CN,2029-W08,,496.0,True
OUT:dad:DC_EMEA:SmartXPro_CN,2029-W09,,501.0,True
OUT:dad:DC_EMEA:SmartXPro_CN,2029-W10,,506.0,True
OUT:dad:DC_EMEA:SmartXPro_CN,2029-W11,,510.0,True
OUT:dad:DC_EMEA:SmartXPro_CN,2029-W12,,515.0,True
OUT:dad:DC_EMEA:SmartXPro_CN,2029-W13,,519.0,True
OUT:dad:DC_EMEA:SmartXPro_CN,2029-W14,,523.0,True
OUT:dad:DC_EMEA:SmartXPro_CN,2029-W15,,527.0,True
OUT:dad:DC_EMEA:SmartXPro_CN,2029-W16,,532.0,True
OUT:dad:DC_EMEA:SmartXPro_CN,2029-W17,,86.0,True
OUT:dad:DC_EMEA:SmartXPro_CN,2029-W18,,91.0,True
OUT:dad:DC_EMEA:SmartXPro_CN,2029-W19,,96.0,True
OUT:dad:DC_EMEA:SmartXPro_CN,2029-W20,,100.0,True
OUT:dad:DC_EMEA:SmartXPro_CN,2029-W21,,105.0,True
OUT:dad:DC_EMEA:SmartXPro_CN,2029-W22,,109.0,True
OUT:dad:DC_EMEA:SmartXPro_CN,2029-W23,,113.0,True
OUT:dad:DC_EMEA:SmartXPro_CN,2029-W24,,117.0,True
OUT:dad:DC_EMEA:SmartXPro_CN,2029-W25,,122.0,True
OUT:dad:DC_EMEA:SmartXPro_CN,2029-W26,,126.0,True
OUT:dad:DC_EMEA:SmartXPro_CN,2029-W27,,136.0,True
OUT:dad:DC_EMEA:SmartXPro_CN,2029-W28,,140.0,True
OUT:dad:DC_EMEA:SmartXPro_CN,2029-W29,,145.0,True
OUT:dad:DC_EMEA:SmartXPro_CN,2029-W30,,149.0,True
OUT:dad:DC_EMEA:SmartXPro_CN,2029-W31,,153.0,True
OUT:dad:DC_EMEA:SmartXPro_CN,2029-W32,,157.0,True
OUT:dad:DC_EMEA:SmartXPro_CN,2029-W33,,162.0,True
OUT:dad:DC_EMEA:SmartXPro_CN,2029-W34,,166.0,True
OUT:dad:DC_EMEA:SmartXPro_CN,2029-W35,,171.0,True
OUT:dad:DC_EMEA:SmartXPro_CN,2029-W36,,176.0,True
OUT:dad:DC_EMEA:SmartXPro_CN,2029-W37,,180.0,True
OUT:dad:DC_EMEA:SmartXPro_CN,2029-W38,,185.0,True
OUT:dad:DC_EMEA:SmartXPro_CN,2029-W39,,189.0,True
OUT:dad:DC_EMEA:SmartXPro_CN,2029-W40,,193.0,True
OUT:dad:DC_EMEA:SmartXPro_CN,2029-W41,,197.0,True
OUT:dad:DC_EMEA:SmartXPro_CN,2029-W42,,202.0,True
OUT:dad:DC_EMEA:SmartXPro_CN,2029-W43,,206.0,True
OUT:dad:DC_EMEA:SmartXPro_CN,2029-W44,,206.0,True
OUT:dad:DC_EMEA:SmartXPro_CN,2029-W45,,202.0,True
OUT:dad:DC_EMEA:SmartXPro_CN,2029-W46,,198.0,True
OUT:dad:DC_EMEA:SmartXPro_CN,2029-W47,,195.0,True
OUT:dad:DC_EMEA:SmartXPro_CN,2029-W48,,190.0,True
OUT:dad:DC_EMEA:SmartXPro_CN,2029-W49,,187.0,True
OUT:dad:DC_EMEA:SmartXPro_CN,2029-W50,,183.0,True
OUT:dad:DC_EMEA:SmartXPro_CN,2029-W51,,179.0,True
OUT:dad:DC_EMEA:SmartXPro_CN,2029-W52,,176.0,True
OUT:dad:DC_EMEA:SmartXPro_CN,2030-W01,,173.0,True
OUT:dad:DC_EMEA:SmartXPro_CN,2030-W02,,169.0,True
OUT:dad:DC_EMEA:SmartXPro_CN,2030-W03,,166.0,True
OUT:dad:DC_EMEA:SmartXPro_CN,2030-W04,,162.0,True
OUT:dad:DC_EMEA:SmartXPro_CN,2030-W05,,159.0,True
OUT:dad:DC_EMEA:SmartXPro_CN,2030-W06,,155.0,True
OUT:dad:DC_EMEA:SmartXPro_CN,2030-W07,,152.0,True
OUT:dad:DC_EMEA:SmartXPro_CN,2030-W08,,148.0,True
OUT:dad:DC_EMEA:SmartXPro_CN,2030-W09,,145.0,True
OUT:dad:DC_EMEA:SmartXPro_CN,2030-W10,,141.0,True
OUT:dad:DC_EMEA:SmartXPro_CN,2030-W11,,138.0,True
OUT:dad:DC_EMEA:SmartXPro_CN,2030-W12,,135.0,True
OUT:dad:DC_EMEA:SmartXPro_CN,2030-W13,,131.0,True
OUT:dad:DC_EMEA:SmartXPro_CN,2030-W14,,128.0,True
OUT:dad:DC_EMEA:SmartXPro_CN,2030-W15,,124.0,True
OUT:dad:DC_EMEA:SmartXPro_CN,2030-W16,,121.0,True
OUT:dad:DC_EMEA:SmartXPro_CN,2030-W17,,117.0,True
OUT:dad:DC_EMEA:SmartXPro_CN,2030-W18,,114.0,True
OUT:dad:DC_EMEA:SmartXPro_CN,2030-W19,,110.0,True
OUT:dad:DC_EMEA:SmartXPro_CN,2030-W20,,107.0,True
OUT:dad:DC_EMEA:SmartXPro_CN,2030-W21,,104.0,True
OUT:dad:DC_EMEA:SmartXPro_CN,2030-W22,,100.0,True
OUT:dad:DC_EMEA:SmartXPro_CN,2030-W23,,97.0,True
OUT:dad:DC_EMEA:SmartXPro_CN,2030-W24,,93.0,True
OUT:dad:DC_EMEA:SmartXPro_CN,2030-W25,,90.0,True
OUT:dad:DC_EMEA:SmartXPro_CN,2030-W26,,86.0,True
OUT:dad:DC_EMEA:SmartXPro_CN,2030-W27,,83.0,True
OUT:dad:DC_EMEA:SmartXPro_CN,2030-W28,,79.0,True
OUT:dad:DC_EMEA:SmartXPro_CN,2030-W29,,76.0,True
OUT:dad:DC_EMEA:SmartXPro_CN,2030-W30,,72.0,True
OUT:dad:DC_EMEA:SmartXPro_CN,2030-W31,,69.0,True
OUT:dad:DC_EMEA:SmartXPro_CN,2030-W32,,66.0,True
OUT:dad:DC_EMEA:SmartXPro_CN,2030-W33,,62.0,True
OUT:dad:DC_EMEA:SmartXPro_CN,2030-W34,,59.0,True
OUT:dad:DC_EMEA:SmartXPro_CN,2030-W35,,55.0,True
OUT:dad:DC_EMEA:SmartXPro_CN,2030-W36,,52.0,True
OUT:dad:DC_EMEA:SmartXPro_CN,2030-W37,,48.0,True
OUT:dad:DC_EMEA:SmartXPro_CN,2030-W38,,45.0,True
OUT:dad:DC_EMEA:SmartXPro_CN,2030-W39,,41.0,True
OUT:dad:DC_EMEA:SmartXPro_CN,2030-W40,,38.0,True
OUT:dad:DC_EMEA:SmartXPro_CN,2030-W41,,35.0,True
OUT:dad:DC_EMEA:SmartXPro_CN,2030-W42,,31.0,True
OUT:dad:DC_EMEA:SmartXPro_CN,2030-W43,,28.0,True
OUT:dad:DC_EMEA:SmartXPro_CN,2030-W44,,24.0,True
OUT:dad:DC_EMEA:SmartXPro_CN,2030-W45,,21.0,True
OUT:dad:DC_EMEA:SmartXPro_CN,2030-W46,,17.0,True
OUT:dad:DC_EMEA:SmartXPro_CN,2030-W47,,14.0,True
OUT:dad:DC_EMEA:SmartXPro_CN,2030-W48,,10.0,True
OUT:dad:DC_EMEA:SmartXPro_CN,2030-W49,,7.0,True
OUT:dad:DC_EMEA:SmartXPro_CN,2030-W50,,3.0,True
OUT:dad:DC_EMEA:SmartXPro_CN,2030-W51,,0.0,True
OUT:dad:DC_EMEA:SmartXPro_CN,2030-W52,,0.0,True
OUT:dad:DC_EMEA_g1:SmartX,2025-W36,,0.0,True
OUT:dad:DC_EMEA_g1:SmartX,2025-W37,,0.0,True
OUT:dad:DC_EMEA_g1:SmartX,2025-W38,,0.0,True
OUT:dad:DC_EMEA_g1:SmartX,2025-W39,,0.0,True
OUT:dad:DC_EMEA_g1:SmartX,2025-W40,,0.0,True
OUT:dad:DC_EMEA_g1:SmartX,2025-W41,,0.0,True
OUT:dad:DC_EMEA_g1:SmartX,2025-W42,,0.0,True
OUT:dad:DC_EMEA_g1:SmartX,2025-W43,,0.0,True
OUT:dad:DC_EMEA_g1:SmartX,2025-W44,,0.0,True
OUT:dad:DC_EMEA_g1:SmartX,2025-W45,,0.0,True
OUT:dad:DC_EMEA_g1:SmartX,2025-W46,,0.0,True
OUT:dad:DC_EMEA_g1:SmartX,2025-W47,,0.0,True
OUT:dad:DC_EMEA_g1:SmartX,2025-W48,,0.0,True
OUT:dad:DC_EMEA_g1:SmartX,2025-W49,,0.0,True
OUT:dad:DC_EMEA_g1:SmartX,2025-W50,,0.0,True
OUT:dad:DC_EMEA_g1:SmartX,2025-W51,,0.0,True
OUT:dad:DC_EMEA_g1:SmartX,2025-W52,,366.0,True
OUT:dad:DC_EMEA_g1:SmartX,2026-W01,,364.0,True
OUT:dad:DC_EMEA_g1:SmartX,2026-W02,,363.0,True
OUT:dad:DC_EMEA_g1:SmartX,2026-W03,,361.0,True
OUT:dad:DC_EMEA_g1:SmartX,2026-W04,,360.0,True
OUT:dad:DC_EMEA_g1:SmartX,2026-W05,,358.0,True
OUT:dad:DC_EMEA_g1:SmartX,2026-W06,,356.0,True
OUT:dad:DC_EMEA_g1:SmartX,2026-W07,,355.0,True
OUT:dad:DC_EMEA_g1:SmartX,2026-W08,,353.0,True
OUT:dad:DC_EMEA_g1:SmartX,2026-W09,,351.0,True
OUT:dad:DC_EMEA_g1:SmartX,2026-W10,,350.0,True
OUT:dad:DC_EMEA_g1:SmartX,2026-W11,,348.0,True
OUT:dad:DC_EMEA_g1:SmartX,2026-W12,,347.0,True
OUT:dad:DC_EMEA_g1:SmartX,2026-W13,,345.0,True
OUT:dad:DC_EMEA_g1:SmartX,2026-W14,,343.0,True
OUT:dad:DC_EMEA_g1:SmartX,2026-W15,,342.0,True
OUT:dad:DC_EMEA_g1:SmartX,2026-W16,,340.0,True
OUT:dad:DC_EMEA_g1:SmartX,2026-W17,,339.0,True
OUT:dad:DC_EMEA_g1:SmartX,2026-W18,,337.0,True
OUT:dad:DC_EMEA_g1:SmartX,2026-W19,,335.0,True
OUT:dad:DC_EMEA_g1:SmartX,2026-W20,,334.0,True
OUT:dad:DC_EMEA_g1:SmartX,2026-W21,,332.0,True
OUT:dad:DC_EMEA_g1:SmartX,2026-W22,,330.0,True
OUT:dad:DC_EMEA_g1:SmartX,2026-W23,,329.0,True
OUT:dad:DC_EMEA_g1:SmartX,2026-W24,,327.0,True
OUT:dad:DC_EMEA_g1:SmartX,2026-W25,,326.0,True
OUT:dad:DC_EMEA_g1:SmartX,2026-W26,,324.0,True
OUT:dad:DC_EMEA_g1:SmartX,2026-W27,,322.0,True
OUT:dad:DC_EMEA_g1:SmartX,2026-W28,,321.0,True
OUT:dad:DC_EMEA_g1:SmartX,2026-W29,,319.0,True
OUT:dad:DC_EMEA_g1:SmartX,2026-W30,,318.0,True
OUT:dad:DC_EMEA_g1:SmartX,2026-W31,,316.0,True
OUT:dad:DC_EMEA_g1:SmartX,2026-W32,,314.0,True
OUT:dad:DC_EMEA_g1:SmartX,2026-W33,,313.0,True
OUT:dad:DC_EMEA_g1:SmartX,2026-W34,,311.0,True
OUT:dad:DC_EMEA_g1:SmartX,2026-W35,,309.0,True
OUT:dad:DC_EMEA_g1:SmartX,2026-W36,,308.0,True
OUT:dad:DC_EMEA_g1:SmartX,2026-W37,,306.0,True
OUT:dad:DC_EMEA_g1:SmartX,2026-W38,,305.0,True
OUT:dad:DC_EMEA_g1:SmartX,2026-W39,,303.0,True
OUT:dad:DC_EMEA_g1:SmartX,2026-W40,,301.0,True
OUT:dad:DC_EMEA_g1:SmartX,2026-W41,,300.0,True
OUT:dad:DC_EMEA_g1:SmartX,2026-W42,,298.0,True
OUT:dad:DC_EMEA_g1:SmartX,2026-W43,,297.0,True
OUT:dad:DC_EMEA_g1:SmartX,2026-W44,,295.0,True
OUT:dad:DC_EMEA_g1:SmartX,2026-W45,,293.0,True
OUT:dad:DC_EMEA_g1:SmartX,2026-W46,,292.0,True
OUT:dad:DC_EMEA_g1:SmartX,2026-W47,,290.0,True
OUT:dad:DC_EMEA_g1:SmartX,2026-W48,,288.0,True
OUT:dad:DC_EMEA_g1:SmartX,2026-W49,,287.0,True
OUT:dad:DC_EMEA_g1:SmartX,2026-W50,,285.0,True
OUT:dad:DC_EMEA_g1:SmartX,2026-W51,,284.0,True
OUT:dad:DC_EMEA_g1:SmartX,2026-W52,,282.0,True
OUT:dad:DC_EMEA_g1:SmartX,2026-W53,,280.0,True
OUT:dad:DC_EMEA_g1:SmartX,2027-W01,,280.0,True
OUT:dad:DC_EMEA_g1:SmartX,2027-W02,,280.0,True
OUT:dad:DC_EMEA_g1:SmartX,2027-W03,,280.0,True
OUT:dad:DC_EMEA_g1:SmartX,2027-W04,,280.0,True
OUT:dad:DC_EMEA_g1:SmartX,2027-W05,,280.0,True
OUT:dad:DC_EMEA_g1:SmartX,2027-W06,,280.0,True
OUT:dad:DC_EMEA_g1:SmartX,2027-W07,,280.0,True
OUT:dad:DC_EMEA_g1:SmartX,2027-W08,,280.0,True
OUT:dad:DC_EMEA_g1:SmartX,2027-W09,,280.0,True
OUT:dad:DC_EMEA_g1:SmartX,2027-W10,,280.0,True
OUT:dad:DC_EMEA_g1:SmartX,2027-W11,,280.0,True
OUT:dad:DC_EMEA_g1:SmartX,2027-W12,,280.0,True
OUT:dad:DC_EMEA_g1:SmartX,2027-W13,,280.0,True
OUT:dad:DC_EMEA_g1:SmartX,2027-W14,,280.0,True
OUT:dad:DC_EMEA_g1:SmartX,2027-W15,,280.0,True
OUT:dad:DC_EMEA_g1:SmartX,2027-W16,,280.0,True
OUT:dad:DC_EMEA_g1:SmartX,2027-W17,,280.0,True
OUT:dad:DC_EMEA_g1:SmartX,2027-W18,,280.0,True
OUT:dad:DC_EMEA_g1:SmartX,2027-W19,,280.0,True
OUT:dad:DC_EMEA_g1:SmartX,2027-W20,,280.0,True
OUT:dad:DC_EMEA_g1:SmartX,2027-W21,,280.0,True
OUT:dad:DC_EMEA_g1:SmartX,2027-W22,,280.0,True
OUT:dad:DC_EMEA_g1:SmartX,2027-W23,,280.0,True
OUT:dad:DC_EMEA_g1:SmartX,2027-W24,,280.0,True
OUT:dad:DC_EMEA_g1:SmartX,2027-W25,,280.0,True
OUT:dad:DC_EMEA_g1:SmartX,2027-W26,,277.0,True
OUT:dad:DC_EMEA_g1:SmartX,2027-W27,,275.0,True
OUT:dad:DC_EMEA_g1:SmartX,2027-W28,,272.0,True
OUT:dad:DC_EMEA_g1:SmartX,2027-W29,,270.0,True
OUT:dad:DC_EMEA_g1:SmartX,2027-W30,,267.0,True
OUT:dad:DC_EMEA_g1:SmartX,2027-W31,,265.0,True
OUT:dad:DC_EMEA_g1:SmartX,2027-W32,,262.0,True
OUT:dad:DC_EMEA_g1:SmartX,2027-W33,,259.0,True
OUT:dad:DC_EMEA_g1:SmartX,2027-W34,,257.0,True
OUT:dad:DC_EMEA_g1:SmartX,2027-W35,,254.0,True
OUT:dad:DC_EMEA_g1:SmartX,2027-W36,,251.0,True
OUT:dad:DC_EMEA_g1:SmartX,2027-W37,,249.0,True
OUT:dad:DC_EMEA_g1:SmartX,2027-W38,,246.0,True
OUT:dad:DC_EMEA_g1:SmartX,2027-W39,,244.0,True
OUT:dad:DC_EMEA_g1:SmartX,2027-W40,,241.0,True
OUT:dad:DC_EMEA_g1:SmartX,2027-W41,,239.0,True
OUT:dad:DC_EMEA_g1:SmartX,2027-W42,,236.0,True
OUT:dad:DC_EMEA_g1:SmartX,2027-W43,,233.0,True
OUT:dad:DC_EMEA_g1:SmartX,2027-W44,,231.0,True
OUT:dad:DC_EMEA_g1:SmartX,2027-W45,,228.0,True
OUT:dad:DC_EMEA_g1:SmartX,2027-W46,,225.0,True
OUT:dad:DC_EMEA_g1:SmartX,2027-W47,,223.0,True
OUT:dad:DC_EMEA_g1:SmartX,2027-W48,,220.0,True
OUT:dad:DC_EMEA_g1:SmartX,2027-W49,,218.0,True
OUT:dad:DC_EMEA_g1:SmartX,2027-W50,,215.0,True
OUT:dad:DC_EMEA_g1:SmartX,2027-W51,,213.0,True
OUT:dad:DC_EMEA_g1:SmartX,2027-W52,,207.0,True
OUT:dad:DC_EMEA_g1:SmartX,2028-W01,,205.0,True
OUT:dad:DC_EMEA_g1:SmartX,2028-W02,,202.0,True
OUT:dad:DC_EMEA_g1:SmartX,2028-W03,,200.0,True
OUT:dad:DC_EMEA_g1:SmartX,2028-W04,,197.0,True
OUT:dad:DC_EMEA_g1:SmartX,2028-W05,,195.0,True
OUT:dad:DC_EMEA_g1:SmartX,2028-W06,,192.0,True
OUT:dad:DC_EMEA_g1:SmartX,2028-W07,,189.0,True
OUT:dad:DC_EMEA_g1:SmartX,2028-W08,,187.0,True
OUT:dad:DC_EMEA_g1:SmartX,2028-W09,,184.0,True
OUT:dad:DC_EMEA_g1:SmartX,2028-W10,,181.0,True
OUT:dad:DC_EMEA_g1:SmartX,2028-W11,,179.0,True
OUT:dad:DC_EMEA_g1:SmartX,2028-W12,,176.0,True
OUT:dad:DC_EMEA_g1:SmartX,2028-W13,,174.0,True
OUT:dad:DC_EMEA_g1:SmartX,2028-W14,,171.0,True
OUT:dad:DC_EMEA_g1:SmartX,2028-W15,,169.0,True
OUT:dad:DC_EMEA_g1:SmartX,2028-W16,,166.0,True
OUT:dad:DC_EMEA_g1:SmartX,2028-W17,,163.0,True
OUT:dad:DC_EMEA_g1:SmartX,2028-W18,,161.0,True
OUT:dad:DC_EMEA_g1:SmartX,2028-W19,,158.0,True
OUT:dad:DC_EMEA_g1:SmartX,2028-W20,,155.0,True
OUT:dad:DC_EMEA_g1:SmartX,2028-W21,,153.0,True
OUT:dad:DC_EMEA_g1:SmartX,2028-W22,,150.0,True
OUT:dad:DC_EMEA_g1:SmartX,2028-W23,,148.0,True
OUT:dad:DC_EMEA_g1:SmartX,2028-W24,,145.0,True
OUT:dad:DC_EMEA_g1:SmartX,2028-W25,,143.0,True
OUT:dad:DC_EMEA_g1:SmartX,2028-W26,,138.0,True
OUT:dad:DC_EMEA_g1:SmartX,2028-W27,,136.0,True
OUT:dad:DC_EMEA_g1:SmartX,2028-W28,,134.0,True
OUT:dad:DC_EMEA_g1:SmartX,2028-W29,,133.0,True
OUT:dad:DC_EMEA_g1:SmartX,2028-W30,,131.0,True
OUT:dad:DC_EMEA_g1:SmartX,2028-W31,,129.0,True
OUT:dad:DC_EMEA_g1:SmartX,2028-W32,,127.0,True
OUT:dad:DC_EMEA_g1:SmartX,2028-W33,,125.0,True
OUT:dad:DC_EMEA_g1:SmartX,2028-W34,,124.0,True
OUT:dad:DC_EMEA_g1:SmartX,2028-W35,,122.0,True
OUT:dad:DC_EMEA_g1:SmartX,2028-W36,,120.0,True
OUT:dad:DC_EMEA_g1:SmartX,2028-W37,,118.0,True
OUT:dad:DC_EMEA_g1:SmartX,2028-W38,,116.0,True
OUT:dad:DC_EMEA_g1:SmartX,2028-W39,,115.0,True
OUT:dad:DC_EMEA_g1:SmartX,2028-W40,,113.0,True
OUT:dad:DC_EMEA_g1:SmartX,2028-W41,,111.0,True
OUT:dad:DC_EMEA_g1:SmartX,2028-W42,,109.0,True
OUT:dad:DC_EMEA_g1:SmartX,2028-W43,,107.0,True
OUT:dad:DC_EMEA_g1:SmartX,2028-W44,,106.0,True
OUT:dad:DC_EMEA_g1:SmartX,2028-W45,,104.0,True
OUT:dad:DC_EMEA_g1:SmartX,2028-W46,,102.0,True
OUT:dad:DC_EMEA_g1:SmartX,2028-W47,,100.0,True
OUT:dad:DC_EMEA_g1:SmartX,2028-W48,,98.0,True
OUT:dad:DC_EMEA_g1:SmartX,2028-W49,,97.0,True
OUT:dad:DC_EMEA_g1:SmartX,2028-W50,,94.0,True
OUT:dad:DC_EMEA_g1:SmartX,2028-W51,,93.0,True
OUT:dad:DC_EMEA_g1:SmartX,2028-W52,,90.0,True
OUT:dad:DC_EMEA_g1:SmartX,2029-W01,,88.0,True
OUT:dad:DC_EMEA_g1:SmartX,2029-W02,,87.0,True
OUT:dad:DC_EMEA_g1:SmartX,2029-W03,,86.0,True
OUT:dad:DC_EMEA_g1:SmartX,2029-W04,,85.0,True
OUT:dad:DC_EMEA_g1:SmartX,2029-W05,,83.0,True
OUT:dad:DC_EMEA_g1:SmartX,2029-W06,,82.0,True
OUT:dad:DC_EMEA_g1:SmartX,2029-W07,,80.0,True
OUT:dad:DC_EMEA_g1:SmartX,2029-W08,,79.0,True
OUT:dad:DC_EMEA_g1:SmartX,2029-W09,,78.0,True
OUT:dad:DC_EMEA_g1:SmartX,2029-W10,,77.0,True
OUT:dad:DC_EMEA_g1:SmartX,2029-W11,,76.0,True
OUT:dad:DC_EMEA_g1:SmartX,2029-W12,,74.0,True
OUT:dad:DC_EMEA_g1:SmartX,2029-W13,,73.0,True
OUT:dad:DC_EMEA_g1:SmartX,2029-W14,,71.0,True
OUT:dad:DC_EMEA_g1:SmartX,2029-W15,,70.0,True
OUT:dad:DC_EMEA_g1:SmartX,2029-W16,,69.0,True
OUT:dad:DC_EMEA_g1:SmartX,2029-W17,,68.0,True
OUT:dad:DC_EMEA_g1:SmartX,2029-W18,,66.0,True
OUT:dad:DC_EMEA_g1:SmartX,2029-W19,,65.0,True
OUT:dad:DC_EMEA_g1:SmartX,2029-W20,,64.0,True
OUT:dad:DC_EMEA_g1:SmartX,2029-W21,,62.0,True
OUT:dad:DC_EMEA_g1:SmartX,2029-W22,,61.0,True
OUT:dad:DC_EMEA_g1:SmartX,2029-W23,,60.0,True
OUT:dad:DC_EMEA_g1:SmartX,2029-W24,,59.0,True
OUT:dad:DC_EMEA_g1:SmartX,2029-W25,,57.0,True
OUT:dad:DC_EMEA_g1:SmartX,2029-W26,,55.0,True
OUT:dad:DC_EMEA_g1:SmartX,2029-W27,,54.0,True
OUT:dad:DC_EMEA_g1:SmartX,2029-W28,,53.0,True
OUT:dad:DC_EMEA_g1:SmartX,2029-W29,,52.0,True
OUT:dad:DC_EMEA_g1:SmartX,2029-W30,,51.0,True
OUT:dad:DC_EMEA_g1:SmartX,2029-W31,,50.0,True
OUT:dad:DC_EMEA_g1:SmartX,2029-W32,,49.0,True
OUT:dad:DC_EMEA_g1:SmartX,2029-W33,,48.0,True
OUT:dad:DC_EMEA_g1:SmartX,2029-W34,,47.0,True
OUT:dad:DC_EMEA_g1:SmartX,2029-W35,,46.0,True
OUT:dad:DC_EMEA_g1:SmartX,2029-W36,,45.0,True
OUT:dad:DC_EMEA_g1:SmartX,2029-W37,,43.0,True
OUT:dad:DC_EMEA_g1:SmartX,2029-W38,,43.0,True
OUT:dad:DC_EMEA_g1:SmartX,2029-W39,,41.0,True
OUT:dad:DC_EMEA_g1:SmartX,2029-W40,,41.0,True
OUT:dad:DC_EMEA_g1:SmartX,2029-W41,,39.0,True
OUT:dad:DC_EMEA_g1:SmartX,2029-W42,,38.0,True
OUT:dad:DC_EMEA_g1:SmartX,2029-W43,,37.0,True
OUT:dad:DC_EMEA_g1:SmartX,2029-W44,,36.0,True
OUT:dad:DC_EMEA_g1:SmartX,2029-W45,,35.0,True
OUT:dad:DC_EMEA_g1:SmartX,2029-W46,,34.0,True
OUT:dad:DC_EMEA_g1:SmartX,2029-W47,,33.0,True
OUT:dad:DC_EMEA_g1:SmartX,2029-W48,,32.0,True
OUT:dad:DC_EMEA_g1:SmartX,2029-W49,,31.0,True
OUT:dad:DC_EMEA_g1:SmartX,2029-W50,,30.0,True
OUT:dad:DC_EMEA_g1:SmartX,2029-W51,,29.0,True
OUT:dad:DC_EMEA_g1:SmartX,2029-W52,,28.0,True
OUT:dad:DC_EMEA_g1:SmartX,2030-W01,,27.0,True
OUT:dad:DC_EMEA_g1:SmartX,2030-W02,,26.0,True
OUT:dad:DC_EMEA_g1:SmartX,2030-W03,,25.0,True
OUT:dad:DC_EMEA_g1:SmartX,2030-W04,,24.0,True
OUT:dad:DC_EMEA_g1:SmartX,2030-W05,,23.0,True
OUT:dad:DC_EMEA_g1:SmartX,2030-W06,,22.0,True
OUT:dad:DC_EMEA_g1:SmartX,2030-W07,,20.0,True
OUT:dad:DC_EMEA_g1:SmartX,2030-W08,,19.0,True
OUT:dad:DC_EMEA_g1:SmartX,2030-W09,,18.0,True
OUT:dad:DC_EMEA_g1:SmartX,2030-W10,,17.0,True
OUT:dad:DC_EMEA_g1:SmartX,2030-W11,,16.0,True
OUT:dad:DC_EMEA_g1:SmartX,2030-W12,,15.0,True
OUT:dad:DC_EMEA_g1:SmartX,2030-W13,,14.0,True
OUT:dad:DC_EMEA_g1:SmartX,2030-W14,,13.0,True
OUT:dad:DC_EMEA_g1:SmartX,2030-W15,,12.0,True
OUT:dad:DC_EMEA_g1:SmartX,2030-W16,,11.0,True
OUT:dad:DC_EMEA_g1:SmartX,2030-W17,,10.0,True
OUT:dad:DC_EMEA_g1:SmartX,2030-W18,,9.0,True
OUT:dad:DC_EMEA_g1:SmartX,2030-W19,,8.0,True
OUT:dad:DC_EMEA_g1:SmartX,2030-W20,,6.0,True
OUT:dad:DC_EMEA_g1:SmartX,2030-W21,,5.0,True
OUT:dad:DC_EMEA_g1:SmartX,2030-W22,,4.0,True
OUT:dad:DC_EMEA_g1:SmartX,2030-W23,,3.0,True
OUT:dad:DC_EMEA_g1:SmartX,2030-W24,,2.0,True
OUT:dad:DC_EMEA_g1:SmartX,2030-W25,,1.0,True
OUT:dad:DC_EMEA_g1:SmartX,2030-W26,,0.0,True
OUT:dad:DC_EMEA_g1:SmartX,2030-W27,,0.0,True
OUT:dad:DC_EMEA_g1:SmartX,2030-W28,,0.0,True
OUT:dad:DC_EMEA_g1:SmartX,2030-W29,,0.0,True
OUT:dad:DC_EMEA_g1:SmartX,2030-W30,,0.0,True
OUT:dad:DC_EMEA_g1:SmartX,2030-W31,,0.0,True
OUT:dad:DC_EMEA_g1:SmartX,2030-W32,,0.0,True
OUT:dad:DC_EMEA_g1:SmartX,2030-W33,,0.0,True
OUT:dad:DC_EMEA_g1:SmartX,2030-W34,,0.0,True
OUT:dad:DC_EMEA_g1:SmartX,2030-W35,,0.0,True
OUT:dad:DC_EMEA_g1:SmartX,2030-W36,,0.0,True
OUT:dad:DC_EMEA_g1:SmartX,2030-W37,,0.0,True
OUT:dad:DC_EMEA_g1:SmartX,2030-W38,,0.0,True
OUT:dad:DC_EMEA_g1:SmartX,2030-W39,,0.0,True
OUT:dad:DC_EMEA_g1:SmartX,2030-W40,,0.0,True
OUT:dad:DC_EMEA_g1:SmartX,2030-W41,,0.0,True
OUT:dad:DC_EMEA_g1:SmartX,2030-W42,,0.0,True
OUT:dad:DC_EMEA_g1:SmartX,2030-W43,,0.0,True
OUT:dad:DC_EMEA_g1:SmartX,2030-W44,,0.0,True
OUT:dad:DC_EMEA_g1:SmartX,2030-W45,,0.0,True
OUT:dad:DC_EMEA_g1:SmartX,2030-W46,,0.0,True
OUT:dad:DC_EMEA_g1:SmartX,2030-W47,,0.0,True
OUT:dad:DC_EMEA_g1:SmartX,2030-W48,,0.0,True
OUT:dad:DC_EMEA_g1:SmartX,2030-W49,,0.0,True
OUT:dad:DC_EMEA_g1:SmartX,2030-W50,,0.0,True
OUT:dad:DC_EMEA_g1:SmartX,2030-W51,,0.0,True
OUT:dad:DC_EMEA_g1:SmartX,2030-W52,,0.0,True
OUT:dad:DC_EMEA_g3:SmartXNext,2025-W36,,0.0,True
OUT:dad:DC_EMEA_g3:SmartXNext,2025-W37,,0.0,True
OUT:dad:DC_EMEA_g3:SmartXNext,2025-W38,,0.0,True
OUT:dad:DC_EMEA_g3:SmartXNext,2025-W39,,0.0,True
OUT:dad:DC_EMEA_g3:SmartXNext,2025-W40,,0.0,True
OUT:dad:DC_EMEA_g3:SmartXNext,2025-W41,,0.0,True
OUT:dad:DC_EMEA_g3:SmartXNext,2025-W42,,0.0,True
OUT:dad:DC_EMEA_g3:SmartXNext,2025-W43,,0.0,True
OUT:dad:DC_EMEA_g3:SmartXNext,2025-W44,,0.0,True
OUT:dad:DC_EMEA_g3:SmartXNext,2025-W45,,0.0,True
OUT:dad:DC_EMEA_g3:SmartXNext,2025-W46,,0.0,True
OUT:dad:DC_EMEA_g3:SmartXNext,2025-W47,,0.0,True
OUT:dad:DC_EMEA_g3:SmartXNext,2025-W48,,0.0,True
OUT:dad:DC_EMEA_g3:SmartXNext,2025-W49,,0.0,True
OUT:dad:DC_EMEA_g3:SmartXNext,2025-W50,,0.0,True
OUT:dad:DC_EMEA_g3:SmartXNext,2025-W51,,0.0,True
OUT:dad:DC_EMEA_g3:SmartXNext,2025-W52,,0.0,True
OUT:dad:DC_EMEA_g3:SmartXNext,2026-W01,,0.0,True
OUT:dad:DC_EMEA_g3:SmartXNext,2026-W02,,0.0,True
OUT:dad:DC_EMEA_g3:SmartXNext,2026-W03,,0.0,True
OUT:dad:DC_EMEA_g3:SmartXNext,2026-W04,,0.0,True
OUT:dad:DC_EMEA_g3:SmartXNext,2026-W05,,0.0,True
OUT:dad:DC_EMEA_g3:SmartXNext,2026-W06,,0.0,True
OUT:dad:DC_EMEA_g3:SmartXNext,2026-W07,,0.0,True
OUT:dad:DC_EMEA_g3:SmartXNext,2026-W08,,0.0,True
OUT:dad:DC_EMEA_g3:SmartXNext,2026-W09,,0.0,True
OUT:dad:DC_EMEA_g3:SmartXNext,2026-W10,,0.0,True
OUT:dad:DC_EMEA_g3:SmartXNext,2026-W11,,0.0,True
OUT:dad:DC_EMEA_g3:SmartXNext,2026-W12,,0.0,True
OUT:dad:DC_EMEA_g3:SmartXNext,2026-W13,,0.0,True
OUT:dad:DC_EMEA_g3:SmartXNext,2026-W14,,0.0,True
OUT:dad:DC_EMEA_g3:SmartXNext,2026-W15,,0.0,True
OUT:dad:DC_EMEA_g3:SmartXNext,2026-W16,,0.0,True
OUT:dad:DC_EMEA_g3:SmartXNext,2026-W17,,0.0,True
OUT:dad:DC_EMEA_g3:SmartXNext,2026-W18,,0.0,True
OUT:dad:DC_EMEA_g3:SmartXNext,2026-W19,,0.0,True
OUT:dad:DC_EMEA_g3:SmartXNext,2026-W20,,0.0,True
OUT:dad:DC_EMEA_g3:SmartXNext,2026-W21,,0.0,True
OUT:dad:DC_EMEA_g3:SmartXNext,2026-W22,,0.0,True
OUT:dad:DC_EMEA_g3:SmartXNext,2026-W23,,0.0,True
OUT:dad:DC_EMEA_g3:SmartXNext,2026-W24,,0.0,True
OUT:dad:DC_EMEA_g3:SmartXNext,2026-W25,,0.0,True
OUT:dad:DC_EMEA_g3:SmartXNext,2026-W26,,0.0,True
OUT:dad:DC_EMEA_g3:SmartXNext,2026-W27,,0.0,True
OUT:dad:DC_EMEA_g3:SmartXNext,2026-W28,,0.0,True
OUT:dad:DC_EMEA_g3:SmartXNext,2026-W29,,0.0,True
OUT:dad:DC_EMEA_g3:SmartXNext,2026-W30,,0.0,True
OUT:dad:DC_EMEA_g3:SmartXNext,2026-W31,,0.0,True
OUT:dad:DC_EMEA_g3:SmartXNext,2026-W32,,0.0,True
OUT:dad:DC_EMEA_g3:SmartXNext,2026-W33,,0.0,True
OUT:dad:DC_EMEA_g3:SmartXNext,2026-W34,,0.0,True
OUT:dad:DC_EMEA_g3:SmartXNext,2026-W35,,0.0,True
OUT:dad:DC_EMEA_g3:SmartXNext,2026-W36,,0.0,True
OUT:dad:DC_EMEA_g3:SmartXNext,2026-W37,,0.0,True
OUT:dad:DC_EMEA_g3:SmartXNext,2026-W38,,0.0,True
OUT:dad:DC_EMEA_g3:SmartXNext,2026-W39,,0.0,True
OUT:dad:DC_EMEA_g3:SmartXNext,2026-W40,,0.0,True
OUT:dad:DC_EMEA_g3:SmartXNext,2026-W41,,0.0,True
OUT:dad:DC_EMEA_g3:SmartXNext,2026-W42,,0.0,True
OUT:dad:DC_EMEA_g3:SmartXNext,2026-W43,,0.0,True
OUT:dad:DC_EMEA_g3:SmartXNext,2026-W44,,0.0,True
OUT:dad:DC_EMEA_g3:SmartXNext,2026-W45,,0.0,True
OUT:dad:DC_EMEA_g3:SmartXNext,2026-W46,,0.0,True
OUT:dad:DC_EMEA_g3:SmartXNext,2026-W47,,0.0,True
OUT:dad:DC_EMEA_g3:SmartXNext,2026-W48,,0.0,True
OUT:dad:DC_EMEA_g3:SmartXNext,2026-W49,,0.0,True
OUT:dad:DC_EMEA_g3:SmartXNext,2026-W50,,0.0,True
OUT:dad:DC_EMEA_g3:SmartXNext,2026-W51,,0.0,True
OUT:dad:DC_EMEA_g3:SmartXNext,2026-W52,,0.0,True
OUT:dad:DC_EMEA_g3:SmartXNext,2026-W53,,0.0,True
OUT:dad:DC_EMEA_g3:SmartXNext,2027-W01,,0.0,True
OUT:dad:DC_EMEA_g3:SmartXNext,2027-W02,,0.0,True
OUT:dad:DC_EMEA_g3:SmartXNext,2027-W03,,0.0,True
OUT:dad:DC_EMEA_g3:SmartXNext,2027-W04,,0.0,True
OUT:dad:DC_EMEA_g3:SmartXNext,2027-W05,,0.0,True
OUT:dad:DC_EMEA_g3:SmartXNext,2027-W06,,0.0,True
OUT:dad:DC_EMEA_g3:SmartXNext,2027-W07,,0.0,True
OUT:dad:DC_EMEA_g3:SmartXNext,2027-W08,,0.0,True
OUT:dad:DC_EMEA_g3:SmartXNext,2027-W09,,0.0,True
OUT:dad:DC_EMEA_g3:SmartXNext,2027-W10,,0.0,True
OUT:dad:DC_EMEA_g3:SmartXNext,2027-W11,,0.0,True
OUT:dad:DC_EMEA_g3:SmartXNext,2027-W12,,0.0,True
OUT:dad:DC_EMEA_g3:SmartXNext,2027-W13,,0.0,True
OUT:dad:DC_EMEA_g3:SmartXNext,2027-W14,,0.0,True
OUT:dad:DC_EMEA_g3:SmartXNext,2027-W15,,0.0,True
OUT:dad:DC_EMEA_g3:SmartXNext,2027-W16,,0.0,True
OUT:dad:DC_EMEA_g3:SmartXNext,2027-W17,,0.0,True
OUT:dad:DC_EMEA_g3:SmartXNext,2027-W18,,0.0,True
OUT:dad:DC_EMEA_g3:SmartXNext,2027-W19,,0.0,True
OUT:dad:DC_EMEA_g3:SmartXNext,2027-W20,,0.0,True
OUT:dad:DC_EMEA_g3:SmartXNext,2027-W21,,0.0,True
OUT:dad:DC_EMEA_g3:SmartXNext,2027-W22,,0.0,True
OUT:dad:DC_EMEA_g3:SmartXNext,2027-W23,,0.0,True
OUT:dad:DC_EMEA_g3:SmartXNext,2027-W24,,0.0,True
OUT:dad:DC_EMEA_g3:SmartXNext,2027-W25,,0.0,True
OUT:dad:DC_EMEA_g3:SmartXNext,2027-W26,,0.0,True
OUT:dad:DC_EMEA_g3:SmartXNext,2027-W27,,0.0,True
OUT:dad:DC_EMEA_g3:SmartXNext,2027-W28,,0.0,True
OUT:dad:DC_EMEA_g3:SmartXNext,2027-W29,,0.0,True
OUT:dad:DC_EMEA_g3:SmartXNext,2027-W30,,0.0,True
OUT:dad:DC_EMEA_g3:SmartXNext,2027-W31,,0.0,True
OUT:dad:DC_EMEA_g3:SmartXNext,2027-W32,,0.0,True
OUT:dad:DC_EMEA_g3:SmartXNext,2027-W33,,0.0,True
OUT:dad:DC_EMEA_g3:SmartXNext,2027-W34,,0.0,True
OUT:dad:DC_EMEA_g3:SmartXNext,2027-W35,,0.0,True
OUT:dad:DC_EMEA_g3:SmartXNext,2027-W36,,0.0,True
OUT:dad:DC_EMEA_g3:SmartXNext,2027-W37,,0.0,True
OUT:dad:DC_EMEA_g3:SmartXNext,2027-W38,,0.0,True
OUT:dad:DC_EMEA_g3:SmartXNext,2027-W39,,0.0,True
OUT:dad:DC_EMEA_g3:SmartXNext,2027-W40,,0.0,True
OUT:dad:DC_EMEA_g3:SmartXNext,2027-W41,,0.0,True
OUT:dad:DC_EMEA_g3:SmartXNext,2027-W42,,0.0,True
OUT:dad:DC_EMEA_g3:SmartXNext,2027-W43,,0.0,True
OUT:dad:DC_EMEA_g3:SmartXNext,2027-W44,,0.0,True
OUT:dad:DC_EMEA_g3:SmartXNext,2027-W45,,0.0,True
OUT:dad:DC_EMEA_g3:SmartXNext,2027-W46,,0.0,True
OUT:dad:DC_EMEA_g3:SmartXNext,2027-W47,,0.0,True
OUT:dad:DC_EMEA_g3:SmartXNext,2027-W48,,0.0,True
OUT:dad:DC_EMEA_g3:SmartXNext,2027-W49,,0.0,True
OUT:dad:DC_EMEA_g3:SmartXNext,2027-W50,,0.0,True
OUT:dad:DC_EMEA_g3:SmartXNext,2027-W51,,0.0,True
OUT:dad:DC_EMEA_g3:SmartXNext,2027-W52,,0.0,True
OUT:dad:DC_EMEA_g3:SmartXNext,2028-W01,,0.0,True
OUT:dad:DC_EMEA_g3:SmartXNext,2028-W02,,0.0,True
OUT:dad:DC_EMEA_g3:SmartXNext,2028-W03,,0.0,True
OUT:dad:DC_EMEA_g3:SmartXNext,2028-W04,,0.0,True
OUT:dad:DC_EMEA_g3:SmartXNext,2028-W05,,0.0,True
OUT:dad:DC_EMEA_g3:SmartXNext,2028-W06,,0.0,True
OUT:dad:DC_EMEA_g3:SmartXNext,2028-W07,,0.0,True
OUT:dad:DC_EMEA_g3:SmartXNext,2028-W08,,0.0,True
OUT:dad:DC_EMEA_g3:SmartXNext,2028-W09,,0.0,True
OUT:dad:DC_EMEA_g3:SmartXNext,2028-W10,,0.0,True
OUT:dad:DC_EMEA_g3:SmartXNext,2028-W11,,0.0,True
OUT:dad:DC_EMEA_g3:SmartXNext,2028-W12,,0.0,True
OUT:dad:DC_EMEA_g3:SmartXNext,2028-W13,,0.0,True
OUT:dad:DC_EMEA_g3:SmartXNext,2028-W14,,0.0,True
OUT:dad:DC_EMEA_g3:SmartXNext,2028-W15,,0.0,True
OUT:dad:DC_EMEA_g3:SmartXNext,2028-W16,,0.0,True
OUT:dad:DC_EMEA_g3:SmartXNext,2028-W17,,0.0,True
OUT:dad:DC_EMEA_g3:SmartXNext,2028-W18,,0.0,True
OUT:dad:DC_EMEA_g3:SmartXNext,2028-W19,,0.0,True
OUT:dad:DC_EMEA_g3:SmartXNext,2028-W20,,0.0,True
OUT:dad:DC_EMEA_g3:SmartXNext,2028-W21,,0.0,True
OUT:dad:DC_EMEA_g3:SmartXNext,2028-W22,,0.0,True
OUT:dad:DC_EMEA_g3:SmartXNext,2028-W23,,0.0,True
OUT:dad:DC_EMEA_g3:SmartXNext,2028-W24,,0.0,True
OUT:dad:DC_EMEA_g3:SmartXNext,2028-W25,,0.0,True
OUT:dad:DC_EMEA_g3:SmartXNext,2028-W26,,15.0,True
OUT:dad:DC_EMEA_g3:SmartXNext,2028-W27,,31.0,True
OUT:dad:DC_EMEA_g3:SmartXNext,2028-W28,,47.0,True
OUT:dad:DC_EMEA_g3:SmartXNext,2028-W29,,62.0,True
OUT:dad:DC_EMEA_g3:SmartXNext,2028-W30,,78.0,True
OUT:dad:DC_EMEA_g3:SmartXNext,2028-W31,,93.0,True
OUT:dad:DC_EMEA_g3:SmartXNext,2028-W32,,109.0,True
OUT:dad:DC_EMEA_g3:SmartXNext,2028-W33,,125.0,True
OUT:dad:DC_EMEA_g3:SmartXNext,2028-W34,,140.0,True
OUT:dad:DC_EMEA_g3:SmartXNext,2028-W35,,155.0,True
OUT:dad:DC_EMEA_g3:SmartXNext,2028-W36,,171.0,True
OUT:dad:DC_EMEA_g3:SmartXNext,2028-W37,,187.0,True
OUT:dad:DC_EMEA_g3:SmartXNext,2028-W38,,202.0,True
OUT:dad:DC_EMEA_g3:SmartXNext,2028-W39,,218.0,True
OUT:dad:DC_EMEA_g3:SmartXNext,2028-W40,,233.0,True
OUT:dad:DC_EMEA_g3:SmartXNext,2028-W41,,249.0,True
OUT:dad:DC_EMEA_g3:SmartXNext,2028-W42,,265.0,True
OUT:dad:DC_EMEA_g3:SmartXNext,2028-W43,,280.0,True
OUT:dad:DC_EMEA_g3:SmartXNext,2028-W44,,295.0,True
OUT:dad:DC_EMEA_g3:SmartXNext,2028-W45,,311.0,True
OUT:dad:DC_EMEA_g3:SmartXNext,2028-W46,,327.0,True
OUT:dad:DC_EMEA_g3:SmartXNext,2028-W47,,342.0,True
OUT:dad:DC_EMEA_g3:SmartXNext,2028-W48,,358.0,True
OUT:dad:DC_EMEA_g3:SmartXNext,2028-W49,,373.0,True
OUT:dad:DC_EMEA_g3:SmartXNext,2028-W50,,389.0,True
OUT:dad:DC_EMEA_g3:SmartXNext,2028-W51,,405.0,True
OUT:dad:DC_EMEA_g3:SmartXNext,2028-W52,,428.0,True
OUT:dad:DC_EMEA_g3:SmartXNext,2029-W01,,435.0,True
OUT:dad:DC_EMEA_g3:SmartXNext,2029-W02,,443.0,True
OUT:dad:DC_EMEA_g3:SmartXNext,2029-W03,,451.0,True
OUT:dad:DC_EMEA_g3:SmartXNext,2029-W04,,459.0,True
OUT:dad:DC_EMEA_g3:SmartXNext,2029-W05,,467.0,True
OUT:dad:DC_EMEA_g3:SmartXNext,2029-W06,,475.0,True
OUT:dad:DC_EMEA_g3:SmartXNext,2029-W07,,482.0,True
OUT:dad:DC_EMEA_g3:SmartXNext,2029-W08,,490.0,True
OUT:dad:DC_EMEA_g3:SmartXNext,2029-W09,,498.0,True
OUT:dad:DC_EMEA_g3:SmartXNext,2029-W10,,505.0,True
OUT:dad:DC_EMEA_g3:SmartXNext,2029-W11,,513.0,True
OUT:dad:DC_EMEA_g3:SmartXNext,2029-W12,,521.0,True
OUT:dad:DC_EMEA_g3:SmartXNext,2029-W13,,529.0,True
OUT:dad:DC_EMEA_g3:SmartXNext,2029-W14,,537.0,True
OUT:dad:DC_EMEA_g3:SmartXNext,2029-W15,,545.0,True
OUT:dad:DC_EMEA_g3:SmartXNext,2029-W16,,552.0,True
OUT:dad:DC_EMEA_g3:SmartXNext,2029-W17,,560.0,True
OUT:dad:DC_EMEA_g3:SmartXNext,2029-W18,,568.0,True
OUT:dad:DC_EMEA_g3:SmartXNext,2029-W19,,575.0,True
OUT:dad:DC_EMEA_g3:SmartXNext,2029-W20,,583.0,True
OUT:dad:DC_EMEA_g3:SmartXNext,2029-W21,,591.0,True
OUT:dad:DC_EMEA_g3:SmartXNext,2029-W22,,599.0,True
OUT:dad:DC_EMEA_g3:SmartXNext,2029-W23,,607.0,True
OUT:dad:DC_EMEA_g3:SmartXNext,2029-W24,,615.0,True
OUT:dad:DC_EMEA_g3:SmartXNext,2029-W25,,622.0,True
OUT:dad:DC_EMEA_g3:SmartXNext,2029-W26,,635.0,True
OUT:dad:DC_EMEA_g3:SmartXNext,2029-W27,,640.0,True
OUT:dad:DC_EMEA_g3:SmartXNext,2029-W28,,645.0,True
OUT:dad:DC_EMEA_g3:SmartXNext,2029-W29,,651.0,True
OUT:dad:DC_EMEA_g3:SmartXNext,2029-W30,,656.0,True
OUT:dad:DC_EMEA_g3:SmartXNext,2029-W31,,661.0,True
OUT:dad:DC_EMEA_g3:SmartXNext,2029-W32,,666.0,True
OUT:dad:DC_EMEA_g3:SmartXNext,2029-W33,,671.0,True
OUT:dad:DC_EMEA_g3:SmartXNext,2029-W34,,677.0,True
OUT:dad:DC_EMEA_g3:SmartXNext,2029-W35,,682.0,True
OUT:dad:DC_EMEA_g3:SmartXNext,2029-W36,,687.0,True
OUT:dad:DC_EMEA_g3:SmartXNext,2029-W37,,692.0,True
OUT:dad:DC_EMEA_g3:SmartXNext,2029-W38,,697.0,True
OUT:dad:DC_EMEA_g3:SmartXNext,2029-W39,,703.0,True
OUT:dad:DC_EMEA_g3:SmartXNext,2029-W40,,708.0,True
OUT:dad:DC_EMEA_g3:SmartXNext,2029-W41,,713.0,True
OUT:dad:DC_EMEA_g3:SmartXNext,2029-W42,,718.0,True
OUT:dad:DC_EMEA_g3:SmartXNext,2029-W43,,723.0,True
OUT:dad:DC_EMEA_g3:SmartXNext,2029-W44,,729.0,True
OUT:dad:DC_EMEA_g3:SmartXNext,2029-W45,,734.0,True
OUT:dad:DC_EMEA_g3:SmartXNext,2029-W46,,739.0,True
OUT:dad:DC_EMEA_g3:SmartXNext,2029-W47,,744.0,True
OUT:dad:DC_EMEA_g3:SmartXNext,2029-W48,,749.0,True
OUT:dad:DC_EMEA_g3:SmartXNext,2029-W49,,755.0,True
OUT:dad:DC_EMEA_g3:SmartXNext,2029-W50,,760.0,True
OUT:dad:DC_EMEA_g3:SmartXNext,2029-W51,,765.0,True
OUT:dad:DC_EMEA_g3:SmartXNext,2029-W52,,770.0,True
OUT:dad:DC_EMEA_g3:SmartXNext,2030-W01,,777.0,True
OUT:dad:DC_EMEA_g3:SmartXNext,2030-W02,,783.0,True
OUT:dad:DC_EMEA_g3:SmartXNext,2030-W03,,790.0,True
OUT:dad:DC_EMEA_g3:SmartXNext,2030-W04,,797.0,True
OUT:dad:DC_EMEA_g3:SmartXNext,2030-W05,,804.0,True
OUT:dad:DC_EMEA_g3:SmartXNext,2030-W06,,810.0,True
OUT:dad:DC_EMEA_g3:SmartXNext,2030-W07,,817.0,True
OUT:dad:DC_EMEA_g3:SmartXNext,2030-W08,,824.0,True
OUT:dad:DC_EMEA_g3:SmartXNext,2030-W09,,831.0,True
OUT:dad:DC_EMEA_g3:SmartXNext,2030-W10,,837.0,True
OUT:dad:DC_EMEA_g3:SmartXNext,2030-W11,,844.0,True
OUT:dad:DC_EMEA_g3:SmartXNext,2030-W12,,851.0,True
OUT:dad:DC_EMEA_g3:SmartXNext,2030-W13,,858.0,True
OUT:dad:DC_EMEA_g3:SmartXNext,2030-W14,,864.0,True
OUT:dad:DC_EMEA_g3:SmartXNext,2030-W15,,871.0,True
OUT:dad:DC_EMEA_g3:SmartXNext,2030-W16,,878.0,True
OUT:dad:DC_EMEA_g3:SmartXNext,2030-W17,,884.0,True
OUT:dad:DC_EMEA_g3:SmartXNext,2030-W18,,891.0,True
OUT:dad:DC_EMEA_g3:SmartXNext,2030-W19,,898.0,True
OUT:dad:DC_EMEA_g3:SmartXNext,2030-W20,,905.0,True
OUT:dad:DC_EMEA_g3:SmartXNext,2030-W21,,911.0,True
OUT:dad:DC_EMEA_g3:SmartXNext,2030-W22,,918.0,True
OUT:dad:DC_EMEA_g3:SmartXNext,2030-W23,,925.0,True
OUT:dad:DC_EMEA_g3:SmartXNext,2030-W24,,932.0,True
OUT:dad:DC_EMEA_g3:SmartXNext,2030-W25,,938.0,True
OUT:dad:DC_EMEA_g3:SmartXNext,2030-W26,,945.0,True
OUT:dad:DC_EMEA_g3:SmartXNext,2030-W27,,938.0,True
OUT:dad:DC_EMEA_g3:SmartXNext,2030-W28,,932.0,True
OUT:dad:DC_EMEA_g3:SmartXNext,2030-W29,,927.0,True
OUT:dad:DC_EMEA_g3:SmartXNext,2030-W30,,921.0,True
OUT:dad:DC_EMEA_g3:SmartXNext,2030-W31,,916.0,True
OUT:dad:DC_EMEA_g3:SmartXNext,2030-W32,,910.0,True
OUT:dad:DC_EMEA_g3:SmartXNext,2030-W33,,905.0,True
OUT:dad:DC_EMEA_g3:SmartXNext,2030-W34,,899.0,True
OUT:dad:DC_EMEA_g3:SmartXNext,2030-W35,,894.0,True
OUT:dad:DC_EMEA_g3:SmartXNext,2030-W36,,888.0,True
OUT:dad:DC_EMEA_g3:SmartXNext,2030-W37,,883.0,True
OUT:dad:DC_EMEA_g3:SmartXNext,2030-W38,,877.0,True
OUT:dad:DC_EMEA_g3:SmartXNext,2030-W39,,872.0,True
OUT:dad:DC_EMEA_g3:SmartXNext,2030-W40,,866.0,True
OUT:dad:DC_EMEA_g3:SmartXNext,2030-W41,,860.0,True
OUT:dad:DC_EMEA_g3:SmartXNext,2030-W42,,855.0,True
OUT:dad:DC_EMEA_g3:SmartXNext,2030-W43,,849.0,True
OUT:dad:DC_EMEA_g3:SmartXNext,2030-W44,,844.0,True
OUT:dad:DC_EMEA_g3:SmartXNext,2030-W45,,838.0,True
OUT:dad:DC_EMEA_g3:SmartXNext,2030-W46,,833.0,True
OUT:dad:DC_EMEA_g3:SmartXNext,2030-W47,,827.0,True
OUT:dad:DC_EMEA_g3:SmartXNext,2030-W48,,822.0,True
OUT:dad:DC_EMEA_g3:SmartXNext,2030-W49,,816.0,True
OUT:dad:DC_EMEA_g3:SmartXNext,2030-W50,,811.0,True
OUT:dad:DC_EMEA_g3:SmartXNext,2030-W51,,805.0,True
OUT:dad:DC_EMEA_g3:SmartXNext,2030-W52,,0.0,True
OUT:leaf_out:AMER:SmartX,2025-W36,,0.0,True
OUT:leaf_out:AMER:SmartX,2025-W37,,0.0,True
OUT:leaf_out:AMER:SmartX,2025-W38,,0.0,True
OUT:leaf_out:AMER:SmartX,2025-W39,,0.0,True
OUT:leaf_out:AMER:SmartX,2025-W40,,0.0,True
OUT:leaf_out:AMER:SmartX,2025-W41,,0.0,True
OUT:leaf_out:AMER:SmartX,2025-W42,,0.0,True
OUT:leaf_out:AMER:SmartX,2025-W43,,0.0,True
OUT:leaf_out:AMER:SmartX,2025-W44,,0.0,True
OUT:leaf_out:AMER:SmartX,2025-W45,,0.0,True
OUT:leaf_out:AMER:SmartX,2025-W46,,0.0,True
OUT:leaf_out:AMER:SmartX,2025-W47,,0.0,True
OUT:leaf_out:AMER:SmartX,2025-W48,,0.0,True
OUT:leaf_out:AMER:SmartX,2025-W49,,0.0,True
OUT:leaf_out:AMER:SmartX,2025-W50,,0.0,True
OUT:leaf_out:AMER:SmartX,2025-W51,,0.0,True
OUT:leaf_out:AMER:SmartX,2025-W52,,0.0,True
OUT:leaf_out:AMER:SmartX,2026-W01,,523.0,True
OUT:leaf_out:AMER:SmartX,2026-W02,,521.0,True
OUT:leaf_out:AMER:SmartX,2026-W03,,518.0,True
OUT:leaf_out:AMER:SmartX,2026-W04,,516.0,True
OUT:leaf_out:AMER:SmartX,2026-W05,,514.0,True
OUT:leaf_out:AMER:SmartX,2026-W06,,511.0,True
OUT:leaf_out:AMER:SmartX,2026-W07,,509.0,True
OUT:leaf_out:AMER:SmartX,2026-W08,,507.0,True
OUT:leaf_out:AMER:SmartX,2026-W09,,505.0,True
OUT:leaf_out:AMER:SmartX,2026-W10,,502.0,True
OUT:leaf_out:AMER:SmartX,2026-W11,,500.0,True
OUT:leaf_out:AMER:SmartX,2026-W12,,498.0,True
OUT:leaf_out:AMER:SmartX,2026-W13,,495.0,True
OUT:leaf_out:AMER:SmartX,2026-W14,,493.0,True
OUT:leaf_out:AMER:SmartX,2026-W15,,491.0,True
OUT:leaf_out:AMER:SmartX,2026-W16,,488.0,True
OUT:leaf_out:AMER:SmartX,2026-W17,,486.0,True
OUT:leaf_out:AMER:SmartX,2026-W18,,484.0,True
OUT:leaf_out:AMER:SmartX,2026-W19,,481.0,True
OUT:leaf_out:AMER:SmartX,2026-W20,,479.0,True
OUT:leaf_out:AMER:SmartX,2026-W21,,477.0,True
OUT:leaf_out:AMER:SmartX,2026-W22,,475.0,True
OUT:leaf_out:AMER:SmartX,2026-W23,,472.0,True
OUT:leaf_out:AMER:SmartX,2026-W24,,470.0,True
OUT:leaf_out:AMER:SmartX,2026-W25,,468.0,True
OUT:leaf_out:AMER:SmartX,2026-W26,,465.0,True
OUT:leaf_out:AMER:SmartX,2026-W27,,463.0,True
OUT:leaf_out:AMER:SmartX,2026-W28,,461.0,True
OUT:leaf_out:AMER:SmartX,2026-W29,,458.0,True
OUT:leaf_out:AMER:SmartX,2026-W30,,456.0,True
OUT:leaf_out:AMER:SmartX,2026-W31,,454.0,True
OUT:leaf_out:AMER:SmartX,2026-W32,,451.0,True
OUT:leaf_out:AMER:SmartX,2026-W33,,449.0,True
OUT:leaf_out:AMER:SmartX,2026-W34,,447.0,True
OUT:leaf_out:AMER:SmartX,2026-W35,,445.0,True
OUT:leaf_out:AMER:SmartX,2026-W36,,442.0,True
OUT:leaf_out:AMER:SmartX,2026-W37,,440.0,True
OUT:leaf_out:AMER:SmartX,2026-W38,,438.0,True
OUT:leaf_out:AMER:SmartX,2026-W39,,435.0,True
OUT:leaf_out:AMER:SmartX,2026-W40,,433.0,True
OUT:leaf_out:AMER:SmartX,2026-W41,,431.0,True
OUT:leaf_out:AMER:SmartX,2026-W42,,428.0,True
OUT:leaf_out:AMER:SmartX,2026-W43,,426.0,True
OUT:leaf_out:AMER:SmartX,2026-W44,,424.0,True
OUT:leaf_out:AMER:SmartX,2026-W45,,421.0,True
OUT:leaf_out:AMER:SmartX,2026-W46,,419.0,True
OUT:leaf_out:AMER:SmartX,2026-W47,,417.0,True
OUT:leaf_out:AMER:SmartX,2026-W48,,415.0,True
OUT:leaf_out:AMER:SmartX,2026-W49,,412.0,True
OUT:leaf_out:AMER:SmartX,2026-W50,,410.0,True
OUT:leaf_out:AMER:SmartX,2026-W51,,408.0,True
OUT:leaf_out:AMER:SmartX,2026-W52,,405.0,True
OUT:leaf_out:AMER:SmartX,2026-W53,,403.0,True
OUT:leaf_out:AMER:SmartX,2027-W01,,400.0,True
OUT:leaf_out:AMER:SmartX,2027-W02,,400.0,True
OUT:leaf_out:AMER:SmartX,2027-W03,,400.0,True
OUT:leaf_out:AMER:SmartX,2027-W04,,400.0,True
OUT:leaf_out:AMER:SmartX,2027-W05,,400.0,True
OUT:leaf_out:AMER:SmartX,2027-W06,,400.0,True
OUT:leaf_out:AMER:SmartX,2027-W07,,400.0,True
OUT:leaf_out:AMER:SmartX,2027-W08,,400.0,True
OUT:leaf_out:AMER:SmartX,2027-W09,,400.0,True
OUT:leaf_out:AMER:SmartX,2027-W10,,400.0,True
OUT:leaf_out:AMER:SmartX,2027-W11,,400.0,True
OUT:leaf_out:AMER:SmartX,2027-W12,,400.0,True
OUT:leaf_out:AMER:SmartX,2027-W13,,400.0,True
OUT:leaf_out:AMER:SmartX,2027-W14,,400.0,True
OUT:leaf_out:AMER:SmartX,2027-W15,,400.0,True
OUT:leaf_out:AMER:SmartX,2027-W16,,400.0,True
OUT:leaf_out:AMER:SmartX,2027-W17,,400.0,True
OUT:leaf_out:AMER:SmartX,2027-W18,,400.0,True
OUT:leaf_out:AMER:SmartX,2027-W19,,400.0,True
OUT:leaf_out:AMER:SmartX,2027-W20,,400.0,True
OUT:leaf_out:AMER:SmartX,2027-W21,,400.0,True
OUT:leaf_out:AMER:SmartX,2027-W22,,400.0,True
OUT:leaf_out:AMER:SmartX,2027-W23,,400.0,True
OUT:leaf_out:AMER:SmartX,2027-W24,,400.0,True
OUT:leaf_out:AMER:SmartX,2027-W25,,400.0,True
OUT:leaf_out:AMER:SmartX,2027-W26,,400.0,True
OUT:leaf_out:AMER:SmartX,2027-W27,,396.0,True
OUT:leaf_out:AMER:SmartX,2027-W28,,393.0,True
OUT:leaf_out:AMER:SmartX,2027-W29,,389.0,True
OUT:leaf_out:AMER:SmartX,2027-W30,,385.0,True
OUT:leaf_out:AMER:SmartX,2027-W31,,381.0,True
OUT:leaf_out:AMER:SmartX,2027-W32,,378.0,True
OUT:leaf_out:AMER:SmartX,2027-W33,,374.0,True
OUT:leaf_out:AMER:SmartX,2027-W34,,370.0,True
OUT:leaf_out:AMER:SmartX,2027-W35,,367.0,True
OUT:leaf_out:AMER:SmartX,2027-W36,,363.0,True
OUT:leaf_out:AMER:SmartX,2027-W37,,359.0,True
OUT:leaf_out:AMER:SmartX,2027-W38,,356.0,True
OUT:leaf_out:AMER:SmartX,2027-W39,,352.0,True
OUT:leaf_out:AMER:SmartX,2027-W40,,348.0,True
OUT:leaf_out:AMER:SmartX,2027-W41,,344.0,True
OUT:leaf_out:AMER:SmartX,2027-W42,,341.0,True
OUT:leaf_out:AMER:SmartX,2027-W43,,337.0,True
OUT:leaf_out:AMER:SmartX,2027-W44,,333.0,True
OUT:leaf_out:AMER:SmartX,2027-W45,,330.0,True
OUT:leaf_out:AMER:SmartX,2027-W46,,326.0,True
OUT:leaf_out:AMER:SmartX,2027-W47,,322.0,True
OUT:leaf_out:AMER:SmartX,2027-W48,,319.0,True
OUT:leaf_out:AMER:SmartX,2027-W49,,315.0,True
OUT:leaf_out:AMER:SmartX,2027-W50,,311.0,True
OUT:leaf_out:AMER:SmartX,2027-W51,,307.0,True
OUT:leaf_out:AMER:SmartX,2027-W52,,304.0,True
OUT:leaf_out:AMER:SmartX,2028-W01,,296.0,True
OUT:leaf_out:AMER:SmartX,2028-W02,,293.0,True
OUT:leaf_out:AMER:SmartX,2028-W03,,289.0,True
OUT:leaf_out:AMER:SmartX,2028-W04,,285.0,True
OUT:leaf_out:AMER:SmartX,2028-W05,,281.0,True
OUT:leaf_out:AMER:SmartX,2028-W06,,278.0,True
OUT:leaf_out:AMER:SmartX,2028-W07,,274.0,True
OUT:leaf_out:AMER:SmartX,2028-W08,,270.0,True
OUT:leaf_out:AMER:SmartX,2028-W09,,267.0,True
OUT:leaf_out:AMER:SmartX,2028-W10,,263.0,True
OUT:leaf_out:AMER:SmartX,2028-W11,,259.0,True
OUT:leaf_out:AMER:SmartX,2028-W12,,256.0,True
OUT:leaf_out:AMER:SmartX,2028-W13,,252.0,True
OUT:leaf_out:AMER:SmartX,2028-W14,,248.0,True
OUT:leaf_out:AMER:SmartX,2028-W15,,244.0,True
OUT:leaf_out:AMER:SmartX,2028-W16,,241.0,True
OUT:leaf_out:AMER:SmartX,2028-W17,,237.0,True
OUT:leaf_out:AMER:SmartX,2028-W18,,233.0,True
OUT:leaf_out:AMER:SmartX,2028-W19,,230.0,True
OUT:leaf_out:AMER:SmartX,2028-W20,,226.0,True
OUT:leaf_out:AMER:SmartX,2028-W21,,222.0,True
OUT:leaf_out:AMER:SmartX,2028-W22,,219.0,True
OUT:leaf_out:AMER:SmartX,2028-W23,,215.0,True
OUT:leaf_out:AMER:SmartX,2028-W24,,211.0,True
OUT:leaf_out:AMER:SmartX,2028-W25,,207.0,True
OUT:leaf_out:AMER:SmartX,2028-W26,,204.0,True
OUT:leaf_out:AMER:SmartX,2028-W27,,197.0,True
OUT:leaf_out:AMER:SmartX,2028-W28,,195.0,True
OUT:leaf_out:AMER:SmartX,2028-W29,,192.0,True
OUT:leaf_out:AMER:SmartX,2028-W30,,190.0,True
OUT:leaf_out:AMER:SmartX,2028-W31,,187.0,True
OUT:leaf_out:AMER:SmartX,2028-W32,,184.0,True
OUT:leaf_out:AMER:SmartX,2028-W33,,182.0,True
OUT:leaf_out:AMER:SmartX,2028-W34,,179.0,True
OUT:leaf_out:AMER:SmartX,2028-W35,,177.0,True
OUT:leaf_out:AMER:SmartX,2028-W36,,174.0,True
OUT:leaf_out:AMER:SmartX,2028-W37,,171.0,True
OUT:leaf_out:AMER:SmartX,2028-W38,,169.0,True
OUT:leaf_out:AMER:SmartX,2028-W39,,166.0,True
OUT:leaf_out:AMER:SmartX,2028-W40,,164.0,True
OUT:leaf_out:AMER:SmartX,2028-W41,,161.0,True
OUT:leaf_out:AMER:SmartX,2028-W42,,159.0,True
OUT:leaf_out:AMER:SmartX,2028-W43,,156.0,True
OUT:leaf_out:AMER:SmartX,2028-W44,,153.0,True
OUT:leaf_out:AMER:SmartX,2028-W45,,151.0,True
OUT:leaf_out:AMER:SmartX,2028-W46,,148.0,True
OUT:leaf_out:AMER:SmartX,2028-W47,,146.0,True
OUT:leaf_out:AMER:SmartX,2028-W48,,143.0,True
OUT:leaf_out:AMER:SmartX,2028-W49,,140.0,True
OUT:leaf_out:AMER:SmartX,2028-W50,,138.0,True
OUT:leaf_out:AMER:SmartX,2028-W51,,135.0,True
OUT:leaf_out:AMER:SmartX,2028-W52,,133.0,True
OUT:leaf_out:AMER:SmartX,2029-W01,,128.0,True
OUT:leaf_out:AMER:SmartX,2029-W02,,126.0,True
OUT:leaf_out:AMER:SmartX,2029-W03,,124.0,True
OUT:leaf_out:AMER:SmartX,2029-W04,,123.0,True
OUT:leaf_out:AMER:SmartX,2029-W05,,121.0,True
OUT:leaf_out:AMER:SmartX,2029-W06,,119.0,True
OUT:leaf_out:AMER:SmartX,2029-W07,,117.0,True
OUT:leaf_out:AMER:SmartX,2029-W08,,115.0,True
OUT:leaf_out:AMER:SmartX,2029-W09,,113.0,True
OUT:leaf_out:AMER:SmartX,2029-W10,,111.0,True
OUT:leaf_out:AMER:SmartX,2029-W11,,110.0,True
OUT:leaf_out:AMER:SmartX,2029-W12,,108.0,True
OUT:leaf_out:AMER:SmartX,2029-W13,,106.0,True
OUT:leaf_out:AMER:SmartX,2029-W14,,104.0,True
OUT:leaf_out:AMER:SmartX,2029-W15,,102.0,True
OUT:leaf_out:AMER:SmartX,2029-W16,,100.0,True
OUT:leaf_out:AMER:SmartX,2029-W17,,99.0,True
OUT:leaf_out:AMER:SmartX,2029-W18,,97.0,True
OUT:leaf_out:AMER:SmartX,2029-W19,,95.0,True
OUT:leaf_out:AMER:SmartX,2029-W20,,93.0,True
OUT:leaf_out:AMER:SmartX,2029-W21,,91.0,True
OUT:leaf_out:AMER:SmartX,2029-W22,,89.0,True
OUT:leaf_out:AMER:SmartX,2029-W23,,87.0,True
OUT:leaf_out:AMER:SmartX,2029-W24,,86.0,True
OUT:leaf_out:AMER:SmartX,2029-W25,,84.0,True
OUT:leaf_out:AMER:SmartX,2029-W26,,82.0,True
OUT:leaf_out:AMER:SmartX,2029-W27,,79.0,True
OUT:leaf_out:AMER:SmartX,2029-W28,,77.0,True
OUT:leaf_out:AMER:SmartX,2029-W29,,76.0,True
OUT:leaf_out:AMER:SmartX,2029-W30,,74.0,True
OUT:leaf_out:AMER:SmartX,2029-W31,,73.0,True
OUT:leaf_out:AMER:SmartX,2029-W32,,71.0,True
OUT:leaf_out:AMER:SmartX,2029-W33,,70.0,True
OUT:leaf_out:AMER:SmartX,2029-W34,,68.0,True
OUT:leaf_out:AMER:SmartX,2029-W35,,67.0,True
OUT:leaf_out:AMER:SmartX,2029-W36,,65.0,True
OUT:leaf_out:AMER:SmartX,2029-W37,,64.0,True
OUT:leaf_out:AMER:SmartX,2029-W38,,62.0,True
OUT:leaf_out:AMER:SmartX,2029-W39,,61.0,True
OUT:leaf_out:AMER:SmartX,2029-W40,,59.0,True
OUT:leaf_out:AMER:SmartX,2029-W41,,58.0,True
OUT:leaf_out:AMER:SmartX,2029-W42,,56.0,True
OUT:leaf_out:AMER:SmartX,2029-W43,,55.0,True
OUT:leaf_out:AMER:SmartX,2029-W44,,53.0,True
OUT:leaf_out:AMER:SmartX,2029-W45,,52.0,True
OUT:leaf_out:AMER:SmartX,2029-W46,,50.0,True
OUT:leaf_out:AMER:SmartX,2029-W47,,49.0,True
OUT:leaf_out:AMER:SmartX,2029-W48,,47.0,True
OUT:leaf_out:AMER:SmartX,2029-W49,,46.0,True
OUT:leaf_out:AMER:SmartX,2029-W50,,44.0,True
OUT:leaf_out:AMER:SmartX,2029-W51,,43.0,True
OUT:leaf_out:AMER:SmartX,2029-W52,,41.0,True
OUT:leaf_out:AMER:SmartX,2030-W01,,40.0,True
OUT:leaf_out:AMER:SmartX,2030-W02,,38.0,True
OUT:leaf_out:AMER:SmartX,2030-W03,,37.0,True
OUT:leaf_out:AMER:SmartX,2030-W04,,35.0,True
OUT:leaf_out:AMER:SmartX,2030-W05,,34.0,True
OUT:leaf_out:AMER:SmartX,2030-W06,,32.0,True
OUT:leaf_out:AMER:SmartX,2030-W07,,31.0,True
OUT:leaf_out:AMER:SmartX,2030-W08,,29.0,True
OUT:leaf_out:AMER:SmartX,2030-W09,,28.0,True
OUT:leaf_out:AMER:SmartX,2030-W10,,26.0,True
OUT:leaf_out:AMER:SmartX,2030-W11,,25.0,True
OUT:leaf_out:AMER:SmartX,2030-W12,,23.0,True
OUT:leaf_out:AMER:SmartX,2030-W13,,22.0,True
OUT:leaf_out:AMER:SmartX,2030-W14,,20.0,True
OUT:leaf_out:AMER:SmartX,2030-W15,,18.0,True
OUT:leaf_out:AMER:SmartX,2030-W16,,17.0,True
OUT:leaf_out:AMER:SmartX,2030-W17,,15.0,True
OUT:leaf_out:AMER:SmartX,2030-W18,,14.0,True
OUT:leaf_out:AMER:SmartX,2030-W19,,12.0,True
OUT:leaf_out:AMER:SmartX,2030-W20,,11.0,True
OUT:leaf_out:AMER:SmartX,2030-W21,,9.0,True
OUT:leaf_out:AMER:SmartX,2030-W22,,8.0,True
OUT:leaf_out:AMER:SmartX,2030-W23,,6.0,True
OUT:leaf_out:AMER:SmartX,2030-W24,,5.0,True
OUT:leaf_out:AMER:SmartX,2030-W25,,3.0,True
OUT:leaf_out:AMER:SmartX,2030-W26,,2.0,True
OUT:leaf_out:AMER:SmartX,2030-W27,,0.0,True
OUT:leaf_out:AMER:SmartX,2030-W28,,0.0,True
OUT:leaf_out:AMER:SmartX,2030-W29,,0.0,True
OUT:leaf_out:AMER:SmartX,2030-W30,,0.0,True
OUT:leaf_out:AMER:SmartX,2030-W31,,0.0,True
OUT:leaf_out:AMER:SmartX,2030-W32,,0.0,True
OUT:leaf_out:AMER:SmartX,2030-W33,,0.0,True
OUT:leaf_out:AMER:SmartX,2030-W34,,0.0,True
OUT:leaf_out:AMER:SmartX,2030-W35,,0.0,True
OUT:leaf_out:AMER:SmartX,2030-W36,,0.0,True
OUT:leaf_out:AMER:SmartX,2030-W37,,0.0,True
OUT:leaf_out:AMER:SmartX,2030-W38,,0.0,True
OUT:leaf_out:AMER:SmartX,2030-W39,,0.0,True
OUT:leaf_out:AMER:SmartX,2030-W40,,0.0,True
OUT:leaf_out:AMER:SmartX,2030-W41,,0.0,True
OUT:leaf_out:AMER:SmartX,2030-W42,,0.0,True
OUT:leaf_out:AMER:SmartX,2030-W43,,0.0,True
OUT:leaf_out:AMER:SmartX,2030-W44,,0.0,True
OUT:leaf_out:AMER:SmartX,2030-W45,,0.0,True
OUT:leaf_out:AMER:SmartX,2030-W46,,0.0,True
OUT:leaf_out:AMER:SmartX,2030-W47,,0.0,True
OUT:leaf_out:AMER:SmartX,2030-W48,,0.0,True
OUT:leaf_out:AMER:SmartX,2030-W49,,0.0,True
OUT:leaf_out:AMER:SmartX,2030-W50,,0.0,True
OUT:leaf_out:AMER:SmartX,2030-W51,,0.0,True
OUT:leaf_out:AMER:SmartX,2030-W52,,0.0,True
OUT:leaf_out:AMER:SmartXNext,2025-W36,,0.0,True
OUT:leaf_out:AMER:SmartXNext,2025-W37,,0.0,True
OUT:leaf_out:AMER:SmartXNext,2025-W38,,0.0,True
OUT:leaf_out:AMER:SmartXNext,2025-W39,,0.0,True
OUT:leaf_out:AMER:SmartXNext,2025-W40,,0.0,True
OUT:leaf_out:AMER:SmartXNext,2025-W41,,0.0,True
OUT:leaf_out:AMER:SmartXNext,2025-W42,,0.0,True
OUT:leaf_out:AMER:SmartXNext,2025-W43,,0.0,True
OUT:leaf_out:AMER:SmartXNext,2025-W44,,0.0,True
OUT:leaf_out:AMER:SmartXNext,2025-W45,,0.0,True
OUT:leaf_out:AMER:SmartXNext,2025-W46,,0.0,True
OUT:leaf_out:AMER:SmartXNext,2025-W47,,0.0,True
OUT:leaf_out:AMER:SmartXNext,2025-W48,,0.0,True
OUT:leaf_out:AMER:SmartXNext,2025-W49,,0.0,True
OUT:leaf_out:AMER:SmartXNext,2025-W50,,0.0,True
OUT:leaf_out:AMER:SmartXNext,2025-W51,,0.0,True
OUT:leaf_out:AMER:SmartXNext,2025-W52,,0.0,True
OUT:leaf_out:AMER:SmartXNext,2026-W01,,0.0,True
OUT:leaf_out:AMER:SmartXNext,2026-W02,,0.0,True
OUT:leaf_out:AMER:SmartXNext,2026-W03,,0.0,True
OUT:leaf_out:AMER:SmartXNext,2026-W04,,0.0,True
OUT:leaf_out:AMER:SmartXNext,2026-W05,,0.0,True
OUT:leaf_out:AMER:SmartXNext,2026-W06,,0.0,True
OUT:leaf_out:AMER:SmartXNext,2026-W07,,0.0,True
OUT:leaf_out:AMER:SmartXNext,2026-W08,,0.0,True
OUT:leaf_out:AMER:SmartXNext,2026-W09,,0.0,True
OUT:leaf_out:AMER:SmartXNext,2026-W10,,0.0,True
OUT:leaf_out:AMER:SmartXNext,2026-W11,,0.0,True
OUT:leaf_out:AMER:SmartXNext,2026-W12,,0.0,True
OUT:leaf_out:AMER:SmartXNext,2026-W13,,0.0,True
OUT:leaf_out:AMER:SmartXNext,2026-W14,,0.0,True
OUT:leaf_out:AMER:SmartXNext,2026-W15,,0.0,True
OUT:leaf_out:AMER:SmartXNext,2026-W16,,0.0,True
OUT:leaf_out:AMER:SmartXNext,2026-W17,,0.0,True
OUT:leaf_out:AMER:SmartXNext,2026-W18,,0.0,True
OUT:leaf_out:AMER:SmartXNext,2026-W19,,0.0,True
OUT:leaf_out:AMER:SmartXNext,2026-W20,,0.0,True
OUT:leaf_out:AMER:SmartXNext,2026-W21,,0.0,True
OUT:leaf_out:AMER:SmartXNext,2026-W22,,0.0,True
OUT:leaf_out:AMER:SmartXNext,2026-W23,,0.0,True
OUT:leaf_out:AMER:SmartXNext,2026-W24,,0.0,True
OUT:leaf_out:AMER:SmartXNext,2026-W25,,0.0,True
OUT:leaf_out:AMER:SmartXNext,2026-W26,,0.0,True
OUT:leaf_out:AMER:SmartXNext,2026-W27,,0.0,True
OUT:leaf_out:AMER:SmartXNext,2026-W28,,0.0,True
OUT:leaf_out:AMER:SmartXNext,2026-W29,,0.0,True
OUT:leaf_out:AMER:SmartXNext,2026-W30,,0.0,True
OUT:leaf_out:AMER:SmartXNext,2026-W31,,0.0,True
OUT:leaf_out:AMER:SmartXNext,2026-W32,,0.0,True
OUT:leaf_out:AMER:SmartXNext,2026-W33,,0.0,True
OUT:leaf_out:AMER:SmartXNext,2026-W34,,0.0,True
OUT:leaf_out:AMER:SmartXNext,2026-W35,,0.0,True
OUT:leaf_out:AMER:SmartXNext,2026-W36,,0.0,True
OUT:leaf_out:AMER:SmartXNext,2026-W37,,0.0,True
OUT:leaf_out:AMER:SmartXNext,2026-W38,,0.0,True
OUT:leaf_out:AMER:SmartXNext,2026-W39,,0.0,True
OUT:leaf_out:AMER:SmartXNext,2026-W40,,0.0,True
OUT:leaf_out:AMER:SmartXNext,2026-W41,,0.0,True
OUT:leaf_out:AMER:SmartXNext,2026-W42,,0.0,True
OUT:leaf_out:AMER:SmartXNext,2026-W43,,0.0,True
OUT:leaf_out:AMER:SmartXNext,2026-W44,,0.0,True
OUT:leaf_out:AMER:SmartXNext,2026-W45,,0.0,True
OUT:leaf_out:AMER:SmartXNext,2026-W46,,0.0,True
OUT:leaf_out:AMER:SmartXNext,2026-W47,,0.0,True
OUT:leaf_out:AMER:SmartXNext,2026-W48,,0.0,True
OUT:leaf_out:AMER:SmartXNext,2026-W49,,0.0,True
OUT:leaf_out:AMER:SmartXNext,2026-W50,,0.0,True
OUT:leaf_out:AMER:SmartXNext,2026-W51,,0.0,True
OUT:leaf_out:AMER:SmartXNext,2026-W52,,0.0,True
OUT:leaf_out:AMER:SmartXNext,2026-W53,,0.0,True
OUT:leaf_out:AMER:SmartXNext,2027-W01,,0.0,True
OUT:leaf_out:AMER:SmartXNext,2027-W02,,0.0,True
OUT:leaf_out:AMER:SmartXNext,2027-W03,,0.0,True
OUT:leaf_out:AMER:SmartXNext,2027-W04,,0.0,True
OUT:leaf_out:AMER:SmartXNext,2027-W05,,0.0,True
OUT:leaf_out:AMER:SmartXNext,2027-W06,,0.0,True
OUT:leaf_out:AMER:SmartXNext,2027-W07,,0.0,True
OUT:leaf_out:AMER:SmartXNext,2027-W08,,0.0,True
OUT:leaf_out:AMER:SmartXNext,2027-W09,,0.0,True
OUT:leaf_out:AMER:SmartXNext,2027-W10,,0.0,True
OUT:leaf_out:AMER:SmartXNext,2027-W11,,0.0,True
OUT:leaf_out:AMER:SmartXNext,2027-W12,,0.0,True
OUT:leaf_out:AMER:SmartXNext,2027-W13,,0.0,True
OUT:leaf_out:AMER:SmartXNext,2027-W14,,0.0,True
OUT:leaf_out:AMER:SmartXNext,2027-W15,,0.0,True
OUT:leaf_out:AMER:SmartXNext,2027-W16,,0.0,True
OUT:leaf_out:AMER:SmartXNext,2027-W17,,0.0,True
OUT:leaf_out:AMER:SmartXNext,2027-W18,,0.0,True
OUT:leaf_out:AMER:SmartXNext,2027-W19,,0.0,True
OUT:leaf_out:AMER:SmartXNext,2027-W20,,0.0,True
OUT:leaf_out:AMER:SmartXNext,2027-W21,,0.0,True
OUT:leaf_out:AMER:SmartXNext,2027-W22,,0.0,True
OUT:leaf_out:AMER:SmartXNext,2027-W23,,0.0,True
OUT:leaf_out:AMER:SmartXNext,2027-W24,,0.0,True
OUT:leaf_out:AMER:SmartXNext,2027-W25,,0.0,True
OUT:leaf_out:AMER:SmartXNext,2027-W26,,0.0,True
OUT:leaf_out:AMER:SmartXNext,2027-W27,,0.0,True
OUT:leaf_out:AMER:SmartXNext,2027-W28,,0.0,True
OUT:leaf_out:AMER:SmartXNext,2027-W29,,0.0,True
OUT:leaf_out:AMER:SmartXNext,2027-W30,,0.0,True
OUT:leaf_out:AMER:SmartXNext,2027-W31,,0.0,True
OUT:leaf_out:AMER:SmartXNext,2027-W32,,0.0,True
OUT:leaf_out:AMER:SmartXNext,2027-W33,,0.0,True
OUT:leaf_out:AMER:SmartXNext,2027-W34,,0.0,True
OUT:leaf_out:AMER:SmartXNext,2027-W35,,0.0,True
OUT:leaf_out:AMER:SmartXNext,2027-W36,,0.0,True
OUT:leaf_out:AMER:SmartXNext,2027-W37,,0.0,True
OUT:leaf_out:AMER:SmartXNext,2027-W38,,0.0,True
OUT:leaf_out:AMER:SmartXNext,2027-W39,,0.0,True
OUT:leaf_out:AMER:SmartXNext,2027-W40,,0.0,True
OUT:leaf_out:AMER:SmartXNext,2027-W41,,0.0,True
OUT:leaf_out:AMER:SmartXNext,2027-W42,,0.0,True
OUT:leaf_out:AMER:SmartXNext,2027-W43,,0.0,True
OUT:leaf_out:AMER:SmartXNext,2027-W44,,0.0,True
OUT:leaf_out:AMER:SmartXNext,2027-W45,,0.0,True
OUT:leaf_out:AMER:SmartXNext,2027-W46,,0.0,True
OUT:leaf_out:AMER:SmartXNext,2027-W47,,0.0,True
OUT:leaf_out:AMER:SmartXNext,2027-W48,,0.0,True
OUT:leaf_out:AMER:SmartXNext,2027-W49,,0.0,True
OUT:leaf_out:AMER:SmartXNext,2027-W50,,0.0,True
OUT:leaf_out:AMER:SmartXNext,2027-W51,,0.0,True
OUT:leaf_out:AMER:SmartXNext,2027-W52,,0.0,True
OUT:leaf_out:AMER:SmartXNext,2028-W01,,0.0,True
OUT:leaf_out:AMER:SmartXNext,2028-W02,,0.0,True
OUT:leaf_out:AMER:SmartXNext,2028-W03,,0.0,True
OUT:leaf_out:AMER:SmartXNext,2028-W04,,0.0,True
OUT:leaf_out:AMER:SmartXNext,2028-W05,,0.0,True
OUT:leaf_out:AMER:SmartXNext,2028-W06,,0.0,True
OUT:leaf_out:AMER:SmartXNext,2028-W07,,0.0,True
OUT:leaf_out:AMER:SmartXNext,2028-W08,,0.0,True
OUT:leaf_out:AMER:SmartXNext,2028-W09,,0.0,True
OUT:leaf_out:AMER:SmartXNext,2028-W10,,0.0,True
OUT:leaf_out:AMER:SmartXNext,2028-W11,,0.0,True
OUT:leaf_out:AMER:SmartXNext,2028-W12,,0.0,True
OUT:leaf_out:AMER:SmartXNext,2028-W13,,0.0,True
OUT:leaf_out:AMER:SmartXNext,2028-W14,,0.0,True
OUT:leaf_out:AMER:SmartXNext,2028-W15,,0.0,True
OUT:leaf_out:AMER:SmartXNext,2028-W16,,0.0,True
OUT:leaf_out:AMER:SmartXNext,2028-W17,,0.0,True
OUT:leaf_out:AMER:SmartXNext,2028-W18,,0.0,True
OUT:leaf_out:AMER:SmartXNext,2028-W19,,0.0,True
OUT:leaf_out:AMER:SmartXNext,2028-W20,,0.0,True
OUT:leaf_out:AMER:SmartXNext,2028-W21,,0.0,True
OUT:leaf_out:AMER:SmartXNext,2028-W22,,0.0,True
OUT:leaf_out:AMER:SmartXNext,2028-W23,,0.0,True
OUT:leaf_out:AMER:SmartXNext,2028-W24,,0.0,True
OUT:leaf_out:AMER:SmartXNext,2028-W25,,0.0,True
OUT:leaf_out:AMER:SmartXNext,2028-W26,,0.0,True
OUT:leaf_out:AMER:SmartXNext,2028-W27,,22.0,True
OUT:leaf_out:AMER:SmartXNext,2028-W28,,44.0,True
OUT:leaf_out:AMER:SmartXNext,2028-W29,,67.0,True
OUT:leaf_out:AMER:SmartXNext,2028-W30,,89.0,True
OUT:leaf_out:AMER:SmartXNext,2028-W31,,111.0,True
OUT:leaf_out:AMER:SmartXNext,2028-W32,,133.0,True
OUT:leaf_out:AMER:SmartXNext,2028-W33,,156.0,True
OUT:leaf_out:AMER:SmartXNext,2028-W34,,178.0,True
OUT:leaf_out:AMER:SmartXNext,2028-W35,,200.0,True
OUT:leaf_out:AMER:SmartXNext,2028-W36,,222.0,True
OUT:leaf_out:AMER:SmartXNext,2028-W37,,244.0,True
OUT:leaf_out:AMER:SmartXNext,2028-W38,,267.0,True
OUT:leaf_out:AMER:SmartXNext,2028-W39,,289.0,True
OUT:leaf_out:AMER:SmartXNext,2028-W40,,311.0,True
OUT:leaf_out:AMER:SmartXNext,2028-W41,,333.0,True
OUT:leaf_out:AMER:SmartXNext,2028-W42,,356.0,True
OUT:leaf_out:AMER:SmartXNext,2028-W43,,378.0,True
OUT:leaf_out:AMER:SmartXNext,2028-W44,,400.0,True
OUT:leaf_out:AMER:SmartXNext,2028-W45,,422.0,True
OUT:leaf_out:AMER:SmartXNext,2028-W46,,444.0,True
OUT:leaf_out:AMER:SmartXNext,2028-W47,,467.0,True
OUT:leaf_out:AMER:SmartXNext,2028-W48,,489.0,True
OUT:leaf_out:AMER:SmartXNext,2028-W49,,511.0,True
OUT:leaf_out:AMER:SmartXNext,2028-W50,,533.0,True
OUT:leaf_out:AMER:SmartXNext,2028-W51,,556.0,True
OUT:leaf_out:AMER:SmartXNext,2028-W52,,578.0,True
OUT:leaf_out:AMER:SmartXNext,2029-W01,,611.0,True
OUT:leaf_out:AMER:SmartXNext,2029-W02,,622.0,True
OUT:leaf_out:AMER:SmartXNext,2029-W03,,633.0,True
OUT:leaf_out:AMER:SmartXNext,2029-W04,,644.0,True
OUT:leaf_out:AMER:SmartXNext,2029-W05,,656.0,True
OUT:leaf_out:AMER:SmartXNext,2029-W06,,667.0,True
OUT:leaf_out:AMER:SmartXNext,2029-W07,,678.0,True
OUT:leaf_out:AMER:SmartXNext,2029-W08,,689.0,True
OUT:leaf_out:AMER:SmartXNext,2029-W09,,700.0,True
OUT:leaf_out:AMER:SmartXNext,2029-W10,,711.0,True
OUT:leaf_out:AMER:SmartXNext,2029-W11,,722.0,True
OUT:leaf_out:AMER:SmartXNext,2029-W12,,733.0,True
OUT:leaf_out:AMER:SmartXNext,2029-W13,,744.0,True
OUT:leaf_out:AMER:SmartXNext,2029-W14,,756.0,True
OUT:leaf_out:AMER:SmartXNext,2029-W15,,767.0,True
OUT:leaf_out:AMER:SmartXNext,2029-W16,,778.0,True
OUT:leaf_out:AMER:SmartXNext,2029-W17,,789.0,True
OUT:leaf_out:AMER:SmartXNext,2029-W18,,800.0,True
OUT:leaf_out:AMER:SmartXNext,2029-W19,,811.0,True
OUT:leaf_out:AMER:SmartXNext,2029-W20,,822.0,True
OUT:leaf_out:AMER:SmartXNext,2029-W21,,833.0,True
OUT:leaf_out:AMER:SmartXNext,2029-W22,,844.0,True
OUT:leaf_out:AMER:SmartXNext,2029-W23,,856.0,True
OUT:leaf_out:AMER:SmartXNext,2029-W24,,867.0,True
OUT:leaf_out:AMER:SmartXNext,2029-W25,,878.0,True
OUT:leaf_out:AMER:SmartXNext,2029-W26,,889.0,True
OUT:leaf_out:AMER:SmartXNext,2029-W27,,907.0,True
OUT:leaf_out:AMER:SmartXNext,2029-W28,,915.0,True
OUT:leaf_out:AMER:SmartXNext,2029-W29,,922.0,True
OUT:leaf_out:AMER:SmartXNext,2029-W30,,930.0,True
OUT:leaf_out:AMER:SmartXNext,2029-W31,,937.0,True
OUT:leaf_out:AMER:SmartXNext,2029-W32,,944.0,True
OUT:leaf_out:AMER:SmartXNext,2029-W33,,952.0,True
OUT:leaf_out:AMER:SmartXNext,2029-W34,,959.0,True
OUT:leaf_out:AMER:SmartXNext,2029-W35,,967.0,True
OUT:leaf_out:AMER:SmartXNext,2029-W36,,974.0,True
OUT:leaf_out:AMER:SmartXNext,2029-W37,,981.0,True
OUT:leaf_out:AMER:SmartXNext,2029-W38,,989.0,True
OUT:leaf_out:AMER:SmartXNext,2029-W39,,996.0,True
OUT:leaf_out:AMER:SmartXNext,2029-W40,,1004.0,True
OUT:leaf_out:AMER:SmartXNext,2029-W41,,1011.0,True
OUT:leaf_out:AMER:SmartXNext,2029-W42,,1019.0,True
OUT:leaf_out:AMER:SmartXNext,2029-W43,,1026.0,True
OUT:leaf_out:AMER:SmartXNext,2029-W44,,1033.0,True
OUT:leaf_out:AMER:SmartXNext,2029-W45,,1041.0,True
OUT:leaf_out:AMER:SmartXNext,2029-W46,,1048.0,True
OUT:leaf_out:AMER:SmartXNext,2029-W47,,1056.0,True
OUT:leaf_out:AMER:SmartXNext,2029-W48,,1063.0,True
OUT:leaf_out:AMER:SmartXNext,2029-W49,,1070.0,True
OUT:leaf_out:AMER:SmartXNext,2029-W50,,1078.0,True
OUT:leaf_out:AMER:SmartXNext,2029-W51,,1085.0,True
OUT:leaf_out:AMER:SmartXNext,2029-W52,,1093.0,True
OUT:leaf_out:AMER:SmartXNext,2030-W01,,1100.0,True
OUT:leaf_out:AMER:SmartXNext,2030-W02,,1110.0,True
OUT:leaf_out:AMER:SmartXNext,2030-W03,,1119.0,True
OUT:leaf_out:AMER:SmartXNext,2030-W04,,1129.0,True
OUT:leaf_out:AMER:SmartXNext,2030-W05,,1138.0,True
OUT:leaf_out:AMER:SmartXNext,2030-W06,,1148.0,True
OUT:leaf_out:AMER:SmartXNext,2030-W07,,1158.0,True
OUT:leaf_out:AMER:SmartXNext,2030-W08,,1167.0,True
OUT:leaf_out:AMER:SmartXNext,2030-W09,,1177.0,True
OUT:leaf_out:AMER:SmartXNext,2030-W10,,1187.0,True
OUT:leaf_out:AMER:SmartXNext,2030-W11,,1196.0,True
OUT:leaf_out:AMER:SmartXNext,2030-W12,,1206.0,True
OUT:leaf_out:AMER:SmartXNext,2030-W13,,1215.0,True
OUT:leaf_out:AMER:SmartXNext,2030-W14,,1225.0,True
OUT:leaf_out:AMER:SmartXNext,2030-W15,,1235.0,True
OUT:leaf_out:AMER:SmartXNext,2030-W16,,1244.0,True
OUT:leaf_out:AMER:SmartXNext,2030-W17,,1254.0,True
OUT:leaf_out:AMER:SmartXNext,2030-W18,,1263.0,True
OUT:leaf_out:AMER:SmartXNext,2030-W19,,1273.0,True
OUT:leaf_out:AMER:SmartXNext,2030-W20,,1283.0,True
OUT:leaf_out:AMER:SmartXNext,2030-W21,,1292.0,True
OUT:leaf_out:AMER:SmartXNext,2030-W22,,1302.0,True
OUT:leaf_out:AMER:SmartXNext,2030-W23,,1312.0,True
OUT:leaf_out:AMER:SmartXNext,2030-W24,,1321.0,True
OUT:leaf_out:AMER:SmartXNext,2030-W25,,1331.0,True
OUT:leaf_out:AMER:SmartXNext,2030-W26,,1340.0,True
OUT:leaf_out:AMER:SmartXNext,2030-W27,,1350.0,True
OUT:leaf_out:AMER:SmartXNext,2030-W28,,1340.0,True
OUT:leaf_out:AMER:SmartXNext,2030-W29,,1332.0,True
OUT:leaf_out:AMER:SmartXNext,2030-W30,,1324.0,True
OUT:leaf_out:AMER:SmartXNext,2030-W31,,1316.0,True
OUT:leaf_out:AMER:SmartXNext,2030-W32,,1308.0,True
OUT:leaf_out:AMER:SmartXNext,2030-W33,,1300.0,True
OUT:leaf_out:AMER:SmartXNext,2030-W34,,1292.0,True
OUT:leaf_out:AMER:SmartXNext,2030-W35,,1285.0,True
OUT:leaf_out:AMER:SmartXNext,2030-W36,,1277.0,True
OUT:leaf_out:AMER:SmartXNext,2030-W37,,1269.0,True
OUT:leaf_out:AMER:SmartXNext,2030-W38,,1261.0,True
OUT:leaf_out:AMER:SmartXNext,2030-W39,,1253.0,True
OUT:leaf_out:AMER:SmartXNext,2030-W40,,1245.0,True
OUT:leaf_out:AMER:SmartXNext,2030-W41,,1237.0,True
OUT:leaf_out:AMER:SmartXNext,2030-W42,,1229.0,True
OUT:leaf_out:AMER:SmartXNext,2030-W43,,1221.0,True
OUT:leaf_out:AMER:SmartXNext,2030-W44,,1213.0,True
OUT:leaf_out:AMER:SmartXNext,2030-W45,,1205.0,True
OUT:leaf_out:AMER:SmartXNext,2030-W46,,1198.0,True
OUT:leaf_out:AMER:SmartXNext,2030-W47,,1190.0,True
OUT:leaf_out:AMER:SmartXNext,2030-W48,,1182.0,True
OUT:leaf_out:AMER:SmartXNext,2030-W49,,1174.0,True
OUT:leaf_out:AMER:SmartXNext,2030-W50,,1166.0,True
OUT:leaf_out:AMER:SmartXNext,2030-W51,,1158.0,True
OUT:leaf_out:AMER:SmartXNext,2030-W52,,1150.0,True
OUT:leaf_out:AMER:SmartXPro_IN,2025-W36,,0.0,True
OUT:leaf_out:AMER:SmartXPro_IN,2025-W37,,0.0,True
OUT:leaf_out:AMER:SmartXPro_IN,2025-W38,,0.0,True
OUT:leaf_out:AMER:SmartXPro_IN,2025-W39,,0.0,True
OUT:leaf_out:AMER:SmartXPro_IN,2025-W40,,0.0,True
OUT:leaf_out:AMER:SmartXPro_IN,2025-W41,,0.0,True
OUT:leaf_out:AMER:SmartXPro_IN,2025-W42,,0.0,True
OUT:leaf_out:AMER:SmartXPro_IN,2025-W43,,0.0,True
OUT:leaf_out:AMER:SmartXPro_IN,2025-W44,,0.0,True
OUT:leaf_out:AMER:SmartXPro_IN,2025-W45,,0.0,True
OUT:leaf_out:AMER:SmartXPro_IN,2025-W46,,0.0,True
OUT:leaf_out:AMER:SmartXPro_IN,2025-W47,,0.0,True
OUT:leaf_out:AMER:SmartXPro_IN,2025-W48,,0.0,True
OUT:leaf_out:AMER:SmartXPro_IN,2025-W49,,0.0,True
OUT:leaf_out:AMER:SmartXPro_IN,2025-W50,,0.0,True
OUT:leaf_out:AMER:SmartXPro_IN,2025-W51,,0.0,True
OUT:leaf_out:AMER:SmartXPro_IN,2025-W52,,0.0,True
OUT:leaf_out:AMER:SmartXPro_IN,2026-W01,,0.0,True
OUT:leaf_out:AMER:SmartXPro_IN,2026-W02,,0.0,True
OUT:leaf_out:AMER:SmartXPro_IN,2026-W03,,0.0,True
OUT:leaf_out:AMER:SmartXPro_IN,2026-W04,,0.0,True
OUT:leaf_out:AMER:SmartXPro_IN,2026-W05,,0.0,True
OUT:leaf_out:AMER:SmartXPro_IN,2026-W06,,0.0,True
OUT:leaf_out:AMER:SmartXPro_IN,2026-W07,,0.0,True
OUT:leaf_out:AMER:SmartXPro_IN,2026-W08,,0.0,True
OUT:leaf_out:AMER:SmartXPro_IN,2026-W09,,0.0,True
OUT:leaf_out:AMER:SmartXPro_IN,2026-W10,,0.0,True
OUT:leaf_out:AMER:SmartXPro_IN,2026-W11,,0.0,True
OUT:leaf_out:AMER:SmartXPro_IN,2026-W12,,0.0,True
OUT:leaf_out:AMER:SmartXPro_IN,2026-W13,,0.0,True
OUT:leaf_out:AMER:SmartXPro_IN,2026-W14,,0.0,True
OUT:leaf_out:AMER:SmartXPro_IN,2026-W15,,0.0,True
OUT:leaf_out:AMER:SmartXPro_IN,2026-W16,,0.0,True
OUT:leaf_out:AMER:SmartXPro_IN,2026-W17,,0.0,True
OUT:leaf_out:AMER:SmartXPro_IN,2026-W18,,0.0,True
OUT:leaf_out:AMER:SmartXPro_IN,2026-W19,,0.0,True
OUT:leaf_out:AMER:SmartXPro_IN,2026-W20,,0.0,True
OUT:leaf_out:AMER:SmartXPro_IN,2026-W21,,0.0,True
OUT:leaf_out:AMER:SmartXPro_IN,2026-W22,,0.0,True
OUT:leaf_out:AMER:SmartXPro_IN,2026-W23,,0.0,True
OUT:leaf_out:AMER:SmartXPro_IN,2026-W24,,0.0,True
OUT:leaf_out:AMER:SmartXPro_IN,2026-W25,,0.0,True
OUT:leaf_out:AMER:SmartXPro_IN,2026-W26,,0.0,True
OUT:leaf_out:AMER:SmartXPro_IN,2026-W27,,0.0,True
OUT:leaf_out:AMER:SmartXPro_IN,2026-W28,,0.0,True
OUT:leaf_out:AMER:SmartXPro_IN,2026-W29,,0.0,True
OUT:leaf_out:AMER:SmartXPro_IN,2026-W30,,0.0,True
OUT:leaf_out:AMER:SmartXPro_IN,2026-W31,,0.0,True
OUT:leaf_out:AMER:SmartXPro_IN,2026-W32,,0.0,True
OUT:leaf_out:AMER:SmartXPro_IN,2026-W33,,0.0,True
OUT:leaf_out:AMER:SmartXPro_IN,2026-W34,,0.0,True
OUT:leaf_out:AMER:SmartXPro_IN,2026-W35,,0.0,True
OUT:leaf_out:AMER:SmartXPro_IN,2026-W36,,0.0,True
OUT:leaf_out:AMER:SmartXPro_IN,2026-W37,,0.0,True
OUT:leaf_out:AMER:SmartXPro_IN,2026-W38,,0.0,True
OUT:leaf_out:AMER:SmartXPro_IN,2026-W39,,0.0,True
OUT:leaf_out:AMER:SmartXPro_IN,2026-W40,,0.0,True
OUT:leaf_out:AMER:SmartXPro_IN,2026-W41,,0.0,True
OUT:leaf_out:AMER:SmartXPro_IN,2026-W42,,0.0,True
OUT:leaf_out:AMER:SmartXPro_IN,2026-W43,,0.0,True
OUT:leaf_out:AMER:SmartXPro_IN,2026-W44,,0.0,True
OUT:leaf_out:AMER:SmartXPro_IN,2026-W45,,0.0,True
OUT:leaf_out:AMER:SmartXPro_IN,2026-W46,,0.0,True
OUT:leaf_out:AMER:SmartXPro_IN,2026-W47,,0.0,True
OUT:leaf_out:AMER:SmartXPro_IN,2026-W48,,0.0,True
OUT:leaf_out:AMER:SmartXPro_IN,2026-W49,,0.0,True
OUT:leaf_out:AMER:SmartXPro_IN,2026-W50,,0.0,True
OUT:leaf_out:AMER:SmartXPro_IN,2026-W51,,0.0,True
OUT:leaf_out:AMER:SmartXPro_IN,2026-W52,,0.0,True
OUT:leaf_out:AMER:SmartXPro_IN,2026-W53,,0.0,True
OUT:leaf_out:AMER:SmartXPro_IN,2027-W01,,900.0,True
OUT:leaf_out:AMER:SmartXPro_IN,2027-W02,,900.0,True
OUT:leaf_out:AMER:SmartXPro_IN,2027-W03,,900.0,True
OUT:leaf_out:AMER:SmartXPro_IN,2027-W04,,900.0,True
OUT:leaf_out:AMER:SmartXPro_IN,2027-W05,,900.0,True
OUT:leaf_out:AMER:SmartXPro_IN,2027-W06,,900.0,True
OUT:leaf_out:AMER:SmartXPro_IN,2027-W07,,900.0,True
OUT:leaf_out:AMER:SmartXPro_IN,2027-W08,,900.0,True
OUT:leaf_out:AMER:SmartXPro_IN,2027-W09,,900.0,True
OUT:leaf_out:AMER:SmartXPro_IN,2027-W10,,900.0,True
OUT:leaf_out:AMER:SmartXPro_IN,2027-W11,,900.0,True
OUT:leaf_out:AMER:SmartXPro_IN,2027-W12,,900.0,True
OUT:leaf_out:AMER:SmartXPro_IN,2027-W13,,900.0,True
OUT:leaf_out:AMER:SmartXPro_IN,2027-W14,,900.0,True
OUT:leaf_out:AMER:SmartXPro_IN,2027-W15,,900.0,True
OUT:leaf_out:AMER:SmartXPro_IN,2027-W16,,900.0,True
OUT:leaf_out:AMER:SmartXPro_IN,2027-W17,,900.0,True
OUT:leaf_out:AMER:SmartXPro_IN,2027-W18,,900.0,True
OUT:leaf_out:AMER:SmartXPro_IN,2027-W19,,900.0,True
OUT:leaf_out:AMER:SmartXPro_IN,2027-W20,,900.0,True
OUT:leaf_out:AMER:SmartXPro_IN,2027-W21,,900.0,True
OUT:leaf_out:AMER:SmartXPro_IN,2027-W22,,900.0,True
OUT:leaf_out:AMER:SmartXPro_IN,2027-W23,,900.0,True
OUT:leaf_out:AMER:SmartXPro_IN,2027-W24,,900.0,True
OUT:leaf_out:AMER:SmartXPro_IN,2027-W25,,900.0,True
OUT:leaf_out:AMER:SmartXPro_IN,2027-W26,,900.0,True
OUT:leaf_out:AMER:SmartXPro_IN,2027-W27,,896.0,True
OUT:leaf_out:AMER:SmartXPro_IN,2027-W28,,891.0,True
OUT:leaf_out:AMER:SmartXPro_IN,2027-W29,,900.0,True
OUT:leaf_out:AMER:SmartXPro_IN,2027-W30,,896.0,True
OUT:leaf_out:AMER:SmartXPro_IN,2027-W31,,891.0,True
OUT:leaf_out:AMER:SmartXPro_IN,2027-W32,,887.0,True
OUT:leaf_out:AMER:SmartXPro_IN,2027-W33,,882.0,True
OUT:leaf_out:AMER:SmartXPro_IN,2027-W34,,878.0,True
OUT:leaf_out:AMER:SmartXPro_IN,2027-W35,,873.0,True
OUT:leaf_out:AMER:SmartXPro_IN,2027-W36,,869.0,True
OUT:leaf_out:AMER:SmartXPro_IN,2027-W37,,864.0,True
OUT:leaf_out:AMER:SmartXPro_IN,2027-W38,,860.0,True
OUT:leaf_out:AMER:SmartXPro_IN,2027-W39,,856.0,True
OUT:leaf_out:AMER:SmartXPro_IN,2027-W40,,851.0,True
OUT:leaf_out:AMER:SmartXPro_IN,2027-W41,,847.0,True
OUT:leaf_out:AMER:SmartXPro_IN,2027-W42,,842.0,True
OUT:leaf_out:AMER:SmartXPro_IN,2027-W43,,838.0,True
OUT:leaf_out:AMER:SmartXPro_IN,2027-W44,,833.0,True
OUT:leaf_out:AMER:SmartXPro_IN,2027-W45,,816.0,True
OUT:leaf_out:AMER:SmartXPro_IN,2027-W46,,13.0,True
OUT:leaf_out:AMER:SmartXPro_IN,2027-W47,,807.0,True
OUT:leaf_out:AMER:SmartXPro_IN,2027-W48,,802.0,True
OUT:leaf_out:AMER:SmartXPro_IN,2027-W49,,798.0,True
OUT:leaf_out:AMER:SmartXPro_IN,2027-W50,,793.0,True
OUT:leaf_out:AMER:SmartXPro_IN,2027-W51,,789.0,True
OUT:leaf_out:AMER:SmartXPro_IN,2027-W52,,784.0,True
OUT:leaf_out:AMER:SmartXPro_IN,2028-W01,,775.0,True
OUT:leaf_out:AMER:SmartXPro_IN,2028-W02,,770.0,True
OUT:leaf_out:AMER:SmartXPro_IN,2028-W03,,766.0,True
OUT:leaf_out:AMER:SmartXPro_IN,2028-W04,,761.0,True
OUT:leaf_out:AMER:SmartXPro_IN,2028-W05,,756.0,True
OUT:leaf_out:AMER:SmartXPro_IN,2028-W06,,751.0,True
OUT:leaf_out:AMER:SmartXPro_IN,2028-W07,,746.0,True
OUT:leaf_out:AMER:SmartXPro_IN,2028-W08,,741.0,True
OUT:leaf_out:AMER:SmartXPro_IN,2028-W09,,737.0,True
OUT:leaf_out:AMER:SmartXPro_IN,2028-W10,,732.0,True
OUT:leaf_out:AMER:SmartXPro_IN,2028-W11,,727.0,True
OUT:leaf_out:AMER:SmartXPro_IN,2028-W12,,722.0,True
OUT:leaf_out:AMER:SmartXPro_IN,2028-W13,,717.0,True
OUT:leaf_out:AMER:SmartXPro_IN,2028-W14,,713.0,True
OUT:leaf_out:AMER:SmartXPro_IN,2028-W15,,708.0,True
OUT:leaf_out:AMER:SmartXPro_IN,2028-W16,,703.0,True
OUT:leaf_out:AMER:SmartXPro_IN,2028-W17,,698.0,True
OUT:leaf_out:AMER:SmartXPro_IN,2028-W18,,693.0,True
OUT:leaf_out:AMER:SmartXPro_IN,2028-W19,,689.0,True
OUT:leaf_out:AMER:SmartXPro_IN,2028-W20,,684.0,True
OUT:leaf_out:AMER:SmartXPro_IN,2028-W21,,679.0,True
OUT:leaf_out:AMER:SmartXPro_IN,2028-W22,,674.0,True
OUT:leaf_out:AMER:SmartXPro_IN,2028-W23,,669.0,True
OUT:leaf_out:AMER:SmartXPro_IN,2028-W24,,664.0,True
OUT:leaf_out:AMER:SmartXPro_IN,2028-W25,,660.0,True
OUT:leaf_out:AMER:SmartXPro_IN,2028-W26,,655.0,True
OUT:leaf_out:AMER:SmartXPro_IN,2028-W27,,664.0,True
OUT:leaf_out:AMER:SmartXPro_IN,2028-W28,,660.0,True
OUT:leaf_out:AMER:SmartXPro_IN,2028-W29,,655.0,True
OUT:leaf_out:AMER:SmartXPro_IN,2028-W30,,646.0,True
OUT:leaf_out:AMER:SmartXPro_IN,2028-W31,,643.0,True
OUT:leaf_out:AMER:SmartXPro_IN,2028-W32,,639.0,True
OUT:leaf_out:AMER:SmartXPro_IN,2028-W33,,635.0,True
OUT:leaf_out:AMER:SmartXPro_IN,2028-W34,,631.0,True
OUT:leaf_out:AMER:SmartXPro_IN,2028-W35,,628.0,True
OUT:leaf_out:AMER:SmartXPro_IN,2028-W36,,624.0,True
OUT:leaf_out:AMER:SmartXPro_IN,2028-W37,,620.0,True
OUT:leaf_out:AMER:SmartXPro_IN,2028-W38,,617.0,True
OUT:leaf_out:AMER:SmartXPro_IN,2028-W39,,613.0,True
OUT:leaf_out:AMER:SmartXPro_IN,2028-W40,,609.0,True
OUT:leaf_out:AMER:SmartXPro_IN,2028-W41,,606.0,True
OUT:leaf_out:AMER:SmartXPro_IN,2028-W42,,602.0,True
OUT:leaf_out:AMER:SmartXPro_IN,2028-W43,,587.0,True
OUT:leaf_out:AMER:SmartXPro_IN,2028-W44,,11.0,True
OUT:leaf_out:AMER:SmartXPro_IN,2028-W45,,580.0,True
OUT:leaf_out:AMER:SmartXPro_IN,2028-W46,,576.0,True
OUT:leaf_out:AMER:SmartXPro_IN,2028-W47,,572.0,True
OUT:leaf_out:AMER:SmartXPro_IN,2028-W48,,569.0,True
OUT:leaf_out:AMER:SmartXPro_IN,2028-W49,,565.0,True
OUT:leaf_out:AMER:SmartXPro_IN,2028-W50,,561.0,True
OUT:leaf_out:AMER:SmartXPro_IN,2028-W51,,557.0,True
OUT:leaf_out:AMER:SmartXPro_IN,2028-W52,,554.0,True
OUT:leaf_out:AMER:SmartXPro_IN,2029-W01,,544.0,True
OUT:leaf_out:AMER:SmartXPro_IN,2029-W02,,539.0,True
OUT:leaf_out:AMER:SmartXPro_IN,2029-W03,,533.0,True
OUT:leaf_out:AMER:SmartXPro_IN,2029-W04,,528.0,True
OUT:leaf_out:AMER:SmartXPro_IN,2029-W05,,522.0,True
OUT:leaf_out:AMER:SmartXPro_IN,2029-W06,,517.0,True
OUT:leaf_out:AMER:SmartXPro_IN,2029-W07,,511.0,True
OUT:leaf_out:AMER:SmartXPro_IN,2029-W08,,506.0,True
OUT:leaf_out:AMER:SmartXPro_IN,2029-W09,,500.0,True
OUT:leaf_out:AMER:SmartXPro_IN,2029-W10,,494.0,True
OUT:leaf_out:AMER:SmartXPro_IN,2029-W11,,489.0,True
OUT:leaf_out:AMER:SmartXPro_IN,2029-W12,,483.0,True
OUT:leaf_out:AMER:SmartXPro_IN,2029-W13,,478.0,True
OUT:leaf_out:AMER:SmartXPro_IN,2029-W14,,472.0,True
OUT:leaf_out:AMER:SmartXPro_IN,2029-W15,,467.0,True
OUT:leaf_out:AMER:SmartXPro_IN,2029-W16,,461.0,True
OUT:leaf_out:AMER:SmartXPro_IN,2029-W17,,456.0,True
OUT:leaf_out:AMER:SmartXPro_IN,2029-W18,,450.0,True
OUT:leaf_out:AMER:SmartXPro_IN,2029-W19,,444.0,True
OUT:leaf_out:AMER:SmartXPro_IN,2029-W20,,439.0,True
OUT:leaf_out:AMER:SmartXPro_IN,2029-W21,,433.0,True
OUT:leaf_out:AMER:SmartXPro_IN,2029-W22,,428.0,True
OUT:leaf_out:AMER:SmartXPro_IN,2029-W23,,422.0,True
OUT:leaf_out:AMER:SmartXPro_IN,2029-W24,,417.0,True
OUT:leaf_out:AMER:SmartXPro_IN,2029-W25,,411.0,True
OUT:leaf_out:AMER:SmartXPro_IN,2029-W26,,406.0,True
OUT:leaf_out:AMER:SmartXPro_IN,2029-W27,,394.0,True
OUT:leaf_out:AMER:SmartXPro_IN,2029-W28,,411.0,True
OUT:leaf_out:AMER:SmartXPro_IN,2029-W29,,406.0,True
OUT:leaf_out:AMER:SmartXPro_IN,2029-W30,,394.0,True
OUT:leaf_out:AMER:SmartXPro_IN,2029-W31,,389.0,True
OUT:leaf_out:AMER:SmartXPro_IN,2029-W32,,383.0,True
OUT:leaf_out:AMER:SmartXPro_IN,2029-W33,,378.0,True
OUT:leaf_out:AMER:SmartXPro_IN,2029-W34,,372.0,True
OUT:leaf_out:AMER:SmartXPro_IN,2029-W35,,367.0,True
OUT:leaf_out:AMER:SmartXPro_IN,2029-W36,,361.0,True
OUT:leaf_out:AMER:SmartXPro_IN,2029-W37,,356.0,True
OUT:leaf_out:AMER:SmartXPro_IN,2029-W38,,350.0,True
OUT:leaf_out:AMER:SmartXPro_IN,2029-W39,,344.0,True
OUT:leaf_out:AMER:SmartXPro_IN,2029-W40,,339.0,True
OUT:leaf_out:AMER:SmartXPro_IN,2029-W41,,333.0,True
OUT:leaf_out:AMER:SmartXPro_IN,2029-W42,,328.0,True
OUT:leaf_out:AMER:SmartXPro_IN,2029-W43,,322.0,True
OUT:leaf_out:AMER:SmartXPro_IN,2029-W44,,300.0,True
OUT:leaf_out:AMER:SmartXPro_IN,2029-W45,,17.0,True
OUT:leaf_out:AMER:SmartXPro_IN,2029-W46,,289.0,True
OUT:leaf_out:AMER:SmartXPro_IN,2029-W47,,283.0,True
OUT:leaf_out:AMER:SmartXPro_IN,2029-W48,,278.0,True
OUT:leaf_out:AMER:SmartXPro_IN,2029-W49,,272.0,True
OUT:leaf_out:AMER:SmartXPro_IN,2029-W50,,267.0,True
OUT:leaf_out:AMER:SmartXPro_IN,2029-W51,,261.0,True
OUT:leaf_out:AMER:SmartXPro_IN,2029-W52,,256.0,True
OUT:leaf_out:AMER:SmartXPro_IN,2030-W01,,251.0,True
OUT:leaf_out:AMER:SmartXPro_IN,2030-W02,,246.0,True
OUT:leaf_out:AMER:SmartXPro_IN,2030-W03,,241.0,True
OUT:leaf_out:AMER:SmartXPro_IN,2030-W04,,236.0,True
OUT:leaf_out:AMER:SmartXPro_IN,2030-W05,,231.0,True
OUT:leaf_out:AMER:SmartXPro_IN,2030-W06,,226.0,True
OUT:leaf_out:AMER:SmartXPro_IN,2030-W07,,221.0,True
OUT:leaf_out:AMER:SmartXPro_IN,2030-W08,,217.0,True
OUT:leaf_out:AMER:SmartXPro_IN,2030-W09,,212.0,True
OUT:leaf_out:AMER:SmartXPro_IN,2030-W10,,207.0,True
OUT:leaf_out:AMER:SmartXPro_IN,2030-W11,,202.0,True
OUT:leaf_out:AMER:SmartXPro_IN,2030-W12,,197.0,True
OUT:leaf_out:AMER:SmartXPro_IN,2030-W13,,192.0,True
OUT:leaf_out:AMER:SmartXPro_IN,2030-W14,,187.0,True
OUT:leaf_out:AMER:SmartXPro_IN,2030-W15,,182.0,True
OUT:leaf_out:AMER:SmartXPro_IN,2030-W16,,177.0,True
OUT:leaf_out:AMER:SmartXPro_IN,2030-W17,,172.0,True
OUT:leaf_out:AMER:SmartXPro_IN,2030-W18,,167.0,True
OUT:leaf_out:AMER:SmartXPro_IN,2030-W19,,162.0,True
OUT:leaf_out:AMER:SmartXPro_IN,2030-W20,,157.0,True
OUT:leaf_out:AMER:SmartXPro_IN,2030-W21,,153.0,True
OUT:leaf_out:AMER:SmartXPro_IN,2030-W22,,148.0,True
OUT:leaf_out:AMER:SmartXPro_IN,2030-W23,,143.0,True
OUT:leaf_out:AMER:SmartXPro_IN,2030-W24,,138.0,True
OUT:leaf_out:AMER:SmartXPro_IN,2030-W25,,133.0,True
OUT:leaf_out:AMER:SmartXPro_IN,2030-W26,,128.0,True
OUT:leaf_out:AMER:SmartXPro_IN,2030-W27,,123.0,True
OUT:leaf_out:AMER:SmartXPro_IN,2030-W28,,118.0,True
OUT:leaf_out:AMER:SmartXPro_IN,2030-W29,,113.0,True
OUT:leaf_out:AMER:SmartXPro_IN,2030-W30,,108.0,True
OUT:leaf_out:AMER:SmartXPro_IN,2030-W31,,103.0,True
OUT:leaf_out:AMER:SmartXPro_IN,2030-W32,,98.0,True
OUT:leaf_out:AMER:SmartXPro_IN,2030-W33,,94.0,True
OUT:leaf_out:AMER:SmartXPro_IN,2030-W34,,89.0,True
OUT:leaf_out:AMER:SmartXPro_IN,2030-W35,,84.0,True
OUT:leaf_out:AMER:SmartXPro_IN,2030-W36,,79.0,True
OUT:leaf_out:AMER:SmartXPro_IN,2030-W37,,74.0,True
OUT:leaf_out:AMER:SmartXPro_IN,2030-W38,,69.0,True
OUT:leaf_out:AMER:SmartXPro_IN,2030-W39,,64.0,True
OUT:leaf_out:AMER:SmartXPro_IN,2030-W40,,59.0,True
OUT:leaf_out:AMER:SmartXPro_IN,2030-W41,,54.0,True
OUT:leaf_out:AMER:SmartXPro_IN,2030-W42,,49.0,True
OUT:leaf_out:AMER:SmartXPro_IN,2030-W43,,44.0,True
OUT:leaf_out:AMER:SmartXPro_IN,2030-W44,,39.0,True
OUT:leaf_out:AMER:SmartXPro_IN,2030-W45,,34.0,True
OUT:leaf_out:AMER:SmartXPro_IN,2030-W46,,30.0,True
OUT:leaf_out:AMER:SmartXPro_IN,2030-W47,,25.0,True
OUT:leaf_out:AMER:SmartXPro_IN,2030-W48,,20.0,True
OUT:leaf_out:AMER:SmartXPro_IN,2030-W49,,15.0,True
OUT:leaf_out:AMER:SmartXPro_IN,2030-W50,,10.0,True
OUT:leaf_out:AMER:SmartXPro_IN,2030-W51,,5.0,True
OUT:leaf_out:AMER:SmartXPro_IN,2030-W52,,0.0,True
OUT:leaf_out:APAC:SmartX,2025-W36,,0.0,True
OUT:leaf_out:APAC:SmartX,2025-W37,,0.0,True
OUT:leaf_out:APAC:SmartX,2025-W38,,0.0,True
OUT:leaf_out:APAC:SmartX,2025-W39,,0.0,True
OUT:leaf_out:APAC:SmartX,2025-W40,,0.0,True
OUT:leaf_out:APAC:SmartX,2025-W41,,0.0,True
OUT:leaf_out:APAC:SmartX,2025-W42,,0.0,True
OUT:leaf_out:APAC:SmartX,2025-W43,,0.0,True
OUT:leaf_out:APAC:SmartX,2025-W44,,0.0,True
OUT:leaf_out:APAC:SmartX,2025-W45,,0.0,True
OUT:leaf_out:APAC:SmartX,2025-W46,,0.0,True
OUT:leaf_out:APAC:SmartX,2025-W47,,0.0,True
OUT:leaf_out:APAC:SmartX,2025-W48,,0.0,True
OUT:leaf_out:APAC:SmartX,2025-W49,,0.0,True
OUT:leaf_out:APAC:SmartX,2025-W50,,0.0,True
OUT:leaf_out:APAC:SmartX,2025-W51,,0.0,True
OUT:leaf_out:APAC:SmartX,2025-W52,,0.0,True
OUT:leaf_out:APAC:SmartX,2026-W01,,418.0,True
OUT:leaf_out:APAC:SmartX,2026-W02,,416.0,True
OUT:leaf_out:APAC:SmartX,2026-W03,,414.0,True
OUT:leaf_out:APAC:SmartX,2026-W04,,413.0,True
OUT:leaf_out:APAC:SmartX,2026-W05,,411.0,True
OUT:leaf_out:APAC:SmartX,2026-W06,,409.0,True
OUT:leaf_out:APAC:SmartX,2026-W07,,407.0,True
OUT:leaf_out:APAC:SmartX,2026-W08,,405.0,True
OUT:leaf_out:APAC:SmartX,2026-W09,,403.0,True
OUT:leaf_out:APAC:SmartX,2026-W10,,402.0,True
OUT:leaf_out:APAC:SmartX,2026-W11,,400.0,True
OUT:leaf_out:APAC:SmartX,2026-W12,,398.0,True
OUT:leaf_out:APAC:SmartX,2026-W13,,396.0,True
OUT:leaf_out:APAC:SmartX,2026-W14,,394.0,True
OUT:leaf_out:APAC:SmartX,2026-W15,,392.0,True
OUT:leaf_out:APAC:SmartX,2026-W16,,391.0,True
OUT:leaf_out:APAC:SmartX,2026-W17,,389.0,True
OUT:leaf_out:APAC:SmartX,2026-W18,,387.0,True
OUT:leaf_out:APAC:SmartX,2026-W19,,385.0,True
OUT:leaf_out:APAC:SmartX,2026-W20,,383.0,True
OUT:leaf_out:APAC:SmartX,2026-W21,,381.0,True
OUT:leaf_out:APAC:SmartX,2026-W22,,380.0,True
OUT:leaf_out:APAC:SmartX,2026-W23,,378.0,True
OUT:leaf_out:APAC:SmartX,2026-W24,,376.0,True
OUT:leaf_out:APAC:SmartX,2026-W25,,374.0,True
OUT:leaf_out:APAC:SmartX,2026-W26,,372.0,True
OUT:leaf_out:APAC:SmartX,2026-W27,,370.0,True
OUT:leaf_out:APAC:SmartX,2026-W28,,369.0,True
OUT:leaf_out:APAC:SmartX,2026-W29,,367.0,True
OUT:leaf_out:APAC:SmartX,2026-W30,,365.0,True
OUT:leaf_out:APAC:SmartX,2026-W31,,363.0,True
OUT:leaf_out:APAC:SmartX,2026-W32,,361.0,True
OUT:leaf_out:APAC:SmartX,2026-W33,,360.0,True
OUT:leaf_out:APAC:SmartX,2026-W34,,358.0,True
OUT:leaf_out:APAC:SmartX,2026-W35,,356.0,True
OUT:leaf_out:APAC:SmartX,2026-W36,,354.0,True
OUT:leaf_out:APAC:SmartX,2026-W37,,352.0,True
OUT:leaf_out:APAC:SmartX,2026-W38,,350.0,True
OUT:leaf_out:APAC:SmartX,2026-W39,,349.0,True
OUT:leaf_out:APAC:SmartX,2026-W40,,347.0,True
OUT:leaf_out:APAC:SmartX,2026-W41,,345.0,True
OUT:leaf_out:APAC:SmartX,2026-W42,,343.0,True
OUT:leaf_out:APAC:SmartX,2026-W43,,341.0,True
OUT:leaf_out:APAC:SmartX,2026-W44,,339.0,True
OUT:leaf_out:APAC:SmartX,2026-W45,,338.0,True
OUT:leaf_out:APAC:SmartX,2026-W46,,336.0,True
OUT:leaf_out:APAC:SmartX,2026-W47,,334.0,True
OUT:leaf_out:APAC:SmartX,2026-W48,,332.0,True
OUT:leaf_out:APAC:SmartX,2026-W49,,330.0,True
OUT:leaf_out:APAC:SmartX,2026-W50,,328.0,True
OUT:leaf_out:APAC:SmartX,2026-W51,,327.0,True
OUT:leaf_out:APAC:SmartX,2026-W52,,325.0,True
OUT:leaf_out:APAC:SmartX,2026-W53,,323.0,True
OUT:leaf_out:APAC:SmartX,2027-W01,,320.0,True
OUT:leaf_out:APAC:SmartX,2027-W02,,320.0,True
OUT:leaf_out:APAC:SmartX,2027-W03,,320.0,True
OUT:leaf_out:APAC:SmartX,2027-W04,,320.0,True
OUT:leaf_out:APAC:SmartX,2027-W05,,320.0,True
OUT:leaf_out:APAC:SmartX,2027-W06,,320.0,True
OUT:leaf_out:APAC:SmartX,2027-W07,,320.0,True
OUT:leaf_out:APAC:SmartX,2027-W08,,320.0,True
OUT:leaf_out:APAC:SmartX,2027-W09,,320.0,True
OUT:leaf_out:APAC:SmartX,2027-W10,,320.0,True
OUT:leaf_out:APAC:SmartX,2027-W11,,320.0,True
OUT:leaf_out:APAC:SmartX,2027-W12,,320.0,True
OUT:leaf_out:APAC:SmartX,2027-W13,,320.0,True
OUT:leaf_out:APAC:SmartX,2027-W14,,320.0,True
OUT:leaf_out:APAC:SmartX,2027-W15,,320.0,True
OUT:leaf_out:APAC:SmartX,2027-W16,,320.0,True
OUT:leaf_out:APAC:SmartX,2027-W17,,320.0,True
OUT:leaf_out:APAC:SmartX,2027-W18,,320.0,True
OUT:leaf_out:APAC:SmartX,2027-W19,,320.0,True
OUT:leaf_out:APAC:SmartX,2027-W20,,320.0,True
OUT:leaf_out:APAC:SmartX,2027-W21,,320.0,True
OUT:leaf_out:APAC:SmartX,2027-W22,,320.0,True
OUT:leaf_out:APAC:SmartX,2027-W23,,320.0,True
OUT:leaf_out:APAC:SmartX,2027-W24,,320.0,True
OUT:leaf_out:APAC:SmartX,2027-W25,,320.0,True
OUT:leaf_out:APAC:SmartX,2027-W26,,320.0,True
OUT:leaf_out:APAC:SmartX,2027-W27,,317.0,True
OUT:leaf_out:APAC:SmartX,2027-W28,,314.0,True
OUT:leaf_out:APAC:SmartX,2027-W29,,311.0,True
OUT:leaf_out:APAC:SmartX,2027-W30,,308.0,True
OUT:leaf_out:APAC:SmartX,2027-W31,,305.0,True
OUT:leaf_out:APAC:SmartX,2027-W32,,302.0,True
OUT:leaf_out:APAC:SmartX,2027-W33,,299.0,True
OUT:leaf_out:APAC:SmartX,2027-W34,,296.0,True
OUT:leaf_out:APAC:SmartX,2027-W35,,294.0,True
OUT:leaf_out:APAC:SmartX,2027-W36,,290.0,True
OUT:leaf_out:APAC:SmartX,2027-W37,,287.0,True
OUT:leaf_out:APAC:SmartX,2027-W38,,285.0,True
OUT:leaf_out:APAC:SmartX,2027-W39,,282.0,True
OUT:leaf_out:APAC:SmartX,2027-W40,,278.0,True
OUT:leaf_out:APAC:SmartX,2027-W41,,275.0,True
OUT:leaf_out:APAC:SmartX,2027-W42,,273.0,True
OUT:leaf_out:APAC:SmartX,2027-W43,,270.0,True
OUT:leaf_out:APAC:SmartX,2027-W44,,266.0,True
OUT:leaf_out:APAC:SmartX,2027-W45,,264.0,True
OUT:leaf_out:APAC:SmartX,2027-W46,,261.0,True
OUT:leaf_out:APAC:SmartX,2027-W47,,258.0,True
OUT:leaf_out:APAC:SmartX,2027-W48,,255.0,True
OUT:leaf_out:APAC:SmartX,2027-W49,,252.0,True
OUT:leaf_out:APAC:SmartX,2027-W50,,249.0,True
OUT:leaf_out:APAC:SmartX,2027-W51,,246.0,True
OUT:leaf_out:APAC:SmartX,2027-W52,,243.0,True
OUT:leaf_out:APAC:SmartX,2028-W01,,237.0,True
OUT:leaf_out:APAC:SmartX,2028-W02,,234.0,True
OUT:leaf_out:APAC:SmartX,2028-W03,,231.0,True
OUT:leaf_out:APAC:SmartX,2028-W04,,228.0,True
OUT:leaf_out:APAC:SmartX,2028-W05,,225.0,True
OUT:leaf_out:APAC:SmartX,2028-W06,,222.0,True
OUT:leaf_out:APAC:SmartX,2028-W07,,219.0,True
OUT:leaf_out:APAC:SmartX,2028-W08,,216.0,True
OUT:leaf_out:APAC:SmartX,2028-W09,,214.0,True
OUT:leaf_out:APAC:SmartX,2028-W10,,210.0,True
OUT:leaf_out:APAC:SmartX,2028-W11,,207.0,True
OUT:leaf_out:APAC:SmartX,2028-W12,,205.0,True
OUT:leaf_out:APAC:SmartX,2028-W13,,202.0,True
OUT:leaf_out:APAC:SmartX,2028-W14,,198.0,True
OUT:leaf_out:APAC:SmartX,2028-W15,,195.0,True
OUT:leaf_out:APAC:SmartX,2028-W16,,193.0,True
OUT:leaf_out:APAC:SmartX,2028-W17,,190.0,True
OUT:leaf_out:APAC:SmartX,2028-W18,,186.0,True
OUT:leaf_out:APAC:SmartX,2028-W19,,184.0,True
OUT:leaf_out:APAC:SmartX,2028-W20,,181.0,True
OUT:leaf_out:APAC:SmartX,2028-W21,,178.0,True
OUT:leaf_out:APAC:SmartX,2028-W22,,175.0,True
OUT:leaf_out:APAC:SmartX,2028-W23,,172.0,True
OUT:leaf_out:APAC:SmartX,2028-W24,,169.0,True
OUT:leaf_out:APAC:SmartX,2028-W25,,166.0,True
OUT:leaf_out:APAC:SmartX,2028-W26,,163.0,True
OUT:leaf_out:APAC:SmartX,2028-W27,,158.0,True
OUT:leaf_out:APAC:SmartX,2028-W28,,156.0,True
OUT:leaf_out:APAC:SmartX,2028-W29,,154.0,True
OUT:leaf_out:APAC:SmartX,2028-W30,,152.0,True
OUT:leaf_out:APAC:SmartX,2028-W31,,150.0,True
OUT:leaf_out:APAC:SmartX,2028-W32,,147.0,True
OUT:leaf_out:APAC:SmartX,2028-W33,,146.0,True
OUT:leaf_out:APAC:SmartX,2028-W34,,143.0,True
OUT:leaf_out:APAC:SmartX,2028-W35,,142.0,True
OUT:leaf_out:APAC:SmartX,2028-W36,,139.0,True
OUT:leaf_out:APAC:SmartX,2028-W37,,137.0,True
OUT:leaf_out:APAC:SmartX,2028-W38,,135.0,True
OUT:leaf_out:APAC:SmartX,2028-W39,,133.0,True
OUT:leaf_out:APAC:SmartX,2028-W40,,131.0,True
OUT:leaf_out:APAC:SmartX,2028-W41,,129.0,True
OUT:leaf_out:APAC:SmartX,2028-W42,,127.0,True
OUT:leaf_out:APAC:SmartX,2028-W43,,125.0,True
OUT:leaf_out:APAC:SmartX,2028-W44,,122.0,True
OUT:leaf_out:APAC:SmartX,2028-W45,,121.0,True
OUT:leaf_out:APAC:SmartX,2028-W46,,118.0,True
OUT:leaf_out:APAC:SmartX,2028-W47,,117.0,True
OUT:leaf_out:APAC:SmartX,2028-W48,,114.0,True
OUT:leaf_out:APAC:SmartX,2028-W49,,112.0,True
OUT:leaf_out:APAC:SmartX,2028-W50,,110.0,True
OUT:leaf_out:APAC:SmartX,2028-W51,,108.0,True
OUT:leaf_out:APAC:SmartX,2028-W52,,106.0,True
OUT:leaf_out:APAC:SmartX,2029-W01,,102.0,True
OUT:leaf_out:APAC:SmartX,2029-W02,,101.0,True
OUT:leaf_out:APAC:SmartX,2029-W03,,99.0,True
OUT:leaf_out:APAC:SmartX,2029-W04,,98.0,True
OUT:leaf_out:APAC:SmartX,2029-W05,,97.0,True
OUT:leaf_out:APAC:SmartX,2029-W06,,95.0,True
OUT:leaf_out:APAC:SmartX,2029-W07,,94.0,True
OUT:leaf_out:APAC:SmartX,2029-W08,,92.0,True
OUT:leaf_out:APAC:SmartX,2029-W09,,90.0,True
OUT:leaf_out:APAC:SmartX,2029-W10,,89.0,True
OUT:leaf_out:APAC:SmartX,2029-W11,,88.0,True
OUT:leaf_out:APAC:SmartX,2029-W12,,86.0,True
OUT:leaf_out:APAC:SmartX,2029-W13,,85.0,True
OUT:leaf_out:APAC:SmartX,2029-W14,,83.0,True
OUT:leaf_out:APAC:SmartX,2029-W15,,82.0,True
OUT:leaf_out:APAC:SmartX,2029-W16,,80.0,True
OUT:leaf_out:APAC:SmartX,2029-W17,,79.0,True
OUT:leaf_out:APAC:SmartX,2029-W18,,78.0,True
OUT:leaf_out:APAC:SmartX,2029-W19,,76.0,True
OUT:leaf_out:APAC:SmartX,2029-W20,,74.0,True
OUT:leaf_out:APAC:SmartX,2029-W21,,73.0,True
OUT:leaf_out:APAC:SmartX,2029-W22,,71.0,True
OUT:leaf_out:APAC:SmartX,2029-W23,,70.0,True
OUT:leaf_out:APAC:SmartX,2029-W24,,69.0,True
OUT:leaf_out:APAC:SmartX,2029-W25,,67.0,True
OUT:leaf_out:APAC:SmartX,2029-W26,,66.0,True
OUT:leaf_out:APAC:SmartX,2029-W27,,63.0,True
OUT:leaf_out:APAC:SmartX,2029-W28,,62.0,True
OUT:leaf_out:APAC:SmartX,2029-W29,,61.0,True
OUT:leaf_out:APAC:SmartX,2029-W30,,59.0,True
OUT:leaf_out:APAC:SmartX,2029-W31,,58.0,True
OUT:leaf_out:APAC:SmartX,2029-W32,,57.0,True
OUT:leaf_out:APAC:SmartX,2029-W33,,56.0,True
OUT:leaf_out:APAC:SmartX,2029-W34,,54.0,True
OUT:leaf_out:APAC:SmartX,2029-W35,,54.0,True
OUT:leaf_out:APAC:SmartX,2029-W36,,52.0,True
OUT:leaf_out:APAC:SmartX,2029-W37,,51.0,True
OUT:leaf_out:APAC:SmartX,2029-W38,,50.0,True
OUT:leaf_out:APAC:SmartX,2029-W39,,49.0,True
OUT:leaf_out:APAC:SmartX,2029-W40,,47.0,True
OUT:leaf_out:APAC:SmartX,2029-W41,,46.0,True
OUT:leaf_out:APAC:SmartX,2029-W42,,45.0,True
OUT:leaf_out:APAC:SmartX,2029-W43,,44.0,True
OUT:leaf_out:APAC:SmartX,2029-W44,,42.0,True
OUT:leaf_out:APAC:SmartX,2029-W45,,42.0,True
OUT:leaf_out:APAC:SmartX,2029-W46,,40.0,True
OUT:leaf_out:APAC:SmartX,2029-W47,,39.0,True
OUT:leaf_out:APAC:SmartX,2029-W48,,38.0,True
OUT:leaf_out:APAC:SmartX,2029-W49,,37.0,True
OUT:leaf_out:APAC:SmartX,2029-W50,,35.0,True
OUT:leaf_out:APAC:SmartX,2029-W51,,34.0,True
OUT:leaf_out:APAC:SmartX,2029-W52,,33.0,True
OUT:leaf_out:APAC:SmartX,2030-W01,,32.0,True
OUT:leaf_out:APAC:SmartX,2030-W02,,31.0,True
OUT:leaf_out:APAC:SmartX,2030-W03,,30.0,True
OUT:leaf_out:APAC:SmartX,2030-W04,,28.0,True
OUT:leaf_out:APAC:SmartX,2030-W05,,27.0,True
OUT:leaf_out:APAC:SmartX,2030-W06,,26.0,True
OUT:leaf_out:APAC:SmartX,2030-W07,,25.0,True
OUT:leaf_out:APAC:SmartX,2030-W08,,23.0,True
OUT:leaf_out:APAC:SmartX,2030-W09,,22.0,True
OUT:leaf_out:APAC:SmartX,2030-W10,,21.0,True
OUT:leaf_out:APAC:SmartX,2030-W11,,20.0,True
OUT:leaf_out:APAC:SmartX,2030-W12,,18.0,True
OUT:leaf_out:APAC:SmartX,2030-W13,,17.0,True
OUT:leaf_out:APAC:SmartX,2030-W14,,16.0,True
OUT:leaf_out:APAC:SmartX,2030-W15,,15.0,True
OUT:leaf_out:APAC:SmartX,2030-W16,,14.0,True
OUT:leaf_out:APAC:SmartX,2030-W17,,12.0,True
OUT:leaf_out:APAC:SmartX,2030-W18,,11.0,True
OUT:leaf_out:APAC:SmartX,2030-W19,,10.0,True
OUT:leaf_out:APAC:SmartX,2030-W20,,9.0,True
OUT:leaf_out:APAC:SmartX,2030-W21,,7.0,True
OUT:leaf_out:APAC:SmartX,2030-W22,,6.0,True
OUT:leaf_out:APAC:SmartX,2030-W23,,5.0,True
OUT:leaf_out:APAC:SmartX,2030-W24,,4.0,True
OUT:leaf_out:APAC:SmartX,2030-W25,,2.0,True
OUT:leaf_out:APAC:SmartX,2030-W26,,1.0,True
OUT:leaf_out:APAC:SmartX,2030-W27,,0.0,True
OUT:leaf_out:APAC:SmartX,2030-W28,,0.0,True
OUT:leaf_out:APAC:SmartX,2030-W29,,0.0,True
OUT:leaf_out:APAC:SmartX,2030-W30,,0.0,True
OUT:leaf_out:APAC:SmartX,2030-W31,,0.0,True
OUT:leaf_out:APAC:SmartX,2030-W32,,0.0,True
OUT:leaf_out:APAC:SmartX,2030-W33,,0.0,True
OUT:leaf_out:APAC:SmartX,2030-W34,,0.0,True
OUT:leaf_out:APAC:SmartX,2030-W35,,0.0,True
OUT:leaf_out:APAC:SmartX,2030-W36,,0.0,True
OUT:leaf_out:APAC:SmartX,2030-W37,,0.0,True
OUT:leaf_out:APAC:SmartX,2030-W38,,0.0,True
OUT:leaf_out:APAC:SmartX,2030-W39,,0.0,True
OUT:leaf_out:APAC:SmartX,2030-W40,,0.0,True
OUT:leaf_out:APAC:SmartX,2030-W41,,0.0,True
OUT:leaf_out:APAC:SmartX,2030-W42,,0.0,True
OUT:leaf_out:APAC:SmartX,2030-W43,,0.0,True
OUT:leaf_out:APAC:SmartX,2030-W44,,0.0,True
OUT:leaf_out:APAC:SmartX,2030-W45,,0.0,True
OUT:leaf_out:APAC:SmartX,2030-W46,,0.0,True
OUT:leaf_out:APAC:SmartX,2030-W47,,0.0,True
OUT:leaf_out:APAC:SmartX,2030-W48,,0.0,True
OUT:leaf_out:APAC:SmartX,2030-W49,,0.0,True
OUT:leaf_out:APAC:SmartX,2030-W50,,0.0,True
OUT:leaf_out:APAC:SmartX,2030-W51,,0.0,True
OUT:leaf_out:APAC:SmartX,2030-W52,,0.0,True
OUT:leaf_out:APAC:SmartXNext,2025-W36,,0.0,True
OUT:leaf_out:APAC:SmartXNext,2025-W37,,0.0,True
OUT:leaf_out:APAC:SmartXNext,2025-W38,,0.0,True
OUT:leaf_out:APAC:SmartXNext,2025-W39,,0.0,True
OUT:leaf_out:APAC:SmartXNext,2025-W40,,0.0,True
OUT:leaf_out:APAC:SmartXNext,2025-W41,,0.0,True
OUT:leaf_out:APAC:SmartXNext,2025-W42,,0.0,True
OUT:leaf_out:APAC:SmartXNext,2025-W43,,0.0,True
OUT:leaf_out:APAC:SmartXNext,2025-W44,,0.0,True
OUT:leaf_out:APAC:SmartXNext,2025-W45,,0.0,True
OUT:leaf_out:APAC:SmartXNext,2025-W46,,0.0,True
OUT:leaf_out:APAC:SmartXNext,2025-W47,,0.0,True
OUT:leaf_out:APAC:SmartXNext,2025-W48,,0.0,True
OUT:leaf_out:APAC:SmartXNext,2025-W49,,0.0,True
OUT:leaf_out:APAC:SmartXNext,2025-W50,,0.0,True
OUT:leaf_out:APAC:SmartXNext,2025-W51,,0.0,True
OUT:leaf_out:APAC:SmartXNext,2025-W52,,0.0,True
OUT:leaf_out:APAC:SmartXNext,2026-W01,,0.0,True
OUT:leaf_out:APAC:SmartXNext,2026-W02,,0.0,True
OUT:leaf_out:APAC:SmartXNext,2026-W03,,0.0,True
OUT:leaf_out:APAC:SmartXNext,2026-W04,,0.0,True
OUT:leaf_out:APAC:SmartXNext,2026-W05,,0.0,True
OUT:leaf_out:APAC:SmartXNext,2026-W06,,0.0,True
OUT:leaf_out:APAC:SmartXNext,2026-W07,,0.0,True
OUT:leaf_out:APAC:SmartXNext,2026-W08,,0.0,True
OUT:leaf_out:APAC:SmartXNext,2026-W09,,0.0,True
OUT:leaf_out:APAC:SmartXNext,2026-W10,,0.0,True
OUT:leaf_out:APAC:SmartXNext,2026-W11,,0.0,True
OUT:leaf_out:APAC:SmartXNext,2026-W12,,0.0,True
OUT:leaf_out:APAC:SmartXNext,2026-W13,,0.0,True
OUT:leaf_out:APAC:SmartXNext,2026-W14,,0.0,True
OUT:leaf_out:APAC:SmartXNext,2026-W15,,0.0,True
OUT:leaf_out:APAC:SmartXNext,2026-W16,,0.0,True
OUT:leaf_out:APAC:SmartXNext,2026-W17,,0.0,True
OUT:leaf_out:APAC:SmartXNext,2026-W18,,0.0,True
OUT:leaf_out:APAC:SmartXNext,2026-W19,,0.0,True
OUT:leaf_out:APAC:SmartXNext,2026-W20,,0.0,True
OUT:leaf_out:APAC:SmartXNext,2026-W21,,0.0,True
OUT:leaf_out:APAC:SmartXNext,2026-W22,,0.0,True
OUT:leaf_out:APAC:SmartXNext,2026-W23,,0.0,True
OUT:leaf_out:APAC:SmartXNext,2026-W24,,0.0,True
OUT:leaf_out:APAC:SmartXNext,2026-W25,,0.0,True
OUT:leaf_out:APAC:SmartXNext,2026-W26,,0.0,True
OUT:leaf_out:APAC:SmartXNext,2026-W27,,0.0,True
OUT:leaf_out:APAC:SmartXNext,2026-W28,,0.0,True
OUT:leaf_out:APAC:SmartXNext,2026-W29,,0.0,True
OUT:leaf_out:APAC:SmartXNext,2026-W30,,0.0,True
OUT:leaf_out:APAC:SmartXNext,2026-W31,,0.0,True
OUT:leaf_out:APAC:SmartXNext,2026-W32,,0.0,True
OUT:leaf_out:APAC:SmartXNext,2026-W33,,0.0,True
OUT:leaf_out:APAC:SmartXNext,2026-W34,,0.0,True
OUT:leaf_out:APAC:SmartXNext,2026-W35,,0.0,True
OUT:leaf_out:APAC:SmartXNext,2026-W36,,0.0,True
OUT:leaf_out:APAC:SmartXNext,2026-W37,,0.0,True
OUT:leaf_out:APAC:SmartXNext,2026-W38,,0.0,True
OUT:leaf_out:APAC:SmartXNext,2026-W39,,0.0,True
OUT:leaf_out:APAC:SmartXNext,2026-W40,,0.0,True
OUT:leaf_out:APAC:SmartXNext,2026-W41,,0.0,True
OUT:leaf_out:APAC:SmartXNext,2026-W42,,0.0,True
OUT:leaf_out:APAC:SmartXNext,2026-W43,,0.0,True
OUT:leaf_out:APAC:SmartXNext,2026-W44,,0.0,True
OUT:leaf_out:APAC:SmartXNext,2026-W45,,0.0,True
OUT:leaf_out:APAC:SmartXNext,2026-W46,,0.0,True
OUT:leaf_out:APAC:SmartXNext,2026-W47,,0.0,True
OUT:leaf_out:APAC:SmartXNext,2026-W48,,0.0,True
OUT:leaf_out:APAC:SmartXNext,2026-W49,,0.0,True
OUT:leaf_out:APAC:SmartXNext,2026-W50,,0.0,True
OUT:leaf_out:APAC:SmartXNext,2026-W51,,0.0,True
OUT:leaf_out:APAC:SmartXNext,2026-W52,,0.0,True
OUT:leaf_out:APAC:SmartXNext,2026-W53,,0.0,True
OUT:leaf_out:APAC:SmartXNext,2027-W01,,0.0,True
OUT:leaf_out:APAC:SmartXNext,2027-W02,,0.0,True
OUT:leaf_out:APAC:SmartXNext,2027-W03,,0.0,True
OUT:leaf_out:APAC:SmartXNext,2027-W04,,0.0,True
OUT:leaf_out:APAC:SmartXNext,2027-W05,,0.0,True
OUT:leaf_out:APAC:SmartXNext,2027-W06,,0.0,True
OUT:leaf_out:APAC:SmartXNext,2027-W07,,0.0,True
OUT:leaf_out:APAC:SmartXNext,2027-W08,,0.0,True
OUT:leaf_out:APAC:SmartXNext,2027-W09,,0.0,True
OUT:leaf_out:APAC:SmartXNext,2027-W10,,0.0,True
OUT:leaf_out:APAC:SmartXNext,2027-W11,,0.0,True
OUT:leaf_out:APAC:SmartXNext,2027-W12,,0.0,True
OUT:leaf_out:APAC:SmartXNext,2027-W13,,0.0,True
OUT:leaf_out:APAC:SmartXNext,2027-W14,,0.0,True
OUT:leaf_out:APAC:SmartXNext,2027-W15,,0.0,True
OUT:leaf_out:APAC:SmartXNext,2027-W16,,0.0,True
OUT:leaf_out:APAC:SmartXNext,2027-W17,,0.0,True
OUT:leaf_out:APAC:SmartXNext,2027-W18,,0.0,True
OUT:leaf_out:APAC:SmartXNext,2027-W19,,0.0,True
OUT:leaf_out:APAC:SmartXNext,2027-W20,,0.0,True
OUT:leaf_out:APAC:SmartXNext,2027-W21,,0.0,True
OUT:leaf_out:APAC:SmartXNext,2027-W22,,0.0,True
OUT:leaf_out:APAC:SmartXNext,2027-W23,,0.0,True
OUT:leaf_out:APAC:SmartXNext,2027-W24,,0.0,True
OUT:leaf_out:APAC:SmartXNext,2027-W25,,0.0,True
OUT:leaf_out:APAC:SmartXNext,2027-W26,,0.0,True
OUT:leaf_out:APAC:SmartXNext,2027-W27,,0.0,True
OUT:leaf_out:APAC:SmartXNext,2027-W28,,0.0,True
OUT:leaf_out:APAC:SmartXNext,2027-W29,,0.0,True
OUT:leaf_out:APAC:SmartXNext,2027-W30,,0.0,True
OUT:leaf_out:APAC:SmartXNext,2027-W31,,0.0,True
OUT:leaf_out:APAC:SmartXNext,2027-W32,,0.0,True
OUT:leaf_out:APAC:SmartXNext,2027-W33,,0.0,True
OUT:leaf_out:APAC:SmartXNext,2027-W34,,0.0,True
OUT:leaf_out:APAC:SmartXNext,2027-W35,,0.0,True
OUT:leaf_out:APAC:SmartXNext,2027-W36,,0.0,True
OUT:leaf_out:APAC:SmartXNext,2027-W37,,0.0,True
OUT:leaf_out:APAC:SmartXNext,2027-W38,,0.0,True
OUT:leaf_out:APAC:SmartXNext,2027-W39,,0.0,True
OUT:leaf_out:APAC:SmartXNext,2027-W40,,0.0,True
OUT:leaf_out:APAC:SmartXNext,2027-W41,,0.0,True
OUT:leaf_out:APAC:SmartXNext,2027-W42,,0.0,True
OUT:leaf_out:APAC:SmartXNext,2027-W43,,0.0,True
OUT:leaf_out:APAC:SmartXNext,2027-W44,,0.0,True
OUT:leaf_out:APAC:SmartXNext,2027-W45,,0.0,True
OUT:leaf_out:APAC:SmartXNext,2027-W46,,0.0,True
OUT:leaf_out:APAC:SmartXNext,2027-W47,,0.0,True
OUT:leaf_out:APAC:SmartXNext,2027-W48,,0.0,True
OUT:leaf_out:APAC:SmartXNext,2027-W49,,0.0,True
OUT:leaf_out:APAC:SmartXNext,2027-W50,,0.0,True
OUT:leaf_out:APAC:SmartXNext,2027-W51,,0.0,True
OUT:leaf_out:APAC:SmartXNext,2027-W52,,0.0,True
OUT:leaf_out:APAC:SmartXNext,2028-W01,,0.0,True
OUT:leaf_out:APAC:SmartXNext,2028-W02,,0.0,True
OUT:leaf_out:APAC:SmartXNext,2028-W03,,0.0,True
OUT:leaf_out:APAC:SmartXNext,2028-W04,,0.0,True
OUT:leaf_out:APAC:SmartXNext,2028-W05,,0.0,True
OUT:leaf_out:APAC:SmartXNext,2028-W06,,0.0,True
OUT:leaf_out:APAC:SmartXNext,2028-W07,,0.0,True
OUT:leaf_out:APAC:SmartXNext,2028-W08,,0.0,True
OUT:leaf_out:APAC:SmartXNext,2028-W09,,0.0,True
OUT:leaf_out:APAC:SmartXNext,2028-W10,,0.0,True
OUT:leaf_out:APAC:SmartXNext,2028-W11,,0.0,True
OUT:leaf_out:APAC:SmartXNext,2028-W12,,0.0,True
OUT:leaf_out:APAC:SmartXNext,2028-W13,,0.0,True
OUT:leaf_out:APAC:SmartXNext,2028-W14,,0.0,True
OUT:leaf_out:APAC:SmartXNext,2028-W15,,0.0,True
OUT:leaf_out:APAC:SmartXNext,2028-W16,,0.0,True
OUT:leaf_out:APAC:SmartXNext,2028-W17,,0.0,True
OUT:leaf_out:APAC:SmartXNext,2028-W18,,0.0,True
OUT:leaf_out:APAC:SmartXNext,2028-W19,,0.0,True
OUT:leaf_out:APAC:SmartXNext,2028-W20,,0.0,True
OUT:leaf_out:APAC:SmartXNext,2028-W21,,0.0,True
OUT:leaf_out:APAC:SmartXNext,2028-W22,,0.0,True
OUT:leaf_out:APAC:SmartXNext,2028-W23,,0.0,True
OUT:leaf_out:APAC:SmartXNext,2028-W24,,0.0,True
OUT:leaf_out:APAC:SmartXNext,2028-W25,,0.0,True
OUT:leaf_out:APAC:SmartXNext,2028-W26,,0.0,True
OUT:leaf_out:APAC:SmartXNext,2028-W27,,18.0,True
OUT:leaf_out:APAC:SmartXNext,2028-W28,,35.0,True
OUT:leaf_out:APAC:SmartXNext,2028-W29,,54.0,True
OUT:leaf_out:APAC:SmartXNext,2028-W30,,71.0,True
OUT:leaf_out:APAC:SmartXNext,2028-W31,,89.0,True
OUT:leaf_out:APAC:SmartXNext,2028-W32,,106.0,True
OUT:leaf_out:APAC:SmartXNext,2028-W33,,125.0,True
OUT:leaf_out:APAC:SmartXNext,2028-W34,,142.0,True
OUT:leaf_out:APAC:SmartXNext,2028-W35,,160.0,True
OUT:leaf_out:APAC:SmartXNext,2028-W36,,178.0,True
OUT:leaf_out:APAC:SmartXNext,2028-W37,,195.0,True
OUT:leaf_out:APAC:SmartXNext,2028-W38,,214.0,True
OUT:leaf_out:APAC:SmartXNext,2028-W39,,231.0,True
OUT:leaf_out:APAC:SmartXNext,2028-W40,,249.0,True
OUT:leaf_out:APAC:SmartXNext,2028-W41,,266.0,True
OUT:leaf_out:APAC:SmartXNext,2028-W42,,285.0,True
OUT:leaf_out:APAC:SmartXNext,2028-W43,,302.0,True
OUT:leaf_out:APAC:SmartXNext,2028-W44,,320.0,True
OUT:leaf_out:APAC:SmartXNext,2028-W45,,338.0,True
OUT:leaf_out:APAC:SmartXNext,2028-W46,,355.0,True
OUT:leaf_out:APAC:SmartXNext,2028-W47,,374.0,True
OUT:leaf_out:APAC:SmartXNext,2028-W48,,391.0,True
OUT:leaf_out:APAC:SmartXNext,2028-W49,,409.0,True
OUT:leaf_out:APAC:SmartXNext,2028-W50,,426.0,True
OUT:leaf_out:APAC:SmartXNext,2028-W51,,445.0,True
OUT:leaf_out:APAC:SmartXNext,2028-W52,,462.0,True
OUT:leaf_out:APAC:SmartXNext,2029-W01,,489.0,True
OUT:leaf_out:APAC:SmartXNext,2029-W02,,498.0,True
OUT:leaf_out:APAC:SmartXNext,2029-W03,,506.0,True
OUT:leaf_out:APAC:SmartXNext,2029-W04,,515.0,True
OUT:leaf_out:APAC:SmartXNext,2029-W05,,525.0,True
OUT:leaf_out:APAC:SmartXNext,2029-W06,,534.0,True
OUT:leaf_out:APAC:SmartXNext,2029-W07,,542.0,True
OUT:leaf_out:APAC:SmartXNext,2029-W08,,551.0,True
OUT:leaf_out:APAC:SmartXNext,2029-W09,,560.0,True
OUT:leaf_out:APAC:SmartXNext,2029-W10,,569.0,True
OUT:leaf_out:APAC:SmartXNext,2029-W11,,578.0,True
OUT:leaf_out:APAC:SmartXNext,2029-W12,,586.0,True
OUT:leaf_out:APAC:SmartXNext,2029-W13,,595.0,True
OUT:leaf_out:APAC:SmartXNext,2029-W14,,605.0,True
OUT:leaf_out:APAC:SmartXNext,2029-W15,,614.0,True
OUT:leaf_out:APAC:SmartXNext,2029-W16,,622.0,True
OUT:leaf_out:APAC:SmartXNext,2029-W17,,631.0,True
OUT:leaf_out:APAC:SmartXNext,2029-W18,,640.0,True
OUT:leaf_out:APAC:SmartXNext,2029-W19,,649.0,True
OUT:leaf_out:APAC:SmartXNext,2029-W20,,658.0,True
OUT:leaf_out:APAC:SmartXNext,2029-W21,,666.0,True
OUT:leaf_out:APAC:SmartXNext,2029-W22,,675.0,True
OUT:leaf_out:APAC:SmartXNext,2029-W23,,685.0,True
OUT:leaf_out:APAC:SmartXNext,2029-W24,,694.0,True
OUT:leaf_out:APAC:SmartXNext,2029-W25,,702.0,True
OUT:leaf_out:APAC:SmartXNext,2029-W26,,711.0,True
OUT:leaf_out:APAC:SmartXNext,2029-W27,,726.0,True
OUT:leaf_out:APAC:SmartXNext,2029-W28,,732.0,True
OUT:leaf_out:APAC:SmartXNext,2029-W29,,738.0,True
OUT:leaf_out:APAC:SmartXNext,2029-W30,,744.0,True
OUT:leaf_out:APAC:SmartXNext,2029-W31,,750.0,True
OUT:leaf_out:APAC:SmartXNext,2029-W32,,755.0,True
OUT:leaf_out:APAC:SmartXNext,2029-W33,,762.0,True
OUT:leaf_out:APAC:SmartXNext,2029-W34,,767.0,True
OUT:leaf_out:APAC:SmartXNext,2029-W35,,774.0,True
OUT:leaf_out:APAC:SmartXNext,2029-W36,,779.0,True
OUT:leaf_out:APAC:SmartXNext,2029-W37,,785.0,True
OUT:leaf_out:APAC:SmartXNext,2029-W38,,791.0,True
OUT:leaf_out:APAC:SmartXNext,2029-W39,,797.0,True
OUT:leaf_out:APAC:SmartXNext,2029-W40,,803.0,True
OUT:leaf_out:APAC:SmartXNext,2029-W41,,809.0,True
OUT:leaf_out:APAC:SmartXNext,2029-W42,,815.0,True
OUT:leaf_out:APAC:SmartXNext,2029-W43,,821.0,True
OUT:leaf_out:APAC:SmartXNext,2029-W44,,826.0,True
OUT:leaf_out:APAC:SmartXNext,2029-W45,,833.0,True
OUT:leaf_out:APAC:SmartXNext,2029-W46,,838.0,True
OUT:leaf_out:APAC:SmartXNext,2029-W47,,845.0,True
OUT:leaf_out:APAC:SmartXNext,2029-W48,,850.0,True
OUT:leaf_out:APAC:SmartXNext,2029-W49,,856.0,True
OUT:leaf_out:APAC:SmartXNext,2029-W50,,862.0,True
OUT:leaf_out:APAC:SmartXNext,2029-W51,,868.0,True
OUT:leaf_out:APAC:SmartXNext,2029-W52,,874.0,True
OUT:leaf_out:APAC:SmartXNext,2030-W01,,880.0,True
OUT:leaf_out:APAC:SmartXNext,2030-W02,,888.0,True
OUT:leaf_out:APAC:SmartXNext,2030-W03,,895.0,True
OUT:leaf_out:APAC:SmartXNext,2030-W04,,903.0,True
OUT:leaf_out:APAC:SmartXNext,2030-W05,,911.0,True
OUT:leaf_out:APAC:SmartXNext,2030-W06,,918.0,True
OUT:leaf_out:APAC:SmartXNext,2030-W07,,926.0,True
OUT:leaf_out:APAC:SmartXNext,2030-W08,,934.0,True
OUT:leaf_out:APAC:SmartXNext,2030-W09,,942.0,True
OUT:leaf_out:APAC:SmartXNext,2030-W10,,949.0,True
OUT:leaf_out:APAC:SmartXNext,2030-W11,,957.0,True
OUT:leaf_out:APAC:SmartXNext,2030-W12,,965.0,True
OUT:leaf_out:APAC:SmartXNext,2030-W13,,972.0,True
OUT:leaf_out:APAC:SmartXNext,2030-W14,,980.0,True
OUT:leaf_out:APAC:SmartXNext,2030-W15,,988.0,True
OUT:leaf_out:APAC:SmartXNext,2030-W16,,995.0,True
OUT:leaf_out:APAC:SmartXNext,2030-W17,,1003.0,True
OUT:leaf_out:APAC:SmartXNext,2030-W18,,1011.0,True
OUT:leaf_out:APAC:SmartXNext,2030-W19,,1018.0,True
OUT:leaf_out:APAC:SmartXNext,2030-W20,,1026.0,True
OUT:leaf_out:APAC:SmartXNext,2030-W21,,1034.0,True
OUT:leaf_out:APAC:SmartXNext,2030-W22,,1042.0,True
OUT:leaf_out:APAC:SmartXNext,2030-W23,,1049.0,True
OUT:leaf_out:APAC:SmartXNext,2030-W24,,1057.0,True
OUT:leaf_out:APAC:SmartXNext,2030-W25,,1065.0,True
OUT:leaf_out:APAC:SmartXNext,2030-W26,,1072.0,True
OUT:leaf_out:APAC:SmartXNext,2030-W27,,1080.0,True
OUT:leaf_out:APAC:SmartXNext,2030-W28,,1073.0,True
OUT:leaf_out:APAC:SmartXNext,2030-W29,,1067.0,True
OUT:leaf_out:APAC:SmartXNext,2030-W30,,1060.0,True
OUT:leaf_out:APAC:SmartXNext,2030-W31,,1054.0,True
OUT:leaf_out:APAC:SmartXNext,2030-W32,,1048.0,True
OUT:leaf_out:APAC:SmartXNext,2030-W33,,1041.0,True
OUT:leaf_out:APAC:SmartXNext,2030-W34,,1035.0,True
OUT:leaf_out:APAC:SmartXNext,2030-W35,,1028.0,True
OUT:leaf_out:APAC:SmartXNext,2030-W36,,1022.0,True
OUT:leaf_out:APAC:SmartXNext,2030-W37,,1016.0,True
OUT:leaf_out:APAC:SmartXNext,2030-W38,,1009.0,True
OUT:leaf_out:APAC:SmartXNext,2030-W39,,1003.0,True
OUT:leaf_out:APAC:SmartXNext,2030-W40,,996.0,True
OUT:leaf_out:APAC:SmartXNext,2030-W41,,990.0,True
OUT:leaf_out:APAC:SmartXNext,2030-W42,,984.0,True
OUT:leaf_out:APAC:SmartXNext,2030-W43,,977.0,True
OUT:leaf_out:APAC:SmartXNext,2030-W44,,971.0,True
OUT:leaf_out:APAC:SmartXNext,2030-W45,,965.0,True
OUT:leaf_out:APAC:SmartXNext,2030-W46,,958.0,True
OUT:leaf_out:APAC:SmartXNext,2030-W47,,952.0,True
OUT:leaf_out:APAC:SmartXNext,2030-W48,,946.0,True
OUT:leaf_out:APAC:SmartXNext,2030-W49,,939.0,True
OUT:leaf_out:APAC:SmartXNext,2030-W50,,933.0,True
OUT:leaf_out:APAC:SmartXNext,2030-W51,,926.0,True
OUT:leaf_out:APAC:SmartXNext,2030-W52,,920.0,True
OUT:leaf_out:APAC:SmartXPro_CN,2025-W36,,0.0,True
OUT:leaf_out:APAC:SmartXPro_CN,2025-W37,,0.0,True
OUT:leaf_out:APAC:SmartXPro_CN,2025-W38,,0.0,True
OUT:leaf_out:APAC:SmartXPro_CN,2025-W39,,0.0,True
OUT:leaf_out:APAC:SmartXPro_CN,2025-W40,,0.0,True
OUT:leaf_out:APAC:SmartXPro_CN,2025-W41,,0.0,True
OUT:leaf_out:APAC:SmartXPro_CN,2025-W42,,0.0,True
OUT:leaf_out:APAC:SmartXPro_CN,2025-W43,,0.0,True
OUT:leaf_out:APAC:SmartXPro_CN,2025-W44,,0.0,True
OUT:leaf_out:APAC:SmartXPro_CN,2025-W45,,0.0,True
OUT:leaf_out:APAC:SmartXPro_CN,2025-W46,,0.0,True
OUT:leaf_out:APAC:SmartXPro_CN,2025-W47,,0.0,True
OUT:leaf_out:APAC:SmartXPro_CN,2025-W48,,0.0,True
OUT:leaf_out:APAC:SmartXPro_CN,2025-W49,,0.0,True
OUT:leaf_out:APAC:SmartXPro_CN,2025-W50,,0.0,True
OUT:leaf_out:APAC:SmartXPro_CN,2025-W51,,0.0,True
OUT:leaf_out:APAC:SmartXPro_CN,2025-W52,,0.0,True
OUT:leaf_out:APAC:SmartXPro_CN,2026-W01,,0.0,True
OUT:leaf_out:APAC:SmartXPro_CN,2026-W02,,0.0,True
OUT:leaf_out:APAC:SmartXPro_CN,2026-W03,,0.0,True
OUT:leaf_out:APAC:SmartXPro_CN,2026-W04,,0.0,True
OUT:leaf_out:APAC:SmartXPro_CN,2026-W05,,0.0,True
OUT:leaf_out:APAC:SmartXPro_CN,2026-W06,,0.0,True
OUT:leaf_out:APAC:SmartXPro_CN,2026-W07,,0.0,True
OUT:leaf_out:APAC:SmartXPro_CN,2026-W08,,0.0,True
OUT:leaf_out:APAC:SmartXPro_CN,2026-W09,,0.0,True
OUT:leaf_out:APAC:SmartXPro_CN,2026-W10,,0.0,True
OUT:leaf_out:APAC:SmartXPro_CN,2026-W11,,0.0,True
OUT:leaf_out:APAC:SmartXPro_CN,2026-W12,,0.0,True
OUT:leaf_out:APAC:SmartXPro_CN,2026-W13,,0.0,True
OUT:leaf_out:APAC:SmartXPro_CN,2026-W14,,0.0,True
OUT:leaf_out:APAC:SmartXPro_CN,2026-W15,,0.0,True
OUT:leaf_out:APAC:SmartXPro_CN,2026-W16,,0.0,True
OUT:leaf_out:APAC:SmartXPro_CN,2026-W17,,0.0,True
OUT:leaf_out:APAC:SmartXPro_CN,2026-W18,,0.0,True
OUT:leaf_out:APAC:SmartXPro_CN,2026-W19,,0.0,True
OUT:leaf_out:APAC:SmartXPro_CN,2026-W20,,0.0,True
OUT:leaf_out:APAC:SmartXPro_CN,2026-W21,,0.0,True
OUT:leaf_out:APAC:SmartXPro_CN,2026-W22,,0.0,True
OUT:leaf_out:APAC:SmartXPro_CN,2026-W23,,0.0,True
OUT:leaf_out:APAC:SmartXPro_CN,2026-W24,,0.0,True
OUT:leaf_out:APAC:SmartXPro_CN,2026-W25,,0.0,True
OUT:leaf_out:APAC:SmartXPro_CN,2026-W26,,0.0,True
OUT:leaf_out:APAC:SmartXPro_CN,2026-W27,,0.0,True
OUT:leaf_out:APAC:SmartXPro_CN,2026-W28,,0.0,True
OUT:leaf_out:APAC:SmartXPro_CN,2026-W29,,0.0,True
OUT:leaf_out:APAC:SmartXPro_CN,2026-W30,,0.0,True
OUT:leaf_out:APAC:SmartXPro_CN,2026-W31,,0.0,True
OUT:leaf_out:APAC:SmartXPro_CN,2026-W32,,0.0,True
OUT:leaf_out:APAC:SmartXPro_CN,2026-W33,,0.0,True
OUT:leaf_out:APAC:SmartXPro_CN,2026-W34,,0.0,True
OUT:leaf_out:APAC:SmartXPro_CN,2026-W35,,0.0,True
OUT:leaf_out:APAC:SmartXPro_CN,2026-W36,,0.0,True
OUT:leaf_out:APAC:SmartXPro_CN,2026-W37,,0.0,True
OUT:leaf_out:APAC:SmartXPro_CN,2026-W38,,0.0,True
OUT:leaf_out:APAC:SmartXPro_CN,2026-W39,,0.0,True
OUT:leaf_out:APAC:SmartXPro_CN,2026-W40,,0.0,True
OUT:leaf_out:APAC:SmartXPro_CN,2026-W41,,0.0,True
OUT:leaf_out:APAC:SmartXPro_CN,2026-W42,,0.0,True
OUT:leaf_out:APAC:SmartXPro_CN,2026-W43,,0.0,True
OUT:leaf_out:APAC:SmartXPro_CN,2026-W44,,0.0,True
OUT:leaf_out:APAC:SmartXPro_CN,2026-W45,,0.0,True
OUT:leaf_out:APAC:SmartXPro_CN,2026-W46,,0.0,True
OUT:leaf_out:APAC:SmartXPro_CN,2026-W47,,0.0,True
OUT:leaf_out:APAC:SmartXPro_CN,2026-W48,,0.0,True
OUT:leaf_out:APAC:SmartXPro_CN,2026-W49,,0.0,True
OUT:leaf_out:APAC:SmartXPro_CN,2026-W50,,0.0,True
OUT:leaf_out:APAC:SmartXPro_CN,2026-W51,,0.0,True
OUT:leaf_out:APAC:SmartXPro_CN,2026-W52,,0.0,True
OUT:leaf_out:APAC:SmartXPro_CN,2026-W53,,0.0,True
OUT:leaf_out:APAC:SmartXPro_CN,2027-W01,,720.0,True
OUT:leaf_out:APAC:SmartXPro_CN,2027-W02,,720.0,True
OUT:leaf_out:APAC:SmartXPro_CN,2027-W03,,720.0,True
OUT:leaf_out:APAC:SmartXPro_CN,2027-W04,,720.0,True
OUT:leaf_out:APAC:SmartXPro_CN,2027-W05,,720.0,True
OUT:leaf_out:APAC:SmartXPro_CN,2027-W06,,720.0,True
OUT:leaf_out:APAC:SmartXPro_CN,2027-W07,,720.0,True
OUT:leaf_out:APAC:SmartXPro_CN,2027-W08,,720.0,True
OUT:leaf_out:APAC:SmartXPro_CN,2027-W09,,720.0,True
OUT:leaf_out:APAC:SmartXPro_CN,2027-W10,,720.0,True
OUT:leaf_out:APAC:SmartXPro_CN,2027-W11,,720.0,True
OUT:leaf_out:APAC:SmartXPro_CN,2027-W12,,720.0,True
OUT:leaf_out:APAC:SmartXPro_CN,2027-W13,,720.0,True
OUT:leaf_out:APAC:SmartXPro_CN,2027-W14,,720.0,True
OUT:leaf_out:APAC:SmartXPro_CN,2027-W15,,720.0,True
OUT:leaf_out:APAC:SmartXPro_CN,2027-W16,,720.0,True
OUT:leaf_out:APAC:SmartXPro_CN,2027-W17,,720.0,True
OUT:leaf_out:APAC:SmartXPro_CN,2027-W18,,720.0,True
OUT:leaf_out:APAC:SmartXPro_CN,2027-W19,,720.0,True
OUT:leaf_out:APAC:SmartXPro_CN,2027-W20,,720.0,True
OUT:leaf_out:APAC:SmartXPro_CN,2027-W21,,720.0,True
OUT:leaf_out:APAC:SmartXPro_CN,2027-W22,,720.0,True
OUT:leaf_out:APAC:SmartXPro_CN,2027-W23,,720.0,True
OUT:leaf_out:APAC:SmartXPro_CN,2027-W24,,720.0,True
OUT:leaf_out:APAC:SmartXPro_CN,2027-W25,,720.0,True
OUT:leaf_out:APAC:SmartXPro_CN,2027-W26,,720.0,True
OUT:leaf_out:APAC:SmartXPro_CN,2027-W27,,717.0,True
OUT:leaf_out:APAC:SmartXPro_CN,2027-W28,,713.0,True
OUT:leaf_out:APAC:SmartXPro_CN,2027-W29,,710.0,True
OUT:leaf_out:APAC:SmartXPro_CN,2027-W30,,706.0,True
OUT:leaf_out:APAC:SmartXPro_CN,2027-W31,,702.0,True
OUT:leaf_out:APAC:SmartXPro_CN,2027-W32,,698.0,True
OUT:leaf_out:APAC:SmartXPro_CN,2027-W33,,695.0,True
OUT:leaf_out:APAC:SmartXPro_CN,2027-W34,,691.0,True
OUT:leaf_out:APAC:SmartXPro_CN,2027-W35,,688.0,True
OUT:leaf_out:APAC:SmartXPro_CN,2027-W36,,685.0,True
OUT:leaf_out:APAC:SmartXPro_CN,2027-W37,,681.0,True
OUT:leaf_out:APAC:SmartXPro_CN,2027-W38,,678.0,True
OUT:leaf_out:APAC:SmartXPro_CN,2027-W39,,674.0,True
OUT:leaf_out:APAC:SmartXPro_CN,2027-W40,,670.0,True
OUT:leaf_out:APAC:SmartXPro_CN,2027-W41,,666.0,True
OUT:leaf_out:APAC:SmartXPro_CN,2027-W42,,663.0,True
OUT:leaf_out:APAC:SmartXPro_CN,2027-W43,,659.0,True
OUT:leaf_out:APAC:SmartXPro_CN,2027-W44,,656.0,True
OUT:leaf_out:APAC:SmartXPro_CN,2027-W45,,653.0,True
OUT:leaf_out:APAC:SmartXPro_CN,2027-W46,,649.0,True
OUT:leaf_out:APAC:SmartXPro_CN,2027-W47,,646.0,True
OUT:leaf_out:APAC:SmartXPro_CN,2027-W48,,642.0,True
OUT:leaf_out:APAC:SmartXPro_CN,2027-W49,,638.0,True
OUT:leaf_out:APAC:SmartXPro_CN,2027-W50,,634.0,True
OUT:leaf_out:APAC:SmartXPro_CN,2027-W51,,631.0,True
OUT:leaf_out:APAC:SmartXPro_CN,2027-W52,,627.0,True
OUT:leaf_out:APAC:SmartXPro_CN,2028-W01,,620.0,True
OUT:leaf_out:APAC:SmartXPro_CN,2028-W02,,616.0,True
OUT:leaf_out:APAC:SmartXPro_CN,2028-W03,,613.0,True
OUT:leaf_out:APAC:SmartXPro_CN,2028-W04,,609.0,True
OUT:leaf_out:APAC:SmartXPro_CN,2028-W05,,605.0,True
OUT:leaf_out:APAC:SmartXPro_CN,2028-W06,,601.0,True
OUT:leaf_out:APAC:SmartXPro_CN,2028-W07,,597.0,True
OUT:leaf_out:APAC:SmartXPro_CN,2028-W08,,593.0,True
OUT:leaf_out:APAC:SmartXPro_CN,2028-W09,,590.0,True
OUT:leaf_out:APAC:SmartXPro_CN,2028-W10,,586.0,True
OUT:leaf_out:APAC:SmartXPro_CN,2028-W11,,582.0,True
OUT:leaf_out:APAC:SmartXPro_CN,2028-W12,,578.0,True
OUT:leaf_out:APAC:SmartXPro_CN,2028-W13,,574.0,True
OUT:leaf_out:APAC:SmartXPro_CN,2028-W14,,570.0,True
OUT:leaf_out:APAC:SmartXPro_CN,2028-W15,,566.0,True
OUT:leaf_out:APAC:SmartXPro_CN,2028-W16,,562.0,True
OUT:leaf_out:APAC:SmartXPro_CN,2028-W17,,558.0,True
OUT:leaf_out:APAC:SmartXPro_CN,2028-W18,,554.0,True
OUT:leaf_out:APAC:SmartXPro_CN,2028-W19,,551.0,True
OUT:leaf_out:APAC:SmartXPro_CN,2028-W20,,547.0,True
OUT:leaf_out:APAC:SmartXPro_CN,2028-W21,,543.0,True
OUT:leaf_out:APAC:SmartXPro_CN,2028-W22,,539.0,True
OUT:leaf_out:APAC:SmartXPro_CN,2028-W23,,535.0,True
OUT:leaf_out:APAC:SmartXPro_CN,2028-W24,,531.0,True
OUT:leaf_out:APAC:SmartXPro_CN,2028-W25,,528.0,True
OUT:leaf_out:APAC:SmartXPro_CN,2028-W26,,524.0,True
OUT:leaf_out:APAC:SmartXPro_CN,2028-W27,,517.0,True
OUT:leaf_out:APAC:SmartXPro_CN,2028-W28,,514.0,True
OUT:leaf_out:APAC:SmartXPro_CN,2028-W29,,511.0,True
OUT:leaf_out:APAC:SmartXPro_CN,2028-W30,,508.0,True
OUT:leaf_out:APAC:SmartXPro_CN,2028-W31,,505.0,True
OUT:leaf_out:APAC:SmartXPro_CN,2028-W32,,502.0,True
OUT:leaf_out:APAC:SmartXPro_CN,2028-W33,,499.0,True
OUT:leaf_out:APAC:SmartXPro_CN,2028-W34,,496.0,True
OUT:leaf_out:APAC:SmartXPro_CN,2028-W35,,494.0,True
OUT:leaf_out:APAC:SmartXPro_CN,2028-W36,,490.0,True
OUT:leaf_out:APAC:SmartXPro_CN,2028-W37,,487.0,True
OUT:leaf_out:APAC:SmartXPro_CN,2028-W38,,485.0,True
OUT:leaf_out:APAC:SmartXPro_CN,2028-W39,,482.0,True
OUT:leaf_out:APAC:SmartXPro_CN,2028-W40,,478.0,True
OUT:leaf_out:APAC:SmartXPro_CN,2028-W41,,475.0,True
OUT:leaf_out:APAC:SmartXPro_CN,2028-W42,,473.0,True
OUT:leaf_out:APAC:SmartXPro_CN,2028-W43,,470.0,True
OUT:leaf_out:APAC:SmartXPro_CN,2028-W44,,466.0,True
OUT:leaf_out:APAC:SmartXPro_CN,2028-W45,,464.0,True
OUT:leaf_out:APAC:SmartXPro_CN,2028-W46,,461.0,True
OUT:leaf_out:APAC:SmartXPro_CN,2028-W47,,458.0,True
OUT:leaf_out:APAC:SmartXPro_CN,2028-W48,,455.0,True
OUT:leaf_out:APAC:SmartXPro_CN,2028-W49,,452.0,True
OUT:leaf_out:APAC:SmartXPro_CN,2028-W50,,449.0,True
OUT:leaf_out:APAC:SmartXPro_CN,2028-W51,,446.0,True
OUT:leaf_out:APAC:SmartXPro_CN,2028-W52,,443.0,True
OUT:leaf_out:APAC:SmartXPro_CN,2029-W01,,435.0,True
OUT:leaf_out:APAC:SmartXPro_CN,2029-W02,,431.0,True
OUT:leaf_out:APAC:SmartXPro_CN,2029-W03,,426.0,True
OUT:leaf_out:APAC:SmartXPro_CN,2029-W04,,422.0,True
OUT:leaf_out:APAC:SmartXPro_CN,2029-W05,,418.0,True
OUT:leaf_out:APAC:SmartXPro_CN,2029-W06,,414.0,True
OUT:leaf_out:APAC:SmartXPro_CN,2029-W07,,409.0,True
OUT:leaf_out:APAC:SmartXPro_CN,2029-W08,,405.0,True
OUT:leaf_out:APAC:SmartXPro_CN,2029-W09,,400.0,True
OUT:leaf_out:APAC:SmartXPro_CN,2029-W10,,395.0,True
OUT:leaf_out:APAC:SmartXPro_CN,2029-W11,,391.0,True
OUT:leaf_out:APAC:SmartXPro_CN,2029-W12,,386.0,True
OUT:leaf_out:APAC:SmartXPro_CN,2029-W13,,382.0,True
OUT:leaf_out:APAC:SmartXPro_CN,2029-W14,,378.0,True
OUT:leaf_out:APAC:SmartXPro_CN,2029-W15,,374.0,True
OUT:leaf_out:APAC:SmartXPro_CN,2029-W16,,369.0,True
OUT:leaf_out:APAC:SmartXPro_CN,2029-W17,,365.0,True
OUT:leaf_out:APAC:SmartXPro_CN,2029-W18,,360.0,True
OUT:leaf_out:APAC:SmartXPro_CN,2029-W19,,355.0,True
OUT:leaf_out:APAC:SmartXPro_CN,2029-W20,,351.0,True
OUT:leaf_out:APAC:SmartXPro_CN,2029-W21,,346.0,True
OUT:leaf_out:APAC:SmartXPro_CN,2029-W22,,342.0,True
OUT:leaf_out:APAC:SmartXPro_CN,2029-W23,,338.0,True
OUT:leaf_out:APAC:SmartXPro_CN,2029-W24,,334.0,True
OUT:leaf_out:APAC:SmartXPro_CN,2029-W25,,329.0,True
OUT:leaf_out:APAC:SmartXPro_CN,2029-W26,,325.0,True
OUT:leaf_out:APAC:SmartXPro_CN,2029-W27,,315.0,True
OUT:leaf_out:APAC:SmartXPro_CN,2029-W28,,311.0,True
OUT:leaf_out:APAC:SmartXPro_CN,2029-W29,,306.0,True
OUT:leaf_out:APAC:SmartXPro_CN,2029-W30,,302.0,True
OUT:leaf_out:APAC:SmartXPro_CN,2029-W31,,298.0,True
OUT:leaf_out:APAC:SmartXPro_CN,2029-W32,,294.0,True
OUT:leaf_out:APAC:SmartXPro_CN,2029-W33,,289.0,True
OUT:leaf_out:APAC:SmartXPro_CN,2029-W34,,285.0,True
OUT:leaf_out:APAC:SmartXPro_CN,2029-W35,,280.0,True
OUT:leaf_out:APAC:SmartXPro_CN,2029-W36,,275.0,True
OUT:leaf_out:APAC:SmartXPro_CN,2029-W37,,271.0,True
OUT:leaf_out:APAC:SmartXPro_CN,2029-W38,,266.0,True
OUT:leaf_out:APAC:SmartXPro_CN,2029-W39,,262.0,True
OUT:leaf_out:APAC:SmartXPro_CN,2029-W40,,258.0,True
OUT:leaf_out:APAC:SmartXPro_CN,2029-W41,,254.0,True
OUT:leaf_out:APAC:SmartXPro_CN,2029-W42,,249.0,True
OUT:leaf_out:APAC:SmartXPro_CN,2029-W43,,245.0,True
OUT:leaf_out:APAC:SmartXPro_CN,2029-W44,,240.0,True
OUT:leaf_out:APAC:SmartXPro_CN,2029-W45,,235.0,True
OUT:leaf_out:APAC:SmartXPro_CN,2029-W46,,231.0,True
OUT:leaf_out:APAC:SmartXPro_CN,2029-W47,,226.0,True
OUT:leaf_out:APAC:SmartXPro_CN,2029-W48,,222.0,True
OUT:leaf_out:APAC:SmartXPro_CN,2029-W49,,218.0,True
OUT:leaf_out:APAC:SmartXPro_CN,2029-W50,,214.0,True
OUT:leaf_out:APAC:SmartXPro_CN,2029-W51,,209.0,True
OUT:leaf_out:APAC:SmartXPro_CN,2029-W52,,205.0,True
OUT:leaf_out:APAC:SmartXPro_CN,2030-W01,,201.0,True
OUT:leaf_out:APAC:SmartXPro_CN,2030-W02,,197.0,True
OUT:leaf_out:APAC:SmartXPro_CN,2030-W03,,193.0,True
OUT:leaf_out:APAC:SmartXPro_CN,2030-W04,,189.0,True
OUT:leaf_out:APAC:SmartXPro_CN,2030-W05,,185.0,True
OUT:leaf_out:APAC:SmartXPro_CN,2030-W06,,181.0,True
OUT:leaf_out:APAC:SmartXPro_CN,2030-W07,,177.0,True
OUT:leaf_out:APAC:SmartXPro_CN,2030-W08,,173.0,True
OUT:leaf_out:APAC:SmartXPro_CN,2030-W09,,169.0,True
OUT:leaf_out:APAC:SmartXPro_CN,2030-W10,,166.0,True
OUT:leaf_out:APAC:SmartXPro_CN,2030-W11,,162.0,True
OUT:leaf_out:APAC:SmartXPro_CN,2030-W12,,158.0,True
OUT:leaf_out:APAC:SmartXPro_CN,2030-W13,,154.0,True
OUT:leaf_out:APAC:SmartXPro_CN,2030-W14,,150.0,True
OUT:leaf_out:APAC:SmartXPro_CN,2030-W15,,146.0,True
OUT:leaf_out:APAC:SmartXPro_CN,2030-W16,,142.0,True
OUT:leaf_out:APAC:SmartXPro_CN,2030-W17,,138.0,True
OUT:leaf_out:APAC:SmartXPro_CN,2030-W18,,134.0,True
OUT:leaf_out:APAC:SmartXPro_CN,2030-W19,,130.0,True
OUT:leaf_out:APAC:SmartXPro_CN,2030-W20,,126.0,True
OUT:leaf_out:APAC:SmartXPro_CN,2030-W21,,122.0,True
OUT:leaf_out:APAC:SmartXPro_CN,2030-W22,,118.0,True
OUT:leaf_out:APAC:SmartXPro_CN,2030-W23,,114.0,True
OUT:leaf_out:APAC:SmartXPro_CN,2030-W24,,110.0,True
OUT:leaf_out:APAC:SmartXPro_CN,2030-W25,,106.0,True
OUT:leaf_out:APAC:SmartXPro_CN,2030-W26,,102.0,True
OUT:leaf_out:APAC:SmartXPro_CN,2030-W27,,99.0,True
OUT:leaf_out:APAC:SmartXPro_CN,2030-W28,,95.0,True
OUT:leaf_out:APAC:SmartXPro_CN,2030-W29,,91.0,True
OUT:leaf_out:APAC:SmartXPro_CN,2030-W30,,87.0,True
OUT:leaf_out:APAC:SmartXPro_CN,2030-W31,,83.0,True
OUT:leaf_out:APAC:SmartXPro_CN,2030-W32,,79.0,True
OUT:leaf_out:APAC:SmartXPro_CN,2030-W33,,75.0,True
OUT:leaf_out:APAC:SmartXPro_CN,2030-W34,,71.0,True
OUT:leaf_out:APAC:SmartXPro_CN,2030-W35,,67.0,True
OUT:leaf_out:APAC:SmartXPro_CN,2030-W36,,63.0,True
OUT:leaf_out:APAC:SmartXPro_CN,2030-W37,,59.0,True
OUT:leaf_out:APAC:SmartXPro_CN,2030-W38,,55.0,True
OUT:leaf_out:APAC:SmartXPro_CN,2030-W39,,51.0,True
OUT:leaf_out:APAC:SmartXPro_CN,2030-W40,,47.0,True
OUT:leaf_out:APAC:SmartXPro_CN,2030-W41,,43.0,True
OUT:leaf_out:APAC:SmartXPro_CN,2030-W42,,39.0,True
OUT:leaf_out:APAC:SmartXPro_CN,2030-W43,,35.0,True
OUT:leaf_out:APAC:SmartXPro_CN,2030-W44,,32.0,True
OUT:leaf_out:APAC:SmartXPro_CN,2030-W45,,28.0,True
OUT:leaf_out:APAC:SmartXPro_CN,2030-W46,,24.0,True
OUT:leaf_out:APAC:SmartXPro_CN,2030-W47,,20.0,True
OUT:leaf_out:APAC:SmartXPro_CN,2030-W48,,16.0,True
OUT:leaf_out:APAC:SmartXPro_CN,2030-W49,,12.0,True
OUT:leaf_out:APAC:SmartXPro_CN,2030-W50,,8.0,True
OUT:leaf_out:APAC:SmartXPro_CN,2030-W51,,4.0,True
OUT:leaf_out:APAC:SmartXPro_CN,2030-W52,,0.0,True
OUT:leaf_out:EMEA:SmartX,2025-W36,,0.0,True
OUT:leaf_out:EMEA:SmartX,2025-W37,,0.0,True
OUT:leaf_out:EMEA:SmartX,2025-W38,,0.0,True
OUT:leaf_out:EMEA:SmartX,2025-W39,,0.0,True
OUT:leaf_out:EMEA:SmartX,2025-W40,,0.0,True
OUT:leaf_out:EMEA:SmartX,2025-W41,,0.0,True
OUT:leaf_out:EMEA:SmartX,2025-W42,,0.0,True
OUT:leaf_out:EMEA:SmartX,2025-W43,,0.0,True
OUT:leaf_out:EMEA:SmartX,2025-W44,,0.0,True
OUT:leaf_out:EMEA:SmartX,2025-W45,,0.0,True
OUT:leaf_out:EMEA:SmartX,2025-W46,,0.0,True
OUT:leaf_out:EMEA:SmartX,2025-W47,,0.0,True
OUT:leaf_out:EMEA:SmartX,2025-W48,,0.0,True
OUT:leaf_out:EMEA:SmartX,2025-W49,,0.0,True
OUT:leaf_out:EMEA:SmartX,2025-W50,,0.0,True
OUT:leaf_out:EMEA:SmartX,2025-W51,,0.0,True
OUT:leaf_out:EMEA:SmartX,2025-W52,,0.0,True
OUT:leaf_out:EMEA:SmartX,2026-W01,,366.0,True
OUT:leaf_out:EMEA:SmartX,2026-W02,,364.0,True
OUT:leaf_out:EMEA:SmartX,2026-W03,,363.0,True
OUT:leaf_out:EMEA:SmartX,2026-W04,,361.0,True
OUT:leaf_out:EMEA:SmartX,2026-W05,,360.0,True
OUT:leaf_out:EMEA:SmartX,2026-W06,,358.0,True
OUT:leaf_out:EMEA:SmartX,2026-W07,,356.0,True
OUT:leaf_out:EMEA:SmartX,2026-W08,,355.0,True
OUT:leaf_out:EMEA:SmartX,2026-W09,,353.0,True
OUT:leaf_out:EMEA:SmartX,2026-W10,,351.0,True
OUT:leaf_out:EMEA:SmartX,2026-W11,,350.0,True
OUT:leaf_out:EMEA:SmartX,2026-W12,,348.0,True
OUT:leaf_out:EMEA:SmartX,2026-W13,,347.0,True
OUT:leaf_out:EMEA:SmartX,2026-W14,,345.0,True
OUT:leaf_out:EMEA:SmartX,2026-W15,,343.0,True
OUT:leaf_out:EMEA:SmartX,2026-W16,,342.0,True
OUT:leaf_out:EMEA:SmartX,2026-W17,,340.0,True
OUT:leaf_out:EMEA:SmartX,2026-W18,,339.0,True
OUT:leaf_out:EMEA:SmartX,2026-W19,,337.0,True
OUT:leaf_out:EMEA:SmartX,2026-W20,,335.0,True
OUT:leaf_out:EMEA:SmartX,2026-W21,,334.0,True
OUT:leaf_out:EMEA:SmartX,2026-W22,,332.0,True
OUT:leaf_out:EMEA:SmartX,2026-W23,,330.0,True
OUT:leaf_out:EMEA:SmartX,2026-W24,,329.0,True
OUT:leaf_out:EMEA:SmartX,2026-W25,,327.0,True
OUT:leaf_out:EMEA:SmartX,2026-W26,,326.0,True
OUT:leaf_out:EMEA:SmartX,2026-W27,,324.0,True
OUT:leaf_out:EMEA:SmartX,2026-W28,,322.0,True
OUT:leaf_out:EMEA:SmartX,2026-W29,,321.0,True
OUT:leaf_out:EMEA:SmartX,2026-W30,,319.0,True
OUT:leaf_out:EMEA:SmartX,2026-W31,,318.0,True
OUT:leaf_out:EMEA:SmartX,2026-W32,,316.0,True
OUT:leaf_out:EMEA:SmartX,2026-W33,,314.0,True
OUT:leaf_out:EMEA:SmartX,2026-W34,,313.0,True
OUT:leaf_out:EMEA:SmartX,2026-W35,,311.0,True
OUT:leaf_out:EMEA:SmartX,2026-W36,,309.0,True
OUT:leaf_out:EMEA:SmartX,2026-W37,,308.0,True
OUT:leaf_out:EMEA:SmartX,2026-W38,,306.0,True
OUT:leaf_out:EMEA:SmartX,2026-W39,,305.0,True
OUT:leaf_out:EMEA:SmartX,2026-W40,,303.0,True
OUT:leaf_out:EMEA:SmartX,2026-W41,,301.0,True
OUT:leaf_out:EMEA:SmartX,2026-W42,,300.0,True
OUT:leaf_out:EMEA:SmartX,2026-W43,,298.0,True
OUT:leaf_out:EMEA:SmartX,2026-W44,,297.0,True
OUT:leaf_out:EMEA:SmartX,2026-W45,,295.0,True
OUT:leaf_out:EMEA:SmartX,2026-W46,,293.0,True
OUT:leaf_out:EMEA:SmartX,2026-W47,,292.0,True
OUT:leaf_out:EMEA:SmartX,2026-W48,,290.0,True
OUT:leaf_out:EMEA:SmartX,2026-W49,,288.0,True
OUT:leaf_out:EMEA:SmartX,2026-W50,,287.0,True
OUT:leaf_out:EMEA:SmartX,2026-W51,,285.0,True
OUT:leaf_out:EMEA:SmartX,2026-W52,,284.0,True
OUT:leaf_out:EMEA:SmartX,2026-W53,,282.0,True
OUT:leaf_out:EMEA:SmartX,2027-W01,,280.0,True
OUT:leaf_out:EMEA:SmartX,2027-W02,,280.0,True
OUT:leaf_out:EMEA:SmartX,2027-W03,,280.0,True
OUT:leaf_out:EMEA:SmartX,2027-W04,,280.0,True
OUT:leaf_out:EMEA:SmartX,2027-W05,,280.0,True
OUT:leaf_out:EMEA:SmartX,2027-W06,,280.0,True
OUT:leaf_out:EMEA:SmartX,2027-W07,,280.0,True
OUT:leaf_out:EMEA:SmartX,2027-W08,,280.0,True
OUT:leaf_out:EMEA:SmartX,2027-W09,,280.0,True
OUT:leaf_out:EMEA:SmartX,2027-W10,,280.0,True
OUT:leaf_out:EMEA:SmartX,2027-W11,,280.0,True
OUT:leaf_out:EMEA:SmartX,2027-W12,,280.0,True
OUT:leaf_out:EMEA:SmartX,2027-W13,,280.0,True
OUT:leaf_out:EMEA:SmartX,2027-W14,,280.0,True
OUT:leaf_out:EMEA:SmartX,2027-W15,,280.0,True
OUT:leaf_out:EMEA:SmartX,2027-W16,,280.0,True
OUT:leaf_out:EMEA:SmartX,2027-W17,,280.0,True
OUT:leaf_out:EMEA:SmartX,2027-W18,,280.0,True
OUT:leaf_out:EMEA:SmartX,2027-W19,,280.0,True
OUT:leaf_out:EMEA:SmartX,2027-W20,,280.0,True
OUT:leaf_out:EMEA:SmartX,2027-W21,,280.0,True
OUT:leaf_out:EMEA:SmartX,2027-W22,,280.0,True
OUT:leaf_out:EMEA:SmartX,2027-W23,,280.0,True
OUT:leaf_out:EMEA:SmartX,2027-W24,,280.0,True
OUT:leaf_out:EMEA:SmartX,2027-W25,,280.0,True
OUT:leaf_out:EMEA:SmartX,2027-W26,,280.0,True
OUT:leaf_out:EMEA:SmartX,2027-W27,,277.0,True
OUT:leaf_out:EMEA:SmartX,2027-W28,,275.0,True
OUT:leaf_out:EMEA:SmartX,2027-W29,,272.0,True
OUT:leaf_out:EMEA:SmartX,2027-W30,,270.0,True
OUT:leaf_out:EMEA:SmartX,2027-W31,,267.0,True
OUT:leaf_out:EMEA:SmartX,2027-W32,,265.0,True
OUT:leaf_out:EMEA:SmartX,2027-W33,,262.0,True
OUT:leaf_out:EMEA:SmartX,2027-W34,,259.0,True
OUT:leaf_out:EMEA:SmartX,2027-W35,,257.0,True
OUT:leaf_out:EMEA:SmartX,2027-W36,,254.0,True
OUT:leaf_out:EMEA:SmartX,2027-W37,,251.0,True
OUT:leaf_out:EMEA:SmartX,2027-W38,,249.0,True
OUT:leaf_out:EMEA:SmartX,2027-W39,,246.0,True
OUT:leaf_out:EMEA:SmartX,2027-W40,,244.0,True
OUT:leaf_out:EMEA:SmartX,2027-W41,,241.0,True
OUT:leaf_out:EMEA:SmartX,2027-W42,,239.0,True
OUT:leaf_out:EMEA:SmartX,2027-W43,,236.0,True
OUT:leaf_out:EMEA:SmartX,2027-W44,,233.0,True
OUT:leaf_out:EMEA:SmartX,2027-W45,,231.0,True
OUT:leaf_out:EMEA:SmartX,2027-W46,,228.0,True
OUT:leaf_out:EMEA:SmartX,2027-W47,,225.0,True
OUT:leaf_out:EMEA:SmartX,2027-W48,,223.0,True
OUT:leaf_out:EMEA:SmartX,2027-W49,,220.0,True
OUT:leaf_out:EMEA:SmartX,2027-W50,,218.0,True
OUT:leaf_out:EMEA:SmartX,2027-W51,,215.0,True
OUT:leaf_out:EMEA:SmartX,2027-W52,,213.0,True
OUT:leaf_out:EMEA:SmartX,2028-W01,,207.0,True
OUT:leaf_out:EMEA:SmartX,2028-W02,,205.0,True
OUT:leaf_out:EMEA:SmartX,2028-W03,,202.0,True
OUT:leaf_out:EMEA:SmartX,2028-W04,,200.0,True
OUT:leaf_out:EMEA:SmartX,2028-W05,,197.0,True
OUT:leaf_out:EMEA:SmartX,2028-W06,,195.0,True
OUT:leaf_out:EMEA:SmartX,2028-W07,,192.0,True
OUT:leaf_out:EMEA:SmartX,2028-W08,,189.0,True
OUT:leaf_out:EMEA:SmartX,2028-W09,,187.0,True
OUT:leaf_out:EMEA:SmartX,2028-W10,,184.0,True
OUT:leaf_out:EMEA:SmartX,2028-W11,,181.0,True
OUT:leaf_out:EMEA:SmartX,2028-W12,,179.0,True
OUT:leaf_out:EMEA:SmartX,2028-W13,,176.0,True
OUT:leaf_out:EMEA:SmartX,2028-W14,,174.0,True
OUT:leaf_out:EMEA:SmartX,2028-W15,,171.0,True
OUT:leaf_out:EMEA:SmartX,2028-W16,,169.0,True
OUT:leaf_out:EMEA:SmartX,2028-W17,,166.0,True
OUT:leaf_out:EMEA:SmartX,2028-W18,,163.0,True
OUT:leaf_out:EMEA:SmartX,2028-W19,,161.0,True
OUT:leaf_out:EMEA:SmartX,2028-W20,,158.0,True
OUT:leaf_out:EMEA:SmartX,2028-W21,,155.0,True
OUT:leaf_out:EMEA:SmartX,2028-W22,,153.0,True
OUT:leaf_out:EMEA:SmartX,2028-W23,,150.0,True
OUT:leaf_out:EMEA:SmartX,2028-W24,,148.0,True
OUT:leaf_out:EMEA:SmartX,2028-W25,,145.0,True
OUT:leaf_out:EMEA:SmartX,2028-W26,,143.0,True
OUT:leaf_out:EMEA:SmartX,2028-W27,,138.0,True
OUT:leaf_out:EMEA:SmartX,2028-W28,,136.0,True
OUT:leaf_out:EMEA:SmartX,2028-W29,,134.0,True
OUT:leaf_out:EMEA:SmartX,2028-W30,,133.0,True
OUT:leaf_out:EMEA:SmartX,2028-W31,,131.0,True
OUT:leaf_out:EMEA:SmartX,2028-W32,,129.0,True
OUT:leaf_out:EMEA:SmartX,2028-W33,,127.0,True
OUT:leaf_out:EMEA:SmartX,2028-W34,,125.0,True
OUT:leaf_out:EMEA:SmartX,2028-W35,,124.0,True
OUT:leaf_out:EMEA:SmartX,2028-W36,,122.0,True
OUT:leaf_out:EMEA:SmartX,2028-W37,,120.0,True
OUT:leaf_out:EMEA:SmartX,2028-W38,,118.0,True
OUT:leaf_out:EMEA:SmartX,2028-W39,,116.0,True
OUT:leaf_out:EMEA:SmartX,2028-W40,,115.0,True
OUT:leaf_out:EMEA:SmartX,2028-W41,,113.0,True
OUT:leaf_out:EMEA:SmartX,2028-W42,,111.0,True
OUT:leaf_out:EMEA:SmartX,2028-W43,,109.0,True
OUT:leaf_out:EMEA:SmartX,2028-W44,,107.0,True
OUT:leaf_out:EMEA:SmartX,2028-W45,,106.0,True
OUT:leaf_out:EMEA:SmartX,2028-W46,,104.0,True
OUT:leaf_out:EMEA:SmartX,2028-W47,,102.0,True
OUT:leaf_out:EMEA:SmartX,2028-W48,,100.0,True
OUT:leaf_out:EMEA:SmartX,2028-W49,,98.0,True
OUT:leaf_out:EMEA:SmartX,2028-W50,,97.0,True
OUT:leaf_out:EMEA:SmartX,2028-W51,,94.0,True
OUT:leaf_out:EMEA:SmartX,2028-W52,,93.0,True
OUT:leaf_out:EMEA:SmartX,2029-W01,,90.0,True
OUT:leaf_out:EMEA:SmartX,2029-W02,,88.0,True
OUT:leaf_out:EMEA:SmartX,2029-W03,,87.0,True
OUT:leaf_out:EMEA:SmartX,2029-W04,,86.0,True
OUT:leaf_out:EMEA:SmartX,2029-W05,,85.0,True
OUT:leaf_out:EMEA:SmartX,2029-W06,,83.0,True
OUT:leaf_out:EMEA:SmartX,2029-W07,,82.0,True
OUT:leaf_out:EMEA:SmartX,2029-W08,,80.0,True
OUT:leaf_out:EMEA:SmartX,2029-W09,,79.0,True
OUT:leaf_out:EMEA:SmartX,2029-W10,,78.0,True
OUT:leaf_out:EMEA:SmartX,2029-W11,,77.0,True
OUT:leaf_out:EMEA:SmartX,2029-W12,,76.0,True
OUT:leaf_out:EMEA:SmartX,2029-W13,,74.0,True
OUT:leaf_out:EMEA:SmartX,2029-W14,,73.0,True
OUT:leaf_out:EMEA:SmartX,2029-W15,,71.0,True
OUT:leaf_out:EMEA:SmartX,2029-W16,,70.0,True
OUT:leaf_out:EMEA:SmartX,2029-W17,,69.0,True
OUT:leaf_out:EMEA:SmartX,2029-W18,,68.0,True
OUT:leaf_out:EMEA:SmartX,2029-W19,,66.0,True
OUT:leaf_out:EMEA:SmartX,2029-W20,,65.0,True
OUT:leaf_out:EMEA:SmartX,2029-W21,,64.0,True
OUT:leaf_out:EMEA:SmartX,2029-W22,,62.0,True
OUT:leaf_out:EMEA:SmartX,2029-W23,,61.0,True
OUT:leaf_out:EMEA:SmartX,2029-W24,,60.0,True
OUT:leaf_out:EMEA:SmartX,2029-W25,,59.0,True
OUT:leaf_out:EMEA:SmartX,2029-W26,,57.0,True
OUT:leaf_out:EMEA:SmartX,2029-W27,,55.0,True
OUT:leaf_out:EMEA:SmartX,2029-W28,,54.0,True
OUT:leaf_out:EMEA:SmartX,2029-W29,,53.0,True
OUT:leaf_out:EMEA:SmartX,2029-W30,,52.0,True
OUT:leaf_out:EMEA:SmartX,2029-W31,,51.0,True
OUT:leaf_out:EMEA:SmartX,2029-W32,,50.0,True
OUT:leaf_out:EMEA:SmartX,2029-W33,,49.0,True
OUT:leaf_out:EMEA:SmartX,2029-W34,,48.0,True
OUT:leaf_out:EMEA:SmartX,2029-W35,,47.0,True
OUT:leaf_out:EMEA:SmartX,2029-W36,,46.0,True
OUT:leaf_out:EMEA:SmartX,2029-W37,,45.0,True
OUT:leaf_out:EMEA:SmartX,2029-W38,,43.0,True
OUT:leaf_out:EMEA:SmartX,2029-W39,,43.0,True
OUT:leaf_out:EMEA:SmartX,2029-W40,,41.0,True
OUT:leaf_out:EMEA:SmartX,2029-W41,,41.0,True
OUT:leaf_out:EMEA:SmartX,2029-W42,,39.0,True
OUT:leaf_out:EMEA:SmartX,2029-W43,,38.0,True
OUT:leaf_out:EMEA:SmartX,2029-W44,,37.0,True
OUT:leaf_out:EMEA:SmartX,2029-W45,,36.0,True
OUT:leaf_out:EMEA:SmartX,2029-W46,,35.0,True
OUT:leaf_out:EMEA:SmartX,2029-W47,,34.0,True
OUT:leaf_out:EMEA:SmartX,2029-W48,,33.0,True
OUT:leaf_out:EMEA:SmartX,2029-W49,,32.0,True
OUT:leaf_out:EMEA:SmartX,2029-W50,,31.0,True
OUT:leaf_out:EMEA:SmartX,2029-W51,,30.0,True
OUT:leaf_out:EMEA:SmartX,2029-W52,,29.0,True
OUT:leaf_out:EMEA:SmartX,2030-W01,,28.0,True
OUT:leaf_out:EMEA:SmartX,2030-W02,,27.0,True
OUT:leaf_out:EMEA:SmartX,2030-W03,,26.0,True
OUT:leaf_out:EMEA:SmartX,2030-W04,,25.0,True
OUT:leaf_out:EMEA:SmartX,2030-W05,,24.0,True
OUT:leaf_out:EMEA:SmartX,2030-W06,,23.0,True
OUT:leaf_out:EMEA:SmartX,2030-W07,,22.0,True
OUT:leaf_out:EMEA:SmartX,2030-W08,,20.0,True
OUT:leaf_out:EMEA:SmartX,2030-W09,,19.0,True
OUT:leaf_out:EMEA:SmartX,2030-W10,,18.0,True
OUT:leaf_out:EMEA:SmartX,2030-W11,,17.0,True
OUT:leaf_out:EMEA:SmartX,2030-W12,,16.0,True
OUT:leaf_out:EMEA:SmartX,2030-W13,,15.0,True
OUT:leaf_out:EMEA:SmartX,2030-W14,,14.0,True
OUT:leaf_out:EMEA:SmartX,2030-W15,,13.0,True
OUT:leaf_out:EMEA:SmartX,2030-W16,,12.0,True
OUT:leaf_out:EMEA:SmartX,2030-W17,,11.0,True
OUT:leaf_out:EMEA:SmartX,2030-W18,,10.0,True
OUT:leaf_out:EMEA:SmartX,2030-W19,,9.0,True
OUT:leaf_out:EMEA:SmartX,2030-W20,,8.0,True
OUT:leaf_out:EMEA:SmartX,2030-W21,,6.0,True
OUT:leaf_out:EMEA:SmartX,2030-W22,,5.0,True
OUT:leaf_out:EMEA:SmartX,2030-W23,,4.0,True
OUT:leaf_out:EMEA:SmartX,2030-W24,,3.0,True
OUT:leaf_out:EMEA:SmartX,2030-W25,,2.0,True
OUT:leaf_out:EMEA:SmartX,2030-W26,,1.0,True
OUT:leaf_out:EMEA:SmartX,2030-W27,,0.0,True
OUT:leaf_out:EMEA:SmartX,2030-W28,,0.0,True
OUT:leaf_out:EMEA:SmartX,2030-W29,,0.0,True
OUT:leaf_out:EMEA:SmartX,2030-W30,,0.0,True
OUT:leaf_out:EMEA:SmartX,2030-W31,,0.0,True
OUT:leaf_out:EMEA:SmartX,2030-W32,,0.0,True
OUT:leaf_out:EMEA:SmartX,2030-W33,,0.0,True
OUT:leaf_out:EMEA:SmartX,2030-W34,,0.0,True
OUT:leaf_out:EMEA:SmartX,2030-W35,,0.0,True
OUT:leaf_out:EMEA:SmartX,2030-W36,,0.0,True
OUT:leaf_out:EMEA:SmartX,2030-W37,,0.0,True
OUT:leaf_out:EMEA:SmartX,2030-W38,,0.0,True
OUT:leaf_out:EMEA:SmartX,2030-W39,,0.0,True
OUT:leaf_out:EMEA:SmartX,2030-W40,,0.0,True
OUT:leaf_out:EMEA:SmartX,2030-W41,,0.0,True
OUT:leaf_out:EMEA:SmartX,2030-W42,,0.0,True
OUT:leaf_out:EMEA:SmartX,2030-W43,,0.0,True
OUT:leaf_out:EMEA:SmartX,2030-W44,,0.0,True
OUT:leaf_out:EMEA:SmartX,2030-W45,,0.0,True
OUT:leaf_out:EMEA:SmartX,2030-W46,,0.0,True
OUT:leaf_out:EMEA:SmartX,2030-W47,,0.0,True
OUT:leaf_out:EMEA:SmartX,2030-W48,,0.0,True
OUT:leaf_out:EMEA:SmartX,2030-W49,,0.0,True
OUT:leaf_out:EMEA:SmartX,2030-W50,,0.0,True
OUT:leaf_out:EMEA:SmartX,2030-W51,,0.0,True
OUT:leaf_out:EMEA:SmartX,2030-W52,,0.0,True
OUT:leaf_out:EMEA:SmartXNext,2025-W36,,0.0,True
OUT:leaf_out:EMEA:SmartXNext,2025-W37,,0.0,True
OUT:leaf_out:EMEA:SmartXNext,2025-W38,,0.0,True
OUT:leaf_out:EMEA:SmartXNext,2025-W39,,0.0,True
OUT:leaf_out:EMEA:SmartXNext,2025-W40,,0.0,True
OUT:leaf_out:EMEA:SmartXNext,2025-W41,,0.0,True
OUT:leaf_out:EMEA:SmartXNext,2025-W42,,0.0,True
OUT:leaf_out:EMEA:SmartXNext,2025-W43,,0.0,True
OUT:leaf_out:EMEA:SmartXNext,2025-W44,,0.0,True
OUT:leaf_out:EMEA:SmartXNext,2025-W45,,0.0,True
OUT:leaf_out:EMEA:SmartXNext,2025-W46,,0.0,True
OUT:leaf_out:EMEA:SmartXNext,2025-W47,,0.0,True
OUT:leaf_out:EMEA:SmartXNext,2025-W48,,0.0,True
OUT:leaf_out:EMEA:SmartXNext,2025-W49,,0.0,True
OUT:leaf_out:EMEA:SmartXNext,2025-W50,,0.0,True
OUT:leaf_out:EMEA:SmartXNext,2025-W51,,0.0,True
OUT:leaf_out:EMEA:SmartXNext,2025-W52,,0.0,True
OUT:leaf_out:EMEA:SmartXNext,2026-W01,,0.0,True
OUT:leaf_out:EMEA:SmartXNext,2026-W02,,0.0,True
OUT:leaf_out:EMEA:SmartXNext,2026-W03,,0.0,True
OUT:leaf_out:EMEA:SmartXNext,2026-W04,,0.0,True
OUT:leaf_out:EMEA:SmartXNext,2026-W05,,0.0,True
OUT:leaf_out:EMEA:SmartXNext,2026-W06,,0.0,True
OUT:leaf_out:EMEA:SmartXNext,2026-W07,,0.0,True
OUT:leaf_out:EMEA:SmartXNext,2026-W08,,0.0,True
OUT:leaf_out:EMEA:SmartXNext,2026-W09,,0.0,True
OUT:leaf_out:EMEA:SmartXNext,2026-W10,,0.0,True
OUT:leaf_out:EMEA:SmartXNext,2026-W11,,0.0,True
OUT:leaf_out:EMEA:SmartXNext,2026-W12,,0.0,True
OUT:leaf_out:EMEA:SmartXNext,2026-W13,,0.0,True
OUT:leaf_out:EMEA:SmartXNext,2026-W14,,0.0,True
OUT:leaf_out:EMEA:SmartXNext,2026-W15,,0.0,True
OUT:leaf_out:EMEA:SmartXNext,2026-W16,,0.0,True
OUT:leaf_out:EMEA:SmartXNext,2026-W17,,0.0,True
OUT:leaf_out:EMEA:SmartXNext,2026-W18,,0.0,True
OUT:leaf_out:EMEA:SmartXNext,2026-W19,,0.0,True
OUT:leaf_out:EMEA:SmartXNext,2026-W20,,0.0,True
OUT:leaf_out:EMEA:SmartXNext,2026-W21,,0.0,True
OUT:leaf_out:EMEA:SmartXNext,2026-W22,,0.0,True
OUT:leaf_out:EMEA:SmartXNext,2026-W23,,0.0,True
OUT:leaf_out:EMEA:SmartXNext,2026-W24,,0.0,True
OUT:leaf_out:EMEA:SmartXNext,2026-W25,,0.0,True
OUT:leaf_out:EMEA:SmartXNext,2026-W26,,0.0,True
OUT:leaf_out:EMEA:SmartXNext,2026-W27,,0.0,True
OUT:leaf_out:EMEA:SmartXNext,2026-W28,,0.0,True
OUT:leaf_out:EMEA:SmartXNext,2026-W29,,0.0,True
OUT:leaf_out:EMEA:SmartXNext,2026-W30,,0.0,True
OUT:leaf_out:EMEA:SmartXNext,2026-W31,,0.0,True
OUT:leaf_out:EMEA:SmartXNext,2026-W32,,0.0,True
OUT:leaf_out:EMEA:SmartXNext,2026-W33,,0.0,True
OUT:leaf_out:EMEA:SmartXNext,2026-W34,,0.0,True
OUT:leaf_out:EMEA:SmartXNext,2026-W35,,0.0,True
OUT:leaf_out:EMEA:SmartXNext,2026-W36,,0.0,True
OUT:leaf_out:EMEA:SmartXNext,2026-W37,,0.0,True
OUT:leaf_out:EMEA:SmartXNext,2026-W38,,0.0,True
OUT:leaf_out:EMEA:SmartXNext,2026-W39,,0.0,True
OUT:leaf_out:EMEA:SmartXNext,2026-W40,,0.0,True
OUT:leaf_out:EMEA:SmartXNext,2026-W41,,0.0,True
OUT:leaf_out:EMEA:SmartXNext,2026-W42,,0.0,True
OUT:leaf_out:EMEA:SmartXNext,2026-W43,,0.0,True
OUT:leaf_out:EMEA:SmartXNext,2026-W44,,0.0,True
OUT:leaf_out:EMEA:SmartXNext,2026-W45,,0.0,True
OUT:leaf_out:EMEA:SmartXNext,2026-W46,,0.0,True
OUT:leaf_out:EMEA:SmartXNext,2026-W47,,0.0,True
OUT:leaf_out:EMEA:SmartXNext,2026-W48,,0.0,True
OUT:leaf_out:EMEA:SmartXNext,2026-W49,,0.0,True
OUT:leaf_out:EMEA:SmartXNext,2026-W50,,0.0,True
OUT:leaf_out:EMEA:SmartXNext,2026-W51,,0.0,True
OUT:leaf_out:EMEA:SmartXNext,2026-W52,,0.0,True
OUT:leaf_out:EMEA:SmartXNext,2026-W53,,0.0,True
OUT:leaf_out:EMEA:SmartXNext,2027-W01,,0.0,True
OUT:leaf_out:EMEA:SmartXNext,2027-W02,,0.0,True
OUT:leaf_out:EMEA:SmartXNext,2027-W03,,0.0,True
OUT:leaf_out:EMEA:SmartXNext,2027-W04,,0.0,True
OUT:leaf_out:EMEA:SmartXNext,2027-W05,,0.0,True
OUT:leaf_out:EMEA:SmartXNext,2027-W06,,0.0,True
OUT:leaf_out:EMEA:SmartXNext,2027-W07,,0.0,True
OUT:leaf_out:EMEA:SmartXNext,2027-W08,,0.0,True
OUT:leaf_out:EMEA:SmartXNext,2027-W09,,0.0,True
OUT:leaf_out:EMEA:SmartXNext,2027-W10,,0.0,True
OUT:leaf_out:EMEA:SmartXNext,2027-W11,,0.0,True
OUT:leaf_out:EMEA:SmartXNext,2027-W12,,0.0,True
OUT:leaf_out:EMEA:SmartXNext,2027-W13,,0.0,True
OUT:leaf_out:EMEA:SmartXNext,2027-W14,,0.0,True
OUT:leaf_out:EMEA:SmartXNext,2027-W15,,0.0,True
OUT:leaf_out:EMEA:SmartXNext,2027-W16,,0.0,True
OUT:leaf_out:EMEA:SmartXNext,2027-W17,,0.0,True
OUT:leaf_out:EMEA:SmartXNext,2027-W18,,0.0,True
OUT:leaf_out:EMEA:SmartXNext,2027-W19,,0.0,True
OUT:leaf_out:EMEA:SmartXNext,2027-W20,,0.0,True
OUT:leaf_out:EMEA:SmartXNext,2027-W21,,0.0,True
OUT:leaf_out:EMEA:SmartXNext,2027-W22,,0.0,True
OUT:leaf_out:EMEA:SmartXNext,2027-W23,,0.0,True
OUT:leaf_out:EMEA:SmartXNext,2027-W24,,0.0,True
OUT:leaf_out:EMEA:SmartXNext,2027-W25,,0.0,True
OUT:leaf_out:EMEA:SmartXNext,2027-W26,,0.0,True
OUT:leaf_out:EMEA:SmartXNext,2027-W27,,0.0,True
OUT:leaf_out:EMEA:SmartXNext,2027-W28,,0.0,True
OUT:leaf_out:EMEA:SmartXNext,2027-W29,,0.0,True
OUT:leaf_out:EMEA:SmartXNext,2027-W30,,0.0,True
OUT:leaf_out:EMEA:SmartXNext,2027-W31,,0.0,True
OUT:leaf_out:EMEA:SmartXNext,2027-W32,,0.0,True
OUT:leaf_out:EMEA:SmartXNext,2027-W33,,0.0,True
OUT:leaf_out:EMEA:SmartXNext,2027-W34,,0.0,True
OUT:leaf_out:EMEA:SmartXNext,2027-W35,,0.0,True
OUT:leaf_out:EMEA:SmartXNext,2027-W36,,0.0,True
OUT:leaf_out:EMEA:SmartXNext,2027-W37,,0.0,True
OUT:leaf_out:EMEA:SmartXNext,2027-W38,,0.0,True
OUT:leaf_out:EMEA:SmartXNext,2027-W39,,0.0,True
OUT:leaf_out:EMEA:SmartXNext,2027-W40,,0.0,True
OUT:leaf_out:EMEA:SmartXNext,2027-W41,,0.0,True
OUT:leaf_out:EMEA:SmartXNext,2027-W42,,0.0,True
OUT:leaf_out:EMEA:SmartXNext,2027-W43,,0.0,True
OUT:leaf_out:EMEA:SmartXNext,2027-W44,,0.0,True
OUT:leaf_out:EMEA:SmartXNext,2027-W45,,0.0,True
OUT:leaf_out:EMEA:SmartXNext,2027-W46,,0.0,True
OUT:leaf_out:EMEA:SmartXNext,2027-W47,,0.0,True
OUT:leaf_out:EMEA:SmartXNext,2027-W48,,0.0,True
OUT:leaf_out:EMEA:SmartXNext,2027-W49,,0.0,True
OUT:leaf_out:EMEA:SmartXNext,2027-W50,,0.0,True
OUT:leaf_out:EMEA:SmartXNext,2027-W51,,0.0,True
OUT:leaf_out:EMEA:SmartXNext,2027-W52,,0.0,True
OUT:leaf_out:EMEA:SmartXNext,2028-W01,,0.0,True
OUT:leaf_out:EMEA:SmartXNext,2028-W02,,0.0,True
OUT:leaf_out:EMEA:SmartXNext,2028-W03,,0.0,True
OUT:leaf_out:EMEA:SmartXNext,2028-W04,,0.0,True
OUT:leaf_out:EMEA:SmartXNext,2028-W05,,0.0,True
OUT:leaf_out:EMEA:SmartXNext,2028-W06,,0.0,True
OUT:leaf_out:EMEA:SmartXNext,2028-W07,,0.0,True
OUT:leaf_out:EMEA:SmartXNext,2028-W08,,0.0,True
OUT:leaf_out:EMEA:SmartXNext,2028-W09,,0.0,True
OUT:leaf_out:EMEA:SmartXNext,2028-W10,,0.0,True
OUT:leaf_out:EMEA:SmartXNext,2028-W11,,0.0,True
OUT:leaf_out:EMEA:SmartXNext,2028-W12,,0.0,True
OUT:leaf_out:EMEA:SmartXNext,2028-W13,,0.0,True
OUT:leaf_out:EMEA:SmartXNext,2028-W14,,0.0,True
OUT:leaf_out:EMEA:SmartXNext,2028-W15,,0.0,True
OUT:leaf_out:EMEA:SmartXNext,2028-W16,,0.0,True
OUT:leaf_out:EMEA:SmartXNext,2028-W17,,0.0,True
OUT:leaf_out:EMEA:SmartXNext,2028-W18,,0.0,True
OUT:leaf_out:EMEA:SmartXNext,2028-W19,,0.0,True
OUT:leaf_out:EMEA:SmartXNext,2028-W20,,0.0,True
OUT:leaf_out:EMEA:SmartXNext,2028-W21,,0.0,True
OUT:leaf_out:EMEA:SmartXNext,2028-W22,,0.0,True
OUT:leaf_out:EMEA:SmartXNext,2028-W23,,0.0,True
OUT:leaf_out:EMEA:SmartXNext,2028-W24,,0.0,True
OUT:leaf_out:EMEA:SmartXNext,2028-W25,,0.0,True
OUT:leaf_out:EMEA:SmartXNext,2028-W26,,0.0,True
OUT:leaf_out:EMEA:SmartXNext,2028-W27,,15.0,True
OUT:leaf_out:EMEA:SmartXNext,2028-W28,,31.0,True
OUT:leaf_out:EMEA:SmartXNext,2028-W29,,47.0,True
OUT:leaf_out:EMEA:SmartXNext,2028-W30,,62.0,True
OUT:leaf_out:EMEA:SmartXNext,2028-W31,,78.0,True
OUT:leaf_out:EMEA:SmartXNext,2028-W32,,93.0,True
OUT:leaf_out:EMEA:SmartXNext,2028-W33,,109.0,True
OUT:leaf_out:EMEA:SmartXNext,2028-W34,,125.0,True
OUT:leaf_out:EMEA:SmartXNext,2028-W35,,140.0,True
OUT:leaf_out:EMEA:SmartXNext,2028-W36,,155.0,True
OUT:leaf_out:EMEA:SmartXNext,2028-W37,,171.0,True
OUT:leaf_out:EMEA:SmartXNext,2028-W38,,187.0,True
OUT:leaf_out:EMEA:SmartXNext,2028-W39,,202.0,True
OUT:leaf_out:EMEA:SmartXNext,2028-W40,,218.0,True
OUT:leaf_out:EMEA:SmartXNext,2028-W41,,233.0,True
OUT:leaf_out:EMEA:SmartXNext,2028-W42,,249.0,True
OUT:leaf_out:EMEA:SmartXNext,2028-W43,,265.0,True
OUT:leaf_out:EMEA:SmartXNext,2028-W44,,280.0,True
OUT:leaf_out:EMEA:SmartXNext,2028-W45,,295.0,True
OUT:leaf_out:EMEA:SmartXNext,2028-W46,,311.0,True
OUT:leaf_out:EMEA:SmartXNext,2028-W47,,327.0,True
OUT:leaf_out:EMEA:SmartXNext,2028-W48,,342.0,True
OUT:leaf_out:EMEA:SmartXNext,2028-W49,,358.0,True
OUT:leaf_out:EMEA:SmartXNext,2028-W50,,373.0,True
OUT:leaf_out:EMEA:SmartXNext,2028-W51,,389.0,True
OUT:leaf_out:EMEA:SmartXNext,2028-W52,,405.0,True
OUT:leaf_out:EMEA:SmartXNext,2029-W01,,428.0,True
OUT:leaf_out:EMEA:SmartXNext,2029-W02,,435.0,True
OUT:leaf_out:EMEA:SmartXNext,2029-W03,,443.0,True
OUT:leaf_out:EMEA:SmartXNext,2029-W04,,451.0,True
OUT:leaf_out:EMEA:SmartXNext,2029-W05,,459.0,True
OUT:leaf_out:EMEA:SmartXNext,2029-W06,,467.0,True
OUT:leaf_out:EMEA:SmartXNext,2029-W07,,475.0,True
OUT:leaf_out:EMEA:SmartXNext,2029-W08,,482.0,True
OUT:leaf_out:EMEA:SmartXNext,2029-W09,,490.0,True
OUT:leaf_out:EMEA:SmartXNext,2029-W10,,498.0,True
OUT:leaf_out:EMEA:SmartXNext,2029-W11,,505.0,True
OUT:leaf_out:EMEA:SmartXNext,2029-W12,,513.0,True
OUT:leaf_out:EMEA:SmartXNext,2029-W13,,521.0,True
OUT:leaf_out:EMEA:SmartXNext,2029-W14,,529.0,True
OUT:leaf_out:EMEA:SmartXNext,2029-W15,,537.0,True
OUT:leaf_out:EMEA:SmartXNext,2029-W16,,545.0,True
OUT:leaf_out:EMEA:SmartXNext,2029-W17,,552.0,True
OUT:leaf_out:EMEA:SmartXNext,2029-W18,,560.0,True
OUT:leaf_out:EMEA:SmartXNext,2029-W19,,568.0,True
OUT:leaf_out:EMEA:SmartXNext,2029-W20,,575.0,True
OUT:leaf_out:EMEA:SmartXNext,2029-W21,,583.0,True
OUT:leaf_out:EMEA:SmartXNext,2029-W22,,591.0,True
OUT:leaf_out:EMEA:SmartXNext,2029-W23,,599.0,True
OUT:leaf_out:EMEA:SmartXNext,2029-W24,,607.0,True
OUT:leaf_out:EMEA:SmartXNext,2029-W25,,615.0,True
OUT:leaf_out:EMEA:SmartXNext,2029-W26,,622.0,True
OUT:leaf_out:EMEA:SmartXNext,2029-W27,,635.0,True
OUT:leaf_out:EMEA:SmartXNext,2029-W28,,640.0,True
OUT:leaf_out:EMEA:SmartXNext,2029-W29,,645.0,True
OUT:leaf_out:EMEA:SmartXNext,2029-W30,,651.0,True
OUT:leaf_out:EMEA:SmartXNext,2029-W31,,656.0,True
OUT:leaf_out:EMEA:SmartXNext,2029-W32,,661.0,True
OUT:leaf_out:EMEA:SmartXNext,2029-W33,,666.0,True
OUT:leaf_out:EMEA:SmartXNext,2029-W34,,671.0,True
OUT:leaf_out:EMEA:SmartXNext,2029-W35,,677.0,True
OUT:leaf_out:EMEA:SmartXNext,2029-W36,,682.0,True
OUT:leaf_out:EMEA:SmartXNext,2029-W37,,687.0,True
OUT:leaf_out:EMEA:SmartXNext,2029-W38,,692.0,True
OUT:leaf_out:EMEA:SmartXNext,2029-W39,,697.0,True
OUT:leaf_out:EMEA:SmartXNext,2029-W40,,703.0,True
OUT:leaf_out:EMEA:SmartXNext,2029-W41,,708.0,True
OUT:leaf_out:EMEA:SmartXNext,2029-W42,,713.0,True
OUT:leaf_out:EMEA:SmartXNext,2029-W43,,718.0,True
OUT:leaf_out:EMEA:SmartXNext,2029-W44,,723.0,True
OUT:leaf_out:EMEA:SmartXNext,2029-W45,,729.0,True
OUT:leaf_out:EMEA:SmartXNext,2029-W46,,734.0,True
OUT:leaf_out:EMEA:SmartXNext,2029-W47,,739.0,True
OUT:leaf_out:EMEA:SmartXNext,2029-W48,,744.0,True
OUT:leaf_out:EMEA:SmartXNext,2029-W49,,749.0,True
OUT:leaf_out:EMEA:SmartXNext,2029-W50,,755.0,True
OUT:leaf_out:EMEA:SmartXNext,2029-W51,,760.0,True
OUT:leaf_out:EMEA:SmartXNext,2029-W52,,765.0,True
OUT:leaf_out:EMEA:SmartXNext,2030-W01,,770.0,True
OUT:leaf_out:EMEA:SmartXNext,2030-W02,,777.0,True
OUT:leaf_out:EMEA:SmartXNext,2030-W03,,783.0,True
OUT:leaf_out:EMEA:SmartXNext,2030-W04,,790.0,True
OUT:leaf_out:EMEA:SmartXNext,2030-W05,,797.0,True
OUT:leaf_out:EMEA:SmartXNext,2030-W06,,804.0,True
OUT:leaf_out:EMEA:SmartXNext,2030-W07,,810.0,True
OUT:leaf_out:EMEA:SmartXNext,2030-W08,,817.0,True
OUT:leaf_out:EMEA:SmartXNext,2030-W09,,824.0,True
OUT:leaf_out:EMEA:SmartXNext,2030-W10,,831.0,True
OUT:leaf_out:EMEA:SmartXNext,2030-W11,,837.0,True
OUT:leaf_out:EMEA:SmartXNext,2030-W12,,844.0,True
OUT:leaf_out:EMEA:SmartXNext,2030-W13,,851.0,True
OUT:leaf_out:EMEA:SmartXNext,2030-W14,,858.0,True
OUT:leaf_out:EMEA:SmartXNext,2030-W15,,864.0,True
OUT:leaf_out:EMEA:SmartXNext,2030-W16,,871.0,True
OUT:leaf_out:EMEA:SmartXNext,2030-W17,,878.0,True
OUT:leaf_out:EMEA:SmartXNext,2030-W18,,884.0,True
OUT:leaf_out:EMEA:SmartXNext,2030-W19,,891.0,True
OUT:leaf_out:EMEA:SmartXNext,2030-W20,,898.0,True
OUT:leaf_out:EMEA:SmartXNext,2030-W21,,905.0,True
OUT:leaf_out:EMEA:SmartXNext,2030-W22,,911.0,True
OUT:leaf_out:EMEA:SmartXNext,2030-W23,,918.0,True
OUT:leaf_out:EMEA:SmartXNext,2030-W24,,925.0,True
OUT:leaf_out:EMEA:SmartXNext,2030-W25,,932.0,True
OUT:leaf_out:EMEA:SmartXNext,2030-W26,,938.0,True
OUT:leaf_out:EMEA:SmartXNext,2030-W27,,945.0,True
OUT:leaf_out:EMEA:SmartXNext,2030-W28,,938.0,True
OUT:leaf_out:EMEA:SmartXNext,2030-W29,,932.0,True
OUT:leaf_out:EMEA:SmartXNext,2030-W30,,927.0,True
OUT:leaf_out:EMEA:SmartXNext,2030-W31,,921.0,True
OUT:leaf_out:EMEA:SmartXNext,2030-W32,,916.0,True
OUT:leaf_out:EMEA:SmartXNext,2030-W33,,910.0,True
OUT:leaf_out:EMEA:SmartXNext,2030-W34,,905.0,True
OUT:leaf_out:EMEA:SmartXNext,2030-W35,,899.0,True
OUT:leaf_out:EMEA:SmartXNext,2030-W36,,894.0,True
OUT:leaf_out:EMEA:SmartXNext,2030-W37,,888.0,True
OUT:leaf_out:EMEA:SmartXNext,2030-W38,,883.0,True
OUT:leaf_out:EMEA:SmartXNext,2030-W39,,877.0,True
OUT:leaf_out:EMEA:SmartXNext,2030-W40,,872.0,True
OUT:leaf_out:EMEA:SmartXNext,2030-W41,,866.0,True
OUT:leaf_out:EMEA:SmartXNext,2030-W42,,860.0,True
OUT:leaf_out:EMEA:SmartXNext,2030-W43,,855.0,True
OUT:leaf_out:EMEA:SmartXNext,2030-W44,,849.0,True
OUT:leaf_out:EMEA:SmartXNext,2030-W45,,844.0,True
OUT:leaf_out:EMEA:SmartXNext,2030-W46,,838.0,True
OUT:leaf_out:EMEA:SmartXNext,2030-W47,,833.0,True
OUT:leaf_out:EMEA:SmartXNext,2030-W48,,827.0,True
OUT:leaf_out:EMEA:SmartXNext,2030-W49,,822.0,True
OUT:leaf_out:EMEA:SmartXNext,2030-W50,,816.0,True
OUT:leaf_out:EMEA:SmartXNext,2030-W51,,811.0,True
OUT:leaf_out:EMEA:SmartXNext,2030-W52,,805.0,True
OUT:leaf_out:EMEA:SmartXPro_CN,2025-W36,,0.0,True
OUT:leaf_out:EMEA:SmartXPro_CN,2025-W37,,0.0,True
OUT:leaf_out:EMEA:SmartXPro_CN,2025-W38,,0.0,True
OUT:leaf_out:EMEA:SmartXPro_CN,2025-W39,,0.0,True
OUT:leaf_out:EMEA:SmartXPro_CN,2025-W40,,0.0,True
OUT:leaf_out:EMEA:SmartXPro_CN,2025-W41,,0.0,True
OUT:leaf_out:EMEA:SmartXPro_CN,2025-W42,,0.0,True
OUT:leaf_out:EMEA:SmartXPro_CN,2025-W43,,0.0,True
OUT:leaf_out:EMEA:SmartXPro_CN,2025-W44,,0.0,True
OUT:leaf_out:EMEA:SmartXPro_CN,2025-W45,,0.0,True
OUT:leaf_out:EMEA:SmartXPro_CN,2025-W46,,0.0,True
OUT:leaf_out:EMEA:SmartXPro_CN,2025-W47,,0.0,True
OUT:leaf_out:EMEA:SmartXPro_CN,2025-W48,,0.0,True
OUT:leaf_out:EMEA:SmartXPro_CN,2025-W49,,0.0,True
OUT:leaf_out:EMEA:SmartXPro_CN,2025-W50,,0.0,True
OUT:leaf_out:EMEA:SmartXPro_CN,2025-W51,,0.0,True
OUT:leaf_out:EMEA:SmartXPro_CN,2025-W52,,0.0,True
OUT:leaf_out:EMEA:SmartXPro_CN,2026-W01,,0.0,True
OUT:leaf_out:EMEA:SmartXPro_CN,2026-W02,,0.0,True
OUT:leaf_out:EMEA:SmartXPro_CN,2026-W03,,0.0,True
OUT:leaf_out:EMEA:SmartXPro_CN,2026-W04,,0.0,True
OUT:leaf_out:EMEA:SmartXPro_CN,2026-W05,,0.0,True
OUT:leaf_out:EMEA:SmartXPro_CN,2026-W06,,0.0,True
OUT:leaf_out:EMEA:SmartXPro_CN,2026-W07,,0.0,True
OUT:leaf_out:EMEA:SmartXPro_CN,2026-W08,,0.0,True
OUT:leaf_out:EMEA:SmartXPro_CN,2026-W09,,0.0,True
OUT:leaf_out:EMEA:SmartXPro_CN,2026-W10,,0.0,True
OUT:leaf_out:EMEA:SmartXPro_CN,2026-W11,,0.0,True
OUT:leaf_out:EMEA:SmartXPro_CN,2026-W12,,0.0,True
OUT:leaf_out:EMEA:SmartXPro_CN,2026-W13,,0.0,True
OUT:leaf_out:EMEA:SmartXPro_CN,2026-W14,,0.0,True
OUT:leaf_out:EMEA:SmartXPro_CN,2026-W15,,0.0,True
OUT:leaf_out:EMEA:SmartXPro_CN,2026-W16,,0.0,True
OUT:leaf_out:EMEA:SmartXPro_CN,2026-W17,,0.0,True
OUT:leaf_out:EMEA:SmartXPro_CN,2026-W18,,0.0,True
OUT:leaf_out:EMEA:SmartXPro_CN,2026-W19,,0.0,True
OUT:leaf_out:EMEA:SmartXPro_CN,2026-W20,,0.0,True
OUT:leaf_out:EMEA:SmartXPro_CN,2026-W21,,0.0,True
OUT:leaf_out:EMEA:SmartXPro_CN,2026-W22,,0.0,True
OUT:leaf_out:EMEA:SmartXPro_CN,2026-W23,,0.0,True
OUT:leaf_out:EMEA:SmartXPro_CN,2026-W24,,0.0,True
OUT:leaf_out:EMEA:SmartXPro_CN,2026-W25,,0.0,True
OUT:leaf_out:EMEA:SmartXPro_CN,2026-W26,,0.0,True
OUT:leaf_out:EMEA:SmartXPro_CN,2026-W27,,0.0,True
OUT:leaf_out:EMEA:SmartXPro_CN,2026-W28,,0.0,True
OUT:leaf_out:EMEA:SmartXPro_CN,2026-W29,,0.0,True
OUT:leaf_out:EMEA:SmartXPro_CN,2026-W30,,0.0,True
OUT:leaf_out:EMEA:SmartXPro_CN,2026-W31,,0.0,True
OUT:leaf_out:EMEA:SmartXPro_CN,2026-W32,,0.0,True
OUT:leaf_out:EMEA:SmartXPro_CN,2026-W33,,0.0,True
OUT:leaf_out:EMEA:SmartXPro_CN,2026-W34,,0.0,True
OUT:leaf_out:EMEA:SmartXPro_CN,2026-W35,,0.0,True
OUT:leaf_out:EMEA:SmartXPro_CN,2026-W36,,0.0,True
OUT:leaf_out:EMEA:SmartXPro_CN,2026-W37,,0.0,True
OUT:leaf_out:EMEA:SmartXPro_CN,2026-W38,,0.0,True
OUT:leaf_out:EMEA:SmartXPro_CN,2026-W39,,0.0,True
OUT:leaf_out:EMEA:SmartXPro_CN,2026-W40,,0.0,True
OUT:leaf_out:EMEA:SmartXPro_CN,2026-W41,,0.0,True
OUT:leaf_out:EMEA:SmartXPro_CN,2026-W42,,0.0,True
OUT:leaf_out:EMEA:SmartXPro_CN,2026-W43,,0.0,True
OUT:leaf_out:EMEA:SmartXPro_CN,2026-W44,,0.0,True
OUT:leaf_out:EMEA:SmartXPro_CN,2026-W45,,0.0,True
OUT:leaf_out:EMEA:SmartXPro_CN,2026-W46,,0.0,True
OUT:leaf_out:EMEA:SmartXPro_CN,2026-W47,,0.0,True
OUT:leaf_out:EMEA:SmartXPro_CN,2026-W48,,0.0,True
OUT:leaf_out:EMEA:SmartXPro_CN,2026-W49,,0.0,True
OUT:leaf_out:EMEA:SmartXPro_CN,2026-W50,,0.0,True
OUT:leaf_out:EMEA:SmartXPro_CN,2026-W51,,0.0,True
OUT:leaf_out:EMEA:SmartXPro_CN,2026-W52,,0.0,True
OUT:leaf_out:EMEA:SmartXPro_CN,2026-W53,,0.0,True
OUT:leaf_out:EMEA:SmartXPro_CN,2027-W01,,630.0,True
OUT:leaf_out:EMEA:SmartXPro_CN,2027-W02,,630.0,True
OUT:leaf_out:EMEA:SmartXPro_CN,2027-W03,,630.0,True
OUT:leaf_out:EMEA:SmartXPro_CN,2027-W04,,630.0,True
OUT:leaf_out:EMEA:SmartXPro_CN,2027-W05,,630.0,True
OUT:leaf_out:EMEA:SmartXPro_CN,2027-W06,,630.0,True
OUT:leaf_out:EMEA:SmartXPro_CN,2027-W07,,630.0,True
OUT:leaf_out:EMEA:SmartXPro_CN,2027-W08,,630.0,True
OUT:leaf_out:EMEA:SmartXPro_CN,2027-W09,,630.0,True
OUT:leaf_out:EMEA:SmartXPro_CN,2027-W10,,630.0,True
OUT:leaf_out:EMEA:SmartXPro_CN,2027-W11,,630.0,True
OUT:leaf_out:EMEA:SmartXPro_CN,2027-W12,,630.0,True
OUT:leaf_out:EMEA:SmartXPro_CN,2027-W13,,630.0,True
OUT:leaf_out:EMEA:SmartXPro_CN,2027-W14,,630.0,True
OUT:leaf_out:EMEA:SmartXPro_CN,2027-W15,,630.0,True
OUT:leaf_out:EMEA:SmartXPro_CN,2027-W16,,630.0,True
OUT:leaf_out:EMEA:SmartXPro_CN,2027-W17,,630.0,True
OUT:leaf_out:EMEA:SmartXPro_CN,2027-W18,,630.0,True
OUT:leaf_out:EMEA:SmartXPro_CN,2027-W19,,630.0,True
OUT:leaf_out:EMEA:SmartXPro_CN,2027-W20,,630.0,True
OUT:leaf_out:EMEA:SmartXPro_CN,2027-W21,,630.0,True
OUT:leaf_out:EMEA:SmartXPro_CN,2027-W22,,630.0,True
OUT:leaf_out:EMEA:SmartXPro_CN,2027-W23,,630.0,True
OUT:leaf_out:EMEA:SmartXPro_CN,2027-W24,,630.0,True
OUT:leaf_out:EMEA:SmartXPro_CN,2027-W25,,630.0,True
OUT:leaf_out:EMEA:SmartXPro_CN,2027-W26,,630.0,True
OUT:leaf_out:EMEA:SmartXPro_CN,2027-W27,,627.0,True
OUT:leaf_out:EMEA:SmartXPro_CN,2027-W28,,624.0,True
OUT:leaf_out:EMEA:SmartXPro_CN,2027-W29,,621.0,True
OUT:leaf_out:EMEA:SmartXPro_CN,2027-W30,,617.0,True
OUT:leaf_out:EMEA:SmartXPro_CN,2027-W31,,615.0,True
OUT:leaf_out:EMEA:SmartXPro_CN,2027-W32,,611.0,True
OUT:leaf_out:EMEA:SmartXPro_CN,2027-W33,,608.0,True
OUT:leaf_out:EMEA:SmartXPro_CN,2027-W34,,605.0,True
OUT:leaf_out:EMEA:SmartXPro_CN,2027-W35,,602.0,True
OUT:leaf_out:EMEA:SmartXPro_CN,2027-W36,,599.0,True
OUT:leaf_out:EMEA:SmartXPro_CN,2027-W37,,596.0,True
OUT:leaf_out:EMEA:SmartXPro_CN,2027-W38,,593.0,True
OUT:leaf_out:EMEA:SmartXPro_CN,2027-W39,,589.0,True
OUT:leaf_out:EMEA:SmartXPro_CN,2027-W40,,587.0,True
OUT:leaf_out:EMEA:SmartXPro_CN,2027-W41,,583.0,True
OUT:leaf_out:EMEA:SmartXPro_CN,2027-W42,,580.0,True
OUT:leaf_out:EMEA:SmartXPro_CN,2027-W43,,577.0,True
OUT:leaf_out:EMEA:SmartXPro_CN,2027-W44,,574.0,True
OUT:leaf_out:EMEA:SmartXPro_CN,2027-W45,,571.0,True
OUT:leaf_out:EMEA:SmartXPro_CN,2027-W46,,568.0,True
OUT:leaf_out:EMEA:SmartXPro_CN,2027-W47,,565.0,True
OUT:leaf_out:EMEA:SmartXPro_CN,2027-W48,,561.0,True
OUT:leaf_out:EMEA:SmartXPro_CN,2027-W49,,559.0,True
OUT:leaf_out:EMEA:SmartXPro_CN,2027-W50,,555.0,True
OUT:leaf_out:EMEA:SmartXPro_CN,2027-W51,,552.0,True
OUT:leaf_out:EMEA:SmartXPro_CN,2027-W52,,549.0,True
OUT:leaf_out:EMEA:SmartXPro_CN,2028-W01,,542.0,True
OUT:leaf_out:EMEA:SmartXPro_CN,2028-W02,,539.0,True
OUT:leaf_out:EMEA:SmartXPro_CN,2028-W03,,536.0,True
OUT:leaf_out:EMEA:SmartXPro_CN,2028-W04,,533.0,True
OUT:leaf_out:EMEA:SmartXPro_CN,2028-W05,,529.0,True
OUT:leaf_out:EMEA:SmartXPro_CN,2028-W06,,526.0,True
OUT:leaf_out:EMEA:SmartXPro_CN,2028-W07,,522.0,True
OUT:leaf_out:EMEA:SmartXPro_CN,2028-W08,,519.0,True
OUT:leaf_out:EMEA:SmartXPro_CN,2028-W09,,516.0,True
OUT:leaf_out:EMEA:SmartXPro_CN,2028-W10,,512.0,True
OUT:leaf_out:EMEA:SmartXPro_CN,2028-W11,,509.0,True
OUT:leaf_out:EMEA:SmartXPro_CN,2028-W12,,505.0,True
OUT:leaf_out:EMEA:SmartXPro_CN,2028-W13,,628.0,True
OUT:leaf_out:EMEA:SmartXPro_CN,2028-W14,,776.0,True
OUT:leaf_out:EMEA:SmartXPro_CN,2028-W15,,780.0,True
OUT:leaf_out:EMEA:SmartXPro_CN,2028-W16,,784.0,True
OUT:leaf_out:EMEA:SmartXPro_CN,2028-W17,,788.0,True
OUT:leaf_out:EMEA:SmartXPro_CN,2028-W18,,343.0,True
OUT:leaf_out:EMEA:SmartXPro_CN,2028-W19,,347.0,True
OUT:leaf_out:EMEA:SmartXPro_CN,2028-W20,,350.0,True
OUT:leaf_out:EMEA:SmartXPro_CN,2028-W21,,354.0,True
OUT:leaf_out:EMEA:SmartXPro_CN,2028-W22,,358.0,True
OUT:leaf_out:EMEA:SmartXPro_CN,2028-W23,,362.0,True
OUT:leaf_out:EMEA:SmartXPro_CN,2028-W24,,366.0,True
OUT:leaf_out:EMEA:SmartXPro_CN,2028-W25,,370.0,True
OUT:leaf_out:EMEA:SmartXPro_CN,2028-W26,,373.0,True
OUT:leaf_out:EMEA:SmartXPro_CN,2028-W27,,377.0,True
OUT:leaf_out:EMEA:SmartXPro_CN,2028-W28,,384.0,True
OUT:leaf_out:EMEA:SmartXPro_CN,2028-W29,,387.0,True
OUT:leaf_out:EMEA:SmartXPro_CN,2028-W30,,390.0,True
OUT:leaf_out:EMEA:SmartXPro_CN,2028-W31,,393.0,True
OUT:leaf_out:EMEA:SmartXPro_CN,2028-W32,,396.0,True
OUT:leaf_out:EMEA:SmartXPro_CN,2028-W33,,399.0,True
OUT:leaf_out:EMEA:SmartXPro_CN,2028-W34,,402.0,True
OUT:leaf_out:EMEA:SmartXPro_CN,2028-W35,,405.0,True
OUT:leaf_out:EMEA:SmartXPro_CN,2028-W36,,407.0,True
OUT:leaf_out:EMEA:SmartXPro_CN,2028-W37,,411.0,True
OUT:leaf_out:EMEA:SmartXPro_CN,2028-W38,,414.0,True
OUT:leaf_out:EMEA:SmartXPro_CN,2028-W39,,416.0,True
OUT:leaf_out:EMEA:SmartXPro_CN,2028-W40,,419.0,True
OUT:leaf_out:EMEA:SmartXPro_CN,2028-W41,,416.0,True
OUT:leaf_out:EMEA:SmartXPro_CN,2028-W42,,414.0,True
OUT:leaf_out:EMEA:SmartXPro_CN,2028-W43,,411.0,True
OUT:leaf_out:EMEA:SmartXPro_CN,2028-W44,,408.0,True
OUT:leaf_out:EMEA:SmartXPro_CN,2028-W45,,406.0,True
OUT:leaf_out:EMEA:SmartXPro_CN,2028-W46,,403.0,True
OUT:leaf_out:EMEA:SmartXPro_CN,2028-W47,,400.0,True
OUT:leaf_out:EMEA:SmartXPro_CN,2028-W48,,398.0,True
OUT:leaf_out:EMEA:SmartXPro_CN,2028-W49,,396.0,True
OUT:leaf_out:EMEA:SmartXPro_CN,2028-W50,,393.0,True
OUT:leaf_out:EMEA:SmartXPro_CN,2028-W51,,390.0,True
OUT:leaf_out:EMEA:SmartXPro_CN,2028-W52,,388.0,True
OUT:leaf_out:EMEA:SmartXPro_CN,2029-W01,,381.0,True
OUT:leaf_out:EMEA:SmartXPro_CN,2029-W02,,377.0,True
OUT:leaf_out:EMEA:SmartXPro_CN,2029-W03,,373.0,True
OUT:leaf_out:EMEA:SmartXPro_CN,2029-W04,,370.0,True
OUT:leaf_out:EMEA:SmartXPro_CN,2029-W05,,365.0,True
OUT:leaf_out:EMEA:SmartXPro_CN,2029-W06,,362.0,True
OUT:leaf_out:EMEA:SmartXPro_CN,2029-W07,,358.0,True
OUT:leaf_out:EMEA:SmartXPro_CN,2029-W08,,354.0,True
OUT:leaf_out:EMEA:SmartXPro_CN,2029-W09,,496.0,True
OUT:leaf_out:EMEA:SmartXPro_CN,2029-W10,,501.0,True
OUT:leaf_out:EMEA:SmartXPro_CN,2029-W11,,506.0,True
OUT:leaf_out:EMEA:SmartXPro_CN,2029-W12,,510.0,True
OUT:leaf_out:EMEA:SmartXPro_CN,2029-W13,,515.0,True
OUT:leaf_out:EMEA:SmartXPro_CN,2029-W14,,519.0,True
OUT:leaf_out:EMEA:SmartXPro_CN,2029-W15,,523.0,True
OUT:leaf_out:EMEA:SmartXPro_CN,2029-W16,,527.0,True
OUT:leaf_out:EMEA:SmartXPro_CN,2029-W17,,532.0,True
OUT:leaf_out:EMEA:SmartXPro_CN,2029-W18,,86.0,True
OUT:leaf_out:EMEA:SmartXPro_CN,2029-W19,,91.0,True
OUT:leaf_out:EMEA:SmartXPro_CN,2029-W20,,96.0,True
OUT:leaf_out:EMEA:SmartXPro_CN,2029-W21,,100.0,True
OUT:leaf_out:EMEA:SmartXPro_CN,2029-W22,,105.0,True
OUT:leaf_out:EMEA:SmartXPro_CN,2029-W23,,109.0,True
OUT:leaf_out:EMEA:SmartXPro_CN,2029-W24,,113.0,True
OUT:leaf_out:EMEA:SmartXPro_CN,2029-W25,,117.0,True
OUT:leaf_out:EMEA:SmartXPro_CN,2029-W26,,122.0,True
OUT:leaf_out:EMEA:SmartXPro_CN,2029-W27,,126.0,True
OUT:leaf_out:EMEA:SmartXPro_CN,2029-W28,,136.0,True
OUT:leaf_out:EMEA:SmartXPro_CN,2029-W29,,140.0,True
OUT:leaf_out:EMEA:SmartXPro_CN,2029-W30,,145.0,True
OUT:leaf_out:EMEA:SmartXPro_CN,2029-W31,,149.0,True
OUT:leaf_out:EMEA:SmartXPro_CN,2029-W32,,153.0,True
OUT:leaf_out:EMEA:SmartXPro_CN,2029-W33,,157.0,True
OUT:leaf_out:EMEA:SmartXPro_CN,2029-W34,,162.0,True
OUT:leaf_out:EMEA:SmartXPro_CN,2029-W35,,166.0,True
OUT:leaf_out:EMEA:SmartXPro_CN,2029-W36,,171.0,True
OUT:leaf_out:EMEA:SmartXPro_CN,2029-W37,,176.0,True
OUT:leaf_out:EMEA:SmartXPro_CN,2029-W38,,180.0,True
OUT:leaf_out:EMEA:SmartXPro_CN,2029-W39,,185.0,True
OUT:leaf_out:EMEA:SmartXPro_CN,2029-W40,,189.0,True
OUT:leaf_out:EMEA:SmartXPro_CN,2029-W41,,193.0,True
OUT:leaf_out:EMEA:SmartXPro_CN,2029-W42,,197.0,True
OUT:leaf_out:EMEA:SmartXPro_CN,2029-W43,,202.0,True
OUT:leaf_out:EMEA:SmartXPro_CN,2029-W44,,206.0,True
OUT:leaf_out:EMEA:SmartXPro_CN,2029-W45,,206.0,True
OUT:leaf_out:EMEA:SmartXPro_CN,2029-W46,,202.0,True
OUT:leaf_out:EMEA:SmartXPro_CN,2029-W47,,198.0,True
OUT:leaf_out:EMEA:SmartXPro_CN,2029-W48,,195.0,True
OUT:leaf_out:EMEA:SmartXPro_CN,2029-W49,,190.0,True
OUT:leaf_out:EMEA:SmartXPro_CN,2029-W50,,187.0,True
OUT:leaf_out:EMEA:SmartXPro_CN,2029-W51,,183.0,True
OUT:leaf_out:EMEA:SmartXPro_CN,2029-W52,,179.0,True
OUT:leaf_out:EMEA:SmartXPro_CN,2030-W01,,176.0,True
OUT:leaf_out:EMEA:SmartXPro_CN,2030-W02,,173.0,True
OUT:leaf_out:EMEA:SmartXPro_CN,2030-W03,,169.0,True
OUT:leaf_out:EMEA:SmartXPro_CN,2030-W04,,166.0,True
OUT:leaf_out:EMEA:SmartXPro_CN,2030-W05,,162.0,True
OUT:leaf_out:EMEA:SmartXPro_CN,2030-W06,,159.0,True
OUT:leaf_out:EMEA:SmartXPro_CN,2030-W07,,155.0,True
OUT:leaf_out:EMEA:SmartXPro_CN,2030-W08,,152.0,True
OUT:leaf_out:EMEA:SmartXPro_CN,2030-W09,,148.0,True
OUT:leaf_out:EMEA:SmartXPro_CN,2030-W10,,145.0,True
OUT:leaf_out:EMEA:SmartXPro_CN,2030-W11,,141.0,True
OUT:leaf_out:EMEA:SmartXPro_CN,2030-W12,,138.0,True
OUT:leaf_out:EMEA:SmartXPro_CN,2030-W13,,135.0,True
OUT:leaf_out:EMEA:SmartXPro_CN,2030-W14,,131.0,True
OUT:leaf_out:EMEA:SmartXPro_CN,2030-W15,,128.0,True
OUT:leaf_out:EMEA:SmartXPro_CN,2030-W16,,124.0,True
OUT:leaf_out:EMEA:SmartXPro_CN,2030-W17,,121.0,True
OUT:leaf_out:EMEA:SmartXPro_CN,2030-W18,,117.0,True
OUT:leaf_out:EMEA:SmartXPro_CN,2030-W19,,114.0,True
OUT:leaf_out:EMEA:SmartXPro_CN,2030-W20,,110.0,True
OUT:leaf_out:EMEA:SmartXPro_CN,2030-W21,,107.0,True
OUT:leaf_out:EMEA:SmartXPro_CN,2030-W22,,104.0,True
OUT:leaf_out:EMEA:SmartXPro_CN,2030-W23,,100.0,True
OUT:leaf_out:EMEA:SmartXPro_CN,2030-W24,,97.0,True
OUT:leaf_out:EMEA:SmartXPro_CN,2030-W25,,93.0,True
OUT:leaf_out:EMEA:SmartXPro_CN,2030-W26,,90.0,True
OUT:leaf_out:EMEA:SmartXPro_CN,2030-W27,,86.0,True
OUT:leaf_out:EMEA:SmartXPro_CN,2030-W28,,83.0,True
OUT:leaf_out:EMEA:SmartXPro_CN,2030-W29,,79.0,True
OUT:leaf_out:EMEA:SmartXPro_CN,2030-W30,,76.0,True
OUT:leaf_out:EMEA:SmartXPro_CN,2030-W31,,72.0,True
OUT:leaf_out:EMEA:SmartXPro_CN,2030-W32,,69.0,True
OUT:leaf_out:EMEA:SmartXPro_CN,2030-W33,,66.0,True
OUT:leaf_out:EMEA:SmartXPro_CN,2030-W34,,62.0,True
OUT:leaf_out:EMEA:SmartXPro_CN,2030-W35,,59.0,True
OUT:leaf_out:EMEA:SmartXPro_CN,2030-W36,,55.0,True
OUT:leaf_out:EMEA:SmartXPro_CN,2030-W37,,52.0,True
OUT:leaf_out:EMEA:SmartXPro_CN,2030-W38,,48.0,True
OUT:leaf_out:EMEA:SmartXPro_CN,2030-W39,,45.0,True
OUT:leaf_out:EMEA:SmartXPro_CN,2030-W40,,41.0,True
OUT:leaf_out:EMEA:SmartXPro_CN,2030-W41,,38.0,True
OUT:leaf_out:EMEA:SmartXPro_CN,2030-W42,,35.0,True
OUT:leaf_out:EMEA:SmartXPro_CN,2030-W43,,31.0,True
OUT:leaf_out:EMEA:SmartXPro_CN,2030-W44,,28.0,True
OUT:leaf_out:EMEA:SmartXPro_CN,2030-W45,,24.0,True
OUT:leaf_out:EMEA:SmartXPro_CN,2030-W46,,21.0,True
OUT:leaf_out:EMEA:SmartXPro_CN,2030-W47,,17.0,True
OUT:leaf_out:EMEA:SmartXPro_CN,2030-W48,,14.0,True
OUT:leaf_out:EMEA:SmartXPro_CN,2030-W49,,10.0,True
OUT:leaf_out:EMEA:SmartXPro_CN,2030-W50,,7.0,True
OUT:leaf_out:EMEA:SmartXPro_CN,2030-W51,,3.0,True
OUT:leaf_out:EMEA:SmartXPro_CN,2030-W52,,0.0,True
OUT:supply_point:SP_SmartX:SmartX,2025-W36,,0.0,True
OUT:supply_point:SP_SmartX:SmartX,2025-W37,,0.0,True
OUT:supply_point:SP_SmartX:SmartX,2025-W38,,0.0,True
OUT:supply_point:SP_SmartX:SmartX,2025-W39,,0.0,True
OUT:supply_point:SP_SmartX:SmartX,2025-W40,,0.0,True
OUT:supply_point:SP_SmartX:SmartX,2025-W41,,0.0,True
OUT:supply_point:SP_SmartX:SmartX,2025-W42,,0.0,True
OUT:supply_point:SP_SmartX:SmartX,2025-W43,,0.0,True
OUT:supply_point:SP_SmartX:SmartX,2025-W44,,0.0,True
OUT:supply_point:SP_SmartX:SmartX,2025-W45,,0.0,True
OUT:supply_point:SP_SmartX:SmartX,2025-W46,,0.0,True
OUT:supply_point:SP_SmartX:SmartX,2025-W47,,0.0,True
OUT:supply_point:SP_SmartX:SmartX,2025-W48,,0.0,True
OUT:supply_point:SP_SmartX:SmartX,2025-W49,,366.0,True
OUT:supply_point:SP_SmartX:SmartX,2025-W50,,1305.0,True
OUT:supply_point:SP_SmartX:SmartX,2025-W51,,1300.0,True
OUT:supply_point:SP_SmartX:SmartX,2025-W52,,1293.0,True
OUT:supply_point:SP_SmartX:SmartX,2026-W01,,1289.0,True
OUT:supply_point:SP_SmartX:SmartX,2026-W02,,1283.0,True
OUT:supply_point:SP_SmartX:SmartX,2026-W03,,1276.0,True
OUT:supply_point:SP_SmartX:SmartX,2026-W04,,1271.0,True
OUT:supply_point:SP_SmartX:SmartX,2026-W05,,1265.0,True
OUT:supply_point:SP_SmartX:SmartX,2026-W06,,1259.0,True
OUT:supply_point:SP_SmartX:SmartX,2026-W07,,1254.0,True
OUT:supply_point:SP_SmartX:SmartX,2026-W08,,1248.0,True
OUT:supply_point:SP_SmartX:SmartX,2026-W09,,1243.0,True
OUT:supply_point:SP_SmartX:SmartX,2026-W10,,1236.0,True
OUT:supply_point:SP_SmartX:SmartX,2026-W11,,1230.0,True
OUT:supply_point:SP_SmartX:SmartX,2026-W12,,1225.0,True
OUT:supply_point:SP_SmartX:SmartX,2026-W13,,1219.0,True
OUT:supply_point:SP_SmartX:SmartX,2026-W14,,1214.0,True
OUT:supply_point:SP_SmartX:SmartX,2026-W15,,1208.0,True
OUT:supply_point:SP_SmartX:SmartX,2026-W16,,1201.0,True
OUT:supply_point:SP_SmartX:SmartX,2026-W17,,1196.0,True
OUT:supply_point:SP_SmartX:SmartX,2026-W18,,1190.0,True
OUT:supply_point:SP_SmartX:SmartX,2026-W19,,1185.0,True
OUT:supply_point:SP_SmartX:SmartX,2026-W20,,1179.0,True
OUT:supply_point:SP_SmartX:SmartX,2026-W21,,1173.0,True
OUT:supply_point:SP_SmartX:SmartX,2026-W22,,1168.0,True
OUT:supply_point:SP_SmartX:SmartX,2026-W23,,1161.0,True
OUT:supply_point:SP_SmartX:SmartX,2026-W24,,1155.0,True
OUT:supply_point:SP_SmartX:SmartX,2026-W25,,1151.0,True
OUT:supply_point:SP_SmartX:SmartX,2026-W26,,1144.0,True
OUT:supply_point:SP_SmartX:SmartX,2026-W27,,1139.0,True
OUT:supply_point:SP_SmartX:SmartX,2026-W28,,1133.0,True
OUT:supply_point:SP_SmartX:SmartX,2026-W29,,1126.0,True
OUT:supply_point:SP_SmartX:SmartX,2026-W30,,1122.0,True
OUT:supply_point:SP_SmartX:SmartX,2026-W31,,1116.0,True
OUT:supply_point:SP_SmartX:SmartX,2026-W32,,1110.0,True
OUT:supply_point:SP_SmartX:SmartX,2026-W33,,1104.0,True
OUT:supply_point:SP_SmartX:SmartX,2026-W34,,1098.0,True
OUT:supply_point:SP_SmartX:SmartX,2026-W35,,1093.0,True
OUT:supply_point:SP_SmartX:SmartX,2026-W36,,1087.0,True
OUT:supply_point:SP_SmartX:SmartX,2026-W37,,1081.0,True
OUT:supply_point:SP_SmartX:SmartX,2026-W38,,1076.0,True
OUT:supply_point:SP_SmartX:SmartX,2026-W39,,1069.0,True
OUT:supply_point:SP_SmartX:SmartX,2026-W40,,1064.0,True
OUT:supply_point:SP_SmartX:SmartX,2026-W41,,1058.0,True
OUT:supply_point:SP_SmartX:SmartX,2026-W42,,1052.0,True
OUT:supply_point:SP_SmartX:SmartX,2026-W43,,1047.0,True
OUT:supply_point:SP_SmartX:SmartX,2026-W44,,1041.0,True
OUT:supply_point:SP_SmartX:SmartX,2026-W45,,1035.0,True
OUT:supply_point:SP_SmartX:SmartX,2026-W46,,1029.0,True
OUT:supply_point:SP_SmartX:SmartX,2026-W47,,1023.0,True
OUT:supply_point:SP_SmartX:SmartX,2026-W48,,1019.0,True
OUT:supply_point:SP_SmartX:SmartX,2026-W49,,1012.0,True
OUT:supply_point:SP_SmartX:SmartX,2026-W50,,1006.0,True
OUT:supply_point:SP_SmartX:SmartX,2026-W51,,1000.0,True
OUT:supply_point:SP_SmartX:SmartX,2026-W52,,1000.0,True
OUT:supply_point:SP_SmartX:SmartX,2026-W53,,1000.0,True
OUT:supply_point:SP_SmartX:SmartX,2027-W01,,1000.0,True
OUT:supply_point:SP_SmartX:SmartX,2027-W02,,1000.0,True
OUT:supply_point:SP_SmartX:SmartX,2027-W03,,1000.0,True
OUT:supply_point:SP_SmartX:SmartX,2027-W04,,1000.0,True
OUT:supply_point:SP_SmartX:SmartX,2027-W05,,1000.0,True
OUT:supply_point:SP_SmartX:SmartX,2027-W06,,1000.0,True
OUT:supply_point:SP_SmartX:SmartX,2027-W07,,1000.0,True
OUT:supply_point:SP_SmartX:SmartX,2027-W08,,1000.0,True
OUT:supply_point:SP_SmartX:SmartX,2027-W09,,1000.0,True
OUT:supply_point:SP_SmartX:SmartX,2027-W10,,1000.0,True
OUT:supply_point:SP_SmartX:SmartX,2027-W11,,1000.0,True
OUT:supply_point:SP_SmartX:SmartX,2027-W12,,1000.0,True
OUT:supply_point:SP_SmartX:SmartX,2027-W13,,1000.0,True
OUT:supply_point:SP_SmartX:SmartX,2027-W14,,1000.0,True
OUT:supply_point:SP_SmartX:SmartX,2027-W15,,1000.0,True
OUT:supply_point:SP_SmartX:SmartX,2027-W16,,1000.0,True
OUT:supply_point:SP_SmartX:SmartX,2027-W17,,1000.0,True
OUT:supply_point:SP_SmartX:SmartX,2027-W18,,1000.0,True
OUT:supply_point:SP_SmartX:SmartX,2027-W19,,1000.0,True
OUT:supply_point:SP_SmartX:SmartX,2027-W20,,1000.0,True
OUT:supply_point:SP_SmartX:SmartX,2027-W21,,1000.0,True
OUT:supply_point:SP_SmartX:SmartX,2027-W22,,1000.0,True
OUT:supply_point:SP_SmartX:SmartX,2027-W23,,997.0,True
OUT:supply_point:SP_SmartX:SmartX,2027-W24,,988.0,True
OUT:supply_point:SP_SmartX:SmartX,2027-W25,,979.0,True
OUT:supply_point:SP_SmartX:SmartX,2027-W26,,970.0,True
OUT:supply_point:SP_SmartX:SmartX,2027-W27,,960.0,True
OUT:supply_point:SP_SmartX:SmartX,2027-W28,,951.0,True
OUT:supply_point:SP_SmartX:SmartX,2027-W29,,942.0,True
OUT:supply_point:SP_SmartX:SmartX,2027-W30,,932.0,True
OUT:supply_point:SP_SmartX:SmartX,2027-W31,,923.0,True
OUT:supply_point:SP_SmartX:SmartX,2027-W32,,915.0,True
OUT:supply_point:SP_SmartX:SmartX,2027-W33,,904.0,True
OUT:supply_point:SP_SmartX:SmartX,2027-W34,,895.0,True
OUT:supply_point:SP_SmartX:SmartX,2027-W35,,887.0,True
OUT:supply_point:SP_SmartX:SmartX,2027-W36,,878.0,True
OUT:supply_point:SP_SmartX:SmartX,2027-W37,,867.0,True
OUT:supply_point:SP_SmartX:SmartX,2027-W38,,858.0,True
OUT:supply_point:SP_SmartX:SmartX,2027-W39,,850.0,True
OUT:supply_point:SP_SmartX:SmartX,2027-W40,,840.0,True
OUT:supply_point:SP_SmartX:SmartX,2027-W41,,830.0,True
OUT:supply_point:SP_SmartX:SmartX,2027-W42,,822.0,True
OUT:supply_point:SP_SmartX:SmartX,2027-W43,,812.0,True
OUT:supply_point:SP_SmartX:SmartX,2027-W44,,803.0,True
OUT:supply_point:SP_SmartX:SmartX,2027-W45,,794.0,True
OUT:supply_point:SP_SmartX:SmartX,2027-W46,,785.0,True
OUT:supply_point:SP_SmartX:SmartX,2027-W47,,775.0,True
OUT:supply_point:SP_SmartX:SmartX,2027-W48,,766.0,True
OUT:supply_point:SP_SmartX:SmartX,2027-W49,,754.0,True
OUT:supply_point:SP_SmartX:SmartX,2027-W50,,738.0,True
OUT:supply_point:SP_SmartX:SmartX,2027-W51,,729.0,True
OUT:supply_point:SP_SmartX:SmartX,2027-W52,,720.0,True
OUT:supply_point:SP_SmartX:SmartX,2028-W01,,710.0,True
OUT:supply_point:SP_SmartX:SmartX,2028-W02,,701.0,True
OUT:supply_point:SP_SmartX:SmartX,2028-W03,,692.0,True
OUT:supply_point:SP_SmartX:SmartX,2028-W04,,682.0,True
OUT:supply_point:SP_SmartX:SmartX,2028-W05,,673.0,True
OUT:supply_point:SP_SmartX:SmartX,2028-W06,,665.0,True
OUT:supply_point:SP_SmartX:SmartX,2028-W07,,654.0,True
OUT:supply_point:SP_SmartX:SmartX,2028-W08,,645.0,True
OUT:supply_point:SP_SmartX:SmartX,2028-W09,,637.0,True
OUT:supply_point:SP_SmartX:SmartX,2028-W10,,628.0,True
OUT:supply_point:SP_SmartX:SmartX,2028-W11,,617.0,True
OUT:supply_point:SP_SmartX:SmartX,2028-W12,,608.0,True
OUT:supply_point:SP_SmartX:SmartX,2028-W13,,600.0,True
OUT:supply_point:SP_SmartX:SmartX,2028-W14,,590.0,True
OUT:supply_point:SP_SmartX:SmartX,2028-W15,,580.0,True
OUT:supply_point:SP_SmartX:SmartX,2028-W16,,572.0,True
OUT:supply_point:SP_SmartX:SmartX,2028-W17,,562.0,True
OUT:supply_point:SP_SmartX:SmartX,2028-W18,,553.0,True
OUT:supply_point:SP_SmartX:SmartX,2028-W19,,544.0,True
OUT:supply_point:SP_SmartX:SmartX,2028-W20,,535.0,True
OUT:supply_point:SP_SmartX:SmartX,2028-W21,,525.0,True
OUT:supply_point:SP_SmartX:SmartX,2028-W22,,516.0,True
OUT:supply_point:SP_SmartX:SmartX,2028-W23,,505.0,True
OUT:supply_point:SP_SmartX:SmartX,2028-W24,,491.0,True
OUT:supply_point:SP_SmartX:SmartX,2028-W25,,485.0,True
OUT:supply_point:SP_SmartX:SmartX,2028-W26,,479.0,True
OUT:supply_point:SP_SmartX:SmartX,2028-W27,,473.0,True
OUT:supply_point:SP_SmartX:SmartX,2028-W28,,466.0,True
OUT:supply_point:SP_SmartX:SmartX,2028-W29,,458.0,True
OUT:supply_point:SP_SmartX:SmartX,2028-W30,,453.0,True
OUT:supply_point:SP_SmartX:SmartX,2028-W31,,446.0,True
OUT:supply_point:SP_SmartX:SmartX,2028-W32,,441.0,True
OUT:supply_point:SP_SmartX:SmartX,2028-W33,,433.0,True
OUT:supply_point:SP_SmartX:SmartX,2028-W34,,426.0,True
OUT:supply_point:SP_SmartX:SmartX,2028-W35,,420.0,True
OUT:supply_point:SP_SmartX:SmartX,2028-W36,,414.0,True
OUT:supply_point:SP_SmartX:SmartX,2028-W37,,408.0,True
OUT:supply_point:SP_SmartX:SmartX,2028-W38,,401.0,True
OUT:supply_point:SP_SmartX:SmartX,2028-W39,,395.0,True
OUT:supply_point:SP_SmartX:SmartX,2028-W40,,388.0,True
OUT:supply_point:SP_SmartX:SmartX,2028-W41,,381.0,True
OUT:supply_point:SP_SmartX:SmartX,2028-W42,,376.0,True
OUT:supply_point:SP_SmartX:SmartX,2028-W43,,368.0,True
OUT:supply_point:SP_SmartX:SmartX,2028-W44,,363.0,True
OUT:supply_point:SP_SmartX:SmartX,2028-W45,,355.0,True
OUT:supply_point:SP_SmartX:SmartX,2028-W46,,349.0,True
OUT:supply_point:SP_SmartX:SmartX,2028-W47,,342.0,True
OUT:supply_point:SP_SmartX:SmartX,2028-W48,,336.0,True
OUT:supply_point:SP_SmartX:SmartX,2028-W49,,329.0,True
OUT:supply_point:SP_SmartX:SmartX,2028-W50,,318.0,True
OUT:supply_point:SP_SmartX:SmartX,2028-W51,,314.0,True
OUT:supply_point:SP_SmartX:SmartX,2028-W52,,309.0,True
OUT:supply_point:SP_SmartX:SmartX,2029-W01,,306.0,True
OUT:supply_point:SP_SmartX:SmartX,2029-W02,,301.0,True
OUT:supply_point:SP_SmartX:SmartX,2029-W03,,296.0,True
OUT:supply_point:SP_SmartX:SmartX,2029-W04,,291.0,True
OUT:supply_point:SP_SmartX:SmartX,2029-W05,,286.0,True
OUT:supply_point:SP_SmartX:SmartX,2029-W06,,281.0,True
OUT:supply_point:SP_SmartX:SmartX,2029-W07,,277.0,True
OUT:supply_point:SP_SmartX:SmartX,2029-W08,,274.0,True
OUT:supply_point:SP_SmartX:SmartX,2029-W09,,268.0,True
OUT:supply_point:SP_SmartX:SmartX,2029-W10,,264.0,True
OUT:supply_point:SP_SmartX:SmartX,2029-W11,,258.0,True
OUT:supply_point:SP_SmartX:SmartX,2029-W12,,254.0,True
OUT:supply_point:SP_SmartX:SmartX,2029-W13,,249.0,True
OUT:supply_point:SP_SmartX:SmartX,2029-W14,,246.0,True
OUT:supply_point:SP_SmartX:SmartX,2029-W15,,241.0,True
OUT:supply_point:SP_SmartX:SmartX,2029-W16,,236.0,True
OUT:supply_point:SP_SmartX:SmartX,2029-W17,,231.0,True
OUT:supply_point:SP_SmartX:SmartX,2029-W18,,226.0,True
OUT:supply_point:SP_SmartX:SmartX,2029-W19,,221.0,True
OUT:supply_point:SP_SmartX:SmartX,2029-W20,,217.0,True
OUT:supply_point:SP_SmartX:SmartX,2029-W21,,214.0,True
OUT:supply_point:SP_SmartX:SmartX,2029-W22,,208.0,True
OUT:supply_point:SP_SmartX:SmartX,2029-W23,,203.0,True
OUT:supply_point:SP_SmartX:SmartX,2029-W24,,196.0,True
OUT:supply_point:SP_SmartX:SmartX,2029-W25,,192.0,True
OUT:supply_point:SP_SmartX:SmartX,2029-W26,,189.0,True
OUT:supply_point:SP_SmartX:SmartX,2029-W27,,184.0,True
OUT:supply_point:SP_SmartX:SmartX,2029-W28,,181.0,True
OUT:supply_point:SP_SmartX:SmartX,2029-W29,,177.0,True
OUT:supply_point:SP_SmartX:SmartX,2029-W30,,174.0,True
OUT:supply_point:SP_SmartX:SmartX,2029-W31,,169.0,True
OUT:supply_point:SP_SmartX:SmartX,2029-W32,,167.0,True
OUT:supply_point:SP_SmartX:SmartX,2029-W33,,162.0,True
OUT:supply_point:SP_SmartX:SmartX,2029-W34,,158.0,True
OUT:supply_point:SP_SmartX:SmartX,2029-W35,,155.0,True
OUT:supply_point:SP_SmartX:SmartX,2029-W36,,151.0,True
OUT:supply_point:SP_SmartX:SmartX,2029-W37,,147.0,True
OUT:supply_point:SP_SmartX:SmartX,2029-W38,,143.0,True
OUT:supply_point:SP_SmartX:SmartX,2029-W39,,139.0,True
OUT:supply_point:SP_SmartX:SmartX,2029-W40,,136.0,True
OUT:supply_point:SP_SmartX:SmartX,2029-W41,,131.0,True
OUT:supply_point:SP_SmartX:SmartX,2029-W42,,129.0,True
OUT:supply_point:SP_SmartX:SmartX,2029-W43,,124.0,True
OUT:supply_point:SP_SmartX:SmartX,2029-W44,,121.0,True
OUT:supply_point:SP_SmartX:SmartX,2029-W45,,117.0,True
OUT:supply_point:SP_SmartX:SmartX,2029-W46,,114.0,True
OUT:supply_point:SP_SmartX:SmartX,2029-W47,,109.0,True
OUT:supply_point:SP_SmartX:SmartX,2029-W48,,106.0,True
OUT:supply_point:SP_SmartX:SmartX,2029-W49,,102.0,True
OUT:supply_point:SP_SmartX:SmartX,2029-W50,,99.0,True
OUT:supply_point:SP_SmartX:SmartX,2029-W51,,95.0,True
OUT:supply_point:SP_SmartX:SmartX,2029-W52,,92.0,True
OUT:supply_point:SP_SmartX:SmartX,2030-W01,,87.0,True
OUT:supply_point:SP_SmartX:SmartX,2030-W02,,84.0,True
OUT:supply_point:SP_SmartX:SmartX,2030-W03,,80.0,True
OUT:supply_point:SP_SmartX:SmartX,2030-W04,,76.0,True
OUT:supply_point:SP_SmartX:SmartX,2030-W05,,71.0,True
OUT:supply_point:SP_SmartX:SmartX,2030-W06,,68.0,True
OUT:supply_point:SP_SmartX:SmartX,2030-W07,,64.0,True
OUT:supply_point:SP_SmartX:SmartX,2030-W08,,61.0,True
OUT:supply_point:SP_SmartX:SmartX,2030-W09,,56.0,True
OUT:supply_point:SP_SmartX:SmartX,2030-W10,,53.0,True
OUT:supply_point:SP_SmartX:SmartX,2030-W11,,49.0,True
OUT:supply_point:SP_SmartX:SmartX,2030-W12,,45.0,True
OUT:supply_point:SP_SmartX:SmartX,2030-W13,,42.0,True
OUT:supply_point:SP_SmartX:SmartX,2030-W14,,37.0,True
OUT:supply_point:SP_SmartX:SmartX,2030-W15,,34.0,True
OUT:supply_point:SP_SmartX:SmartX,2030-W16,,30.0,True
OUT:supply_point:SP_SmartX:SmartX,2030-W17,,26.0,True
OUT:supply_point:SP_SmartX:SmartX,2030-W18,,21.0,True
OUT:supply_point:SP_SmartX:SmartX,2030-W19,,18.0,True
OUT:supply_point:SP_SmartX:SmartX,2030-W20,,14.0,True
OUT:supply_point:SP_SmartX:SmartX,2030-W21,,11.0,True
OUT:supply_point:SP_SmartX:SmartX,2030-W22,,6.0,True
OUT:supply_point:SP_SmartX:SmartX,2030-W23,,3.0,True
OUT:supply_point:SP_SmartX:SmartX,2030-W24,,0.0,True
OUT:supply_point:SP_SmartX:SmartX,2030-W25,,0.0,True
OUT:supply_point:SP_SmartX:SmartX,2030-W26,,0.0,True
OUT:supply_point:SP_SmartX:SmartX,2030-W27,,0.0,True
OUT:supply_point:SP_SmartX:SmartX,2030-W28,,0.0,True
OUT:supply_point:SP_SmartX:SmartX,2030-W29,,0.0,True
OUT:supply_point:SP_SmartX:SmartX,2030-W30,,0.0,True
OUT:supply_point:SP_SmartX:SmartX,2030-W31,,0.0,True
OUT:supply_point:SP_SmartX:SmartX,2030-W32,,0.0,True
OUT:supply_point:SP_SmartX:SmartX,2030-W33,,0.0,True
OUT:supply_point:SP_SmartX:SmartX,2030-W34,,0.0,True
OUT:supply_point:SP_SmartX:SmartX,2030-W35,,0.0,True
OUT:supply_point:SP_SmartX:SmartX,2030-W36,,0.0,True
OUT:supply_point:SP_SmartX:SmartX,2030-W37,,0.0,True
OUT:supply_point:SP_SmartX:SmartX,2030-W38,,0.0,True
OUT:supply_point:SP_SmartX:SmartX,2030-W39,,0.0,True
OUT:supply_point:SP_SmartX:SmartX,2030-W40,,0.0,True
OUT:supply_point:SP_SmartX:SmartX,2030-W41,,0.0,True
OUT:supply_point:SP_SmartX:SmartX,2030-W42,,0.0,True
OUT:supply_point:SP_SmartX:SmartX,2030-W43,,0.0,True
OUT:supply_point:SP_SmartX:SmartX,2030-W44,,0.0,True
OUT:supply_point:SP_SmartX:SmartX,2030-W45,,0.0,True
OUT:supply_point:SP_SmartX:SmartX,2030-W46,,0.0,True
OUT:supply_point:SP_SmartX:SmartX,2030-W47,,0.0,True
OUT:supply_point:SP_SmartX:SmartX,2030-W48,,0.0,True
OUT:supply_point:SP_SmartX:SmartX,2030-W49,,0.0,True
OUT:supply_point:SP_SmartX:SmartX,2030-W50,,0.0,True
OUT:supply_point:SP_SmartX:SmartX,2030-W51,,0.0,True
OUT:supply_point:SP_SmartX:SmartX,2030-W52,,0.0,True
OUT:supply_point:SP_SmartXNext:SmartXNext,2025-W36,,0.0,True
OUT:supply_point:SP_SmartXNext:SmartXNext,2025-W37,,0.0,True
OUT:supply_point:SP_SmartXNext:SmartXNext,2025-W38,,0.0,True
OUT:supply_point:SP_SmartXNext:SmartXNext,2025-W39,,0.0,True
OUT:supply_point:SP_SmartXNext:SmartXNext,2025-W40,,0.0,True
OUT:supply_point:SP_SmartXNext:SmartXNext,2025-W41,,0.0,True
OUT:supply_point:SP_SmartXNext:SmartXNext,2025-W42,,0.0,True
OUT:supply_point:SP_SmartXNext:SmartXNext,2025-W43,,0.0,True
OUT:supply_point:SP_SmartXNext:SmartXNext,2025-W44,,0.0,True
OUT:supply_point:SP_SmartXNext:SmartXNext,2025-W45,,0.0,True
OUT:supply_point:SP_SmartXNext:SmartXNext,2025-W46,,0.0,True
OUT:supply_point:SP_SmartXNext:SmartXNext,2025-W47,,0.0,True
OUT:supply_point:SP_SmartXNext:SmartXNext,2025-W48,,0.0,True
OUT:supply_point:SP_SmartXNext:SmartXNext,2025-W49,,0.0,True
OUT:supply_point:SP_SmartXNext:SmartXNext,2025-W50,,0.0,True
OUT:supply_point:SP_SmartXNext:SmartXNext,2025-W51,,0.0,True
OUT:supply_point:SP_SmartXNext:SmartXNext,2025-W52,,0.0,True
OUT:supply_point:SP_SmartXNext:SmartXNext,2026-W01,,0.0,True
OUT:supply_point:SP_SmartXNext:SmartXNext,2026-W02,,0.0,True
OUT:supply_point:SP_SmartXNext:SmartXNext,2026-W03,,0.0,True
OUT:supply_point:SP_SmartXNext:SmartXNext,2026-W04,,0.0,True
OUT:supply_point:SP_SmartXNext:SmartXNext,2026-W05,,0.0,True
OUT:supply_point:SP_SmartXNext:SmartXNext,2026-W06,,0.0,True
OUT:supply_point:SP_SmartXNext:SmartXNext,2026-W07,,0.0,True
OUT:supply_point:SP_SmartXNext:SmartXNext,2026-W08,,0.0,True
OUT:supply_point:SP_SmartXNext:SmartXNext,2026-W09,,0.0,True
OUT:supply_point:SP_SmartXNext:SmartXNext,2026-W10,,0.0,True
OUT:supply_point:SP_SmartXNext:SmartXNext,2026-W11,,0.0,True
OUT:supply_point:SP_SmartXNext:SmartXNext,2026-W12,,0.0,True
OUT:supply_point:SP_SmartXNext:SmartXNext,2026-W13,,0.0,True
OUT:supply_point:SP_SmartXNext:SmartXNext,2026-W14,,0.0,True
OUT:supply_point:SP_SmartXNext:SmartXNext,2026-W15,,0.0,True
OUT:supply_point:SP_SmartXNext:SmartXNext,2026-W16,,0.0,True
OUT:supply_point:SP_SmartXNext:SmartXNext,2026-W17,,0.0,True
OUT:supply_point:SP_SmartXNext:SmartXNext,2026-W18,,0.0,True
OUT:supply_point:SP_SmartXNext:SmartXNext,2026-W19,,0.0,True
OUT:supply_point:SP_SmartXNext:SmartXNext,2026-W20,,0.0,True
OUT:supply_point:SP_SmartXNext:SmartXNext,2026-W21,,0.0,True
OUT:supply_point:SP_SmartXNext:SmartXNext,2026-W22,,0.0,True
OUT:supply_point:SP_SmartXNext:SmartXNext,2026-W23,,0.0,True
OUT:supply_point:SP_SmartXNext:SmartXNext,2026-W24,,0.0,True
OUT:supply_point:SP_SmartXNext:SmartXNext,2026-W25,,0.0,True
OUT:supply_point:SP_SmartXNext:SmartXNext,2026-W26,,0.0,True
OUT:supply_point:SP_SmartXNext:SmartXNext,2026-W27,,0.0,True
OUT:supply_point:SP_SmartXNext:SmartXNext,2026-W28,,0.0,True
OUT:supply_point:SP_SmartXNext:SmartXNext,2026-W29,,0.0,True
OUT:supply_point:SP_SmartXNext:SmartXNext,2026-W30,,0.0,True
OUT:supply_point:SP_SmartXNext:SmartXNext,2026-W31,,0.0,True
OUT:supply_point:SP_SmartXNext:SmartXNext,2026-W32,,0.0,True
OUT:supply_point:SP_SmartXNext:SmartXNext,2026-W33,,0.0,True
OUT:supply_point:SP_SmartXNext:SmartXNext,2026-W34,,0.0,True
OUT:supply_point:SP_SmartXNext:SmartXNext,2026-W35,,0.0,True
OUT:supply_point:SP_SmartXNext:SmartXNext,2026-W36,,0.0,True
OUT:supply_point:SP_SmartXNext:SmartXNext,2026-W37,,0.0,True
OUT:supply_point:SP_SmartXNext:SmartXNext,2026-W38,,0.0,True
OUT:supply_point:SP_SmartXNext:SmartXNext,2026-W39,,0.0,True
OUT:supply_point:SP_SmartXNext:SmartXNext,2026-W40,,0.0,True
OUT:supply_point:SP_SmartXNext:SmartXNext,2026-W41,,0.0,True
OUT:supply_point:SP_SmartXNext:SmartXNext,2026-W42,,0.0,True
OUT:supply_point:SP_SmartXNext:SmartXNext,2026-W43,,0.0,True
OUT:supply_point:SP_SmartXNext:SmartXNext,2026-W44,,0.0,True
OUT:supply_point:SP_SmartXNext:SmartXNext,2026-W45,,0.0,True
OUT:supply_point:SP_SmartXNext:SmartXNext,2026-W46,,0.0,True
OUT:supply_point:SP_SmartXNext:SmartXNext,2026-W47,,0.0,True
OUT:supply_point:SP_SmartXNext:SmartXNext,2026-W48,,0.0,True
OUT:supply_point:SP_SmartXNext:SmartXNext,2026-W49,,0.0,True
OUT:supply_point:SP_SmartXNext:SmartXNext,2026-W50,,0.0,True
OUT:supply_point:SP_SmartXNext:SmartXNext,2026-W51,,0.0,True
OUT:supply_point:SP_SmartXNext:SmartXNext,2026-W52,,0.0,True
OUT:supply_point:SP_SmartXNext:SmartXNext,2026-W53,,0.0,True
OUT:supply_point:SP_SmartXNext:SmartXNext,2027-W01,,0.0,True
OUT:supply_point:SP_SmartXNext:SmartXNext,2027-W02,,0.0,True
OUT:supply_point:SP_SmartXNext:SmartXNext,2027-W03,,0.0,True
OUT:supply_point:SP_SmartXNext:SmartXNext,2027-W04,,0.0,True
OUT:supply_point:SP_SmartXNext:SmartXNext,2027-W05,,0.0,True
OUT:supply_point:SP_SmartXNext:SmartXNext,2027-W06,,0.0,True
OUT:supply_point:SP_SmartXNext:SmartXNext,2027-W07,,0.0,True
OUT:supply_point:SP_SmartXNext:SmartXNext,2027-W08,,0.0,True
OUT:supply_point:SP_SmartXNext:SmartXNext,2027-W09,,0.0,True
OUT:supply_point:SP_SmartXNext:SmartXNext,2027-W10,,0.0,True
OUT:supply_point:SP_SmartXNext:SmartXNext,2027-W11,,0.0,True
OUT:supply_point:SP_SmartXNext:SmartXNext,2027-W12,,0.0,True
OUT:supply_point:SP_SmartXNext:SmartXNext,2027-W13,,0.0,True
OUT:supply_point:SP_SmartXNext:SmartXNext,2027-W14,,0.0,True
OUT:supply_point:SP_SmartXNext:SmartXNext,2027-W15,,0.0,True
OUT:supply_point:SP_SmartXNext:SmartXNext,2027-W16,,0.0,True
OUT:supply_point:SP_SmartXNext:SmartXNext,2027-W17,,0.0,True
OUT:supply_point:SP_SmartXNext:SmartXNext,2027-W18,,0.0,True
OUT:supply_point:SP_SmartXNext:SmartXNext,2027-W19,,0.0,True
OUT:supply_point:SP_SmartXNext:SmartXNext,2027-W20,,0.0,True
OUT:supply_point:SP_SmartXNext:SmartXNext,2027-W21,,0.0,True
OUT:supply_point:SP_SmartXNext:SmartXNext,2027-W22,,0.0,True
OUT:supply_point:SP_SmartXNext:SmartXNext,2027-W23,,0.0,True
OUT:supply_point:SP_SmartXNext:SmartXNext,2027-W24,,0.0,True
OUT:supply_point:SP_SmartXNext:SmartXNext,2027-W25,,0.0,True
OUT:supply_point:SP_SmartXNext:SmartXNext,2027-W26,,0.0,True
OUT:supply_point:SP_SmartXNext:SmartXNext,2027-W27,,0.0,True
OUT:supply_point:SP_SmartXNext:SmartXNext,2027-W28,,0.0,True
OUT:supply_point:SP_SmartXNext:SmartXNext,2027-W29,,0.0,True
OUT:supply_point:SP_SmartXNext:SmartXNext,2027-W30,,0.0,True
OUT:supply_point:SP_SmartXNext:SmartXNext,2027-W31,,0.0,True
OUT:supply_point:SP_SmartXNext:SmartXNext,2027-W32,,0.0,True
OUT:supply_point:SP_SmartXNext:SmartXNext,2027-W33,,0.0,True
OUT:supply_point:SP_SmartXNext:SmartXNext,2027-W34,,0.0,True
OUT:supply_point:SP_SmartXNext:SmartXNext,2027-W35,,0.0,True
OUT:supply_point:SP_SmartXNext:SmartXNext,2027-W36,,0.0,True
OUT:supply_point:SP_SmartXNext:SmartXNext,2027-W37,,0.0,True
OUT:supply_point:SP_SmartXNext:SmartXNext,2027-W38,,0.0,True
OUT:supply_point:SP_SmartXNext:SmartXNext,2027-W39,,0.0,True
OUT:supply_point:SP_SmartXNext:SmartXNext,2027-W40,,0.0,True
OUT:supply_point:SP_SmartXNext:SmartXNext,2027-W41,,0.0,True
OUT:supply_point:SP_SmartXNext:SmartXNext,2027-W42,,0.0,True
OUT:supply_point:SP_SmartXNext:SmartXNext,2027-W43,,0.0,True
OUT:supply_point:SP_SmartXNext:SmartXNext,2027-W44,,0.0,True
OUT:supply_point:SP_SmartXNext:SmartXNext,2027-W45,,0.0,True
OUT:supply_point:SP_SmartXNext:SmartXNext,2027-W46,,0.0,True
OUT:supply_point:SP_SmartXNext:SmartXNext,2027-W47,,0.0,True
OUT:supply_point:SP_SmartXNext:SmartXNext,2027-W48,,0.0,True
OUT:supply_point:SP_SmartXNext:SmartXNext,2027-W49,,0.0,True
OUT:supply_point:SP_SmartXNext:SmartXNext,2027-W50,,0.0,True
OUT:supply_point:SP_SmartXNext:SmartXNext,2027-W51,,0.0,True
OUT:supply_point:SP_SmartXNext:SmartXNext,2027-W52,,0.0,True
OUT:supply_point:SP_SmartXNext:SmartXNext,2028-W01,,0.0,True
OUT:supply_point:SP_SmartXNext:SmartXNext,2028-W02,,0.0,True
OUT:supply_point:SP_SmartXNext:SmartXNext,2028-W03,,0.0,True
OUT:supply_point:SP_SmartXNext:SmartXNext,2028-W04,,0.0,True
OUT:supply_point:SP_SmartXNext:SmartXNext,2028-W05,,0.0,True
OUT:supply_point:SP_SmartXNext:SmartXNext,2028-W06,,0.0,True
OUT:supply_point:SP_SmartXNext:SmartXNext,2028-W07,,0.0,True
OUT:supply_point:SP_SmartXNext:SmartXNext,2028-W08,,0.0,True
OUT:supply_point:SP_SmartXNext:SmartXNext,2028-W09,,0.0,True
OUT:supply_point:SP_SmartXNext:SmartXNext,2028-W10,,0.0,True
OUT:supply_point:SP_SmartXNext:SmartXNext,2028-W11,,0.0,True
OUT:supply_point:SP_SmartXNext:SmartXNext,2028-W12,,0.0,True
OUT:supply_point:SP_SmartXNext:SmartXNext,2028-W13,,0.0,True
OUT:supply_point:SP_SmartXNext:SmartXNext,2028-W14,,0.0,True
OUT:supply_point:SP_SmartXNext:SmartXNext,2028-W15,,0.0,True
OUT:supply_point:SP_SmartXNext:SmartXNext,2028-W16,,0.0,True
OUT:supply_point:SP_SmartXNext:SmartXNext,2028-W17,,0.0,True
OUT:supply_point:SP_SmartXNext:SmartXNext,2028-W18,,0.0,True
OUT:supply_point:SP_SmartXNext:SmartXNext,2028-W19,,0.0,True
OUT:supply_point:SP_SmartXNext:SmartXNext,2028-W20,,0.0,True
OUT:supply_point:SP_SmartXNext:SmartXNext,2028-W21,,0.0,True
OUT:supply_point:SP_SmartXNext:SmartXNext,2028-W22,,0.0,True
OUT:supply_point:SP_SmartXNext:SmartXNext,2028-W23,,15.0,True
OUT:supply_point:SP_SmartXNext:SmartXNext,2028-W24,,71.0,True
OUT:supply_point:SP_SmartXNext:SmartXNext,2028-W25,,126.0,True
OUT:supply_point:SP_SmartXNext:SmartXNext,2028-W26,,183.0,True
OUT:supply_point:SP_SmartXNext:SmartXNext,2028-W27,,238.0,True
OUT:supply_point:SP_SmartXNext:SmartXNext,2028-W28,,293.0,True
OUT:supply_point:SP_SmartXNext:SmartXNext,2028-W29,,348.0,True
OUT:supply_point:SP_SmartXNext:SmartXNext,2028-W30,,406.0,True
OUT:supply_point:SP_SmartXNext:SmartXNext,2028-W31,,460.0,True
OUT:supply_point:SP_SmartXNext:SmartXNext,2028-W32,,515.0,True
OUT:supply_point:SP_SmartXNext:SmartXNext,2028-W33,,571.0,True
OUT:supply_point:SP_SmartXNext:SmartXNext,2028-W34,,626.0,True
OUT:supply_point:SP_SmartXNext:SmartXNext,2028-W35,,683.0,True
OUT:supply_point:SP_SmartXNext:SmartXNext,2028-W36,,738.0,True
OUT:supply_point:SP_SmartXNext:SmartXNext,2028-W37,,793.0,True
OUT:supply_point:SP_SmartXNext:SmartXNext,2028-W38,,848.0,True
OUT:supply_point:SP_SmartXNext:SmartXNext,2028-W39,,906.0,True
OUT:supply_point:SP_SmartXNext:SmartXNext,2028-W40,,960.0,True
OUT:supply_point:SP_SmartXNext:SmartXNext,2028-W41,,1015.0,True
OUT:supply_point:SP_SmartXNext:SmartXNext,2028-W42,,1071.0,True
OUT:supply_point:SP_SmartXNext:SmartXNext,2028-W43,,1126.0,True
OUT:supply_point:SP_SmartXNext:SmartXNext,2028-W44,,1183.0,True
OUT:supply_point:SP_SmartXNext:SmartXNext,2028-W45,,1238.0,True
OUT:supply_point:SP_SmartXNext:SmartXNext,2028-W46,,1293.0,True
OUT:supply_point:SP_SmartXNext:SmartXNext,2028-W47,,1348.0,True
OUT:supply_point:SP_SmartXNext:SmartXNext,2028-W48,,1406.0,True
OUT:supply_point:SP_SmartXNext:SmartXNext,2028-W49,,1468.0,True
OUT:supply_point:SP_SmartXNext:SmartXNext,2028-W50,,1535.0,True
OUT:supply_point:SP_SmartXNext:SmartXNext,2028-W51,,1563.0,True
OUT:supply_point:SP_SmartXNext:SmartXNext,2028-W52,,1590.0,True
OUT:supply_point:SP_SmartXNext:SmartXNext,2029-W01,,1618.0,True
OUT:supply_point:SP_SmartXNext:SmartXNext,2029-W02,,1648.0,True
OUT:supply_point:SP_SmartXNext:SmartXNext,2029-W03,,1676.0,True
OUT:supply_point:SP_SmartXNext:SmartXNext,2029-W04,,1702.0,True
OUT:supply_point:SP_SmartXNext:SmartXNext,2029-W05,,1730.0,True
OUT:supply_point:SP_SmartXNext:SmartXNext,2029-W06,,1758.0,True
OUT:supply_point:SP_SmartXNext:SmartXNext,2029-W07,,1785.0,True
OUT:supply_point:SP_SmartXNext:SmartXNext,2029-W08,,1813.0,True
OUT:supply_point:SP_SmartXNext:SmartXNext,2029-W09,,1840.0,True
OUT:supply_point:SP_SmartXNext:SmartXNext,2029-W10,,1868.0,True
OUT:supply_point:SP_SmartXNext:SmartXNext,2029-W11,,1898.0,True
OUT:supply_point:SP_SmartXNext:SmartXNext,2029-W12,,1926.0,True
OUT:supply_point:SP_SmartXNext:SmartXNext,2029-W13,,1952.0,True
OUT:supply_point:SP_SmartXNext:SmartXNext,2029-W14,,1980.0,True
OUT:supply_point:SP_SmartXNext:SmartXNext,2029-W15,,2008.0,True
OUT:supply_point:SP_SmartXNext:SmartXNext,2029-W16,,2035.0,True
OUT:supply_point:SP_SmartXNext:SmartXNext,2029-W17,,2063.0,True
OUT:supply_point:SP_SmartXNext:SmartXNext,2029-W18,,2090.0,True
OUT:supply_point:SP_SmartXNext:SmartXNext,2029-W19,,2118.0,True
OUT:supply_point:SP_SmartXNext:SmartXNext,2029-W20,,2148.0,True
OUT:supply_point:SP_SmartXNext:SmartXNext,2029-W21,,2176.0,True
OUT:supply_point:SP_SmartXNext:SmartXNext,2029-W22,,2202.0,True
OUT:supply_point:SP_SmartXNext:SmartXNext,2029-W23,,2235.0,True
OUT:supply_point:SP_SmartXNext:SmartXNext,2029-W24,,2273.0,True
OUT:supply_point:SP_SmartXNext:SmartXNext,2029-W25,,2292.0,True
OUT:supply_point:SP_SmartXNext:SmartXNext,2029-W26,,2311.0,True
OUT:supply_point:SP_SmartXNext:SmartXNext,2029-W27,,2330.0,True
OUT:supply_point:SP_SmartXNext:SmartXNext,2029-W28,,2348.0,True
OUT:supply_point:SP_SmartXNext:SmartXNext,2029-W29,,2365.0,True
OUT:supply_point:SP_SmartXNext:SmartXNext,2029-W30,,2385.0,True
OUT:supply_point:SP_SmartXNext:SmartXNext,2029-W31,,2403.0,True
OUT:supply_point:SP_SmartXNext:SmartXNext,2029-W32,,2423.0,True
OUT:supply_point:SP_SmartXNext:SmartXNext,2029-W33,,2440.0,True
OUT:supply_point:SP_SmartXNext:SmartXNext,2029-W34,,2458.0,True
OUT:supply_point:SP_SmartXNext:SmartXNext,2029-W35,,2477.0,True
OUT:supply_point:SP_SmartXNext:SmartXNext,2029-W36,,2496.0,True
OUT:supply_point:SP_SmartXNext:SmartXNext,2029-W37,,2515.0,True
OUT:supply_point:SP_SmartXNext:SmartXNext,2029-W38,,2533.0,True
OUT:supply_point:SP_SmartXNext:SmartXNext,2029-W39,,2552.0,True
OUT:supply_point:SP_SmartXNext:SmartXNext,2029-W40,,2570.0,True
OUT:supply_point:SP_SmartXNext:SmartXNext,2029-W41,,2588.0,True
OUT:supply_point:SP_SmartXNext:SmartXNext,2029-W42,,2608.0,True
OUT:supply_point:SP_SmartXNext:SmartXNext,2029-W43,,2625.0,True
OUT:supply_point:SP_SmartXNext:SmartXNext,2029-W44,,2645.0,True
OUT:supply_point:SP_SmartXNext:SmartXNext,2029-W45,,2662.0,True
OUT:supply_point:SP_SmartXNext:SmartXNext,2029-W46,,2681.0,True
OUT:supply_point:SP_SmartXNext:SmartXNext,2029-W47,,2700.0,True
OUT:supply_point:SP_SmartXNext:SmartXNext,2029-W48,,2718.0,True
OUT:supply_point:SP_SmartXNext:SmartXNext,2029-W49,,2737.0,True
OUT:supply_point:SP_SmartXNext:SmartXNext,2029-W50,,2757.0,True
OUT:supply_point:SP_SmartXNext:SmartXNext,2029-W51,,2781.0,True
OUT:supply_point:SP_SmartXNext:SmartXNext,2029-W52,,2804.0,True
OUT:supply_point:SP_SmartXNext:SmartXNext,2030-W01,,2829.0,True
OUT:supply_point:SP_SmartXNext:SmartXNext,2030-W02,,2853.0,True
OUT:supply_point:SP_SmartXNext:SmartXNext,2030-W03,,2876.0,True
OUT:supply_point:SP_SmartXNext:SmartXNext,2030-W04,,2901.0,True
OUT:supply_point:SP_SmartXNext:SmartXNext,2030-W05,,2925.0,True
OUT:supply_point:SP_SmartXNext:SmartXNext,2030-W06,,2950.0,True
OUT:supply_point:SP_SmartXNext:SmartXNext,2030-W07,,2973.0,True
OUT:supply_point:SP_SmartXNext:SmartXNext,2030-W08,,2997.0,True
OUT:supply_point:SP_SmartXNext:SmartXNext,2030-W09,,3022.0,True
OUT:supply_point:SP_SmartXNext:SmartXNext,2030-W10,,3045.0,True
OUT:supply_point:SP_SmartXNext:SmartXNext,2030-W11,,3069.0,True
OUT:supply_point:SP_SmartXNext:SmartXNext,2030-W12,,3094.0,True
OUT:supply_point:SP_SmartXNext:SmartXNext,2030-W13,,3117.0,True
OUT:supply_point:SP_SmartXNext:SmartXNext,2030-W14,,3141.0,True
OUT:supply_point:SP_SmartXNext:SmartXNext,2030-W15,,3165.0,True
OUT:supply_point:SP_SmartXNext:SmartXNext,2030-W16,,3189.0,True
OUT:supply_point:SP_SmartXNext:SmartXNext,2030-W17,,3214.0,True
OUT:supply_point:SP_SmartXNext:SmartXNext,2030-W18,,3237.0,True
OUT:supply_point:SP_SmartXNext:SmartXNext,2030-W19,,3262.0,True
OUT:supply_point:SP_SmartXNext:SmartXNext,2030-W20,,3286.0,True
OUT:supply_point:SP_SmartXNext:SmartXNext,2030-W21,,3310.0,True
OUT:supply_point:SP_SmartXNext:SmartXNext,2030-W22,,3334.0,True
OUT:supply_point:SP_SmartXNext:SmartXNext,2030-W23,,3357.0,True
OUT:supply_point:SP_SmartXNext:SmartXNext,2030-W24,,3368.0,True
OUT:supply_point:SP_SmartXNext:SmartXNext,2030-W25,,3345.0,True
OUT:supply_point:SP_SmartXNext:SmartXNext,2030-W26,,3326.0,True
OUT:supply_point:SP_SmartXNext:SmartXNext,2030-W27,,3305.0,True
OUT:supply_point:SP_SmartXNext:SmartXNext,2030-W28,,3286.0,True
OUT:supply_point:SP_SmartXNext:SmartXNext,2030-W29,,3266.0,True
OUT:supply_point:SP_SmartXNext:SmartXNext,2030-W30,,3246.0,True
OUT:supply_point:SP_SmartXNext:SmartXNext,2030-W31,,3226.0,True
OUT:supply_point:SP_SmartXNext:SmartXNext,2030-W32,,3207.0,True
OUT:supply_point:SP_SmartXNext:SmartXNext,2030-W33,,3187.0,True
OUT:supply_point:SP_SmartXNext:SmartXNext,2030-W34,,3168.0,True
OUT:supply_point:SP_SmartXNext:SmartXNext,2030-W35,,3147.0,True
OUT:supply_point:SP_SmartXNext:SmartXNext,2030-W36,,3128.0,True
OUT:supply_point:SP_SmartXNext:SmartXNext,2030-W37,,3107.0,True
OUT:supply_point:SP_SmartXNext:SmartXNext,2030-W38,,3087.0,True
OUT:supply_point:SP_SmartXNext:SmartXNext,2030-W39,,3068.0,True
OUT:supply_point:SP_SmartXNext:SmartXNext,2030-W40,,3047.0,True
OUT:supply_point:SP_SmartXNext:SmartXNext,2030-W41,,3028.0,True
OUT:supply_point:SP_SmartXNext:SmartXNext,2030-W42,,3008.0,True
OUT:supply_point:SP_SmartXNext:SmartXNext,2030-W43,,2989.0,True
OUT:supply_point:SP_SmartXNext:SmartXNext,2030-W44,,2969.0,True
OUT:supply_point:SP_SmartXNext:SmartXNext,2030-W45,,2950.0,True
OUT:supply_point:SP_SmartXNext:SmartXNext,2030-W46,,2929.0,True
OUT:supply_point:SP_SmartXNext:SmartXNext,2030-W47,,2910.0,True
OUT:supply_point:SP_SmartXNext:SmartXNext,2030-W48,,2889.0,True
OUT:supply_point:SP_SmartXNext:SmartXNext,2030-W49,,2070.0,True
OUT:supply_point:SP_SmartXNext:SmartXNext,2030-W50,,0.0,True
OUT:supply_point:SP_SmartXNext:SmartXNext,2030-W51,,0.0,True
OUT:supply_point:SP_SmartXNext:SmartXNext,2030-W52,,0.0,True
OUT:supply_point:SP_SmartXPro_CN:SmartXPro_CN,2025-W36,,0.0,True
OUT:supply_point:SP_SmartXPro_CN:SmartXPro_CN,2025-W37,,0.0,True
OUT:supply_point:SP_SmartXPro_CN:SmartXPro_CN,2025-W38,,0.0,True
OUT:supply_point:SP_SmartXPro_CN:SmartXPro_CN,2025-W39,,0.0,True
OUT:supply_point:SP_SmartXPro_CN:SmartXPro_CN,2025-W40,,0.0,True
OUT:supply_point:SP_SmartXPro_CN:SmartXPro_CN,2025-W41,,0.0,True
OUT:supply_point:SP_SmartXPro_CN:SmartXPro_CN,2025-W42,,0.0,True
OUT:supply_point:SP_SmartXPro_CN:SmartXPro_CN,2025-W43,,0.0,True
OUT:supply_point:SP_SmartXPro_CN:SmartXPro_CN,2025-W44,,0.0,True
OUT:supply_point:SP_SmartXPro_CN:SmartXPro_CN,2025-W45,,0.0,True
OUT:supply_point:SP_SmartXPro_CN:SmartXPro_CN,2025-W46,,0.0,True
OUT:supply_point:SP_SmartXPro_CN:SmartXPro_CN,2025-W47,,0.0,True
OUT:supply_point:SP_SmartXPro_CN:SmartXPro_CN,2025-W48,,0.0,True
OUT:supply_point:SP_SmartXPro_CN:SmartXPro_CN,2025-W49,,0.0,True
OUT:supply_point:SP_SmartXPro_CN:SmartXPro_CN,2025-W50,,0.0,True
OUT:supply_point:SP_SmartXPro_CN:SmartXPro_CN,2025-W51,,0.0,True
OUT:supply_point:SP_SmartXPro_CN:SmartXPro_CN,2025-W52,,0.0,True
OUT:supply_point:SP_SmartXPro_CN:SmartXPro_CN,2026-W01,,0.0,True
OUT:supply_point:SP_SmartXPro_CN:SmartXPro_CN,2026-W02,,0.0,True
OUT:supply_point:SP_SmartXPro_CN:SmartXPro_CN,2026-W03,,0.0,True
OUT:supply_point:SP_SmartXPro_CN:SmartXPro_CN,2026-W04,,0.0,True
OUT:supply_point:SP_SmartXPro_CN:SmartXPro_CN,2026-W05,,0.0,True
OUT:supply_point:SP_SmartXPro_CN:SmartXPro_CN,2026-W06,,0.0,True
OUT:supply_point:SP_SmartXPro_CN:SmartXPro_CN,2026-W07,,0.0,True
OUT:supply_point:SP_SmartXPro_CN:SmartXPro_CN,2026-W08,,0.0,True
OUT:supply_point:SP_SmartXPro_CN:SmartXPro_CN,2026-W09,,0.0,True
OUT:supply_point:SP_SmartXPro_CN:SmartXPro_CN,2026-W10,,0.0,True
OUT:supply_point:SP_SmartXPro_CN:SmartXPro_CN,2026-W11,,0.0,True
OUT:supply_point:SP_SmartXPro_CN:SmartXPro_CN,2026-W12,,0.0,True
OUT:supply_point:SP_SmartXPro_CN:SmartXPro_CN,2026-W13,,0.0,True
OUT:supply_point:SP_SmartXPro_CN:SmartXPro_CN,2026-W14,,0.0,True
OUT:supply_point:SP_SmartXPro_CN:SmartXPro_CN,2026-W15,,0.0,True
OUT:supply_point:SP_SmartXPro_CN:SmartXPro_CN,2026-W16,,0.0,True
OUT:supply_point:SP_SmartXPro_CN:SmartXPro_CN,2026-W17,,0.0,True
OUT:supply_point:SP_SmartXPro_CN:SmartXPro_CN,2026-W18,,0.0,True
OUT:supply_point:SP_SmartXPro_CN:SmartXPro_CN,2026-W19,,0.0,True
OUT:supply_point:SP_SmartXPro_CN:SmartXPro_CN,2026-W20,,0.0,True
OUT:supply_point:SP_SmartXPro_CN:SmartXPro_CN,2026-W21,,0.0,True
OUT:supply_point:SP_SmartXPro_CN:SmartXPro_CN,2026-W22,,0.0,True
OUT:supply_point:SP_SmartXPro_CN:SmartXPro_CN,2026-W23,,0.0,True
OUT:supply_point:SP_SmartXPro_CN:SmartXPro_CN,2026-W24,,0.0,True
OUT:supply_point:SP_SmartXPro_CN:SmartXPro_CN,2026-W25,,0.0,True
OUT:supply_point:SP_SmartXPro_CN:SmartXPro_CN,2026-W26,,0.0,True
OUT:supply_point:SP_SmartXPro_CN:SmartXPro_CN,2026-W27,,0.0,True
OUT:supply_point:SP_SmartXPro_CN:SmartXPro_CN,2026-W28,,0.0,True
OUT:supply_point:SP_SmartXPro_CN:SmartXPro_CN,2026-W29,,0.0,True
OUT:supply_point:SP_SmartXPro_CN:SmartXPro_CN,2026-W30,,0.0,True
OUT:supply_point:SP_SmartXPro_CN:SmartXPro_CN,2026-W31,,0.0,True
OUT:supply_point:SP_SmartXPro_CN:SmartXPro_CN,2026-W32,,0.0,True
OUT:supply_point:SP_SmartXPro_CN:SmartXPro_CN,2026-W33,,0.0,True
OUT:supply_point:SP_SmartXPro_CN:SmartXPro_CN,2026-W34,,0.0,True
OUT:supply_point:SP_SmartXPro_CN:SmartXPro_CN,2026-W35,,0.0,True
OUT:supply_point:SP_SmartXPro_CN:SmartXPro_CN,2026-W36,,0.0,True
OUT:supply_point:SP_SmartXPro_CN:SmartXPro_CN,2026-W37,,0.0,True
OUT:supply_point:SP_SmartXPro_CN:SmartXPro_CN,2026-W38,,0.0,True
OUT:supply_point:SP_SmartXPro_CN:SmartXPro_CN,2026-W39,,0.0,True
OUT:supply_point:SP_SmartXPro_CN:SmartXPro_CN,2026-W40,,0.0,True
OUT:supply_point:SP_SmartXPro_CN:SmartXPro_CN,2026-W41,,0.0,True
OUT:supply_point:SP_SmartXPro_CN:SmartXPro_CN,2026-W42,,0.0,True
OUT:supply_point:SP_SmartXPro_CN:SmartXPro_CN,2026-W43,,0.0,True
OUT:supply_point:SP_SmartXPro_CN:SmartXPro_CN,2026-W44,,0.0,True
OUT:supply_point:SP_SmartXPro_CN:SmartXPro_CN,2026-W45,,0.0,True
OUT:supply_point:SP_SmartXPro_CN:SmartXPro_CN,2026-W46,,0.0,True
OUT:supply_point:SP_SmartXPro_CN:SmartXPro_CN,2026-W47,,0.0,True
OUT:supply_point:SP_SmartXPro_CN:SmartXPro_CN,2026-W48,,0.0,True
OUT:supply_point:SP_SmartXPro_CN:SmartXPro_CN,2026-W49,,0.0,True
OUT:supply_point:SP_SmartXPro_CN:SmartXPro_CN,2026-W50,,630.0,True
OUT:supply_point:SP_SmartXPro_CN:SmartXPro_CN,2026-W51,,1350.0,True
OUT:supply_point:SP_SmartXPro_CN:SmartXPro_CN,2026-W52,,1350.0,True
OUT:supply_point:SP_SmartXPro_CN:SmartXPro_CN,2026-W53,,1350.0,True
OUT:supply_point:SP_SmartXPro_CN:SmartXPro_CN,2027-W01,,1350.0,True
OUT:supply_point:SP_SmartXPro_CN:SmartXPro_CN,2027-W02,,1350.0,True
OUT:supply_point:SP_SmartXPro_CN:SmartXPro_CN,2027-W03,,1350.0,True
OUT:supply_point:SP_SmartXPro_CN:SmartXPro_CN,2027-W04,,1350.0,True
OUT:supply_point:SP_SmartXPro_CN:SmartXPro_CN,2027-W05,,1350.0,True
OUT:supply_point:SP_SmartXPro_CN:SmartXPro_CN,2027-W06,,1350.0,True
OUT:supply_point:SP_SmartXPro_CN:SmartXPro_CN,2027-W07,,1350.0,True
OUT:supply_point:SP_SmartXPro_CN:SmartXPro_CN,2027-W08,,1350.0,True
OUT:supply_point:SP_SmartXPro_CN:SmartXPro_CN,2027-W09,,1350.0,True
OUT:supply_point:SP_SmartXPro_CN:SmartXPro_CN,2027-W10,,1350.0,True
OUT:supply_point:SP_SmartXPro_CN:SmartXPro_CN,2027-W11,,1350.0,True
OUT:supply_point:SP_SmartXPro_CN:SmartXPro_CN,2027-W12,,1350.0,True
OUT:supply_point:SP_SmartXPro_CN:SmartXPro_CN,2027-W13,,1350.0,True
OUT:supply_point:SP_SmartXPro_CN:SmartXPro_CN,2027-W14,,1350.0,True
OUT:supply_point:SP_SmartXPro_CN:SmartXPro_CN,2027-W15,,1350.0,True
OUT:supply_point:SP_SmartXPro_CN:SmartXPro_CN,2027-W16,,1350.0,True
OUT:supply_point:SP_SmartXPro_CN:SmartXPro_CN,2027-W17,,1350.0,True
OUT:supply_point:SP_SmartXPro_CN:SmartXPro_CN,2027-W18,,1350.0,True
OUT:supply_point:SP_SmartXPro_CN:SmartXPro_CN,2027-W19,,1350.0,True
OUT:supply_point:SP_SmartXPro_CN:SmartXPro_CN,2027-W20,,1350.0,True
OUT:supply_point:SP_SmartXPro_CN:SmartXPro_CN,2027-W21,,1350.0,True
OUT:supply_point:SP_SmartXPro_CN:SmartXPro_CN,2027-W22,,1350.0,True
OUT:supply_point:SP_SmartXPro_CN:SmartXPro_CN,2027-W23,,1347.0,True
OUT:supply_point:SP_SmartXPro_CN:SmartXPro_CN,2027-W24,,1341.0,True
OUT:supply_point:SP_SmartXPro_CN:SmartXPro_CN,2027-W25,,1334.0,True
OUT:supply_point:SP_SmartXPro_CN:SmartXPro_CN,2027-W26,,1327.0,True
OUT:supply_point:SP_SmartXPro_CN:SmartXPro_CN,2027-W27,,1321.0,True
OUT:supply_point:SP_SmartXPro_CN:SmartXPro_CN,2027-W28,,1313.0,True
OUT:supply_point:SP_SmartXPro_CN:SmartXPro_CN,2027-W29,,1306.0,True
OUT:supply_point:SP_SmartXPro_CN:SmartXPro_CN,2027-W30,,1300.0,True
OUT:supply_point:SP_SmartXPro_CN:SmartXPro_CN,2027-W31,,1293.0,True
OUT:supply_point:SP_SmartXPro_CN:SmartXPro_CN,2027-W32,,1287.0,True
OUT:supply_point:SP_SmartXPro_CN:SmartXPro_CN,2027-W33,,1281.0,True
OUT:supply_point:SP_SmartXPro_CN:SmartXPro_CN,2027-W34,,1274.0,True
OUT:supply_point:SP_SmartXPro_CN:SmartXPro_CN,2027-W35,,1267.0,True
OUT:supply_point:SP_SmartXPro_CN:SmartXPro_CN,2027-W36,,1261.0,True
OUT:supply_point:SP_SmartXPro_CN:SmartXPro_CN,2027-W37,,1253.0,True
OUT:supply_point:SP_SmartXPro_CN:SmartXPro_CN,2027-W38,,1246.0,True
OUT:supply_point:SP_SmartXPro_CN:SmartXPro_CN,2027-W39,,1240.0,True
OUT:supply_point:SP_SmartXPro_CN:SmartXPro_CN,2027-W40,,1233.0,True
OUT:supply_point:SP_SmartXPro_CN:SmartXPro_CN,2027-W41,,1227.0,True
OUT:supply_point:SP_SmartXPro_CN:SmartXPro_CN,2027-W42,,1221.0,True
OUT:supply_point:SP_SmartXPro_CN:SmartXPro_CN,2027-W43,,1214.0,True
OUT:supply_point:SP_SmartXPro_CN:SmartXPro_CN,2027-W44,,1207.0,True
OUT:supply_point:SP_SmartXPro_CN:SmartXPro_CN,2027-W45,,1201.0,True
OUT:supply_point:SP_SmartXPro_CN:SmartXPro_CN,2027-W46,,1193.0,True
OUT:supply_point:SP_SmartXPro_CN:SmartXPro_CN,2027-W47,,1186.0,True
OUT:supply_point:SP_SmartXPro_CN:SmartXPro_CN,2027-W48,,1180.0,True
OUT:supply_point:SP_SmartXPro_CN:SmartXPro_CN,2027-W49,,1169.0,True
OUT:supply_point:SP_SmartXPro_CN:SmartXPro_CN,2027-W50,,1159.0,True
OUT:supply_point:SP_SmartXPro_CN:SmartXPro_CN,2027-W51,,1152.0,True
OUT:supply_point:SP_SmartXPro_CN:SmartXPro_CN,2027-W52,,1146.0,True
OUT:supply_point:SP_SmartXPro_CN:SmartXPro_CN,2028-W01,,1138.0,True
OUT:supply_point:SP_SmartXPro_CN:SmartXPro_CN,2028-W02,,1131.0,True
OUT:supply_point:SP_SmartXPro_CN:SmartXPro_CN,2028-W03,,1123.0,True
OUT:supply_point:SP_SmartXPro_CN:SmartXPro_CN,2028-W04,,1116.0,True
OUT:supply_point:SP_SmartXPro_CN:SmartXPro_CN,2028-W05,,1109.0,True
OUT:supply_point:SP_SmartXPro_CN:SmartXPro_CN,2028-W06,,1102.0,True
OUT:supply_point:SP_SmartXPro_CN:SmartXPro_CN,2028-W07,,1095.0,True
OUT:supply_point:SP_SmartXPro_CN:SmartXPro_CN,2028-W08,,1087.0,True
OUT:supply_point:SP_SmartXPro_CN:SmartXPro_CN,2028-W09,,1206.0,True
OUT:supply_point:SP_SmartXPro_CN:SmartXPro_CN,2028-W10,,1350.0,True
OUT:supply_point:SP_SmartXPro_CN:SmartXPro_CN,2028-W11,,1350.0,True
OUT:supply_point:SP_SmartXPro_CN:SmartXPro_CN,2028-W12,,1350.0,True
OUT:supply_point:SP_SmartXPro_CN:SmartXPro_CN,2028-W13,,1350.0,True
OUT:supply_point:SP_SmartXPro_CN:SmartXPro_CN,2028-W14,,901.0,True
OUT:supply_point:SP_SmartXPro_CN:SmartXPro_CN,2028-W15,,901.0,True
OUT:supply_point:SP_SmartXPro_CN:SmartXPro_CN,2028-W16,,901.0,True
OUT:supply_point:SP_SmartXPro_CN:SmartXPro_CN,2028-W17,,901.0,True
OUT:supply_point:SP_SmartXPro_CN:SmartXPro_CN,2028-W18,,901.0,True
OUT:supply_point:SP_SmartXPro_CN:SmartXPro_CN,2028-W19,,901.0,True
OUT:supply_point:SP_SmartXPro_CN:SmartXPro_CN,2028-W20,,901.0,True
OUT:supply_point:SP_SmartXPro_CN:SmartXPro_CN,2028-W21,,901.0,True
OUT:supply_point:SP_SmartXPro_CN:SmartXPro_CN,2028-W22,,901.0,True
OUT:supply_point:SP_SmartXPro_CN:SmartXPro_CN,2028-W23,,901.0,True
OUT:supply_point:SP_SmartXPro_CN:SmartXPro_CN,2028-W24,,901.0,True
OUT:supply_point:SP_SmartXPro_CN:SmartXPro_CN,2028-W25,,901.0,True
OUT:supply_point:SP_SmartXPro_CN:SmartXPro_CN,2028-W26,,901.0,True
OUT:supply_point:SP_SmartXPro_CN:SmartXPro_CN,2028-W27,,901.0,True
OUT:supply_point:SP_SmartXPro_CN:SmartXPro_CN,2028-W28,,901.0,True
OUT:supply_point:SP_SmartXPro_CN:SmartXPro_CN,2028-W29,,901.0,True
OUT:supply_point:SP_SmartXPro_CN:SmartXPro_CN,2028-W30,,901.0,True
OUT:supply_point:SP_SmartXPro_CN:SmartXPro_CN,2028-W31,,901.0,True
OUT:supply_point:SP_SmartXPro_CN:SmartXPro_CN,2028-W32,,901.0,True
OUT:supply_point:SP_SmartXPro_CN:SmartXPro_CN,2028-W33,,901.0,True
OUT:supply_point:SP_SmartXPro_CN:SmartXPro_CN,2028-W34,,901.0,True
OUT:supply_point:SP_SmartXPro_CN:SmartXPro_CN,2028-W35,,901.0,True
OUT:supply_point:SP_SmartXPro_CN:SmartXPro_CN,2028-W36,,901.0,True
OUT:supply_point:SP_SmartXPro_CN:SmartXPro_CN,2028-W37,,894.0,True
OUT:supply_point:SP_SmartXPro_CN:SmartXPro_CN,2028-W38,,889.0,True
OUT:supply_point:SP_SmartXPro_CN:SmartXPro_CN,2028-W39,,884.0,True
OUT:supply_point:SP_SmartXPro_CN:SmartXPro_CN,2028-W40,,878.0,True
OUT:supply_point:SP_SmartXPro_CN:SmartXPro_CN,2028-W41,,872.0,True
OUT:supply_point:SP_SmartXPro_CN:SmartXPro_CN,2028-W42,,867.0,True
OUT:supply_point:SP_SmartXPro_CN:SmartXPro_CN,2028-W43,,861.0,True
OUT:supply_point:SP_SmartXPro_CN:SmartXPro_CN,2028-W44,,856.0,True
OUT:supply_point:SP_SmartXPro_CN:SmartXPro_CN,2028-W45,,851.0,True
OUT:supply_point:SP_SmartXPro_CN:SmartXPro_CN,2028-W46,,845.0,True
OUT:supply_point:SP_SmartXPro_CN:SmartXPro_CN,2028-W47,,839.0,True
OUT:supply_point:SP_SmartXPro_CN:SmartXPro_CN,2028-W48,,834.0,True
OUT:supply_point:SP_SmartXPro_CN:SmartXPro_CN,2028-W49,,824.0,True
OUT:supply_point:SP_SmartXPro_CN:SmartXPro_CN,2028-W50,,812.0,True
OUT:supply_point:SP_SmartXPro_CN:SmartXPro_CN,2028-W51,,804.0,True
OUT:supply_point:SP_SmartXPro_CN:SmartXPro_CN,2028-W52,,796.0,True
OUT:supply_point:SP_SmartXPro_CN:SmartXPro_CN,2029-W01,,787.0,True
OUT:supply_point:SP_SmartXPro_CN:SmartXPro_CN,2029-W02,,780.0,True
OUT:supply_point:SP_SmartXPro_CN:SmartXPro_CN,2029-W03,,772.0,True
OUT:supply_point:SP_SmartXPro_CN:SmartXPro_CN,2029-W04,,763.0,True
OUT:supply_point:SP_SmartXPro_CN:SmartXPro_CN,2029-W05,,901.0,True
OUT:supply_point:SP_SmartXPro_CN:SmartXPro_CN,2029-W06,,901.0,True
OUT:supply_point:SP_SmartXPro_CN:SmartXPro_CN,2029-W07,,901.0,True
OUT:supply_point:SP_SmartXPro_CN:SmartXPro_CN,2029-W08,,901.0,True
OUT:supply_point:SP_SmartXPro_CN:SmartXPro_CN,2029-W09,,901.0,True
OUT:supply_point:SP_SmartXPro_CN:SmartXPro_CN,2029-W10,,901.0,True
OUT:supply_point:SP_SmartXPro_CN:SmartXPro_CN,2029-W11,,901.0,True
OUT:supply_point:SP_SmartXPro_CN:SmartXPro_CN,2029-W12,,901.0,True
OUT:supply_point:SP_SmartXPro_CN:SmartXPro_CN,2029-W13,,901.0,True
OUT:supply_point:SP_SmartXPro_CN:SmartXPro_CN,2029-W14,,451.0,True
OUT:supply_point:SP_SmartXPro_CN:SmartXPro_CN,2029-W15,,451.0,True
OUT:supply_point:SP_SmartXPro_CN:SmartXPro_CN,2029-W16,,451.0,True
OUT:supply_point:SP_SmartXPro_CN:SmartXPro_CN,2029-W17,,451.0,True
OUT:supply_point:SP_SmartXPro_CN:SmartXPro_CN,2029-W18,,451.0,True
OUT:supply_point:SP_SmartXPro_CN:SmartXPro_CN,2029-W19,,451.0,True
OUT:supply_point:SP_SmartXPro_CN:SmartXPro_CN,2029-W20,,451.0,True
OUT:supply_point:SP_SmartXPro_CN:SmartXPro_CN,2029-W21,,451.0,True
OUT:supply_point:SP_SmartXPro_CN:SmartXPro_CN,2029-W22,,451.0,True
OUT:supply_point:SP_SmartXPro_CN:SmartXPro_CN,2029-W23,,451.0,True
OUT:supply_point:SP_SmartXPro_CN:SmartXPro_CN,2029-W24,,451.0,True
OUT:supply_point:SP_SmartXPro_CN:SmartXPro_CN,2029-W25,,451.0,True
OUT:supply_point:SP_SmartXPro_CN:SmartXPro_CN,2029-W26,,451.0,True
OUT:supply_point:SP_SmartXPro_CN:SmartXPro_CN,2029-W27,,451.0,True
OUT:supply_point:SP_SmartXPro_CN:SmartXPro_CN,2029-W28,,451.0,True
OUT:supply_point:SP_SmartXPro_CN:SmartXPro_CN,2029-W29,,451.0,True
OUT:supply_point:SP_SmartXPro_CN:SmartXPro_CN,2029-W30,,451.0,True
OUT:supply_point:SP_SmartXPro_CN:SmartXPro_CN,2029-W31,,451.0,True
OUT:supply_point:SP_SmartXPro_CN:SmartXPro_CN,2029-W32,,451.0,True
OUT:supply_point:SP_SmartXPro_CN:SmartXPro_CN,2029-W33,,451.0,True
OUT:supply_point:SP_SmartXPro_CN:SmartXPro_CN,2029-W34,,451.0,True
OUT:supply_point:SP_SmartXPro_CN:SmartXPro_CN,2029-W35,,451.0,True
OUT:supply_point:SP_SmartXPro_CN:SmartXPro_CN,2029-W36,,451.0,True
OUT:supply_point:SP_SmartXPro_CN:SmartXPro_CN,2029-W37,,451.0,True
OUT:supply_point:SP_SmartXPro_CN:SmartXPro_CN,2029-W38,,451.0,True
OUT:supply_point:SP_SmartXPro_CN:SmartXPro_CN,2029-W39,,451.0,True
OUT:supply_point:SP_SmartXPro_CN:SmartXPro_CN,2029-W40,,451.0,True
OUT:supply_point:SP_SmartXPro_CN:SmartXPro_CN,2029-W41,,446.0,True
OUT:supply_point:SP_SmartXPro_CN:SmartXPro_CN,2029-W42,,437.0,True
OUT:supply_point:SP_SmartXPro_CN:SmartXPro_CN,2029-W43,,429.0,True
OUT:supply_point:SP_SmartXPro_CN:SmartXPro_CN,2029-W44,,421.0,True
OUT:supply_point:SP_SmartXPro_CN:SmartXPro_CN,2029-W45,,412.0,True
OUT:supply_point:SP_SmartXPro_CN:SmartXPro_CN,2029-W46,,405.0,True
OUT:supply_point:SP_SmartXPro_CN:SmartXPro_CN,2029-W47,,397.0,True
OUT:supply_point:SP_SmartXPro_CN:SmartXPro_CN,2029-W48,,388.0,True
OUT:supply_point:SP_SmartXPro_CN:SmartXPro_CN,2029-W49,,381.0,True
OUT:supply_point:SP_SmartXPro_CN:SmartXPro_CN,2029-W50,,374.0,True
OUT:supply_point:SP_SmartXPro_CN:SmartXPro_CN,2029-W51,,366.0,True
OUT:supply_point:SP_SmartXPro_CN:SmartXPro_CN,2029-W52,,359.0,True
OUT:supply_point:SP_SmartXPro_CN:SmartXPro_CN,2030-W01,,351.0,True
OUT:supply_point:SP_SmartXPro_CN:SmartXPro_CN,2030-W02,,344.0,True
OUT:supply_point:SP_SmartXPro_CN:SmartXPro_CN,2030-W03,,336.0,True
OUT:supply_point:SP_SmartXPro_CN:SmartXPro_CN,2030-W04,,329.0,True
OUT:supply_point:SP_SmartXPro_CN:SmartXPro_CN,2030-W05,,321.0,True
OUT:supply_point:SP_SmartXPro_CN:SmartXPro_CN,2030-W06,,314.0,True
OUT:supply_point:SP_SmartXPro_CN:SmartXPro_CN,2030-W07,,307.0,True
OUT:supply_point:SP_SmartXPro_CN:SmartXPro_CN,2030-W08,,300.0,True
OUT:supply_point:SP_SmartXPro_CN:SmartXPro_CN,2030-W09,,293.0,True
OUT:supply_point:SP_SmartXPro_CN:SmartXPro_CN,2030-W10,,285.0,True
OUT:supply_point:SP_SmartXPro_CN:SmartXPro_CN,2030-W11,,278.0,True
OUT:supply_point:SP_SmartXPro_CN:SmartXPro_CN,2030-W12,,270.0,True
OUT:supply_point:SP_SmartXPro_CN:SmartXPro_CN,2030-W13,,263.0,True
OUT:supply_point:SP_SmartXPro_CN:SmartXPro_CN,2030-W14,,255.0,True
OUT:supply_point:SP_SmartXPro_CN:SmartXPro_CN,2030-W15,,248.0,True
OUT:supply_point:SP_SmartXPro_CN:SmartXPro_CN,2030-W16,,240.0,True
OUT:supply_point:SP_SmartXPro_CN:SmartXPro_CN,2030-W17,,233.0,True
OUT:supply_point:SP_SmartXPro_CN:SmartXPro_CN,2030-W18,,226.0,True
OUT:supply_point:SP_SmartXPro_CN:SmartXPro_CN,2030-W19,,218.0,True
OUT:supply_point:SP_SmartXPro_CN:SmartXPro_CN,2030-W20,,211.0,True
OUT:supply_point:SP_SmartXPro_CN:SmartXPro_CN,2030-W21,,203.0,True
OUT:supply_point:SP_SmartXPro_CN:SmartXPro_CN,2030-W22,,196.0,True
OUT:supply_point:SP_SmartXPro_CN:SmartXPro_CN,2030-W23,,188.0,True
OUT:supply_point:SP_SmartXPro_CN:SmartXPro_CN,2030-W24,,182.0,True
OUT:supply_point:SP_SmartXPro_CN:SmartXPro_CN,2030-W25,,174.0,True
OUT:supply_point:SP_SmartXPro_CN:SmartXPro_CN,2030-W26,,167.0,True
OUT:supply_point:SP_SmartXPro_CN:SmartXPro_CN,2030-W27,,159.0,True
OUT:supply_point:SP_SmartXPro_CN:SmartXPro_CN,2030-W28,,152.0,True
OUT:supply_point:SP_SmartXPro_CN:SmartXPro_CN,2030-W29,,145.0,True
OUT:supply_point:SP_SmartXPro_CN:SmartXPro_CN,2030-W30,,137.0,True
OUT:supply_point:SP_SmartXPro_CN:SmartXPro_CN,2030-W31,,130.0,True
OUT:supply_point:SP_SmartXPro_CN:SmartXPro_CN,2030-W32,,122.0,True
OUT:supply_point:SP_SmartXPro_CN:SmartXPro_CN,2030-W33,,115.0,True
OUT:supply_point:SP_SmartXPro_CN:SmartXPro_CN,2030-W34,,107.0,True
OUT:supply_point:SP_SmartXPro_CN:SmartXPro_CN,2030-W35,,100.0,True
OUT:supply_point:SP_SmartXPro_CN:SmartXPro_CN,2030-W36,,92.0,True
OUT:supply_point:SP_SmartXPro_CN:SmartXPro_CN,2030-W37,,85.0,True
OUT:supply_point:SP_SmartXPro_CN:SmartXPro_CN,2030-W38,,78.0,True
OUT:supply_point:SP_SmartXPro_CN:SmartXPro_CN,2030-W39,,70.0,True
OUT:supply_point:SP_SmartXPro_CN:SmartXPro_CN,2030-W40,,63.0,True
OUT:supply_point:SP_SmartXPro_CN:SmartXPro_CN,2030-W41,,56.0,True
OUT:supply_point:SP_SmartXPro_CN:SmartXPro_CN,2030-W42,,49.0,True
OUT:supply_point:SP_SmartXPro_CN:SmartXPro_CN,2030-W43,,41.0,True
OUT:supply_point:SP_SmartXPro_CN:SmartXPro_CN,2030-W44,,34.0,True
OUT:supply_point:SP_SmartXPro_CN:SmartXPro_CN,2030-W45,,26.0,True
OUT:supply_point:SP_SmartXPro_CN:SmartXPro_CN,2030-W46,,19.0,True
OUT:supply_point:SP_SmartXPro_CN:SmartXPro_CN,2030-W47,,11.0,True
OUT:supply_point:SP_SmartXPro_CN:SmartXPro_CN,2030-W48,,4.0,True
OUT:supply_point:SP_SmartXPro_CN:SmartXPro_CN,2030-W49,,0.0,True
OUT:supply_point:SP_SmartXPro_CN:SmartXPro_CN,2030-W50,,0.0,True
OUT:supply_point:SP_SmartXPro_CN:SmartXPro_CN,2030-W51,,0.0,True
OUT:supply_point:SP_SmartXPro_CN:SmartXPro_CN,2030-W52,,0.0,True
OUT:supply_point:SP_SmartXPro_IN:SmartXPro_IN,2025-W36,,0.0,True
OUT:supply_point:SP_SmartXPro_IN:SmartXPro_IN,2025-W37,,0.0,True
OUT:supply_point:SP_SmartXPro_IN:SmartXPro_IN,2025-W38,,0.0,True
OUT:supply_point:SP_SmartXPro_IN:SmartXPro_IN,2025-W39,,0.0,True
OUT:supply_point:SP_SmartXPro_IN:SmartXPro_IN,2025-W40,,0.0,True
OUT:supply_point:SP_SmartXPro_IN:SmartXPro_IN,2025-W41,,0.0,True
OUT:supply_point:SP_SmartXPro_IN:SmartXPro_IN,2025-W42,,0.0,True
OUT:supply_point:SP_SmartXPro_IN:SmartXPro_IN,2025-W43,,0.0,True
OUT:supply_point:SP_SmartXPro_IN:SmartXPro_IN,2025-W44,,0.0,True
OUT:supply_point:SP_SmartXPro_IN:SmartXPro_IN,2025-W45,,0.0,True
OUT:supply_point:SP_SmartXPro_IN:SmartXPro_IN,2025-W46,,0.0,True
OUT:supply_point:SP_SmartXPro_IN:SmartXPro_IN,2025-W47,,0.0,True
OUT:supply_point:SP_SmartXPro_IN:SmartXPro_IN,2025-W48,,0.0,True
OUT:supply_point:SP_SmartXPro_IN:SmartXPro_IN,2025-W49,,0.0,True
OUT:supply_point:SP_SmartXPro_IN:SmartXPro_IN,2025-W50,,0.0,True
OUT:supply_point:SP_SmartXPro_IN:SmartXPro_IN,2025-W51,,0.0,True
OUT:supply_point:SP_SmartXPro_IN:SmartXPro_IN,2025-W52,,0.0,True
OUT:supply_point:SP_SmartXPro_IN:SmartXPro_IN,2026-W01,,0.0,True
OUT:supply_point:SP_SmartXPro_IN:SmartXPro_IN,2026-W02,,0.0,True
OUT:supply_point:SP_SmartXPro_IN:SmartXPro_IN,2026-W03,,0.0,True
OUT:supply_point:SP_SmartXPro_IN:SmartXPro_IN,2026-W04,,0.0,True
OUT:supply_point:SP_SmartXPro_IN:SmartXPro_IN,2026-W05,,0.0,True
OUT:supply_point:SP_SmartXPro_IN:SmartXPro_IN,2026-W06,,0.0,True
OUT:supply_point:SP_SmartXPro_IN:SmartXPro_IN,2026-W07,,0.0,True
OUT:supply_point:SP_SmartXPro_IN:SmartXPro_IN,2026-W08,,0.0,True
OUT:supply_point:SP_SmartXPro_IN:SmartXPro_IN,2026-W09,,0.0,True
OUT:supply_point:SP_SmartXPro_IN:SmartXPro_IN,2026-W10,,0.0,True
OUT:supply_point:SP_SmartXPro_IN:SmartXPro_IN,2026-W11,,0.0,True
OUT:supply_point:SP_SmartXPro_IN:SmartXPro_IN,2026-W12,,0.0,True
OUT:supply_point:SP_SmartXPro_IN:SmartXPro_IN,2026-W13,,0.0,True
OUT:supply_point:SP_SmartXPro_IN:SmartXPro_IN,2026-W14,,0.0,True
OUT:supply_point:SP_SmartXPro_IN:SmartXPro_IN,2026-W15,,0.0,True
OUT:supply_point:SP_SmartXPro_IN:SmartXPro_IN,2026-W16,,0.0,True
OUT:supply_point:SP_SmartXPro_IN:SmartXPro_IN,2026-W17,,0.0,True
OUT:supply_point:SP_SmartXPro_IN:SmartXPro_IN,2026-W18,,0.0,True
OUT:supply_point:SP_SmartXPro_IN:SmartXPro_IN,2026-W19,,0.0,True
OUT:supply_point:SP_SmartXPro_IN:SmartXPro_IN,2026-W20,,0.0,True
OUT:supply_point:SP_SmartXPro_IN:SmartXPro_IN,2026-W21,,0.0,True
OUT:supply_point:SP_SmartXPro_IN:SmartXPro_IN,2026-W22,,0.0,True
OUT:supply_point:SP_SmartXPro_IN:SmartXPro_IN,2026-W23,,0.0,True
OUT:supply_point:SP_SmartXPro_IN:SmartXPro_IN,2026-W24,,0.0,True
OUT:supply_point:SP_SmartXPro_IN:SmartXPro_IN,2026-W25,,0.0,True
OUT:supply_point:SP_SmartXPro_IN:SmartXPro_IN,2026-W26,,0.0,True
OUT:supply_point:SP_SmartXPro_IN:SmartXPro_IN,2026-W27,,0.0,True
OUT:supply_point:SP_SmartXPro_IN:SmartXPro_IN,2026-W28,,0.0,True
OUT:supply_point:SP_SmartXPro_IN:SmartXPro_IN,2026-W29,,0.0,True
OUT:supply_point:SP_SmartXPro_IN:SmartXPro_IN,2026-W30,,0.0,True
OUT:supply_point:SP_SmartXPro_IN:SmartXPro_IN,2026-W31,,0.0,True
OUT:supply_point:SP_SmartXPro_IN:SmartXPro_IN,2026-W32,,0.0,True
OUT:supply_point:SP_SmartXPro_IN:SmartXPro_IN,2026-W33,,0.0,True
OUT:supply_point:SP_SmartXPro_IN:SmartXPro_IN,2026-W34,,0.0,True
OUT:supply_point:SP_SmartXPro_IN:SmartXPro_IN,2026-W35,,0.0,True
OUT:supply_point:SP_SmartXPro_IN:SmartXPro_IN,2026-W36,,0.0,True
OUT:supply_point:SP_SmartXPro_IN:SmartXPro_IN,2026-W37,,0.0,True
OUT:supply_point:SP_SmartXPro_IN:SmartXPro_IN,2026-W38,,0.0,True
OUT:supply_point:SP_SmartXPro_IN:SmartXPro_IN,2026-W39,,0.0,True
OUT:supply_point:SP_SmartXPro_IN:SmartXPro_IN,2026-W40,,0.0,True
OUT:supply_point:SP_SmartXPro_IN:SmartXPro_IN,2026-W41,,0.0,True
OUT:supply_point:SP_SmartXPro_IN:SmartXPro_IN,2026-W42,,0.0,True
OUT:supply_point:SP_SmartXPro_IN:SmartXPro_IN,2026-W43,,0.0,True
OUT:supply_point:SP_SmartXPro_IN:SmartXPro_IN,2026-W44,,0.0,True
OUT:supply_point:SP_SmartXPro_IN:SmartXPro_IN,2026-W45,,0.0,True
OUT:supply_point:SP_SmartXPro_IN:SmartXPro_IN,2026-W46,,0.0,True
OUT:supply_point:SP_SmartXPro_IN:SmartXPro_IN,2026-W47,,0.0,True
OUT:supply_point:SP_SmartXPro_IN:SmartXPro_IN,2026-W48,,0.0,True
OUT:supply_point:SP_SmartXPro_IN:SmartXPro_IN,2026-W49,,0.0,True
OUT:supply_point:SP_SmartXPro_IN:SmartXPro_IN,2026-W50,,0.0,True
OUT:supply_point:SP_SmartXPro_IN:SmartXPro_IN,2026-W51,,900.0,True
OUT:supply_point:SP_SmartXPro_IN:SmartXPro_IN,2026-W52,,900.0,True
OUT:supply_point:SP_SmartXPro_IN:SmartXPro_IN,2026-W53,,900.0,True
OUT:supply_point:SP_SmartXPro_IN:SmartXPro_IN,2027-W01,,900.0,True
OUT:supply_point:SP_SmartXPro_IN:SmartXPro_IN,2027-W02,,900.0,True
OUT:supply_point:SP_SmartXPro_IN:SmartXPro_IN,2027-W03,,900.0,True
OUT:supply_point:SP_SmartXPro_IN:SmartXPro_IN,2027-W04,,900.0,True
OUT:supply_point:SP_SmartXPro_IN:SmartXPro_IN,2027-W05,,900.0,True
OUT:supply_point:SP_SmartXPro_IN:SmartXPro_IN,2027-W06,,900.0,True
OUT:supply_point:SP_SmartXPro_IN:SmartXPro_IN,2027-W07,,900.0,True
OUT:supply_point:SP_SmartXPro_IN:SmartXPro_IN,2027-W08,,900.0,True
OUT:supply_point:SP_SmartXPro_IN:SmartXPro_IN,2027-W09,,900.0,True
OUT:supply_point:SP_SmartXPro_IN:SmartXPro_IN,2027-W10,,900.0,True
OUT:supply_point:SP_SmartXPro_IN:SmartXPro_IN,2027-W11,,900.0,True
OUT:supply_point:SP_SmartXPro_IN:SmartXPro_IN,2027-W12,,900.0,True
OUT:supply_point:SP_SmartXPro_IN:SmartXPro_IN,2027-W13,,900.0,True
OUT:supply_point:SP_SmartXPro_IN:SmartXPro_IN,2027-W14,,900.0,True
OUT:supply_point:SP_SmartXPro_IN:SmartXPro_IN,2027-W15,,900.0,True
OUT:supply_point:SP_SmartXPro_IN:SmartXPro_IN,2027-W16,,900.0,True
OUT:supply_point:SP_SmartXPro_IN:SmartXPro_IN,2027-W17,,900.0,True
OUT:supply_point:SP_SmartXPro_IN:SmartXPro_IN,2027-W18,,900.0,True
OUT:supply_point:SP_SmartXPro_IN:SmartXPro_IN,2027-W19,,900.0,True
OUT:supply_point:SP_SmartXPro_IN:SmartXPro_IN,2027-W20,,900.0,True
OUT:supply_point:SP_SmartXPro_IN:SmartXPro_IN,2027-W21,,900.0,True
OUT:supply_point:SP_SmartXPro_IN:SmartXPro_IN,2027-W22,,900.0,True
OUT:supply_point:SP_SmartXPro_IN:SmartXPro_IN,2027-W23,,900.0,True
OUT:supply_point:SP_SmartXPro_IN:SmartXPro_IN,2027-W24,,896.0,True
OUT:supply_point:SP_SmartXPro_IN:SmartXPro_IN,2027-W25,,891.0,True
OUT:supply_point:SP_SmartXPro_IN:SmartXPro_IN,2027-W26,,900.0,True
OUT:supply_point:SP_SmartXPro_IN:SmartXPro_IN,2027-W27,,896.0,True
OUT:supply_point:SP_SmartXPro_IN:SmartXPro_IN,2027-W28,,891.0,True
OUT:supply_point:SP_SmartXPro_IN:SmartXPro_IN,2027-W29,,887.0,True
OUT:supply_point:SP_SmartXPro_IN:SmartXPro_IN,2027-W30,,882.0,True
OUT:supply_point:SP_SmartXPro_IN:SmartXPro_IN,2027-W31,,878.0,True
OUT:supply_point:SP_SmartXPro_IN:SmartXPro_IN,2027-W32,,873.0,True
OUT:supply_point:SP_SmartXPro_IN:SmartXPro_IN,2027-W33,,869.0,True
OUT:supply_point:SP_SmartXPro_IN:SmartXPro_IN,2027-W34,,864.0,True
OUT:supply_point:SP_SmartXPro_IN:SmartXPro_IN,2027-W35,,860.0,True
OUT:supply_point:SP_SmartXPro_IN:SmartXPro_IN,2027-W36,,856.0,True
OUT:supply_point:SP_SmartXPro_IN:SmartXPro_IN,2027-W37,,851.0,True
OUT:supply_point:SP_SmartXPro_IN:SmartXPro_IN,2027-W38,,847.0,True
OUT:supply_point:SP_SmartXPro_IN:SmartXPro_IN,2027-W39,,842.0,True
OUT:supply_point:SP_SmartXPro_IN:SmartXPro_IN,2027-W40,,838.0,True
OUT:supply_point:SP_SmartXPro_IN:SmartXPro_IN,2027-W41,,833.0,True
OUT:supply_point:SP_SmartXPro_IN:SmartXPro_IN,2027-W42,,816.0,True
OUT:supply_point:SP_SmartXPro_IN:SmartXPro_IN,2027-W43,,13.0,True
OUT:supply_point:SP_SmartXPro_IN:SmartXPro_IN,2027-W44,,807.0,True
OUT:supply_point:SP_SmartXPro_IN:SmartXPro_IN,2027-W45,,802.0,True
OUT:supply_point:SP_SmartXPro_IN:SmartXPro_IN,2027-W46,,798.0,True
OUT:supply_point:SP_SmartXPro_IN:SmartXPro_IN,2027-W47,,793.0,True
OUT:supply_point:SP_SmartXPro_IN:SmartXPro_IN,2027-W48,,789.0,True
OUT:supply_point:SP_SmartXPro_IN:SmartXPro_IN,2027-W49,,784.0,True
OUT:supply_point:SP_SmartXPro_IN:SmartXPro_IN,2027-W50,,775.0,True
OUT:supply_point:SP_SmartXPro_IN:SmartXPro_IN,2027-W51,,770.0,True
OUT:supply_point:SP_SmartXPro_IN:SmartXPro_IN,2027-W52,,766.0,True
OUT:supply_point:SP_SmartXPro_IN:SmartXPro_IN,2028-W01,,761.0,True
OUT:supply_point:SP_SmartXPro_IN:SmartXPro_IN,2028-W02,,756.0,True
OUT:supply_point:SP_SmartXPro_IN:SmartXPro_IN,2028-W03,,751.0,True
OUT:supply_point:SP_SmartXPro_IN:SmartXPro_IN,2028-W04,,746.0,True
OUT:supply_point:SP_SmartXPro_IN:SmartXPro_IN,2028-W05,,741.0,True
OUT:supply_point:SP_SmartXPro_IN:SmartXPro_IN,2028-W06,,737.0,True
OUT:supply_point:SP_SmartXPro_IN:SmartXPro_IN,2028-W07,,732.0,True
OUT:supply_point:SP_SmartXPro_IN:SmartXPro_IN,2028-W08,,727.0,True
OUT:supply_point:SP_SmartXPro_IN:SmartXPro_IN,2028-W09,,722.0,True
OUT:supply_point:SP_SmartXPro_IN:SmartXPro_IN,2028-W10,,717.0,True
OUT:supply_point:SP_SmartXPro_IN:SmartXPro_IN,2028-W11,,713.0,True
OUT:supply_point:SP_SmartXPro_IN:SmartXPro_IN,2028-W12,,708.0,True
OUT:supply_point:SP_SmartXPro_IN:SmartXPro_IN,2028-W13,,703.0,True
OUT:supply_point:SP_SmartXPro_IN:SmartXPro_IN,2028-W14,,698.0,True
OUT:supply_point:SP_SmartXPro_IN:SmartXPro_IN,2028-W15,,693.0,True
OUT:supply_point:SP_SmartXPro_IN:SmartXPro_IN,2028-W16,,689.0,True
OUT:supply_point:SP_SmartXPro_IN:SmartXPro_IN,2028-W17,,684.0,True
OUT:supply_point:SP_SmartXPro_IN:SmartXPro_IN,2028-W18,,679.0,True
OUT:supply_point:SP_SmartXPro_IN:SmartXPro_IN,2028-W19,,674.0,True
OUT:supply_point:SP_SmartXPro_IN:SmartXPro_IN,2028-W20,,669.0,True
OUT:supply_point:SP_SmartXPro_IN:SmartXPro_IN,2028-W21,,664.0,True
OUT:supply_point:SP_SmartXPro_IN:SmartXPro_IN,2028-W22,,660.0,True
OUT:supply_point:SP_SmartXPro_IN:SmartXPro_IN,2028-W23,,655.0,True
OUT:supply_point:SP_SmartXPro_IN:SmartXPro_IN,2028-W24,,664.0,True
OUT:supply_point:SP_SmartXPro_IN:SmartXPro_IN,2028-W25,,660.0,True
OUT:supply_point:SP_SmartXPro_IN:SmartXPro_IN,2028-W26,,655.0,True
OUT:supply_point:SP_SmartXPro_IN:SmartXPro_IN,2028-W27,,646.0,True
OUT:supply_point:SP_SmartXPro_IN:SmartXPro_IN,2028-W28,,643.0,True
OUT:supply_point:SP_SmartXPro_IN:SmartXPro_IN,2028-W29,,639.0,True
OUT:supply_point:SP_SmartXPro_IN:SmartXPro_IN,2028-W30,,635.0,True
OUT:supply_point:SP_SmartXPro_IN:SmartXPro_IN,2028-W31,,631.0,True
OUT:supply_point:SP_SmartXPro_IN:SmartXPro_IN,2028-W32,,628.0,True
OUT:supply_point:SP_SmartXPro_IN:SmartXPro_IN,2028-W33,,624.0,True
OUT:supply_point:SP_SmartXPro_IN:SmartXPro_IN,2028-W34,,620.0,True
OUT:supply_point:SP_SmartXPro_IN:SmartXPro_IN,2028-W35,,617.0,True
OUT:supply_point:SP_SmartXPro_IN:SmartXPro_IN,2028-W36,,613.0,True
OUT:supply_point:SP_SmartXPro_IN:SmartXPro_IN,2028-W37,,609.0,True
OUT:supply_point:SP_SmartXPro_IN:SmartXPro_IN,2028-W38,,606.0,True
OUT:supply_point:SP_SmartXPro_IN:SmartXPro_IN,2028-W39,,602.0,True
OUT:supply_point:SP_SmartXPro_IN:SmartXPro_IN,2028-W40,,587.0,True
OUT:supply_point:SP_SmartXPro_IN:SmartXPro_IN,2028-W41,,11.0,True
OUT:supply_point:SP_SmartXPro_IN:SmartXPro_IN,2028-W42,,580.0,True
OUT:supply_point:SP_SmartXPro_IN:SmartXPro_IN,2028-W43,,576.0,True
OUT:supply_point:SP_SmartXPro_IN:SmartXPro_IN,2028-W44,,572.0,True
OUT:supply_point:SP_SmartXPro_IN:SmartXPro_IN,2028-W45,,569.0,True
OUT:supply_point:SP_SmartXPro_IN:SmartXPro_IN,2028-W46,,565.0,True
OUT:supply_point:SP_SmartXPro_IN:SmartXPro_IN,2028-W47,,561.0,True
OUT:supply_point:SP_SmartXPro_IN:SmartXPro_IN,2028-W48,,557.0,True
OUT:supply_point:SP_SmartXPro_IN:SmartXPro_IN,2028-W49,,554.0,True
OUT:supply_point:SP_SmartXPro_IN:SmartXPro_IN,2028-W50,,544.0,True
OUT:supply_point:SP_SmartXPro_IN:SmartXPro_IN,2028-W51,,539.0,True
OUT:supply_point:SP_SmartXPro_IN:SmartXPro_IN,2028-W52,,533.0,True
OUT:supply_point:SP_SmartXPro_IN:SmartXPro_IN,2029-W01,,528.0,True
OUT:supply_point:SP_SmartXPro_IN:SmartXPro_IN,2029-W02,,522.0,True
OUT:supply_point:SP_SmartXPro_IN:SmartXPro_IN,2029-W03,,517.0,True
OUT:supply_point:SP_SmartXPro_IN:SmartXPro_IN,2029-W04,,511.0,True
OUT:supply_point:SP_SmartXPro_IN:SmartXPro_IN,2029-W05,,506.0,True
OUT:supply_point:SP_SmartXPro_IN:SmartXPro_IN,2029-W06,,500.0,True
OUT:supply_point:SP_SmartXPro_IN:SmartXPro_IN,2029-W07,,494.0,True
OUT:supply_point:SP_SmartXPro_IN:SmartXPro_IN,2029-W08,,489.0,True
OUT:supply_point:SP_SmartXPro_IN:SmartXPro_IN,2029-W09,,483.0,True
OUT:supply_point:SP_SmartXPro_IN:SmartXPro_IN,2029-W10,,478.0,True
OUT:supply_point:SP_SmartXPro_IN:SmartXPro_IN,2029-W11,,472.0,True
OUT:supply_point:SP_SmartXPro_IN:SmartXPro_IN,2029-W12,,467.0,True
OUT:supply_point:SP_SmartXPro_IN:SmartXPro_IN,2029-W13,,461.0,True
OUT:supply_point:SP_SmartXPro_IN:SmartXPro_IN,2029-W14,,456.0,True
OUT:supply_point:SP_SmartXPro_IN:SmartXPro_IN,2029-W15,,450.0,True
OUT:supply_point:SP_SmartXPro_IN:SmartXPro_IN,2029-W16,,444.0,True
OUT:supply_point:SP_SmartXPro_IN:SmartXPro_IN,2029-W17,,439.0,True
OUT:supply_point:SP_SmartXPro_IN:SmartXPro_IN,2029-W18,,433.0,True
OUT:supply_point:SP_SmartXPro_IN:SmartXPro_IN,2029-W19,,428.0,True
OUT:supply_point:SP_SmartXPro_IN:SmartXPro_IN,2029-W20,,422.0,True
OUT:supply_point:SP_SmartXPro_IN:SmartXPro_IN,2029-W21,,417.0,True
OUT:supply_point:SP_SmartXPro_IN:SmartXPro_IN,2029-W22,,411.0,True
OUT:supply_point:SP_SmartXPro_IN:SmartXPro_IN,2029-W23,,406.0,True
OUT:supply_point:SP_SmartXPro_IN:SmartXPro_IN,2029-W24,,394.0,True
OUT:supply_point:SP_SmartXPro_IN:SmartXPro_IN,2029-W25,,411.0,True
OUT:supply_point:SP_SmartXPro_IN:SmartXPro_IN,2029-W26,,406.0,True
OUT:supply_point:SP_SmartXPro_IN:SmartXPro_IN,2029-W27,,394.0,True
OUT:supply_point:SP_SmartXPro_IN:SmartXPro_IN,2029-W28,,389.0,True
OUT:supply_point:SP_SmartXPro_IN:SmartXPro_IN,2029-W29,,383.0,True
OUT:supply_point:SP_SmartXPro_IN:SmartXPro_IN,2029-W30,,378.0,True
OUT:supply_point:SP_SmartXPro_IN:SmartXPro_IN,2029-W31,,372.0,True
OUT:supply_point:SP_SmartXPro_IN:SmartXPro_IN,2029-W32,,367.0,True
OUT:supply_point:SP_SmartXPro_IN:SmartXPro_IN,2029-W33,,361.0,True
OUT:supply_point:SP_SmartXPro_IN:SmartXPro_IN,2029-W34,,356.0,True
OUT:supply_point:SP_SmartXPro_IN:SmartXPro_IN,2029-W35,,350.0,True
OUT:supply_point:SP_SmartXPro_IN:SmartXPro_IN,2029-W36,,344.0,True
OUT:supply_point:SP_SmartXPro_IN:SmartXPro_IN,2029-W37,,339.0,True
OUT:supply_point:SP_SmartXPro_IN:SmartXPro_IN,2029-W38,,333.0,True
OUT:supply_point:SP_SmartXPro_IN:SmartXPro_IN,2029-W39,,328.0,True
OUT:supply_point:SP_SmartXPro_IN:SmartXPro_IN,2029-W40,,322.0,True
OUT:supply_point:SP_SmartXPro_IN:SmartXPro_IN,2029-W41,,300.0,True
OUT:supply_point:SP_SmartXPro_IN:SmartXPro_IN,2029-W42,,17.0,True
OUT:supply_point:SP_SmartXPro_IN:SmartXPro_IN,2029-W43,,289.0,True
OUT:supply_point:SP_SmartXPro_IN:SmartXPro_IN,2029-W44,,283.0,True
OUT:supply_point:SP_SmartXPro_IN:SmartXPro_IN,2029-W45,,278.0,True
OUT:supply_point:SP_SmartXPro_IN:SmartXPro_IN,2029-W46,,272.0,True
OUT:supply_point:SP_SmartXPro_IN:SmartXPro_IN,2029-W47,,267.0,True
OUT:supply_point:SP_SmartXPro_IN:SmartXPro_IN,2029-W48,,261.0,True
OUT:supply_point:SP_SmartXPro_IN:SmartXPro_IN,2029-W49,,256.0,True
OUT:supply_point:SP_SmartXPro_IN:SmartXPro_IN,2029-W50,,251.0,True
OUT:supply_point:SP_SmartXPro_IN:SmartXPro_IN,2029-W51,,246.0,True
OUT:supply_point:SP_SmartXPro_IN:SmartXPro_IN,2029-W52,,241.0,True
OUT:supply_point:SP_SmartXPro_IN:SmartXPro_IN,2030-W01,,236.0,True
OUT:supply_point:SP_SmartXPro_IN:SmartXPro_IN,2030-W02,,231.0,True
OUT:supply_point:SP_SmartXPro_IN:SmartXPro_IN,2030-W03,,226.0,True
OUT:supply_point:SP_SmartXPro_IN:SmartXPro_IN,2030-W04,,221.0,True
OUT:supply_point:SP_SmartXPro_IN:SmartXPro_IN,2030-W05,,217.0,True
OUT:supply_point:SP_SmartXPro_IN:SmartXPro_IN,2030-W06,,212.0,True
OUT:supply_point:SP_SmartXPro_IN:SmartXPro_IN,2030-W07,,207.0,True
OUT:supply_point:SP_SmartXPro_IN:SmartXPro_IN,2030-W08,,202.0,True
OUT:supply_point:SP_SmartXPro_IN:SmartXPro_IN,2030-W09,,197.0,True
OUT:supply_point:SP_SmartXPro_IN:SmartXPro_IN,2030-W10,,192.0,True
OUT:supply_point:SP_SmartXPro_IN:SmartXPro_IN,2030-W11,,187.0,True
OUT:supply_point:SP_SmartXPro_IN:SmartXPro_IN,2030-W12,,182.0,True
OUT:supply_point:SP_SmartXPro_IN:SmartXPro_IN,2030-W13,,177.0,True
OUT:supply_point:SP_SmartXPro_IN:SmartXPro_IN,2030-W14,,172.0,True
OUT:supply_point:SP_SmartXPro_IN:SmartXPro_IN,2030-W15,,167.0,True
OUT:supply_point:SP_SmartXPro_IN:SmartXPro_IN,2030-W16,,162.0,True
OUT:supply_point:SP_SmartXPro_IN:SmartXPro_IN,2030-W17,,157.0,True
OUT:supply_point:SP_SmartXPro_IN:SmartXPro_IN,2030-W18,,153.0,True
OUT:supply_point:SP_SmartXPro_IN:SmartXPro_IN,2030-W19,,148.0,True
OUT:supply_point:SP_SmartXPro_IN:SmartXPro_IN,2030-W20,,143.0,True
OUT:supply_point:SP_SmartXPro_IN:SmartXPro_IN,2030-W21,,138.0,True
OUT:supply_point:SP_SmartXPro_IN:SmartXPro_IN,2030-W22,,133.0,True
OUT:supply_point:SP_SmartXPro_IN:SmartXPro_IN,2030-W23,,128.0,True
OUT:supply_point:SP_SmartXPro_IN:SmartXPro_IN,2030-W24,,123.0,True
OUT:supply_point:SP_SmartXPro_IN:SmartXPro_IN,2030-W25,,118.0,True
OUT:supply_point:SP_SmartXPro_IN:SmartXPro_IN,2030-W26,,113.0,True
OUT:supply_point:SP_SmartXPro_IN:SmartXPro_IN,2030-W27,,108.0,True
OUT:supply_point:SP_SmartXPro_IN:SmartXPro_IN,2030-W28,,103.0,True
OUT:supply_point:SP_SmartXPro_IN:SmartXPro_IN,2030-W29,,98.0,True
OUT:supply_point:SP_SmartXPro_IN:SmartXPro_IN,2030-W30,,94.0,True
OUT:supply_point:SP_SmartXPro_IN:SmartXPro_IN,2030-W31,,89.0,True
OUT:supply_point:SP_SmartXPro_IN:SmartXPro_IN,2030-W32,,84.0,True
OUT:supply_point:SP_SmartXPro_IN:SmartXPro_IN,2030-W33,,79.0,True
OUT:supply_point:SP_SmartXPro_IN:SmartXPro_IN,2030-W34,,74.0,True
OUT:supply_point:SP_SmartXPro_IN:SmartXPro_IN,2030-W35,,69.0,True
OUT:supply_point:SP_SmartXPro_IN:SmartXPro_IN,2030-W36,,64.0,True
OUT:supply_point:SP_SmartXPro_IN:SmartXPro_IN,2030-W37,,59.0,True
OUT:supply_point:SP_SmartXPro_IN:SmartXPro_IN,2030-W38,,54.0,True
OUT:supply_point:SP_SmartXPro_IN:SmartXPro_IN,2030-W39,,49.0,True
OUT:supply_point:SP_SmartXPro_IN:SmartXPro_IN,2030-W40,,44.0,True
OUT:supply_point:SP_SmartXPro_IN:SmartXPro_IN,2030-W41,,39.0,True
OUT:supply_point:SP_SmartXPro_IN:SmartXPro_IN,2030-W42,,34.0,True
OUT:supply_point:SP_SmartXPro_IN:SmartXPro_IN,2030-W43,,30.0,True
OUT:supply_point:SP_SmartXPro_IN:SmartXPro_IN,2030-W44,,25.0,True
OUT:supply_point:SP_SmartXPro_IN:SmartXPro_IN,2030-W45,,20.0,True
OUT:supply_point:SP_SmartXPro_IN:SmartXPro_IN,2030-W46,,15.0,True
OUT:supply_point:SP_SmartXPro_IN:SmartXPro_IN,2030-W47,,10.0,True
OUT:supply_point:SP_SmartXPro_IN:SmartXPro_IN,2030-W48,,5.0,True
OUT:supply_point:SP_SmartXPro_IN:SmartXPro_IN,2030-W49,,0.0,True
OUT:supply_point:SP_SmartXPro_IN:SmartXPro_IN,2030-W50,,0.0,True
OUT:supply_point:SP_SmartXPro_IN:SmartXPro_IN,2030-W51,,0.0,True
OUT:supply_point:SP_SmartXPro_IN:SmartXPro_IN,2030-W52,,0.0,True
backward_root:IN:mom:AssemblyCN:SmartXPro_CN,2025-W36,1350,0.0,False
backward_root:IN:mom:AssemblyCN:SmartXPro_CN,2025-W37,1350,0.0,False
backward_root:IN:mom:AssemblyCN:SmartXPro_CN,2025-W38,1350,0.0,False
backward_root:IN:mom:AssemblyCN:SmartXPro_CN,2025-W39,1350,0.0,False
backward_root:IN:mom:AssemblyCN:SmartXPro_CN,2025-W40,1350,0.0,False
backward_root:IN:mom:AssemblyCN:SmartXPro_CN,2025-W41,1350,0.0,False
backward_root:IN:mom:AssemblyCN:SmartXPro_CN,2025-W42,1350,0.0,False
backward_root:IN:mom:AssemblyCN:SmartXPro_CN,2025-W43,1350,0.0,False
backward_root:IN:mom:AssemblyCN:SmartXPro_CN,2025-W44,1350,0.0,False
backward_root:IN:mom:AssemblyCN:SmartXPro_CN,2025-W45,1350,0.0,False
backward_root:IN:mom:AssemblyCN:SmartXPro_CN,2025-W46,1350,0.0,False
backward_root:IN:mom:AssemblyCN:SmartXPro_CN,2025-W47,1350,0.0,False
backward_root:IN:mom:AssemblyCN:SmartXPro_CN,2025-W48,1350,0.0,False
backward_root:IN:mom:AssemblyCN:SmartXPro_CN,2025-W49,1350,0.0,False
backward_root:IN:mom:AssemblyCN:SmartXPro_CN,2025-W50,1350,0.0,False
backward_root:IN:mom:AssemblyCN:SmartXPro_CN,2025-W51,1350,0.0,False
backward_root:IN:mom:AssemblyCN:SmartXPro_CN,2025-W52,1350,0.0,False
backward_root:IN:mom:AssemblyCN:SmartXPro_CN,2026-W01,1350,0.0,False
backward_root:IN:mom:AssemblyCN:SmartXPro_CN,2026-W02,1350,0.0,False
backward_root:IN:mom:AssemblyCN:SmartXPro_CN,2026-W03,1350,0.0,False
backward_root:IN:mom:AssemblyCN:SmartXPro_CN,2026-W04,1350,0.0,False
backward_root:IN:mom:AssemblyCN:SmartXPro_CN,2026-W05,1350,0.0,False
backward_root:IN:mom:AssemblyCN:SmartXPro_CN,2026-W06,1350,0.0,False
backward_root:IN:mom:AssemblyCN:SmartXPro_CN,2026-W07,1350,0.0,False
backward_root:IN:mom:AssemblyCN:SmartXPro_CN,2026-W08,1350,0.0,False
backward_root:IN:mom:AssemblyCN:SmartXPro_CN,2026-W09,1350,0.0,False
backward_root:IN:mom:AssemblyCN:SmartXPro_CN,2026-W10,1350,0.0,False
backward_root:IN:mom:AssemblyCN:SmartXPro_CN,2026-W11,1350,0.0,False
backward_root:IN:mom:AssemblyCN:SmartXPro_CN,2026-W12,1350,0.0,False
backward_root:IN:mom:AssemblyCN:SmartXPro_CN,2026-W13,1350,0.0,False
backward_root:IN:mom:AssemblyCN:SmartXPro_CN,2026-W14,1350,0.0,False
backward_root:IN:mom:AssemblyCN:SmartXPro_CN,2026-W15,1350,0.0,False
backward_root:IN:mom:AssemblyCN:SmartXPro_CN,2026-W16,1350,0.0,False
backward_root:IN:mom:AssemblyCN:SmartXPro_CN,2026-W17,1350,0.0,False
backward_root:IN:mom:AssemblyCN:SmartXPro_CN,2026-W18,1350,0.0,False
backward_root:IN:mom:AssemblyCN:SmartXPro_CN,2026-W19,1350,0.0,False
backward_root:IN:mom:AssemblyCN:SmartXPro_CN,2026-W20,1350,0.0,False
backward_root:IN:mom:AssemblyCN:SmartXPro_CN,2026-W21,1350,0.0,False
backward_root:IN:mom:AssemblyCN:SmartXPro_CN,2026-W22,1350,0.0,False
backward_root:IN:mom:AssemblyCN:SmartXPro_CN,2026-W23,1350,0.0,False
backward_root:IN:mom:AssemblyCN:SmartXPro_CN,2026-W24,1350,0.0,False
backward_root:IN:mom:AssemblyCN:SmartXPro_CN,2026-W25,1350,0.0,False
backward_root:IN:mom:AssemblyCN:SmartXPro_CN,2026-W26,1350,0.0,False
backward_root:IN:mom:AssemblyCN:SmartXPro_CN,2026-W27,1350,0.0,False
backward_root:IN:mom:AssemblyCN:SmartXPro_CN,2026-W28,1350,0.0,False
backward_root:IN:mom:AssemblyCN:SmartXPro_CN,2026-W29,1350,0.0,False
backward_root:IN:mom:AssemblyCN:SmartXPro_CN,2026-W30,1350,0.0,False
backward_root:IN:mom:AssemblyCN:SmartXPro_CN,2026-W31,1350,0.0,False
backward_root:IN:mom:AssemblyCN:SmartXPro_CN,2026-W32,1350,0.0,False
backward_root:IN:mom:AssemblyCN:SmartXPro_CN,2026-W33,1350,0.0,False
backward_root:IN:mom:AssemblyCN:SmartXPro_CN,2026-W34,1350,0.0,False
backward_root:IN:mom:AssemblyCN:SmartXPro_CN,2026-W35,1350,0.0,False
backward_root:IN:mom:AssemblyCN:SmartXPro_CN,2026-W36,1350,0.0,False
backward_root:IN:mom:AssemblyCN:SmartXPro_CN,2026-W37,1350,0.0,False
backward_root:IN:mom:AssemblyCN:SmartXPro_CN,2026-W38,1350,0.0,False
backward_root:IN:mom:AssemblyCN:SmartXPro_CN,2026-W39,1350,0.0,False
backward_root:IN:mom:AssemblyCN:SmartXPro_CN,2026-W40,1350,0.0,False
backward_root:IN:mom:AssemblyCN:SmartXPro_CN,2026-W41,1350,0.0,False
backward_root:IN:mom:AssemblyCN:SmartXPro_CN,2026-W42,1350,0.0,False
backward_root:IN:mom:AssemblyCN:SmartXPro_CN,2026-W43,1350,0.0,False
backward_root:IN:mom:AssemblyCN:SmartXPro_CN,2026-W44,1350,0.0,False
backward_root:IN:mom:AssemblyCN:SmartXPro_CN,2026-W45,1350,0.0,False
backward_root:IN:mom:AssemblyCN:SmartXPro_CN,2026-W46,1350,0.0,False
backward_root:IN:mom:AssemblyCN:SmartXPro_CN,2026-W47,1350,0.0,False
backward_root:IN:mom:AssemblyCN:SmartXPro_CN,2026-W48,1350,0.0,False
backward_root:IN:mom:AssemblyCN:SmartXPro_CN,2026-W49,1350,0.0,False
backward_root:IN:mom:AssemblyCN:SmartXPro_CN,2026-W50,1350,630.0,False
backward_root:IN:mom:AssemblyCN:SmartXPro_CN,2026-W51,1350,1350.0,False
backward_root:IN:mom:AssemblyCN:SmartXPro_CN,2026-W52,1350,1350.0,False
backward_root:IN:mom:AssemblyCN:SmartXPro_CN,2026-W53,1350,1350.0,False
backward_root:IN:mom:AssemblyCN:SmartXPro_CN,2027-W01,1350,1350.0,False
backward_root:IN:mom:AssemblyCN:SmartXPro_CN,2027-W02,1350,1350.0,False
backward_root:IN:mom:AssemblyCN:SmartXPro_CN,2027-W03,1350,1350.0,False
backward_root:IN:mom:AssemblyCN:SmartXPro_CN,2027-W04,1350,1350.0,False
backward_root:IN:mom:AssemblyCN:SmartXPro_CN,2027-W05,1350,1350.0,False
backward_root:IN:mom:AssemblyCN:SmartXPro_CN,2027-W06,1350,1350.0,False
backward_root:IN:mom:AssemblyCN:SmartXPro_CN,2027-W07,1350,1350.0,False
backward_root:IN:mom:AssemblyCN:SmartXPro_CN,2027-W08,1350,1350.0,False
backward_root:IN:mom:AssemblyCN:SmartXPro_CN,2027-W09,1350,1350.0,False
backward_root:IN:mom:AssemblyCN:SmartXPro_CN,2027-W10,1350,1350.0,False
backward_root:IN:mom:AssemblyCN:SmartXPro_CN,2027-W11,1350,1350.0,False
backward_root:IN:mom:AssemblyCN:SmartXPro_CN,2027-W12,1350,1350.0,False
backward_root:IN:mom:AssemblyCN:SmartXPro_CN,2027-W13,1350,1350.0,False
backward_root:IN:mom:AssemblyCN:SmartXPro_CN,2027-W14,1350,1350.0,False
backward_root:IN:mom:AssemblyCN:SmartXPro_CN,2027-W15,1350,1350.0,False
backward_root:IN:mom:AssemblyCN:SmartXPro_CN,2027-W16,1350,1350.0,False
backward_root:IN:mom:AssemblyCN:SmartXPro_CN,2027-W17,1350,1350.0,False
backward_root:IN:mom:AssemblyCN:SmartXPro_CN,2027-W18,1350,1350.0,False
backward_root:IN:mom:AssemblyCN:SmartXPro_CN,2027-W19,1350,1350.0,False
backward_root:IN:mom:AssemblyCN:SmartXPro_CN,2027-W20,1350,1350.0,False
backward_root:IN:mom:AssemblyCN:SmartXPro_CN,2027-W21,1350,1350.0,False
backward_root:IN:mom:AssemblyCN:SmartXPro_CN,2027-W22,1350,1350.0,False
backward_root:IN:mom:AssemblyCN:SmartXPro_CN,2027-W23,1350,1347.0,False
backward_root:IN:mom:AssemblyCN:SmartXPro_CN,2027-W24,1350,1341.0,False
backward_root:IN:mom:AssemblyCN:SmartXPro_CN,2027-W25,1350,1334.0,False
backward_root:IN:mom:AssemblyCN:SmartXPro_CN,2027-W26,1350,1327.0,False
backward_root:IN:mom:AssemblyCN:SmartXPro_CN,2027-W27,1350,1321.0,False
backward_root:IN:mom:AssemblyCN:SmartXPro_CN,2027-W28,1350,1313.0,False
backward_root:IN:mom:AssemblyCN:SmartXPro_CN,2027-W29,1350,1306.0,False
backward_root:IN:mom:AssemblyCN:SmartXPro_CN,2027-W30,1350,1300.0,False
backward_root:IN:mom:AssemblyCN:SmartXPro_CN,2027-W31,1350,1293.0,False
backward_root:IN:mom:AssemblyCN:SmartXPro_CN,2027-W32,1350,1287.0,False
backward_root:IN:mom:AssemblyCN:SmartXPro_CN,2027-W33,1350,1281.0,False
backward_root:IN:mom:AssemblyCN:SmartXPro_CN,2027-W34,1350,1274.0,False
backward_root:IN:mom:AssemblyCN:SmartXPro_CN,2027-W35,1350,1267.0,False
backward_root:IN:mom:AssemblyCN:SmartXPro_CN,2027-W36,1350,1261.0,False
backward_root:IN:mom:AssemblyCN:SmartXPro_CN,2027-W37,1350,1253.0,False
backward_root:IN:mom:AssemblyCN:SmartXPro_CN,2027-W38,1350,1246.0,False
backward_root:IN:mom:AssemblyCN:SmartXPro_CN,2027-W39,1350,1240.0,False
backward_root:IN:mom:AssemblyCN:SmartXPro_CN,2027-W40,1350,1233.0,False
backward_root:IN:mom:AssemblyCN:SmartXPro_CN,2027-W41,1350,1227.0,False
backward_root:IN:mom:AssemblyCN:SmartXPro_CN,2027-W42,1350,1221.0,False
backward_root:IN:mom:AssemblyCN:SmartXPro_CN,2027-W43,1350,1214.0,False
backward_root:IN:mom:AssemblyCN:SmartXPro_CN,2027-W44,1350,1207.0,False
backward_root:IN:mom:AssemblyCN:SmartXPro_CN,2027-W45,1350,1201.0,False
backward_root:IN:mom:AssemblyCN:SmartXPro_CN,2027-W46,1350,1193.0,False
backward_root:IN:mom:AssemblyCN:SmartXPro_CN,2027-W47,1350,1186.0,False
backward_root:IN:mom:AssemblyCN:SmartXPro_CN,2027-W48,1350,1180.0,False
backward_root:IN:mom:AssemblyCN:SmartXPro_CN,2027-W49,1350,1169.0,False
backward_root:IN:mom:AssemblyCN:SmartXPro_CN,2027-W50,1350,1159.0,False
backward_root:IN:mom:AssemblyCN:SmartXPro_CN,2027-W51,1350,1152.0,False
backward_root:IN:mom:AssemblyCN:SmartXPro_CN,2027-W52,1350,1146.0,False
backward_root:IN:mom:AssemblyCN:SmartXPro_CN,2028-W01,1350,1138.0,False
backward_root:IN:mom:AssemblyCN:SmartXPro_CN,2028-W02,1350,1131.0,False
backward_root:IN:mom:AssemblyCN:SmartXPro_CN,2028-W03,1350,1123.0,False
backward_root:IN:mom:AssemblyCN:SmartXPro_CN,2028-W04,1350,1116.0,False
backward_root:IN:mom:AssemblyCN:SmartXPro_CN,2028-W05,1350,1109.0,False
backward_root:IN:mom:AssemblyCN:SmartXPro_CN,2028-W06,1350,1102.0,False
backward_root:IN:mom:AssemblyCN:SmartXPro_CN,2028-W07,1350,1095.0,False
backward_root:IN:mom:AssemblyCN:SmartXPro_CN,2028-W08,1350,1087.0,False
backward_root:IN:mom:AssemblyCN:SmartXPro_CN,2028-W09,1350,1206.0,False
backward_root:IN:mom:AssemblyCN:SmartXPro_CN,2028-W10,1350,1350.0,False
backward_root:IN:mom:AssemblyCN:SmartXPro_CN,2028-W11,1350,1350.0,False
backward_root:IN:mom:AssemblyCN:SmartXPro_CN,2028-W12,1350,1350.0,False
backward_root:IN:mom:AssemblyCN:SmartXPro_CN,2028-W13,1350,1350.0,False
backward_root:IN:mom:AssemblyCN:SmartXPro_CN,2028-W14,901,901.0,False
backward_root:IN:mom:AssemblyCN:SmartXPro_CN,2028-W15,901,901.0,False
backward_root:IN:mom:AssemblyCN:SmartXPro_CN,2028-W16,901,901.0,False
backward_root:IN:mom:AssemblyCN:SmartXPro_CN,2028-W17,901,901.0,False
backward_root:IN:mom:AssemblyCN:SmartXPro_CN,2028-W18,901,901.0,False
backward_root:IN:mom:AssemblyCN:SmartXPro_CN,2028-W19,901,901.0,False
backward_root:IN:mom:AssemblyCN:SmartXPro_CN,2028-W20,901,901.0,False
backward_root:IN:mom:AssemblyCN:SmartXPro_CN,2028-W21,901,901.0,False
backward_root:IN:mom:AssemblyCN:SmartXPro_CN,2028-W22,901,901.0,False
backward_root:IN:mom:AssemblyCN:SmartXPro_CN,2028-W23,901,901.0,False
backward_root:IN:mom:AssemblyCN:SmartXPro_CN,2028-W24,901,901.0,False
backward_root:IN:mom:AssemblyCN:SmartXPro_CN,2028-W25,901,901.0,False
backward_root:IN:mom:AssemblyCN:SmartXPro_CN,2028-W26,901,901.0,False
backward_root:IN:mom:AssemblyCN:SmartXPro_CN,2028-W27,901,901.0,False
backward_root:IN:mom:AssemblyCN:SmartXPro_CN,2028-W28,901,901.0,False
backward_root:IN:mom:AssemblyCN:SmartXPro_CN,2028-W29,901,901.0,False
backward_root:IN:mom:AssemblyCN:SmartXPro_CN,2028-W30,901,901.0,False
backward_root:IN:mom:AssemblyCN:SmartXPro_CN,2028-W31,901,901.0,False
backward_root:IN:mom:AssemblyCN:SmartXPro_CN,2028-W32,901,901.0,False
backward_root:IN:mom:AssemblyCN:SmartXPro_CN,2028-W33,901,901.0,False
backward_root:IN:mom:AssemblyCN:SmartXPro_CN,2028-W34,901,901.0,False
backward_root:IN:mom:AssemblyCN:SmartXPro_CN,2028-W35,901,901.0,False
backward_root:IN:mom:AssemblyCN:SmartXPro_CN,2028-W36,901,901.0,False
backward_root:IN:mom:AssemblyCN:SmartXPro_CN,2028-W37,901,894.0,False
backward_root:IN:mom:AssemblyCN:SmartXPro_CN,2028-W38,901,889.0,False
backward_root:IN:mom:AssemblyCN:SmartXPro_CN,2028-W39,901,884.0,False
backward_root:IN:mom:AssemblyCN:SmartXPro_CN,2028-W40,901,878.0,False
backward_root:IN:mom:AssemblyCN:SmartXPro_CN,2028-W41,901,872.0,False
backward_root:IN:mom:AssemblyCN:SmartXPro_CN,2028-W42,901,867.0,False
backward_root:IN:mom:AssemblyCN:SmartXPro_CN,2028-W43,901,861.0,False
backward_root:IN:mom:AssemblyCN:SmartXPro_CN,2028-W44,901,856.0,False
backward_root:IN:mom:AssemblyCN:SmartXPro_CN,2028-W45,901,851.0,False
backward_root:IN:mom:AssemblyCN:SmartXPro_CN,2028-W46,901,845.0,False
backward_root:IN:mom:AssemblyCN:SmartXPro_CN,2028-W47,901,839.0,False
backward_root:IN:mom:AssemblyCN:SmartXPro_CN,2028-W48,901,834.0,False
backward_root:IN:mom:AssemblyCN:SmartXPro_CN,2028-W49,901,824.0,False
backward_root:IN:mom:AssemblyCN:SmartXPro_CN,2028-W50,901,812.0,False
backward_root:IN:mom:AssemblyCN:SmartXPro_CN,2028-W51,901,804.0,False
backward_root:IN:mom:AssemblyCN:SmartXPro_CN,2028-W52,901,796.0,False
backward_root:IN:mom:AssemblyCN:SmartXPro_CN,2029-W01,901,787.0,False
backward_root:IN:mom:AssemblyCN:SmartXPro_CN,2029-W02,901,780.0,False
backward_root:IN:mom:AssemblyCN:SmartXPro_CN,2029-W03,901,772.0,False
backward_root:IN:mom:AssemblyCN:SmartXPro_CN,2029-W04,901,763.0,False
backward_root:IN:mom:AssemblyCN:SmartXPro_CN,2029-W05,901,901.0,False
backward_root:IN:mom:AssemblyCN:SmartXPro_CN,2029-W06,901,901.0,False
backward_root:IN:mom:AssemblyCN:SmartXPro_CN,2029-W07,901,901.0,False
backward_root:IN:mom:AssemblyCN:SmartXPro_CN,2029-W08,901,901.0,False
backward_root:IN:mom:AssemblyCN:SmartXPro_CN,2029-W09,901,901.0,False
backward_root:IN:mom:AssemblyCN:SmartXPro_CN,2029-W10,901,901.0,False
backward_root:IN:mom:AssemblyCN:SmartXPro_CN,2029-W11,901,901.0,False
backward_root:IN:mom:AssemblyCN:SmartXPro_CN,2029-W12,901,901.0,False
backward_root:IN:mom:AssemblyCN:SmartXPro_CN,2029-W13,901,901.0,False
backward_root:IN:mom:AssemblyCN:SmartXPro_CN,2029-W14,451,451.0,False
backward_root:IN:mom:AssemblyCN:SmartXPro_CN,2029-W15,451,451.0,False
backward_root:IN:mom:AssemblyCN:SmartXPro_CN,2029-W16,451,451.0,False
backward_root:IN:mom:AssemblyCN:SmartXPro_CN,2029-W17,451,451.0,False
backward_root:IN:mom:AssemblyCN:SmartXPro_CN,2029-W18,451,451.0,False
backward_root:IN:mom:AssemblyCN:SmartXPro_CN,2029-W19,451,451.0,False
backward_root:IN:mom:AssemblyCN:SmartXPro_CN,2029-W20,451,451.0,False
backward_root:IN:mom:AssemblyCN:SmartXPro_CN,2029-W21,451,451.0,False
backward_root:IN:mom:AssemblyCN:SmartXPro_CN,2029-W22,451,451.0,False
backward_root:IN:mom:AssemblyCN:SmartXPro_CN,2029-W23,451,451.0,False
backward_root:IN:mom:AssemblyCN:SmartXPro_CN,2029-W24,451,451.0,False
backward_root:IN:mom:AssemblyCN:SmartXPro_CN,2029-W25,451,451.0,False
backward_root:IN:mom:AssemblyCN:SmartXPro_CN,2029-W26,451,451.0,False
backward_root:IN:mom:AssemblyCN:SmartXPro_CN,2029-W27,451,451.0,False
backward_root:IN:mom:AssemblyCN:SmartXPro_CN,2029-W28,451,451.0,False
backward_root:IN:mom:AssemblyCN:SmartXPro_CN,2029-W29,451,451.0,False
backward_root:IN:mom:AssemblyCN:SmartXPro_CN,2029-W30,451,451.0,False
backward_root:IN:mom:AssemblyCN:SmartXPro_CN,2029-W31,451,451.0,False
backward_root:IN:mom:AssemblyCN:SmartXPro_CN,2029-W32,451,451.0,False
backward_root:IN:mom:AssemblyCN:SmartXPro_CN,2029-W33,451,451.0,False
backward_root:IN:mom:AssemblyCN:SmartXPro_CN,2029-W34,451,451.0,False
backward_root:IN:mom:AssemblyCN:SmartXPro_CN,2029-W35,451,451.0,False
backward_root:IN:mom:AssemblyCN:SmartXPro_CN,2029-W36,451,451.0,False
backward_root:IN:mom:AssemblyCN:SmartXPro_CN,2029-W37,451,451.0,False
backward_root:IN:mom:AssemblyCN:SmartXPro_CN,2029-W38,451,451.0,False
backward_root:IN:mom:AssemblyCN:SmartXPro_CN,2029-W39,451,451.0,False
backward_root:IN:mom:AssemblyCN:SmartXPro_CN,2029-W40,451,451.0,False
backward_root:IN:mom:AssemblyCN:SmartXPro_CN,2029-W41,451,446.0,False
backward_root:IN:mom:AssemblyCN:SmartXPro_CN,2029-W42,451,437.0,False
backward_root:IN:mom:AssemblyCN:SmartXPro_CN,2029-W43,451,429.0,False
backward_root:IN:mom:AssemblyCN:SmartXPro_CN,2029-W44,451,421.0,False
backward_root:IN:mom:AssemblyCN:SmartXPro_CN,2029-W45,451,412.0,False
backward_root:IN:mom:AssemblyCN:SmartXPro_CN,2029-W46,451,405.0,False
backward_root:IN:mom:AssemblyCN:SmartXPro_CN,2029-W47,451,397.0,False
backward_root:IN:mom:AssemblyCN:SmartXPro_CN,2029-W48,451,388.0,False
backward_root:IN:mom:AssemblyCN:SmartXPro_CN,2029-W49,451,381.0,False
backward_root:IN:mom:AssemblyCN:SmartXPro_CN,2029-W50,451,374.0,False
backward_root:IN:mom:AssemblyCN:SmartXPro_CN,2029-W51,451,366.0,False
backward_root:IN:mom:AssemblyCN:SmartXPro_CN,2029-W52,451,359.0,False
backward_root:IN:mom:AssemblyCN:SmartXPro_CN,2030-W01,451,351.0,False
backward_root:IN:mom:AssemblyCN:SmartXPro_CN,2030-W02,451,344.0,False
backward_root:IN:mom:AssemblyCN:SmartXPro_CN,2030-W03,451,336.0,False
backward_root:IN:mom:AssemblyCN:SmartXPro_CN,2030-W04,451,329.0,False
backward_root:IN:mom:AssemblyCN:SmartXPro_CN,2030-W05,451,321.0,False
backward_root:IN:mom:AssemblyCN:SmartXPro_CN,2030-W06,451,314.0,False
backward_root:IN:mom:AssemblyCN:SmartXPro_CN,2030-W07,451,307.0,False
backward_root:IN:mom:AssemblyCN:SmartXPro_CN,2030-W08,451,300.0,False
backward_root:IN:mom:AssemblyCN:SmartXPro_CN,2030-W09,451,293.0,False
backward_root:IN:mom:AssemblyCN:SmartXPro_CN,2030-W10,451,285.0,False
backward_root:IN:mom:AssemblyCN:SmartXPro_CN,2030-W11,451,278.0,False
backward_root:IN:mom:AssemblyCN:SmartXPro_CN,2030-W12,451,270.0,False
backward_root:IN:mom:AssemblyCN:SmartXPro_CN,2030-W13,451,263.0,False
backward_root:IN:mom:AssemblyCN:SmartXPro_CN,2030-W14,,255.0,True
backward_root:IN:mom:AssemblyCN:SmartXPro_CN,2030-W15,,248.0,True
backward_root:IN:mom:AssemblyCN:SmartXPro_CN,2030-W16,,240.0,True
backward_root:IN:mom:AssemblyCN:SmartXPro_CN,2030-W17,,233.0,True
backward_root:IN:mom:AssemblyCN:SmartXPro_CN,2030-W18,,226.0,True
backward_root:IN:mom:AssemblyCN:SmartXPro_CN,2030-W19,,218.0,True
backward_root:IN:mom:AssemblyCN:SmartXPro_CN,2030-W20,,211.0,True
backward_root:IN:mom:AssemblyCN:SmartXPro_CN,2030-W21,,203.0,True
backward_root:IN:mom:AssemblyCN:SmartXPro_CN,2030-W22,,196.0,True
backward_root:IN:mom:AssemblyCN:SmartXPro_CN,2030-W23,,188.0,True
backward_root:IN:mom:AssemblyCN:SmartXPro_CN,2030-W24,,182.0,True
backward_root:IN:mom:AssemblyCN:SmartXPro_CN,2030-W25,,174.0,True
backward_root:IN:mom:AssemblyCN:SmartXPro_CN,2030-W26,,167.0,True
backward_root:IN:mom:AssemblyCN:SmartXPro_CN,2030-W27,,159.0,True
backward_root:IN:mom:AssemblyCN:SmartXPro_CN,2030-W28,,152.0,True
backward_root:IN:mom:AssemblyCN:SmartXPro_CN,2030-W29,,145.0,True
backward_root:IN:mom:AssemblyCN:SmartXPro_CN,2030-W30,,137.0,True
backward_root:IN:mom:AssemblyCN:SmartXPro_CN,2030-W31,,130.0,True
backward_root:IN:mom:AssemblyCN:SmartXPro_CN,2030-W32,,122.0,True
backward_root:IN:mom:AssemblyCN:SmartXPro_CN,2030-W33,,115.0,True
backward_root:IN:mom:AssemblyCN:SmartXPro_CN,2030-W34,,107.0,True
backward_root:IN:mom:AssemblyCN:SmartXPro_CN,2030-W35,,100.0,True
backward_root:IN:mom:AssemblyCN:SmartXPro_CN,2030-W36,,92.0,True
backward_root:IN:mom:AssemblyCN:SmartXPro_CN,2030-W37,,85.0,True
backward_root:IN:mom:AssemblyCN:SmartXPro_CN,2030-W38,,78.0,True
backward_root:IN:mom:AssemblyCN:SmartXPro_CN,2030-W39,,70.0,True
backward_root:IN:mom:AssemblyCN:SmartXPro_CN,2030-W40,,63.0,True
backward_root:IN:mom:AssemblyCN:SmartXPro_CN,2030-W41,,56.0,True
backward_root:IN:mom:AssemblyCN:SmartXPro_CN,2030-W42,,49.0,True
backward_root:IN:mom:AssemblyCN:SmartXPro_CN,2030-W43,,41.0,True
backward_root:IN:mom:AssemblyCN:SmartXPro_CN,2030-W44,,34.0,True
backward_root:IN:mom:AssemblyCN:SmartXPro_CN,2030-W45,,26.0,True
backward_root:IN:mom:AssemblyCN:SmartXPro_CN,2030-W46,,19.0,True
backward_root:IN:mom:AssemblyCN:SmartXPro_CN,2030-W47,,11.0,True
backward_root:IN:mom:AssemblyCN:SmartXPro_CN,2030-W48,,4.0,True
backward_root:IN:mom:AssemblyCN:SmartXPro_CN,2030-W49,,0.0,True
backward_root:IN:mom:AssemblyCN:SmartXPro_CN,2030-W50,,0.0,True
backward_root:IN:mom:AssemblyCN:SmartXPro_CN,2030-W51,,0.0,True
backward_root:IN:mom:AssemblyCN:SmartXPro_CN,2030-W52,,0.0,True
backward_root:IN:mom:AssemblyCN_g1:SmartX,2025-W36,,0.0,True
backward_root:IN:mom:AssemblyCN_g1:SmartX,2025-W37,,0.0,True
backward_root:IN:mom:AssemblyCN_g1:SmartX,2025-W38,,0.0,True
backward_root:IN:mom:AssemblyCN_g1:SmartX,2025-W39,,0.0,True
backward_root:IN:mom:AssemblyCN_g1:SmartX,2025-W40,,0.0,True
backward_root:IN:mom:AssemblyCN_g1:SmartX,2025-W41,,0.0,True
backward_root:IN:mom:AssemblyCN_g1:SmartX,2025-W42,,0.0,True
backward_root:IN:mom:AssemblyCN_g1:SmartX,2025-W43,,0.0,True
backward_root:IN:mom:AssemblyCN_g1:SmartX,2025-W44,,0.0,True
backward_root:IN:mom:AssemblyCN_g1:SmartX,2025-W45,,0.0,True
backward_root:IN:mom:AssemblyCN_g1:SmartX,2025-W46,,0.0,True
backward_root:IN:mom:AssemblyCN_g1:SmartX,2025-W47,,0.0,True
backward_root:IN:mom:AssemblyCN_g1:SmartX,2025-W48,,0.0,True
backward_root:IN:mom:AssemblyCN_g1:SmartX,2025-W49,,366.0,True
backward_root:IN:mom:AssemblyCN_g1:SmartX,2025-W50,,1305.0,True
backward_root:IN:mom:AssemblyCN_g1:SmartX,2025-W51,,1300.0,True
backward_root:IN:mom:AssemblyCN_g1:SmartX,2025-W52,,1293.0,True
backward_root:IN:mom:AssemblyCN_g1:SmartX,2026-W01,,1289.0,True
backward_root:IN:mom:AssemblyCN_g1:SmartX,2026-W02,,1283.0,True
backward_root:IN:mom:AssemblyCN_g1:SmartX,2026-W03,,1276.0,True
backward_root:IN:mom:AssemblyCN_g1:SmartX,2026-W04,,1271.0,True
backward_root:IN:mom:AssemblyCN_g1:SmartX,2026-W05,,1265.0,True
backward_root:IN:mom:AssemblyCN_g1:SmartX,2026-W06,,1259.0,True
backward_root:IN:mom:AssemblyCN_g1:SmartX,2026-W07,,1254.0,True
backward_root:IN:mom:AssemblyCN_g1:SmartX,2026-W08,,1248.0,True
backward_root:IN:mom:AssemblyCN_g1:SmartX,2026-W09,,1243.0,True
backward_root:IN:mom:AssemblyCN_g1:SmartX,2026-W10,,1236.0,True
backward_root:IN:mom:AssemblyCN_g1:SmartX,2026-W11,,1230.0,True
backward_root:IN:mom:AssemblyCN_g1:SmartX,2026-W12,,1225.0,True
backward_root:IN:mom:AssemblyCN_g1:SmartX,2026-W13,,1219.0,True
backward_root:IN:mom:AssemblyCN_g1:SmartX,2026-W14,,1214.0,True
backward_root:IN:mom:AssemblyCN_g1:SmartX,2026-W15,,1208.0,True
backward_root:IN:mom:AssemblyCN_g1:SmartX,2026-W16,,1201.0,True
backward_root:IN:mom:AssemblyCN_g1:SmartX,2026-W17,,1196.0,True
backward_root:IN:mom:AssemblyCN_g1:SmartX,2026-W18,,1190.0,True
backward_root:IN:mom:AssemblyCN_g1:SmartX,2026-W19,,1185.0,True
backward_root:IN:mom:AssemblyCN_g1:SmartX,2026-W20,,1179.0,True
backward_root:IN:mom:AssemblyCN_g1:SmartX,2026-W21,,1173.0,True
backward_root:IN:mom:AssemblyCN_g1:SmartX,2026-W22,,1168.0,True
backward_root:IN:mom:AssemblyCN_g1:SmartX,2026-W23,,1161.0,True
backward_root:IN:mom:AssemblyCN_g1:SmartX,2026-W24,,1155.0,True
backward_root:IN:mom:AssemblyCN_g1:SmartX,2026-W25,,1151.0,True
backward_root:IN:mom:AssemblyCN_g1:SmartX,2026-W26,,1144.0,True
backward_root:IN:mom:AssemblyCN_g1:SmartX,2026-W27,,1139.0,True
backward_root:IN:mom:AssemblyCN_g1:SmartX,2026-W28,,1133.0,True
backward_root:IN:mom:AssemblyCN_g1:SmartX,2026-W29,,1126.0,True
backward_root:IN:mom:AssemblyCN_g1:SmartX,2026-W30,,1122.0,True
backward_root:IN:mom:AssemblyCN_g1:SmartX,2026-W31,,1116.0,True
backward_root:IN:mom:AssemblyCN_g1:SmartX,2026-W32,,1110.0,True
backward_root:IN:mom:AssemblyCN_g1:SmartX,2026-W33,,1104.0,True
backward_root:IN:mom:AssemblyCN_g1:SmartX,2026-W34,,1098.0,True
backward_root:IN:mom:AssemblyCN_g1:SmartX,2026-W35,,1093.0,True
backward_root:IN:mom:AssemblyCN_g1:SmartX,2026-W36,,1087.0,True
backward_root:IN:mom:AssemblyCN_g1:SmartX,2026-W37,,1081.0,True
backward_root:IN:mom:AssemblyCN_g1:SmartX,2026-W38,,1076.0,True
backward_root:IN:mom:AssemblyCN_g1:SmartX,2026-W39,,1069.0,True
backward_root:IN:mom:AssemblyCN_g1:SmartX,2026-W40,,1064.0,True
backward_root:IN:mom:AssemblyCN_g1:SmartX,2026-W41,,1058.0,True
backward_root:IN:mom:AssemblyCN_g1:SmartX,2026-W42,,1052.0,True
backward_root:IN:mom:AssemblyCN_g1:SmartX,2026-W43,,1047.0,True
backward_root:IN:mom:AssemblyCN_g1:SmartX,2026-W44,,1041.0,True
backward_root:IN:mom:AssemblyCN_g1:SmartX,2026-W45,,1035.0,True
backward_root:IN:mom:AssemblyCN_g1:SmartX,2026-W46,,1029.0,True
backward_root:IN:mom:AssemblyCN_g1:SmartX,2026-W47,,1023.0,True
backward_root:IN:mom:AssemblyCN_g1:SmartX,2026-W48,,1019.0,True
backward_root:IN:mom:AssemblyCN_g1:SmartX,2026-W49,,1012.0,True
backward_root:IN:mom:AssemblyCN_g1:SmartX,2026-W50,,1006.0,True
backward_root:IN:mom:AssemblyCN_g1:SmartX,2026-W51,,1000.0,True
backward_root:IN:mom:AssemblyCN_g1:SmartX,2026-W52,,1000.0,True
backward_root:IN:mom:AssemblyCN_g1:SmartX,2026-W53,,1000.0,True
backward_root:IN:mom:AssemblyCN_g1:SmartX,2027-W01,,1000.0,True
backward_root:IN:mom:AssemblyCN_g1:SmartX,2027-W02,,1000.0,True
backward_root:IN:mom:AssemblyCN_g1:SmartX,2027-W03,,1000.0,True
backward_root:IN:mom:AssemblyCN_g1:SmartX,2027-W04,,1000.0,True
backward_root:IN:mom:AssemblyCN_g1:SmartX,2027-W05,,1000.0,True
backward_root:IN:mom:AssemblyCN_g1:SmartX,2027-W06,,1000.0,True
backward_root:IN:mom:AssemblyCN_g1:SmartX,2027-W07,,1000.0,True
backward_root:IN:mom:AssemblyCN_g1:SmartX,2027-W08,,1000.0,True
backward_root:IN:mom:AssemblyCN_g1:SmartX,2027-W09,,1000.0,True
backward_root:IN:mom:AssemblyCN_g1:SmartX,2027-W10,,1000.0,True
backward_root:IN:mom:AssemblyCN_g1:SmartX,2027-W11,,1000.0,True
backward_root:IN:mom:AssemblyCN_g1:SmartX,2027-W12,,1000.0,True
backward_root:IN:mom:AssemblyCN_g1:SmartX,2027-W13,,1000.0,True
backward_root:IN:mom:AssemblyCN_g1:SmartX,2027-W14,,1000.0,True
backward_root:IN:mom:AssemblyCN_g1:SmartX,2027-W15,,1000.0,True
backward_root:IN:mom:AssemblyCN_g1:SmartX,2027-W16,,1000.0,True
backward_root:IN:mom:AssemblyCN_g1:SmartX,2027-W17,,1000.0,True
backward_root:IN:mom:AssemblyCN_g1:SmartX,2027-W18,,1000.0,True
backward_root:IN:mom:AssemblyCN_g1:SmartX,2027-W19,,1000.0,True
backward_root:IN:mom:AssemblyCN_g1:SmartX,2027-W20,,1000.0,True
backward_root:IN:mom:AssemblyCN_g1:SmartX,2027-W21,,1000.0,True
backward_root:IN:mom:AssemblyCN_g1:SmartX,2027-W22,,1000.0,True
backward_root:IN:mom:AssemblyCN_g1:SmartX,2027-W23,,997.0,True
backward_root:IN:mom:AssemblyCN_g1:SmartX,2027-W24,,988.0,True
backward_root:IN:mom:AssemblyCN_g1:SmartX,2027-W25,,979.0,True
backward_root:IN:mom:AssemblyCN_g1:SmartX,2027-W26,,970.0,True
backward_root:IN:mom:AssemblyCN_g1:SmartX,2027-W27,,960.0,True
backward_root:IN:mom:AssemblyCN_g1:SmartX,2027-W28,,951.0,True
backward_root:IN:mom:AssemblyCN_g1:SmartX,2027-W29,,942.0,True
backward_root:IN:mom:AssemblyCN_g1:SmartX,2027-W30,,932.0,True
backward_root:IN:mom:AssemblyCN_g1:SmartX,2027-W31,,923.0,True
backward_root:IN:mom:AssemblyCN_g1:SmartX,2027-W32,,915.0,True
backward_root:IN:mom:AssemblyCN_g1:SmartX,2027-W33,,904.0,True
backward_root:IN:mom:AssemblyCN_g1:SmartX,2027-W34,,895.0,True
backward_root:IN:mom:AssemblyCN_g1:SmartX,2027-W35,,887.0,True
backward_root:IN:mom:AssemblyCN_g1:SmartX,2027-W36,,878.0,True
backward_root:IN:mom:AssemblyCN_g1:SmartX,2027-W37,,867.0,True
backward_root:IN:mom:AssemblyCN_g1:SmartX,2027-W38,,858.0,True
backward_root:IN:mom:AssemblyCN_g1:SmartX,2027-W39,,850.0,True
backward_root:IN:mom:AssemblyCN_g1:SmartX,2027-W40,,840.0,True
backward_root:IN:mom:AssemblyCN_g1:SmartX,2027-W41,,830.0,True
backward_root:IN:mom:AssemblyCN_g1:SmartX,2027-W42,,822.0,True
backward_root:IN:mom:AssemblyCN_g1:SmartX,2027-W43,,812.0,True
backward_root:IN:mom:AssemblyCN_g1:SmartX,2027-W44,,803.0,True
backward_root:IN:mom:AssemblyCN_g1:SmartX,2027-W45,,794.0,True
backward_root:IN:mom:AssemblyCN_g1:SmartX,2027-W46,,785.0,True
backward_root:IN:mom:AssemblyCN_g1:SmartX,2027-W47,,775.0,True
backward_root:IN:mom:AssemblyCN_g1:SmartX,2027-W48,,766.0,True
backward_root:IN:mom:AssemblyCN_g1:SmartX,2027-W49,,754.0,True
backward_root:IN:mom:AssemblyCN_g1:SmartX,2027-W50,,738.0,True
backward_root:IN:mom:AssemblyCN_g1:SmartX,2027-W51,,729.0,True
backward_root:IN:mom:AssemblyCN_g1:SmartX,2027-W52,,720.0,True
backward_root:IN:mom:AssemblyCN_g1:SmartX,2028-W01,,710.0,True
backward_root:IN:mom:AssemblyCN_g1:SmartX,2028-W02,,701.0,True
backward_root:IN:mom:AssemblyCN_g1:SmartX,2028-W03,,692.0,True
backward_root:IN:mom:AssemblyCN_g1:SmartX,2028-W04,,682.0,True
backward_root:IN:mom:AssemblyCN_g1:SmartX,2028-W05,,673.0,True
backward_root:IN:mom:AssemblyCN_g1:SmartX,2028-W06,,665.0,True
backward_root:IN:mom:AssemblyCN_g1:SmartX,2028-W07,,654.0,True
backward_root:IN:mom:AssemblyCN_g1:SmartX,2028-W08,,645.0,True
backward_root:IN:mom:AssemblyCN_g1:SmartX,2028-W09,,637.0,True
backward_root:IN:mom:AssemblyCN_g1:SmartX,2028-W10,,628.0,True
backward_root:IN:mom:AssemblyCN_g1:SmartX,2028-W11,,617.0,True
backward_root:IN:mom:AssemblyCN_g1:SmartX,2028-W12,,608.0,True
backward_root:IN:mom:AssemblyCN_g1:SmartX,2028-W13,,600.0,True
backward_root:IN:mom:AssemblyCN_g1:SmartX,2028-W14,,590.0,True
backward_root:IN:mom:AssemblyCN_g1:SmartX,2028-W15,,580.0,True
backward_root:IN:mom:AssemblyCN_g1:SmartX,2028-W16,,572.0,True
backward_root:IN:mom:AssemblyCN_g1:SmartX,2028-W17,,562.0,True
backward_root:IN:mom:AssemblyCN_g1:SmartX,2028-W18,,553.0,True
backward_root:IN:mom:AssemblyCN_g1:SmartX,2028-W19,,544.0,True
backward_root:IN:mom:AssemblyCN_g1:SmartX,2028-W20,,535.0,True
backward_root:IN:mom:AssemblyCN_g1:SmartX,2028-W21,,525.0,True
backward_root:IN:mom:AssemblyCN_g1:SmartX,2028-W22,,516.0,True
backward_root:IN:mom:AssemblyCN_g1:SmartX,2028-W23,,505.0,True
backward_root:IN:mom:AssemblyCN_g1:SmartX,2028-W24,,491.0,True
backward_root:IN:mom:AssemblyCN_g1:SmartX,2028-W25,,485.0,True
backward_root:IN:mom:AssemblyCN_g1:SmartX,2028-W26,,479.0,True
backward_root:IN:mom:AssemblyCN_g1:SmartX,2028-W27,,473.0,True
backward_root:IN:mom:AssemblyCN_g1:SmartX,2028-W28,,466.0,True
backward_root:IN:mom:AssemblyCN_g1:SmartX,2028-W29,,458.0,True
backward_root:IN:mom:AssemblyCN_g1:SmartX,2028-W30,,453.0,True
backward_root:IN:mom:AssemblyCN_g1:SmartX,2028-W31,,446.0,True
backward_root:IN:mom:AssemblyCN_g1:SmartX,2028-W32,,441.0,True
backward_root:IN:mom:AssemblyCN_g1:SmartX,2028-W33,,433.0,True
backward_root:IN:mom:AssemblyCN_g1:SmartX,2028-W34,,426.0,True
backward_root:IN:mom:AssemblyCN_g1:SmartX,2028-W35,,420.0,True
backward_root:IN:mom:AssemblyCN_g1:SmartX,2028-W36,,414.0,True
backward_root:IN:mom:AssemblyCN_g1:SmartX,2028-W37,,408.0,True
backward_root:IN:mom:AssemblyCN_g1:SmartX,2028-W38,,401.0,True
backward_root:IN:mom:AssemblyCN_g1:SmartX,2028-W39,,395.0,True
backward_root:IN:mom:AssemblyCN_g1:SmartX,2028-W40,,388.0,True
backward_root:IN:mom:AssemblyCN_g1:SmartX,2028-W41,,381.0,True
backward_root:IN:mom:AssemblyCN_g1:SmartX,2028-W42,,376.0,True
backward_root:IN:mom:AssemblyCN_g1:SmartX,2028-W43,,368.0,True
backward_root:IN:mom:AssemblyCN_g1:SmartX,2028-W44,,363.0,True
backward_root:IN:mom:AssemblyCN_g1:SmartX,2028-W45,,355.0,True
backward_root:IN:mom:AssemblyCN_g1:SmartX,2028-W46,,349.0,True
backward_root:IN:mom:AssemblyCN_g1:SmartX,2028-W47,,342.0,True
backward_root:IN:mom:AssemblyCN_g1:SmartX,2028-W48,,336.0,True
backward_root:IN:mom:AssemblyCN_g1:SmartX,2028-W49,,329.0,True
backward_root:IN:mom:AssemblyCN_g1:SmartX,2028-W50,,318.0,True
backward_root:IN:mom:AssemblyCN_g1:SmartX,2028-W51,,314.0,True
backward_root:IN:mom:AssemblyCN_g1:SmartX,2028-W52,,309.0,True
backward_root:IN:mom:AssemblyCN_g1:SmartX,2029-W01,,306.0,True
backward_root:IN:mom:AssemblyCN_g1:SmartX,2029-W02,,301.0,True
backward_root:IN:mom:AssemblyCN_g1:SmartX,2029-W03,,296.0,True
backward_root:IN:mom:AssemblyCN_g1:SmartX,2029-W04,,291.0,True
backward_root:IN:mom:AssemblyCN_g1:SmartX,2029-W05,,286.0,True
backward_root:IN:mom:AssemblyCN_g1:SmartX,2029-W06,,281.0,True
backward_root:IN:mom:AssemblyCN_g1:SmartX,2029-W07,,277.0,True
backward_root:IN:mom:AssemblyCN_g1:SmartX,2029-W08,,274.0,True
backward_root:IN:mom:AssemblyCN_g1:SmartX,2029-W09,,268.0,True
backward_root:IN:mom:AssemblyCN_g1:SmartX,2029-W10,,264.0,True
backward_root:IN:mom:AssemblyCN_g1:SmartX,2029-W11,,258.0,True
backward_root:IN:mom:AssemblyCN_g1:SmartX,2029-W12,,254.0,True
backward_root:IN:mom:AssemblyCN_g1:SmartX,2029-W13,,249.0,True
backward_root:IN:mom:AssemblyCN_g1:SmartX,2029-W14,,246.0,True
backward_root:IN:mom:AssemblyCN_g1:SmartX,2029-W15,,241.0,True
backward_root:IN:mom:AssemblyCN_g1:SmartX,2029-W16,,236.0,True
backward_root:IN:mom:AssemblyCN_g1:SmartX,2029-W17,,231.0,True
backward_root:IN:mom:AssemblyCN_g1:SmartX,2029-W18,,226.0,True
backward_root:IN:mom:AssemblyCN_g1:SmartX,2029-W19,,221.0,True
backward_root:IN:mom:AssemblyCN_g1:SmartX,2029-W20,,217.0,True
backward_root:IN:mom:AssemblyCN_g1:SmartX,2029-W21,,214.0,True
backward_root:IN:mom:AssemblyCN_g1:SmartX,2029-W22,,208.0,True
backward_root:IN:mom:AssemblyCN_g1:SmartX,2029-W23,,203.0,True
backward_root:IN:mom:AssemblyCN_g1:SmartX,2029-W24,,196.0,True
backward_root:IN:mom:AssemblyCN_g1:SmartX,2029-W25,,192.0,True
backward_root:IN:mom:AssemblyCN_g1:SmartX,2029-W26,,189.0,True
backward_root:IN:mom:AssemblyCN_g1:SmartX,2029-W27,,184.0,True
backward_root:IN:mom:AssemblyCN_g1:SmartX,2029-W28,,181.0,True
backward_root:IN:mom:AssemblyCN_g1:SmartX,2029-W29,,177.0,True
backward_root:IN:mom:AssemblyCN_g1:SmartX,2029-W30,,174.0,True
backward_root:IN:mom:AssemblyCN_g1:SmartX,2029-W31,,169.0,True
backward_root:IN:mom:AssemblyCN_g1:SmartX,2029-W32,,167.0,True
backward_root:IN:mom:AssemblyCN_g1:SmartX,2029-W33,,162.0,True
backward_root:IN:mom:AssemblyCN_g1:SmartX,2029-W34,,158.0,True
backward_root:IN:mom:AssemblyCN_g1:SmartX,2029-W35,,155.0,True
backward_root:IN:mom:AssemblyCN_g1:SmartX,2029-W36,,151.0,True
backward_root:IN:mom:AssemblyCN_g1:SmartX,2029-W37,,147.0,True
backward_root:IN:mom:AssemblyCN_g1:SmartX,2029-W38,,143.0,True
backward_root:IN:mom:AssemblyCN_g1:SmartX,2029-W39,,139.0,True
backward_root:IN:mom:AssemblyCN_g1:SmartX,2029-W40,,136.0,True
backward_root:IN:mom:AssemblyCN_g1:SmartX,2029-W41,,131.0,True
backward_root:IN:mom:AssemblyCN_g1:SmartX,2029-W42,,129.0,True
backward_root:IN:mom:AssemblyCN_g1:SmartX,2029-W43,,124.0,True
backward_root:IN:mom:AssemblyCN_g1:SmartX,2029-W44,,121.0,True
backward_root:IN:mom:AssemblyCN_g1:SmartX,2029-W45,,117.0,True
backward_root:IN:mom:AssemblyCN_g1:SmartX,2029-W46,,114.0,True
backward_root:IN:mom:AssemblyCN_g1:SmartX,2029-W47,,109.0,True
backward_root:IN:mom:AssemblyCN_g1:SmartX,2029-W48,,106.0,True
backward_root:IN:mom:AssemblyCN_g1:SmartX,2029-W49,,102.0,True
backward_root:IN:mom:AssemblyCN_g1:SmartX,2029-W50,,99.0,True
backward_root:IN:mom:AssemblyCN_g1:SmartX,2029-W51,,95.0,True
backward_root:IN:mom:AssemblyCN_g1:SmartX,2029-W52,,92.0,True
backward_root:IN:mom:AssemblyCN_g1:SmartX,2030-W01,,87.0,True
backward_root:IN:mom:AssemblyCN_g1:SmartX,2030-W02,,84.0,True
backward_root:IN:mom:AssemblyCN_g1:SmartX,2030-W03,,80.0,True
backward_root:IN:mom:AssemblyCN_g1:SmartX,2030-W04,,76.0,True
backward_root:IN:mom:AssemblyCN_g1:SmartX,2030-W05,,71.0,True
backward_root:IN:mom:AssemblyCN_g1:SmartX,2030-W06,,68.0,True
backward_root:IN:mom:AssemblyCN_g1:SmartX,2030-W07,,64.0,True
backward_root:IN:mom:AssemblyCN_g1:SmartX,2030-W08,,61.0,True
backward_root:IN:mom:AssemblyCN_g1:SmartX,2030-W09,,56.0,True
backward_root:IN:mom:AssemblyCN_g1:SmartX,2030-W10,,53.0,True
backward_root:IN:mom:AssemblyCN_g1:SmartX,2030-W11,,49.0,True
backward_root:IN:mom:AssemblyCN_g1:SmartX,2030-W12,,45.0,True
backward_root:IN:mom:AssemblyCN_g1:SmartX,2030-W13,,42.0,True
backward_root:IN:mom:AssemblyCN_g1:SmartX,2030-W14,,37.0,True
backward_root:IN:mom:AssemblyCN_g1:SmartX,2030-W15,,34.0,True
backward_root:IN:mom:AssemblyCN_g1:SmartX,2030-W16,,30.0,True
backward_root:IN:mom:AssemblyCN_g1:SmartX,2030-W17,,26.0,True
backward_root:IN:mom:AssemblyCN_g1:SmartX,2030-W18,,21.0,True
backward_root:IN:mom:AssemblyCN_g1:SmartX,2030-W19,,18.0,True
backward_root:IN:mom:AssemblyCN_g1:SmartX,2030-W20,,14.0,True
backward_root:IN:mom:AssemblyCN_g1:SmartX,2030-W21,,11.0,True
backward_root:IN:mom:AssemblyCN_g1:SmartX,2030-W22,,6.0,True
backward_root:IN:mom:AssemblyCN_g1:SmartX,2030-W23,,3.0,True
backward_root:IN:mom:AssemblyCN_g1:SmartX,2030-W24,,0.0,True
backward_root:IN:mom:AssemblyCN_g1:SmartX,2030-W25,,0.0,True
backward_root:IN:mom:AssemblyCN_g1:SmartX,2030-W26,,0.0,True
backward_root:IN:mom:AssemblyCN_g1:SmartX,2030-W27,,0.0,True
backward_root:IN:mom:AssemblyCN_g1:SmartX,2030-W28,,0.0,True
backward_root:IN:mom:AssemblyCN_g1:SmartX,2030-W29,,0.0,True
backward_root:IN:mom:AssemblyCN_g1:SmartX,2030-W30,,0.0,True
backward_root:IN:mom:AssemblyCN_g1:SmartX,2030-W31,,0.0,True
backward_root:IN:mom:AssemblyCN_g1:SmartX,2030-W32,,0.0,True
backward_root:IN:mom:AssemblyCN_g1:SmartX,2030-W33,,0.0,True
backward_root:IN:mom:AssemblyCN_g1:SmartX,2030-W34,,0.0,True
backward_root:IN:mom:AssemblyCN_g1:SmartX,2030-W35,,0.0,True
backward_root:IN:mom:AssemblyCN_g1:SmartX,2030-W36,,0.0,True
backward_root:IN:mom:AssemblyCN_g1:SmartX,2030-W37,,0.0,True
backward_root:IN:mom:AssemblyCN_g1:SmartX,2030-W38,,0.0,True
backward_root:IN:mom:AssemblyCN_g1:SmartX,2030-W39,,0.0,True
backward_root:IN:mom:AssemblyCN_g1:SmartX,2030-W40,,0.0,True
backward_root:IN:mom:AssemblyCN_g1:SmartX,2030-W41,,0.0,True
backward_root:IN:mom:AssemblyCN_g1:SmartX,2030-W42,,0.0,True
backward_root:IN:mom:AssemblyCN_g1:SmartX,2030-W43,,0.0,True
backward_root:IN:mom:AssemblyCN_g1:SmartX,2030-W44,,0.0,True
backward_root:IN:mom:AssemblyCN_g1:SmartX,2030-W45,,0.0,True
backward_root:IN:mom:AssemblyCN_g1:SmartX,2030-W46,,0.0,True
backward_root:IN:mom:AssemblyCN_g1:SmartX,2030-W47,,0.0,True
backward_root:IN:mom:AssemblyCN_g1:SmartX,2030-W48,,0.0,True
backward_root:IN:mom:AssemblyCN_g1:SmartX,2030-W49,,0.0,True
backward_root:IN:mom:AssemblyCN_g1:SmartX,2030-W50,,0.0,True
backward_root:IN:mom:AssemblyCN_g1:SmartX,2030-W51,,0.0,True
backward_root:IN:mom:AssemblyCN_g1:SmartX,2030-W52,,0.0,True
backward_root:IN:mom:AssemblyCN_g3:SmartXNext,2025-W36,,0.0,True
backward_root:IN:mom:AssemblyCN_g3:SmartXNext,2025-W37,,0.0,True
backward_root:IN:mom:AssemblyCN_g3:SmartXNext,2025-W38,,0.0,True
backward_root:IN:mom:AssemblyCN_g3:SmartXNext,2025-W39,,0.0,True
backward_root:IN:mom:AssemblyCN_g3:SmartXNext,2025-W40,,0.0,True
backward_root:IN:mom:AssemblyCN_g3:SmartXNext,2025-W41,,0.0,True
backward_root:IN:mom:AssemblyCN_g3:SmartXNext,2025-W42,,0.0,True
backward_root:IN:mom:AssemblyCN_g3:SmartXNext,2025-W43,,0.0,True
backward_root:IN:mom:AssemblyCN_g3:SmartXNext,2025-W44,,0.0,True
backward_root:IN:mom:AssemblyCN_g3:SmartXNext,2025-W45,,0.0,True
backward_root:IN:mom:AssemblyCN_g3:SmartXNext,2025-W46,,0.0,True
backward_root:IN:mom:AssemblyCN_g3:SmartXNext,2025-W47,,0.0,True
backward_root:IN:mom:AssemblyCN_g3:SmartXNext,2025-W48,,0.0,True
backward_root:IN:mom:AssemblyCN_g3:SmartXNext,2025-W49,,0.0,True
backward_root:IN:mom:AssemblyCN_g3:SmartXNext,2025-W50,,0.0,True
backward_root:IN:mom:AssemblyCN_g3:SmartXNext,2025-W51,,0.0,True
backward_root:IN:mom:AssemblyCN_g3:SmartXNext,2025-W52,,0.0,True
backward_root:IN:mom:AssemblyCN_g3:SmartXNext,2026-W01,,0.0,True
backward_root:IN:mom:AssemblyCN_g3:SmartXNext,2026-W02,,0.0,True
backward_root:IN:mom:AssemblyCN_g3:SmartXNext,2026-W03,,0.0,True
backward_root:IN:mom:AssemblyCN_g3:SmartXNext,2026-W04,,0.0,True
backward_root:IN:mom:AssemblyCN_g3:SmartXNext,2026-W05,,0.0,True
backward_root:IN:mom:AssemblyCN_g3:SmartXNext,2026-W06,,0.0,True
backward_root:IN:mom:AssemblyCN_g3:SmartXNext,2026-W07,,0.0,True
backward_root:IN:mom:AssemblyCN_g3:SmartXNext,2026-W08,,0.0,True
backward_root:IN:mom:AssemblyCN_g3:SmartXNext,2026-W09,,0.0,True
backward_root:IN:mom:AssemblyCN_g3:SmartXNext,2026-W10,,0.0,True
backward_root:IN:mom:AssemblyCN_g3:SmartXNext,2026-W11,,0.0,True
backward_root:IN:mom:AssemblyCN_g3:SmartXNext,2026-W12,,0.0,True
backward_root:IN:mom:AssemblyCN_g3:SmartXNext,2026-W13,,0.0,True
backward_root:IN:mom:AssemblyCN_g3:SmartXNext,2026-W14,,0.0,True
backward_root:IN:mom:AssemblyCN_g3:SmartXNext,2026-W15,,0.0,True
backward_root:IN:mom:AssemblyCN_g3:SmartXNext,2026-W16,,0.0,True
backward_root:IN:mom:AssemblyCN_g3:SmartXNext,2026-W17,,0.0,True
backward_root:IN:mom:AssemblyCN_g3:SmartXNext,2026-W18,,0.0,True
backward_root:IN:mom:AssemblyCN_g3:SmartXNext,2026-W19,,0.0,True
backward_root:IN:mom:AssemblyCN_g3:SmartXNext,2026-W20,,0.0,True
backward_root:IN:mom:AssemblyCN_g3:SmartXNext,2026-W21,,0.0,True
backward_root:IN:mom:AssemblyCN_g3:SmartXNext,2026-W22,,0.0,True
backward_root:IN:mom:AssemblyCN_g3:SmartXNext,2026-W23,,0.0,True
backward_root:IN:mom:AssemblyCN_g3:SmartXNext,2026-W24,,0.0,True
backward_root:IN:mom:AssemblyCN_g3:SmartXNext,2026-W25,,0.0,True
backward_root:IN:mom:AssemblyCN_g3:SmartXNext,2026-W26,,0.0,True
backward_root:IN:mom:AssemblyCN_g3:SmartXNext,2026-W27,,0.0,True
backward_root:IN:mom:AssemblyCN_g3:SmartXNext,2026-W28,,0.0,True
backward_root:IN:mom:AssemblyCN_g3:SmartXNext,2026-W29,,0.0,True
backward_root:IN:mom:AssemblyCN_g3:SmartXNext,2026-W30,,0.0,True
backward_root:IN:mom:AssemblyCN_g3:SmartXNext,2026-W31,,0.0,True
backward_root:IN:mom:AssemblyCN_g3:SmartXNext,2026-W32,,0.0,True
backward_root:IN:mom:AssemblyCN_g3:SmartXNext,2026-W33,,0.0,True
backward_root:IN:mom:AssemblyCN_g3:SmartXNext,2026-W34,,0.0,True
backward_root:IN:mom:AssemblyCN_g3:SmartXNext,2026-W35,,0.0,True
backward_root:IN:mom:AssemblyCN_g3:SmartXNext,2026-W36,,0.0,True
backward_root:IN:mom:AssemblyCN_g3:SmartXNext,2026-W37,,0.0,True
backward_root:IN:mom:AssemblyCN_g3:SmartXNext,2026-W38,,0.0,True
backward_root:IN:mom:AssemblyCN_g3:SmartXNext,2026-W39,,0.0,True
backward_root:IN:mom:AssemblyCN_g3:SmartXNext,2026-W40,,0.0,True
backward_root:IN:mom:AssemblyCN_g3:SmartXNext,2026-W41,,0.0,True
backward_root:IN:mom:AssemblyCN_g3:SmartXNext,2026-W42,,0.0,True
backward_root:IN:mom:AssemblyCN_g3:SmartXNext,2026-W43,,0.0,True
backward_root:IN:mom:AssemblyCN_g3:SmartXNext,2026-W44,,0.0,True
backward_root:IN:mom:AssemblyCN_g3:SmartXNext,2026-W45,,0.0,True
backward_root:IN:mom:AssemblyCN_g3:SmartXNext,2026-W46,,0.0,True
backward_root:IN:mom:AssemblyCN_g3:SmartXNext,2026-W47,,0.0,True
backward_root:IN:mom:AssemblyCN_g3:SmartXNext,2026-W48,,0.0,True
backward_root:IN:mom:AssemblyCN_g3:SmartXNext,2026-W49,,0.0,True
backward_root:IN:mom:AssemblyCN_g3:SmartXNext,2026-W50,,0.0,True
backward_root:IN:mom:AssemblyCN_g3:SmartXNext,2026-W51,,0.0,True
backward_root:IN:mom:AssemblyCN_g3:SmartXNext,2026-W52,,0.0,True
backward_root:IN:mom:AssemblyCN_g3:SmartXNext,2026-W53,,0.0,True
backward_root:IN:mom:AssemblyCN_g3:SmartXNext,2027-W01,,0.0,True
backward_root:IN:mom:AssemblyCN_g3:SmartXNext,2027-W02,,0.0,True
backward_root:IN:mom:AssemblyCN_g3:SmartXNext,2027-W03,,0.0,True
backward_root:IN:mom:AssemblyCN_g3:SmartXNext,2027-W04,,0.0,True
backward_root:IN:mom:AssemblyCN_g3:SmartXNext,2027-W05,,0.0,True
backward_root:IN:mom:AssemblyCN_g3:SmartXNext,2027-W06,,0.0,True
backward_root:IN:mom:AssemblyCN_g3:SmartXNext,2027-W07,,0.0,True
backward_root:IN:mom:AssemblyCN_g3:SmartXNext,2027-W08,,0.0,True
backward_root:IN:mom:AssemblyCN_g3:SmartXNext,2027-W09,,0.0,True
backward_root:IN:mom:AssemblyCN_g3:SmartXNext,2027-W10,,0.0,True
backward_root:IN:mom:AssemblyCN_g3:SmartXNext,2027-W11,,0.0,True
backward_root:IN:mom:AssemblyCN_g3:SmartXNext,2027-W12,,0.0,True
backward_root:IN:mom:AssemblyCN_g3:SmartXNext,2027-W13,,0.0,True
backward_root:IN:mom:AssemblyCN_g3:SmartXNext,2027-W14,,0.0,True
backward_root:IN:mom:AssemblyCN_g3:SmartXNext,2027-W15,,0.0,True
backward_root:IN:mom:AssemblyCN_g3:SmartXNext,2027-W16,,0.0,True
backward_root:IN:mom:AssemblyCN_g3:SmartXNext,2027-W17,,0.0,True
backward_root:IN:mom:AssemblyCN_g3:SmartXNext,2027-W18,,0.0,True
backward_root:IN:mom:AssemblyCN_g3:SmartXNext,2027-W19,,0.0,True
backward_root:IN:mom:AssemblyCN_g3:SmartXNext,2027-W20,,0.0,True
backward_root:IN:mom:AssemblyCN_g3:SmartXNext,2027-W21,,0.0,True
backward_root:IN:mom:AssemblyCN_g3:SmartXNext,2027-W22,,0.0,True
backward_root:IN:mom:AssemblyCN_g3:SmartXNext,2027-W23,,0.0,True
backward_root:IN:mom:AssemblyCN_g3:SmartXNext,2027-W24,,0.0,True
backward_root:IN:mom:AssemblyCN_g3:SmartXNext,2027-W25,,0.0,True
backward_root:IN:mom:AssemblyCN_g3:SmartXNext,2027-W26,,0.0,True
backward_root:IN:mom:AssemblyCN_g3:SmartXNext,2027-W27,,0.0,True
backward_root:IN:mom:AssemblyCN_g3:SmartXNext,2027-W28,,0.0,True
backward_root:IN:mom:AssemblyCN_g3:SmartXNext,2027-W29,,0.0,True
backward_root:IN:mom:AssemblyCN_g3:SmartXNext,2027-W30,,0.0,True
backward_root:IN:mom:AssemblyCN_g3:SmartXNext,2027-W31,,0.0,True
backward_root:IN:mom:AssemblyCN_g3:SmartXNext,2027-W32,,0.0,True
backward_root:IN:mom:AssemblyCN_g3:SmartXNext,2027-W33,,0.0,True
backward_root:IN:mom:AssemblyCN_g3:SmartXNext,2027-W34,,0.0,True
backward_root:IN:mom:AssemblyCN_g3:SmartXNext,2027-W35,,0.0,True
backward_root:IN:mom:AssemblyCN_g3:SmartXNext,2027-W36,,0.0,True
backward_root:IN:mom:AssemblyCN_g3:SmartXNext,2027-W37,,0.0,True
backward_root:IN:mom:AssemblyCN_g3:SmartXNext,2027-W38,,0.0,True
backward_root:IN:mom:AssemblyCN_g3:SmartXNext,2027-W39,,0.0,True
backward_root:IN:mom:AssemblyCN_g3:SmartXNext,2027-W40,,0.0,True
backward_root:IN:mom:AssemblyCN_g3:SmartXNext,2027-W41,,0.0,True
backward_root:IN:mom:AssemblyCN_g3:SmartXNext,2027-W42,,0.0,True
backward_root:IN:mom:AssemblyCN_g3:SmartXNext,2027-W43,,0.0,True
backward_root:IN:mom:AssemblyCN_g3:SmartXNext,2027-W44,,0.0,True
backward_root:IN:mom:AssemblyCN_g3:SmartXNext,2027-W45,,0.0,True
backward_root:IN:mom:AssemblyCN_g3:SmartXNext,2027-W46,,0.0,True
backward_root:IN:mom:AssemblyCN_g3:SmartXNext,2027-W47,,0.0,True
backward_root:IN:mom:AssemblyCN_g3:SmartXNext,2027-W48,,0.0,True
backward_root:IN:mom:AssemblyCN_g3:SmartXNext,2027-W49,,0.0,True
backward_root:IN:mom:AssemblyCN_g3:SmartXNext,2027-W50,,0.0,True
backward_root:IN:mom:AssemblyCN_g3:SmartXNext,2027-W51,,0.0,True
backward_root:IN:mom:AssemblyCN_g3:SmartXNext,2027-W52,,0.0,True
backward_root:IN:mom:AssemblyCN_g3:SmartXNext,2028-W01,,0.0,True
backward_root:IN:mom:AssemblyCN_g3:SmartXNext,2028-W02,,0.0,True
backward_root:IN:mom:AssemblyCN_g3:SmartXNext,2028-W03,,0.0,True
backward_root:IN:mom:AssemblyCN_g3:SmartXNext,2028-W04,,0.0,True
backward_root:IN:mom:AssemblyCN_g3:SmartXNext,2028-W05,,0.0,True
backward_root:IN:mom:AssemblyCN_g3:SmartXNext,2028-W06,,0.0,True
backward_root:IN:mom:AssemblyCN_g3:SmartXNext,2028-W07,,0.0,True
backward_root:IN:mom:AssemblyCN_g3:SmartXNext,2028-W08,,0.0,True
backward_root:IN:mom:AssemblyCN_g3:SmartXNext,2028-W09,,0.0,True
backward_root:IN:mom:AssemblyCN_g3:SmartXNext,2028-W10,,0.0,True
backward_root:IN:mom:AssemblyCN_g3:SmartXNext,2028-W11,,0.0,True
backward_root:IN:mom:AssemblyCN_g3:SmartXNext,2028-W12,,0.0,True
backward_root:IN:mom:AssemblyCN_g3:SmartXNext,2028-W13,,0.0,True
backward_root:IN:mom:AssemblyCN_g3:SmartXNext,2028-W14,,0.0,True
backward_root:IN:mom:AssemblyCN_g3:SmartXNext,2028-W15,,0.0,True
backward_root:IN:mom:AssemblyCN_g3:SmartXNext,2028-W16,,0.0,True
backward_root:IN:mom:AssemblyCN_g3:SmartXNext,2028-W17,,0.0,True
backward_root:IN:mom:AssemblyCN_g3:SmartXNext,2028-W18,,0.0,True
backward_root:IN:mom:AssemblyCN_g3:SmartXNext,2028-W19,,0.0,True
backward_root:IN:mom:AssemblyCN_g3:SmartXNext,2028-W20,,0.0,True
backward_root:IN:mom:AssemblyCN_g3:SmartXNext,2028-W21,,0.0,True
backward_root:IN:mom:AssemblyCN_g3:SmartXNext,2028-W22,,0.0,True
backward_root:IN:mom:AssemblyCN_g3:SmartXNext,2028-W23,,15.0,True
backward_root:IN:mom:AssemblyCN_g3:SmartXNext,2028-W24,,71.0,True
backward_root:IN:mom:AssemblyCN_g3:SmartXNext,2028-W25,,126.0,True
backward_root:IN:mom:AssemblyCN_g3:SmartXNext,2028-W26,,183.0,True
backward_root:IN:mom:AssemblyCN_g3:SmartXNext,2028-W27,,238.0,True
backward_root:IN:mom:AssemblyCN_g3:SmartXNext,2028-W28,,293.0,True
backward_root:IN:mom:AssemblyCN_g3:SmartXNext,2028-W29,,348.0,True
backward_root:IN:mom:AssemblyCN_g3:SmartXNext,2028-W30,,406.0,True
backward_root:IN:mom:AssemblyCN_g3:SmartXNext,2028-W31,,460.0,True
backward_root:IN:mom:AssemblyCN_g3:SmartXNext,2028-W32,,515.0,True
backward_root:IN:mom:AssemblyCN_g3:SmartXNext,2028-W33,,571.0,True
backward_root:IN:mom:AssemblyCN_g3:SmartXNext,2028-W34,,626.0,True
backward_root:IN:mom:AssemblyCN_g3:SmartXNext,2028-W35,,683.0,True
backward_root:IN:mom:AssemblyCN_g3:SmartXNext,2028-W36,,738.0,True
backward_root:IN:mom:AssemblyCN_g3:SmartXNext,2028-W37,,793.0,True
backward_root:IN:mom:AssemblyCN_g3:SmartXNext,2028-W38,,848.0,True
backward_root:IN:mom:AssemblyCN_g3:SmartXNext,2028-W39,,906.0,True
backward_root:IN:mom:AssemblyCN_g3:SmartXNext,2028-W40,,960.0,True
backward_root:IN:mom:AssemblyCN_g3:SmartXNext,2028-W41,,1015.0,True
backward_root:IN:mom:AssemblyCN_g3:SmartXNext,2028-W42,,1071.0,True
backward_root:IN:mom:AssemblyCN_g3:SmartXNext,2028-W43,,1126.0,True
backward_root:IN:mom:AssemblyCN_g3:SmartXNext,2028-W44,,1183.0,True
backward_root:IN:mom:AssemblyCN_g3:SmartXNext,2028-W45,,1238.0,True
backward_root:IN:mom:AssemblyCN_g3:SmartXNext,2028-W46,,1293.0,True
backward_root:IN:mom:AssemblyCN_g3:SmartXNext,2028-W47,,1348.0,True
backward_root:IN:mom:AssemblyCN_g3:SmartXNext,2028-W48,,1406.0,True
backward_root:IN:mom:AssemblyCN_g3:SmartXNext,2028-W49,,1468.0,True
backward_root:IN:mom:AssemblyCN_g3:SmartXNext,2028-W50,,1535.0,True
backward_root:IN:mom:AssemblyCN_g3:SmartXNext,2028-W51,,1563.0,True
backward_root:IN:mom:AssemblyCN_g3:SmartXNext,2028-W52,,1590.0,True
backward_root:IN:mom:AssemblyCN_g3:SmartXNext,2029-W01,,1618.0,True
backward_root:IN:mom:AssemblyCN_g3:SmartXNext,2029-W02,,1648.0,True
backward_root:IN:mom:AssemblyCN_g3:SmartXNext,2029-W03,,1676.0,True
backward_root:IN:mom:AssemblyCN_g3:SmartXNext,2029-W04,,1702.0,True
backward_root:IN:mom:AssemblyCN_g3:SmartXNext,2029-W05,,1730.0,True
backward_root:IN:mom:AssemblyCN_g3:SmartXNext,2029-W06,,1758.0,True
backward_root:IN:mom:AssemblyCN_g3:SmartXNext,2029-W07,,1785.0,True
backward_root:IN:mom:AssemblyCN_g3:SmartXNext,2029-W08,,1813.0,True
backward_root:IN:mom:AssemblyCN_g3:SmartXNext,2029-W09,,1840.0,True
backward_root:IN:mom:AssemblyCN_g3:SmartXNext,2029-W10,,1868.0,True
backward_root:IN:mom:AssemblyCN_g3:SmartXNext,2029-W11,,1898.0,True
backward_root:IN:mom:AssemblyCN_g3:SmartXNext,2029-W12,,1926.0,True
backward_root:IN:mom:AssemblyCN_g3:SmartXNext,2029-W13,,1952.0,True
backward_root:IN:mom:AssemblyCN_g3:SmartXNext,2029-W14,,1980.0,True
backward_root:IN:mom:AssemblyCN_g3:SmartXNext,2029-W15,,2008.0,True
backward_root:IN:mom:AssemblyCN_g3:SmartXNext,2029-W16,,2035.0,True
backward_root:IN:mom:AssemblyCN_g3:SmartXNext,2029-W17,,2063.0,True
backward_root:IN:mom:AssemblyCN_g3:SmartXNext,2029-W18,,2090.0,True
backward_root:IN:mom:AssemblyCN_g3:SmartXNext,2029-W19,,2118.0,True
backward_root:IN:mom:AssemblyCN_g3:SmartXNext,2029-W20,,2148.0,True
backward_root:IN:mom:AssemblyCN_g3:SmartXNext,2029-W21,,2176.0,True
backward_root:IN:mom:AssemblyCN_g3:SmartXNext,2029-W22,,2202.0,True
backward_root:IN:mom:AssemblyCN_g3:SmartXNext,2029-W23,,2235.0,True
backward_root:IN:mom:AssemblyCN_g3:SmartXNext,2029-W24,,2273.0,True
backward_root:IN:mom:AssemblyCN_g3:SmartXNext,2029-W25,,2292.0,True
backward_root:IN:mom:AssemblyCN_g3:SmartXNext,2029-W26,,2311.0,True
backward_root:IN:mom:AssemblyCN_g3:SmartXNext,2029-W27,,2330.0,True
backward_root:IN:mom:AssemblyCN_g3:SmartXNext,2029-W28,,2348.0,True
backward_root:IN:mom:AssemblyCN_g3:SmartXNext,2029-W29,,2365.0,True
backward_root:IN:mom:AssemblyCN_g3:SmartXNext,2029-W30,,2385.0,True
backward_root:IN:mom:AssemblyCN_g3:SmartXNext,2029-W31,,2403.0,True
backward_root:IN:mom:AssemblyCN_g3:SmartXNext,2029-W32,,2423.0,True
backward_root:IN:mom:AssemblyCN_g3:SmartXNext,2029-W33,,2440.0,True
backward_root:IN:mom:AssemblyCN_g3:SmartXNext,2029-W34,,2458.0,True
backward_root:IN:mom:AssemblyCN_g3:SmartXNext,2029-W35,,2477.0,True
backward_root:IN:mom:AssemblyCN_g3:SmartXNext,2029-W36,,2496.0,True
backward_root:IN:mom:AssemblyCN_g3:SmartXNext,2029-W37,,2515.0,True
backward_root:IN:mom:AssemblyCN_g3:SmartXNext,2029-W38,,2533.0,True
backward_root:IN:mom:AssemblyCN_g3:SmartXNext,2029-W39,,2552.0,True
backward_root:IN:mom:AssemblyCN_g3:SmartXNext,2029-W40,,2570.0,True
backward_root:IN:mom:AssemblyCN_g3:SmartXNext,2029-W41,,2588.0,True
backward_root:IN:mom:AssemblyCN_g3:SmartXNext,2029-W42,,2608.0,True
backward_root:IN:mom:AssemblyCN_g3:SmartXNext,2029-W43,,2625.0,True
backward_root:IN:mom:AssemblyCN_g3:SmartXNext,2029-W44,,2645.0,True
backward_root:IN:mom:AssemblyCN_g3:SmartXNext,2029-W45,,2662.0,True
backward_root:IN:mom:AssemblyCN_g3:SmartXNext,2029-W46,,2681.0,True
backward_root:IN:mom:AssemblyCN_g3:SmartXNext,2029-W47,,2700.0,True
backward_root:IN:mom:AssemblyCN_g3:SmartXNext,2029-W48,,2718.0,True
backward_root:IN:mom:AssemblyCN_g3:SmartXNext,2029-W49,,2737.0,True
backward_root:IN:mom:AssemblyCN_g3:SmartXNext,2029-W50,,2757.0,True
backward_root:IN:mom:AssemblyCN_g3:SmartXNext,2029-W51,,2781.0,True
backward_root:IN:mom:AssemblyCN_g3:SmartXNext,2029-W52,,2804.0,True
backward_root:IN:mom:AssemblyCN_g3:SmartXNext,2030-W01,,2829.0,True
backward_root:IN:mom:AssemblyCN_g3:SmartXNext,2030-W02,,2853.0,True
backward_root:IN:mom:AssemblyCN_g3:SmartXNext,2030-W03,,2876.0,True
backward_root:IN:mom:AssemblyCN_g3:SmartXNext,2030-W04,,2901.0,True
backward_root:IN:mom:AssemblyCN_g3:SmartXNext,2030-W05,,2925.0,True
backward_root:IN:mom:AssemblyCN_g3:SmartXNext,2030-W06,,2950.0,True
backward_root:IN:mom:AssemblyCN_g3:SmartXNext,2030-W07,,2973.0,True
backward_root:IN:mom:AssemblyCN_g3:SmartXNext,2030-W08,,2997.0,True
backward_root:IN:mom:AssemblyCN_g3:SmartXNext,2030-W09,,3022.0,True
backward_root:IN:mom:AssemblyCN_g3:SmartXNext,2030-W10,,3045.0,True
backward_root:IN:mom:AssemblyCN_g3:SmartXNext,2030-W11,,3069.0,True
backward_root:IN:mom:AssemblyCN_g3:SmartXNext,2030-W12,,3094.0,True
backward_root:IN:mom:AssemblyCN_g3:SmartXNext,2030-W13,,3117.0,True
backward_root:IN:mom:AssemblyCN_g3:SmartXNext,2030-W14,,3141.0,True
backward_root:IN:mom:AssemblyCN_g3:SmartXNext,2030-W15,,3165.0,True
backward_root:IN:mom:AssemblyCN_g3:SmartXNext,2030-W16,,3189.0,True
backward_root:IN:mom:AssemblyCN_g3:SmartXNext,2030-W17,,3214.0,True
backward_root:IN:mom:AssemblyCN_g3:SmartXNext,2030-W18,,3237.0,True
backward_root:IN:mom:AssemblyCN_g3:SmartXNext,2030-W19,,3262.0,True
backward_root:IN:mom:AssemblyCN_g3:SmartXNext,2030-W20,,3286.0,True
backward_root:IN:mom:AssemblyCN_g3:SmartXNext,2030-W21,,3310.0,True
backward_root:IN:mom:AssemblyCN_g3:SmartXNext,2030-W22,,3334.0,True
backward_root:IN:mom:AssemblyCN_g3:SmartXNext,2030-W23,,3357.0,True
backward_root:IN:mom:AssemblyCN_g3:SmartXNext,2030-W24,,3368.0,True
backward_root:IN:mom:AssemblyCN_g3:SmartXNext,2030-W25,,3345.0,True
backward_root:IN:mom:AssemblyCN_g3:SmartXNext,2030-W26,,3326.0,True
backward_root:IN:mom:AssemblyCN_g3:SmartXNext,2030-W27,,3305.0,True
backward_root:IN:mom:AssemblyCN_g3:SmartXNext,2030-W28,,3286.0,True
backward_root:IN:mom:AssemblyCN_g3:SmartXNext,2030-W29,,3266.0,True
backward_root:IN:mom:AssemblyCN_g3:SmartXNext,2030-W30,,3246.0,True
backward_root:IN:mom:AssemblyCN_g3:SmartXNext,2030-W31,,3226.0,True
backward_root:IN:mom:AssemblyCN_g3:SmartXNext,2030-W32,,3207.0,True
backward_root:IN:mom:AssemblyCN_g3:SmartXNext,2030-W33,,3187.0,True
backward_root:IN:mom:AssemblyCN_g3:SmartXNext,2030-W34,,3168.0,True
backward_root:IN:mom:AssemblyCN_g3:SmartXNext,2030-W35,,3147.0,True
backward_root:IN:mom:AssemblyCN_g3:SmartXNext,2030-W36,,3128.0,True
backward_root:IN:mom:AssemblyCN_g3:SmartXNext,2030-W37,,3107.0,True
backward_root:IN:mom:AssemblyCN_g3:SmartXNext,2030-W38,,3087.0,True
backward_root:IN:mom:AssemblyCN_g3:SmartXNext,2030-W39,,3068.0,True
backward_root:IN:mom:AssemblyCN_g3:SmartXNext,2030-W40,,3047.0,True
backward_root:IN:mom:AssemblyCN_g3:SmartXNext,2030-W41,,3028.0,True
backward_root:IN:mom:AssemblyCN_g3:SmartXNext,2030-W42,,3008.0,True
backward_root:IN:mom:AssemblyCN_g3:SmartXNext,2030-W43,,2989.0,True
backward_root:IN:mom:AssemblyCN_g3:SmartXNext,2030-W44,,2969.0,True
backward_root:IN:mom:AssemblyCN_g3:SmartXNext,2030-W45,,2950.0,True
backward_root:IN:mom:AssemblyCN_g3:SmartXNext,2030-W46,,2929.0,True
backward_root:IN:mom:AssemblyCN_g3:SmartXNext,2030-W47,,2910.0,True
backward_root:IN:mom:AssemblyCN_g3:SmartXNext,2030-W48,,2889.0,True
backward_root:IN:mom:AssemblyCN_g3:SmartXNext,2030-W49,,2070.0,True
backward_root:IN:mom:AssemblyCN_g3:SmartXNext,2030-W50,,0.0,True
backward_root:IN:mom:AssemblyCN_g3:SmartXNext,2030-W51,,0.0,True
backward_root:IN:mom:AssemblyCN_g3:SmartXNext,2030-W52,,0.0,True
backward_root:IN:mom:AssemblyIN:SmartXPro_IN,2025-W36,1119,0.0,False
backward_root:IN:mom:AssemblyIN:SmartXPro_IN,2025-W37,1119,0.0,False
backward_root:IN:mom:AssemblyIN:SmartXPro_IN,2025-W38,1119,0.0,False
backward_root:IN:mom:AssemblyIN:SmartXPro_IN,2025-W39,1119,0.0,False
backward_root:IN:mom:AssemblyIN:SmartXPro_IN,2025-W40,1119,0.0,False
backward_root:IN:mom:AssemblyIN:SmartXPro_IN,2025-W41,1119,0.0,False
backward_root:IN:mom:AssemblyIN:SmartXPro_IN,2025-W42,1119,0.0,False
backward_root:IN:mom:AssemblyIN:SmartXPro_IN,2025-W43,1119,0.0,False
backward_root:IN:mom:AssemblyIN:SmartXPro_IN,2025-W44,1119,0.0,False
backward_root:IN:mom:AssemblyIN:SmartXPro_IN,2025-W45,1119,0.0,False
backward_root:IN:mom:AssemblyIN:SmartXPro_IN,2025-W46,1119,0.0,False
backward_root:IN:mom:AssemblyIN:SmartXPro_IN,2025-W47,1119,0.0,False
backward_root:IN:mom:AssemblyIN:SmartXPro_IN,2025-W48,1119,0.0,False
backward_root:IN:mom:AssemblyIN:SmartXPro_IN,2025-W49,1119,0.0,False
backward_root:IN:mom:AssemblyIN:SmartXPro_IN,2025-W50,1119,0.0,False
backward_root:IN:mom:AssemblyIN:SmartXPro_IN,2025-W51,1119,0.0,False
backward_root:IN:mom:AssemblyIN:SmartXPro_IN,2025-W52,1119,0.0,False
backward_root:IN:mom:AssemblyIN:SmartXPro_IN,2026-W01,1119,0.0,False
backward_root:IN:mom:AssemblyIN:SmartXPro_IN,2026-W02,1115,0.0,False
backward_root:IN:mom:AssemblyIN:SmartXPro_IN,2026-W03,1111,0.0,False
backward_root:IN:mom:AssemblyIN:SmartXPro_IN,2026-W04,1107,0.0,False
backward_root:IN:mom:AssemblyIN:SmartXPro_IN,2026-W05,1102,0.0,False
backward_root:IN:mom:AssemblyIN:SmartXPro_IN,2026-W06,1098,0.0,False
backward_root:IN:mom:AssemblyIN:SmartXPro_IN,2026-W07,1094,0.0,False
backward_root:IN:mom:AssemblyIN:SmartXPro_IN,2026-W08,1090,0.0,False
backward_root:IN:mom:AssemblyIN:SmartXPro_IN,2026-W09,1086,0.0,False
backward_root:IN:mom:AssemblyIN:SmartXPro_IN,2026-W10,1082,0.0,False
backward_root:IN:mom:AssemblyIN:SmartXPro_IN,2026-W11,1078,0.0,False
backward_root:IN:mom:AssemblyIN:SmartXPro_IN,2026-W12,1074,0.0,False
backward_root:IN:mom:AssemblyIN:SmartXPro_IN,2026-W13,1069,0.0,False
backward_root:IN:mom:AssemblyIN:SmartXPro_IN,2026-W14,1065,0.0,False
backward_root:IN:mom:AssemblyIN:SmartXPro_IN,2026-W15,1061,0.0,False
backward_root:IN:mom:AssemblyIN:SmartXPro_IN,2026-W16,1057,0.0,False
backward_root:IN:mom:AssemblyIN:SmartXPro_IN,2026-W17,1053,0.0,False
backward_root:IN:mom:AssemblyIN:SmartXPro_IN,2026-W18,1049,0.0,False
backward_root:IN:mom:AssemblyIN:SmartXPro_IN,2026-W19,1045,0.0,False
backward_root:IN:mom:AssemblyIN:SmartXPro_IN,2026-W20,1040,0.0,False
backward_root:IN:mom:AssemblyIN:SmartXPro_IN,2026-W21,1036,0.0,False
backward_root:IN:mom:AssemblyIN:SmartXPro_IN,2026-W22,1032,0.0,False
backward_root:IN:mom:AssemblyIN:SmartXPro_IN,2026-W23,1028,0.0,False
backward_root:IN:mom:AssemblyIN:SmartXPro_IN,2026-W24,1024,0.0,False
backward_root:IN:mom:AssemblyIN:SmartXPro_IN,2026-W25,1020,0.0,False
backward_root:IN:mom:AssemblyIN:SmartXPro_IN,2026-W26,1016,0.0,False
backward_root:IN:mom:AssemblyIN:SmartXPro_IN,2026-W27,1012,0.0,False
backward_root:IN:mom:AssemblyIN:SmartXPro_IN,2026-W28,1007,0.0,False
backward_root:IN:mom:AssemblyIN:SmartXPro_IN,2026-W29,1003,0.0,False
backward_root:IN:mom:AssemblyIN:SmartXPro_IN,2026-W30,999,0.0,False
backward_root:IN:mom:AssemblyIN:SmartXPro_IN,2026-W31,995,0.0,False
backward_root:IN:mom:AssemblyIN:SmartXPro_IN,2026-W32,991,0.0,False
backward_root:IN:mom:AssemblyIN:SmartXPro_IN,2026-W33,987,0.0,False
backward_root:IN:mom:AssemblyIN:SmartXPro_IN,2026-W34,983,0.0,False
backward_root:IN:mom:AssemblyIN:SmartXPro_IN,2026-W35,978,0.0,False
backward_root:IN:mom:AssemblyIN:SmartXPro_IN,2026-W36,974,0.0,False
backward_root:IN:mom:AssemblyIN:SmartXPro_IN,2026-W37,970,0.0,False
backward_root:IN:mom:AssemblyIN:SmartXPro_IN,2026-W38,966,0.0,False
backward_root:IN:mom:AssemblyIN:SmartXPro_IN,2026-W39,962,0.0,False
backward_root:IN:mom:AssemblyIN:SmartXPro_IN,2026-W40,958,0.0,False
backward_root:IN:mom:AssemblyIN:SmartXPro_IN,2026-W41,954,0.0,False
backward_root:IN:mom:AssemblyIN:SmartXPro_IN,2026-W42,949,0.0,False
backward_root:IN:mom:AssemblyIN:SmartXPro_IN,2026-W43,945,0.0,False
backward_root:IN:mom:AssemblyIN:SmartXPro_IN,2026-W44,941,0.0,False
backward_root:IN:mom:AssemblyIN:SmartXPro_IN,2026-W45,937,0.0,False
backward_root:IN:mom:AssemblyIN:SmartXPro_IN,2026-W46,933,0.0,False
backward_root:IN:mom:AssemblyIN:SmartXPro_IN,2026-W47,929,0.0,False
backward_root:IN:mom:AssemblyIN:SmartXPro_IN,2026-W48,925,0.0,False
backward_root:IN:mom:AssemblyIN:SmartXPro_IN,2026-W49,921,0.0,False
backward_root:IN:mom:AssemblyIN:SmartXPro_IN,2026-W50,916,0.0,False
backward_root:IN:mom:AssemblyIN:SmartXPro_IN,2026-W51,912,900.0,False
backward_root:IN:mom:AssemblyIN:SmartXPro_IN,2026-W52,908,900.0,False
backward_root:IN:mom:AssemblyIN:SmartXPro_IN,2026-W53,904,900.0,False
backward_root:IN:mom:AssemblyIN:SmartXPro_IN,2027-W01,900,900.0,False
backward_root:IN:mom:AssemblyIN:SmartXPro_IN,2027-W02,900,900.0,False
backward_root:IN:mom:AssemblyIN:SmartXPro_IN,2027-W03,900,900.0,False
backward_root:IN:mom:AssemblyIN:SmartXPro_IN,2027-W04,900,900.0,False
backward_root:IN:mom:AssemblyIN:SmartXPro_IN,2027-W05,900,900.0,False
backward_root:IN:mom:AssemblyIN:SmartXPro_IN,2027-W06,900,900.0,False
backward_root:IN:mom:AssemblyIN:SmartXPro_IN,2027-W07,900,900.0,False
backward_root:IN:mom:AssemblyIN:SmartXPro_IN,2027-W08,900,900.0,False
backward_root:IN:mom:AssemblyIN:SmartXPro_IN,2027-W09,900,900.0,False
backward_root:IN:mom:AssemblyIN:SmartXPro_IN,2027-W10,900,900.0,False
backward_root:IN:mom:AssemblyIN:SmartXPro_IN,2027-W11,900,900.0,False
backward_root:IN:mom:AssemblyIN:SmartXPro_IN,2027-W12,900,900.0,False
backward_root:IN:mom:AssemblyIN:SmartXPro_IN,2027-W13,900,900.0,False
backward_root:IN:mom:AssemblyIN:SmartXPro_IN,2027-W14,900,900.0,False
backward_root:IN:mom:AssemblyIN:SmartXPro_IN,2027-W15,900,900.0,False
backward_root:IN:mom:AssemblyIN:SmartXPro_IN,2027-W16,900,900.0,False
backward_root:IN:mom:AssemblyIN:SmartXPro_IN,2027-W17,900,900.0,False
backward_root:IN:mom:AssemblyIN:SmartXPro_IN,2027-W18,900,900.0,False
backward_root:IN:mom:AssemblyIN:SmartXPro_IN,2027-W19,900,900.0,False
backward_root:IN:mom:AssemblyIN:SmartXPro_IN,2027-W20,900,900.0,False
backward_root:IN:mom:AssemblyIN:SmartXPro_IN,2027-W21,900,900.0,False
backward_root:IN:mom:AssemblyIN:SmartXPro_IN,2027-W22,900,900.0,False
backward_root:IN:mom:AssemblyIN:SmartXPro_IN,2027-W23,900,900.0,False
backward_root:IN:mom:AssemblyIN:SmartXPro_IN,2027-W24,900,896.0,False
backward_root:IN:mom:AssemblyIN:SmartXPro_IN,2027-W25,900,891.0,False
backward_root:IN:mom:AssemblyIN:SmartXPro_IN,2027-W26,900,900.0,False
backward_root:IN:mom:AssemblyIN:SmartXPro_IN,2027-W27,896,896.0,False
backward_root:IN:mom:AssemblyIN:SmartXPro_IN,2027-W28,891,891.0,False
backward_root:IN:mom:AssemblyIN:SmartXPro_IN,2027-W29,887,887.0,False
backward_root:IN:mom:AssemblyIN:SmartXPro_IN,2027-W30,882,882.0,False
backward_root:IN:mom:AssemblyIN:SmartXPro_IN,2027-W31,878,878.0,False
backward_root:IN:mom:AssemblyIN:SmartXPro_IN,2027-W32,873,873.0,False
backward_root:IN:mom:AssemblyIN:SmartXPro_IN,2027-W33,869,869.0,False
backward_root:IN:mom:AssemblyIN:SmartXPro_IN,2027-W34,864,864.0,False
backward_root:IN:mom:AssemblyIN:SmartXPro_IN,2027-W35,860,860.0,False
backward_root:IN:mom:AssemblyIN:SmartXPro_IN,2027-W36,856,856.0,False
backward_root:IN:mom:AssemblyIN:SmartXPro_IN,2027-W37,851,851.0,False
backward_root:IN:mom:AssemblyIN:SmartXPro_IN,2027-W38,847,847.0,False
backward_root:IN:mom:AssemblyIN:SmartXPro_IN,2027-W39,842,842.0,False
backward_root:IN:mom:AssemblyIN:SmartXPro_IN,2027-W40,838,838.0,False
backward_root:IN:mom:AssemblyIN:SmartXPro_IN,2027-W41,833,833.0,False
backward_root:IN:mom:AssemblyIN:SmartXPro_IN,2027-W42,829,816.0,False
backward_root:IN:mom:AssemblyIN:SmartXPro_IN,2027-W43,824,13.0,False
backward_root:IN:mom:AssemblyIN:SmartXPro_IN,2027-W44,820,807.0,False
backward_root:IN:mom:AssemblyIN:SmartXPro_IN,2027-W45,816,802.0,False
backward_root:IN:mom:AssemblyIN:SmartXPro_IN,2027-W46,811,798.0,False
backward_root:IN:mom:AssemblyIN:SmartXPro_IN,2027-W47,807,793.0,False
backward_root:IN:mom:AssemblyIN:SmartXPro_IN,2027-W48,802,789.0,False
backward_root:IN:mom:AssemblyIN:SmartXPro_IN,2027-W49,798,784.0,False
backward_root:IN:mom:AssemblyIN:SmartXPro_IN,2027-W50,793,775.0,False
backward_root:IN:mom:AssemblyIN:SmartXPro_IN,2027-W51,789,770.0,False
backward_root:IN:mom:AssemblyIN:SmartXPro_IN,2027-W52,784,766.0,False
backward_root:IN:mom:AssemblyIN:SmartXPro_IN,2028-W01,775,761.0,False
backward_root:IN:mom:AssemblyIN:SmartXPro_IN,2028-W02,770,756.0,False
backward_root:IN:mom:AssemblyIN:SmartXPro_IN,2028-W03,766,751.0,False
backward_root:IN:mom:AssemblyIN:SmartXPro_IN,2028-W04,761,746.0,False
backward_root:IN:mom:AssemblyIN:SmartXPro_IN,2028-W05,756,741.0,False
backward_root:IN:mom:AssemblyIN:SmartXPro_IN,2028-W06,751,737.0,False
backward_root:IN:mom:AssemblyIN:SmartXPro_IN,2028-W07,746,732.0,False
backward_root:IN:mom:AssemblyIN:SmartXPro_IN,2028-W08,741,727.0,False
backward_root:IN:mom:AssemblyIN:SmartXPro_IN,2028-W09,737,722.0,False
backward_root:IN:mom:AssemblyIN:SmartXPro_IN,2028-W10,732,717.0,False
backward_root:IN:mom:AssemblyIN:SmartXPro_IN,2028-W11,727,713.0,False
backward_root:IN:mom:AssemblyIN:SmartXPro_IN,2028-W12,722,708.0,False
backward_root:IN:mom:AssemblyIN:SmartXPro_IN,2028-W13,717,703.0,False
backward_root:IN:mom:AssemblyIN:SmartXPro_IN,2028-W14,713,698.0,False
backward_root:IN:mom:AssemblyIN:SmartXPro_IN,2028-W15,708,693.0,False
backward_root:IN:mom:AssemblyIN:SmartXPro_IN,2028-W16,703,689.0,False
backward_root:IN:mom:AssemblyIN:SmartXPro_IN,2028-W17,698,684.0,False
backward_root:IN:mom:AssemblyIN:SmartXPro_IN,2028-W18,693,679.0,False
backward_root:IN:mom:AssemblyIN:SmartXPro_IN,2028-W19,689,674.0,False
backward_root:IN:mom:AssemblyIN:SmartXPro_IN,2028-W20,684,669.0,False
backward_root:IN:mom:AssemblyIN:SmartXPro_IN,2028-W21,679,664.0,False
backward_root:IN:mom:AssemblyIN:SmartXPro_IN,2028-W22,674,660.0,False
backward_root:IN:mom:AssemblyIN:SmartXPro_IN,2028-W23,669,655.0,False
backward_root:IN:mom:AssemblyIN:SmartXPro_IN,2028-W24,664,664.0,False
backward_root:IN:mom:AssemblyIN:SmartXPro_IN,2028-W25,660,660.0,False
backward_root:IN:mom:AssemblyIN:SmartXPro_IN,2028-W26,655,655.0,False
backward_root:IN:mom:AssemblyIN:SmartXPro_IN,2028-W27,646,646.0,False
backward_root:IN:mom:AssemblyIN:SmartXPro_IN,2028-W28,643,643.0,False
backward_root:IN:mom:AssemblyIN:SmartXPro_IN,2028-W29,639,639.0,False
backward_root:IN:mom:AssemblyIN:SmartXPro_IN,2028-W30,635,635.0,False
backward_root:IN:mom:AssemblyIN:SmartXPro_IN,2028-W31,631,631.0,False
backward_root:IN:mom:AssemblyIN:SmartXPro_IN,2028-W32,628,628.0,False
backward_root:IN:mom:AssemblyIN:SmartXPro_IN,2028-W33,624,624.0,False
backward_root:IN:mom:AssemblyIN:SmartXPro_IN,2028-W34,620,620.0,False
backward_root:IN:mom:AssemblyIN:SmartXPro_IN,2028-W35,617,617.0,False
backward_root:IN:mom:AssemblyIN:SmartXPro_IN,2028-W36,613,613.0,False
backward_root:IN:mom:AssemblyIN:SmartXPro_IN,2028-W37,609,609.0,False
backward_root:IN:mom:AssemblyIN:SmartXPro_IN,2028-W38,606,606.0,False
backward_root:IN:mom:AssemblyIN:SmartXPro_IN,2028-W39,602,602.0,False
backward_root:IN:mom:AssemblyIN:SmartXPro_IN,2028-W40,598,587.0,False
backward_root:IN:mom:AssemblyIN:SmartXPro_IN,2028-W41,594,11.0,False
backward_root:IN:mom:AssemblyIN:SmartXPro_IN,2028-W42,591,580.0,False
backward_root:IN:mom:AssemblyIN:SmartXPro_IN,2028-W43,587,576.0,False
backward_root:IN:mom:AssemblyIN:SmartXPro_IN,2028-W44,583,572.0,False
backward_root:IN:mom:AssemblyIN:SmartXPro_IN,2028-W45,580,569.0,False
backward_root:IN:mom:AssemblyIN:SmartXPro_IN,2028-W46,576,565.0,False
backward_root:IN:mom:AssemblyIN:SmartXPro_IN,2028-W47,572,561.0,False
backward_root:IN:mom:AssemblyIN:SmartXPro_IN,2028-W48,569,557.0,False
backward_root:IN:mom:AssemblyIN:SmartXPro_IN,2028-W49,565,554.0,False
backward_root:IN:mom:AssemblyIN:SmartXPro_IN,2028-W50,561,544.0,False
backward_root:IN:mom:AssemblyIN:SmartXPro_IN,2028-W51,557,539.0,False
backward_root:IN:mom:AssemblyIN:SmartXPro_IN,2028-W52,554,533.0,False
backward_root:IN:mom:AssemblyIN:SmartXPro_IN,2029-W01,544,528.0,False
backward_root:IN:mom:AssemblyIN:SmartXPro_IN,2029-W02,539,522.0,False
backward_root:IN:mom:AssemblyIN:SmartXPro_IN,2029-W03,533,517.0,False
backward_root:IN:mom:AssemblyIN:SmartXPro_IN,2029-W04,528,511.0,False
backward_root:IN:mom:AssemblyIN:SmartXPro_IN,2029-W05,522,506.0,False
backward_root:IN:mom:AssemblyIN:SmartXPro_IN,2029-W06,517,500.0,False
backward_root:IN:mom:AssemblyIN:SmartXPro_IN,2029-W07,511,494.0,False
backward_root:IN:mom:AssemblyIN:SmartXPro_IN,2029-W08,506,489.0,False
backward_root:IN:mom:AssemblyIN:SmartXPro_IN,2029-W09,500,483.0,False
backward_root:IN:mom:AssemblyIN:SmartXPro_IN,2029-W10,494,478.0,False
backward_root:IN:mom:AssemblyIN:SmartXPro_IN,2029-W11,489,472.0,False
backward_root:IN:mom:AssemblyIN:SmartXPro_IN,2029-W12,483,467.0,False
backward_root:IN:mom:AssemblyIN:SmartXPro_IN,2029-W13,478,461.0,False
backward_root:IN:mom:AssemblyIN:SmartXPro_IN,2029-W14,472,456.0,False
backward_root:IN:mom:AssemblyIN:SmartXPro_IN,2029-W15,467,450.0,False
backward_root:IN:mom:AssemblyIN:SmartXPro_IN,2029-W16,461,444.0,False
backward_root:IN:mom:AssemblyIN:SmartXPro_IN,2029-W17,456,439.0,False
backward_root:IN:mom:AssemblyIN:SmartXPro_IN,2029-W18,450,433.0,False
backward_root:IN:mom:AssemblyIN:SmartXPro_IN,2029-W19,444,428.0,False
backward_root:IN:mom:AssemblyIN:SmartXPro_IN,2029-W20,439,422.0,False
backward_root:IN:mom:AssemblyIN:SmartXPro_IN,2029-W21,433,417.0,False
backward_root:IN:mom:AssemblyIN:SmartXPro_IN,2029-W22,428,411.0,False
backward_root:IN:mom:AssemblyIN:SmartXPro_IN,2029-W23,422,406.0,False
backward_root:IN:mom:AssemblyIN:SmartXPro_IN,2029-W24,417,394.0,False
backward_root:IN:mom:AssemblyIN:SmartXPro_IN,2029-W25,411,411.0,False
backward_root:IN:mom:AssemblyIN:SmartXPro_IN,2029-W26,406,406.0,False
backward_root:IN:mom:AssemblyIN:SmartXPro_IN,2029-W27,394,394.0,False
backward_root:IN:mom:AssemblyIN:SmartXPro_IN,2029-W28,389,389.0,False
backward_root:IN:mom:AssemblyIN:SmartXPro_IN,2029-W29,383,383.0,False
backward_root:IN:mom:AssemblyIN:SmartXPro_IN,2029-W30,378,378.0,False
backward_root:IN:mom:AssemblyIN:SmartXPro_IN,2029-W31,372,372.0,False
backward_root:IN:mom:AssemblyIN:SmartXPro_IN,2029-W32,367,367.0,False
backward_root:IN:mom:AssemblyIN:SmartXPro_IN,2029-W33,361,361.0,False
backward_root:IN:mom:AssemblyIN:SmartXPro_IN,2029-W34,356,356.0,False
backward_root:IN:mom:AssemblyIN:SmartXPro_IN,2029-W35,350,350.0,False
backward_root:IN:mom:AssemblyIN:SmartXPro_IN,2029-W36,344,344.0,False
backward_root:IN:mom:AssemblyIN:SmartXPro_IN,2029-W37,339,339.0,False
backward_root:IN:mom:AssemblyIN:SmartXPro_IN,2029-W38,333,333.0,False
backward_root:IN:mom:AssemblyIN:SmartXPro_IN,2029-W39,328,328.0,False
backward_root:IN:mom:AssemblyIN:SmartXPro_IN,2029-W40,322,322.0,False
backward_root:IN:mom:AssemblyIN:SmartXPro_IN,2029-W41,317,300.0,False
backward_root:IN:mom:AssemblyIN:SmartXPro_IN,2029-W42,311,17.0,False
backward_root:IN:mom:AssemblyIN:SmartXPro_IN,2029-W43,306,289.0,False
backward_root:IN:mom:AssemblyIN:SmartXPro_IN,2029-W44,300,283.0,False
backward_root:IN:mom:AssemblyIN:SmartXPro_IN,2029-W45,294,278.0,False
backward_root:IN:mom:AssemblyIN:SmartXPro_IN,2029-W46,289,272.0,False
backward_root:IN:mom:AssemblyIN:SmartXPro_IN,2029-W47,283,267.0,False
backward_root:IN:mom:AssemblyIN:SmartXPro_IN,2029-W48,278,261.0,False
backward_root:IN:mom:AssemblyIN:SmartXPro_IN,2029-W49,272,256.0,False
backward_root:IN:mom:AssemblyIN:SmartXPro_IN,2029-W50,267,251.0,False
backward_root:IN:mom:AssemblyIN:SmartXPro_IN,2029-W51,261,246.0,False
backward_root:IN:mom:AssemblyIN:SmartXPro_IN,2029-W52,256,241.0,False
backward_root:IN:mom:AssemblyIN:SmartXPro_IN,2030-W01,253,236.0,False
backward_root:IN:mom:AssemblyIN:SmartXPro_IN,2030-W02,250,231.0,False
backward_root:IN:mom:AssemblyIN:SmartXPro_IN,2030-W03,247,226.0,False
backward_root:IN:mom:AssemblyIN:SmartXPro_IN,2030-W04,243,221.0,False
backward_root:IN:mom:AssemblyIN:SmartXPro_IN,2030-W05,240,217.0,False
backward_root:IN:mom:AssemblyIN:SmartXPro_IN,2030-W06,237,212.0,False
backward_root:IN:mom:AssemblyIN:SmartXPro_IN,2030-W07,234,207.0,False
backward_root:IN:mom:AssemblyIN:SmartXPro_IN,2030-W08,230,202.0,False
backward_root:IN:mom:AssemblyIN:SmartXPro_IN,2030-W09,227,197.0,False
backward_root:IN:mom:AssemblyIN:SmartXPro_IN,2030-W10,224,192.0,False
backward_root:IN:mom:AssemblyIN:SmartXPro_IN,2030-W11,221,187.0,False
backward_root:IN:mom:AssemblyIN:SmartXPro_IN,2030-W12,217,182.0,False
backward_root:IN:mom:AssemblyIN:SmartXPro_IN,2030-W13,214,177.0,False
backward_root:IN:mom:AssemblyIN:SmartXPro_IN,2030-W14,211,172.0,False
backward_root:IN:mom:AssemblyIN:SmartXPro_IN,2030-W15,208,167.0,False
backward_root:IN:mom:AssemblyIN:SmartXPro_IN,2030-W16,204,162.0,False
backward_root:IN:mom:AssemblyIN:SmartXPro_IN,2030-W17,201,157.0,False
backward_root:IN:mom:AssemblyIN:SmartXPro_IN,2030-W18,198,153.0,False
backward_root:IN:mom:AssemblyIN:SmartXPro_IN,2030-W19,195,148.0,False
backward_root:IN:mom:AssemblyIN:SmartXPro_IN,2030-W20,192,143.0,False
backward_root:IN:mom:AssemblyIN:SmartXPro_IN,2030-W21,188,138.0,False
backward_root:IN:mom:AssemblyIN:SmartXPro_IN,2030-W22,185,133.0,False
backward_root:IN:mom:AssemblyIN:SmartXPro_IN,2030-W23,182,128.0,False
backward_root:IN:mom:AssemblyIN:SmartXPro_IN,2030-W24,179,123.0,False
backward_root:IN:mom:AssemblyIN:SmartXPro_IN,2030-W25,175,118.0,False
backward_root:IN:mom:AssemblyIN:SmartXPro_IN,2030-W26,172,113.0,False
backward_root:IN:mom:AssemblyIN:SmartXPro_IN,2030-W27,169,108.0,False
backward_root:IN:mom:AssemblyIN:SmartXPro_IN,2030-W28,166,103.0,False
backward_root:IN:mom:AssemblyIN:SmartXPro_IN,2030-W29,162,98.0,False
backward_root:IN:mom:AssemblyIN:SmartXPro_IN,2030-W30,159,94.0,False
backward_root:IN:mom:AssemblyIN:SmartXPro_IN,2030-W31,156,89.0,False
backward_root:IN:mom:AssemblyIN:SmartXPro_IN,2030-W32,153,84.0,False
backward_root:IN:mom:AssemblyIN:SmartXPro_IN,2030-W33,149,79.0,False
backward_root:IN:mom:AssemblyIN:SmartXPro_IN,2030-W34,146,74.0,False
backward_root:IN:mom:AssemblyIN:SmartXPro_IN,2030-W35,143,69.0,False
backward_root:IN:mom:AssemblyIN:SmartXPro_IN,2030-W36,140,64.0,False
backward_root:IN:mom:AssemblyIN:SmartXPro_IN,2030-W37,137,59.0,False
backward_root:IN:mom:AssemblyIN:SmartXPro_IN,2030-W38,133,54.0,False
backward_root:IN:mom:AssemblyIN:SmartXPro_IN,2030-W39,130,49.0,False
backward_root:IN:mom:AssemblyIN:SmartXPro_IN,2030-W40,127,44.0,False
backward_root:IN:mom:AssemblyIN:SmartXPro_IN,2030-W41,124,39.0,False
backward_root:IN:mom:AssemblyIN:SmartXPro_IN,2030-W42,120,34.0,False
backward_root:IN:mom:AssemblyIN:SmartXPro_IN,2030-W43,117,30.0,False
backward_root:IN:mom:AssemblyIN:SmartXPro_IN,2030-W44,114,25.0,False
backward_root:IN:mom:AssemblyIN:SmartXPro_IN,2030-W45,111,20.0,False
backward_root:IN:mom:AssemblyIN:SmartXPro_IN,2030-W46,107,15.0,False
backward_root:IN:mom:AssemblyIN:SmartXPro_IN,2030-W47,104,10.0,False
backward_root:IN:mom:AssemblyIN:SmartXPro_IN,2030-W48,101,5.0,False
backward_root:IN:mom:AssemblyIN:SmartXPro_IN,2030-W49,98,0.0,False
backward_root:IN:mom:AssemblyIN:SmartXPro_IN,2030-W50,94,0.0,False
backward_root:IN:mom:AssemblyIN:SmartXPro_IN,2030-W51,91,0.0,False
backward_root:IN:mom:AssemblyIN:SmartXPro_IN,2030-W52,88,0.0,False
