node_id,lot_id,first_difference_week,legacy_P,identity_P,legacy_ship,identity_ship,market_transition
OUT:leaf_out:BKK:EVmaker_Import,EVmaker_Import:BKK:2026-W02:00001,0,[0],[],[0],[],on_time -> backlog
OUT:leaf_out:BKK:EVmaker_Import,EVmaker_Import:BKK:2026-W02:00002,0,[0],[],[0],[],on_time -> backlog
OUT:leaf_out:BKK:EVmaker_Import,EVmaker_Import:BKK:2026-W02:00003,0,[0],[],[0],[],on_time -> backlog
OUT:leaf_out:BKK:EVmaker_Import,EVmaker_Import:BKK:2026-W02:00004,0,[0],[],[0],[],on_time -> backlog
OUT:leaf_out:BKK:EVmaker_Import,EVmaker_Import:BKK:2026-W02:00005,0,[0],[],[0],[],on_time -> backlog
OUT:leaf_out:BKK:EVmaker_Import,EVmaker_Import:BKK:2026-W02:00006,0,[0],[],[0],[],on_time -> backlog
OUT:leaf_out:BKK:EVmaker_Import,EVmaker_Import:BKK:2026-W02:00007,0,[0],[],[0],[],on_time -> backlog
OUT:leaf_out:BKK:EVmaker_Import,EVmaker_Import:BKK:2026-W02:00008,0,[0],[],[0],[],on_time -> backlog
OUT:leaf_out:BKK:EVmaker_Import,EVmaker_Import:BKK:2026-W02:00009,0,[0],[],[0],[],on_time -> backlog
OUT:leaf_out:BKK:EVmaker_Import,EVmaker_Import:BKK:2026-W02:00010,0,[0],[],[0],[],on_time -> backlog
OUT:leaf_out:BKK:EVmaker_Import,EVmaker_Import:BKK:2026-W02:00011,0,[0],[],[0],[],on_time -> backlog
OUT:leaf_out:BKK:EVmaker_Import,EVmaker_Import:BKK:2026-W02:00012,0,[0],[],[0],[],on_time -> backlog
OUT:leaf_out:BKK:EVmaker_Import,EVmaker_Import:BKK:2026-W02:00013,0,[0],[],[0],[],on_time -> backlog
OUT:leaf_out:BKK:EVmaker_Import,EVmaker_Import:BKK:2026-W02:00014,0,[0],[],[0],[],on_time -> backlog
OUT:leaf_out:BKK:EVmaker_Import,EVmaker_Import:BKK:2026-W02:00015,0,[0],[],[0],[],on_time -> backlog
OUT:leaf_out:BKK:EVmaker_Import,EVmaker_Import:BKK:2026-W02:00016,0,[0],[],[0],[],on_time -> backlog
OUT:leaf_out:BKK:EVmaker_Import,EVmaker_Import:BKK:2026-W02:00017,0,[0],[],[0],[],on_time -> backlog
OUT:leaf_out:BKK:EVmaker_Import,EVmaker_Import:BKK:2026-W02:00018,0,[0],[],[0],[],on_time -> backlog
OUT:leaf_out:BKK:EVmaker_Import,EVmaker_Import:BKK:2026-W02:00019,0,[0],[],[0],[],on_time -> backlog
OUT:leaf_out:BKK:EVmaker_Import,EVmaker_Import:BKK:2026-W02:00020,0,[0],[],[0],[],on_time -> backlog
OUT:leaf_out:BKK:EVmaker_Import,EVmaker_Import:BKK:2026-W02:00021,0,[0],[],[0],[],on_time -> backlog
OUT:leaf_out:BKK:EVmaker_Import,EVmaker_Import:BKK:2026-W02:00022,0,[0],[],[0],[],on_time -> backlog
OUT:leaf_out:BKK:EVmaker_Import,EVmaker_Import:BKK:2026-W02:00023,0,[0],[],[0],[],on_time -> backlog
OUT:leaf_out:BKK:EVmaker_Import,EVmaker_Import:BKK:2026-W02:00024,0,[0],[],[0],[],on_time -> backlog
OUT:leaf_out:BKK:EVmaker_Import,EVmaker_Import:BKK:2026-W02:00025,0,[0],[],[0],[],on_time -> backlog
OUT:leaf_out:BKK:EVmaker_Import,EVmaker_Import:BKK:2026-W02:00026,0,[0],[],[0],[],on_time -> backlog
OUT:leaf_out:BKK:EVmaker_Import,EVmaker_Import:BKK:2026-W02:00027,0,[0],[],[0],[],on_time -> backlog
OUT:leaf_out:BKK:EVmaker_Import,EVmaker_Import:BKK:2026-W02:00028,0,[0],[],[0],[],on_time -> backlog
OUT:leaf_out:BKK:EVmaker_Import,EVmaker_Import:BKK:2026-W02:00029,0,[0],[],[0],[],on_time -> backlog
OUT:leaf_out:BKK:EVmaker_Import,EVmaker_Import:BKK:2026-W02:00030,0,[0],[],[0],[],on_time -> backlog
OUT:leaf_out:BKK:EVmaker_Import,EVmaker_Import:BKK:2026-W02:00031,0,[0],[],[0],[],on_time -> backlog
OUT:leaf_out:BKK:EVmaker_Import,EVmaker_Import:BKK:2026-W02:00032,0,[0],[],[0],[],on_time -> backlog
OUT:leaf_out:BKK:EVmaker_Import,EVmaker_Import:BKK:2026-W02:00033,0,[0],[],[0],[],on_time -> backlog
OUT:leaf_out:BKK:EVmaker_Import,EVmaker_Import:BKK:2026-W02:00034,0,[0],[],[0],[],on_time -> backlog
OUT:leaf_out:BKK:EVmaker_Import,EVmaker_Import:BKK:2026-W02:00035,0,[0],[],[0],[],on_time -> backlog
OUT:leaf_out:BKK:EVmaker_Import,EVmaker_Import:BKK:2026-W02:00036,0,[0],[],[0],[],on_time -> backlog
OUT:leaf_out:BKK:EVmaker_Import,EVmaker_Import:BKK:2026-W02:00037,0,[0],[],[0],[],on_time -> backlog
OUT:leaf_out:BKK:EVmaker_Import,EVmaker_Import:BKK:2026-W02:00038,0,[0],[],[0],[],on_time -> backlog
OUT:leaf_out:BKK:EVmaker_Import,EVmaker_Import:BKK:2026-W02:00039,0,[0],[],[0],[],on_time -> backlog
OUT:leaf_out:BKK:EVmaker_Import,EVmaker_Import:BKK:2026-W02:00040,0,[0],[],[0],[],on_time -> backlog
OUT:leaf_out:BKK:EVmaker_Import,EVmaker_Import:BKK:2026-W02:00041,0,[0],[],[0],[],on_time -> backlog
OUT:leaf_out:BKK:EVmaker_Import,EVmaker_Import:BKK:2026-W02:00042,0,[0],[],[0],[],on_time -> backlog
OUT:leaf_out:BKK:EVmaker_Import,EVmaker_Import:BKK:2026-W02:00043,0,[0],[],[0],[],on_time -> backlog
OUT:leaf_out:BKK:EVmaker_Import,EVmaker_Import:BKK:2026-W02:00044,0,[0],[],[0],[],on_time -> backlog
OUT:leaf_out:BKK:EVmaker_Import,EVmaker_Import:BKK:2026-W02:00045,0,[0],[],[0],[],on_time -> backlog
OUT:leaf_out:BKK:EVmaker_Import,EVmaker_Import:BKK:2026-W02:00046,0,[0],[],[0],[],on_time -> backlog
OUT:leaf_out:BKK:EVmaker_Import,EVmaker_Import:BKK:2026-W02:00047,0,[0],[],[0],[],on_time -> backlog
OUT:leaf_out:BKK:EVmaker_Import,EVmaker_Import:BKK:2026-W02:00048,0,[0],[],[0],[],on_time -> backlog
OUT:leaf_out:BKK:EVmaker_Import,EVmaker_Import:BKK:2026-W02:00049,0,[0],[],[0],[],on_time -> backlog
OUT:leaf_out:BKK:EVmaker_Import,EVmaker_Import:BKK:2026-W02:00050,0,[0],[],[0],[],on_time -> backlog
OUT:leaf_out:BKK:EVmaker_Import,EVmaker_Import:BKK:2026-W02:00051,0,[0],[],[0],[],on_time -> backlog
OUT:leaf_out:BKK:EVmaker_Import,EVmaker_Import:BKK:2026-W02:00052,0,[0],[],[0],[],on_time -> backlog
OUT:leaf_out:BKK:EVmaker_Import,EVmaker_Import:BKK:2026-W02:00053,0,[0],[],[0],[],on_time -> backlog
OUT:leaf_out:BKK:EVmaker_Import,EVmaker_Import:BKK:2026-W02:00054,0,[0],[],[0],[],on_time -> backlog
OUT:leaf_out:BKK:EVmaker_Import,EVmaker_Import:BKK:2026-W02:00055,0,[0],[],[0],[],on_time -> backlog
OUT:leaf_out:BKK:EVmaker_Local,EVmaker_Local:BKK:2026-W02:00001,0,[0],[],[0],[],on_time -> backlog
OUT:leaf_out:BKK:EVmaker_Local,EVmaker_Local:BKK:2026-W02:00002,0,[0],[],[0],[],on_time -> backlog
OUT:leaf_out:BKK:EVmaker_Local,EVmaker_Local:BKK:2026-W02:00003,0,[0],[],[0],[],on_time -> backlog
OUT:leaf_out:BKK:EVmaker_Local,EVmaker_Local:BKK:2026-W02:00004,0,[0],[],[0],[],on_time -> backlog
OUT:leaf_out:BKK:EVmaker_Local,EVmaker_Local:BKK:2026-W02:00005,0,[0],[],[0],[],on_time -> backlog
OUT:leaf_out:BKK:EVmaker_Local,EVmaker_Local:BKK:2026-W02:00006,0,[0],[],[0],[],on_time -> backlog
OUT:leaf_out:BKK:EVmaker_Local,EVmaker_Local:BKK:2026-W02:00007,0,[0],[],[0],[],on_time -> backlog
OUT:leaf_out:BKK:EVmaker_Local,EVmaker_Local:BKK:2026-W02:00008,0,[0],[],[0],[],on_time -> backlog
OUT:leaf_out:BKK:EVmaker_Local,EVmaker_Local:BKK:2026-W02:00009,0,[0],[],[0],[],on_time -> backlog
OUT:leaf_out:BKK:EVmaker_Local,EVmaker_Local:BKK:2026-W02:00010,0,[0],[],[0],[],on_time -> backlog
OUT:leaf_out:BKK:EVmaker_Local,EVmaker_Local:BKK:2026-W02:00011,0,[0],[],[0],[],on_time -> backlog
OUT:leaf_out:BKK:EVmaker_Local,EVmaker_Local:BKK:2026-W02:00012,0,[0],[],[0],[],on_time -> backlog
OUT:leaf_out:BKK:EVmaker_Local,EVmaker_Local:BKK:2026-W02:00013,0,[0],[],[0],[],on_time -> backlog
OUT:leaf_out:BKK:EVmaker_Local,EVmaker_Local:BKK:2026-W02:00014,0,[0],[],[0],[],on_time -> backlog
OUT:leaf_out:BKK:EVmaker_Local,EVmaker_Local:BKK:2026-W02:00015,0,[0],[],[0],[],on_time -> backlog
OUT:leaf_out:BKK:EVmaker_Local,EVmaker_Local:BKK:2026-W02:00016,0,[0],[],[0],[],on_time -> backlog
OUT:leaf_out:BKK:EVmaker_Local,EVmaker_Local:BKK:2026-W02:00017,0,[0],[],[0],[],on_time -> backlog
OUT:leaf_out:BKK:EVmaker_Local,EVmaker_Local:BKK:2026-W02:00018,0,[0],[],[0],[],on_time -> backlog
OUT:leaf_out:BKK:EVmaker_Local,EVmaker_Local:BKK:2026-W02:00019,0,[0],[],[0],[],on_time -> backlog
OUT:leaf_out:BKK:EVmaker_Local,EVmaker_Local:BKK:2026-W02:00020,0,[0],[],[0],[],on_time -> backlog
OUT:leaf_out:BKK:EVmaker_Local,EVmaker_Local:BKK:2026-W02:00021,0,[0],[],[0],[],on_time -> backlog
OUT:leaf_out:BKK:EVmaker_Local,EVmaker_Local:BKK:2026-W02:00022,0,[0],[],[0],[],on_time -> backlog
OUT:leaf_out:BKK:EVmaker_Local,EVmaker_Local:BKK:2026-W02:00023,0,[0],[],[0],[],on_time -> backlog
OUT:leaf_out:BKK:EVmaker_Local,EVmaker_Local:BKK:2026-W02:00024,0,[0],[],[0],[],on_time -> backlog
OUT:leaf_out:BKK:EVmaker_Local,EVmaker_Local:BKK:2026-W02:00025,0,[0],[],[0],[],on_time -> backlog
OUT:leaf_out:BKK:EVmaker_Local,EVmaker_Local:BKK:2026-W02:00026,0,[0],[],[0],[],on_time -> backlog
OUT:leaf_out:BKK:EVmaker_Local,EVmaker_Local:BKK:2026-W02:00027,0,[0],[],[0],[],on_time -> backlog
OUT:leaf_out:BKK:EVmaker_Local,EVmaker_Local:BKK:2026-W02:00028,0,[0],[],[0],[],on_time -> backlog
OUT:leaf_out:BKK:EVmaker_Local,EVmaker_Local:BKK:2026-W02:00029,0,[0],[],[0],[],on_time -> backlog
OUT:leaf_out:BKK:EVmaker_Local,EVmaker_Local:BKK:2026-W02:00030,0,[0],[],[0],[],on_time -> backlog
OUT:leaf_out:BKK:EVmaker_Local,EVmaker_Local:BKK:2026-W02:00031,0,[0],[],[0],[],on_time -> backlog
OUT:leaf_out:BKK:EVmaker_Local,EVmaker_Local:BKK:2026-W02:00032,0,[0],[],[0],[],on_time -> backlog
OUT:leaf_out:BKK:EVmaker_Local,EVmaker_Local:BKK:2026-W02:00033,0,[0],[],[0],[],on_time -> backlog
OUT:leaf_out:BKK:EVmaker_Local,EVmaker_Local:BKK:2026-W02:00034,0,[0],[],[0],[],on_time -> backlog
OUT:leaf_out:BKK:EVmaker_Local,EVmaker_Local:BKK:2026-W02:00035,0,[0],[],[0],[],on_time -> backlog
OUT:leaf_out:BKK:EVmaker_Local,EVmaker_Local:BKK:2026-W02:00036,0,[0],[],[0],[],on_time -> backlog
OUT:leaf_out:BKK:EVmaker_Local,EVmaker_Local:BKK:2026-W02:00037,0,[0],[],[0],[],on_time -> backlog
OUT:leaf_out:BKK:EVmaker_Local,EVmaker_Local:BKK:2026-W02:00038,0,[0],[],[0],[],on_time -> backlog
OUT:leaf_out:BKK:EVmaker_Local,EVmaker_Local:BKK:2026-W02:00039,0,[0],[],[0],[],on_time -> backlog
OUT:leaf_out:BKK:EVmaker_Local,EVmaker_Local:BKK:2026-W02:00040,0,[0],[],[0],[],on_time -> backlog
OUT:leaf_out:BKK:EVmaker_Local,EVmaker_Local:BKK:2026-W02:00041,0,[0],[],[0],[],on_time -> backlog
OUT:leaf_out:BKK:EVmaker_Local,EVmaker_Local:BKK:2026-W02:00042,0,[0],[],[0],[],on_time -> backlog
OUT:leaf_out:BKK:EVmaker_Local,EVmaker_Local:BKK:2026-W02:00043,0,[0],[],[0],[],on_time -> backlog
OUT:leaf_out:BKK:EVmaker_Local,EVmaker_Local:BKK:2026-W02:00044,0,[0],[],[0],[],on_time -> backlog
OUT:leaf_out:BKK:EVmaker_Local,EVmaker_Local:BKK:2026-W02:00045,0,[0],[],[0],[],on_time -> backlog
OUT:leaf_out:BKK:EVmaker_Local,EVmaker_Local:BKK:2026-W02:00046,0,[0],[],[0],[],on_time -> backlog
OUT:leaf_out:BKK:EVmaker_Local,EVmaker_Local:BKK:2026-W02:00047,0,[0],[],[0],[],on_time -> backlog
OUT:leaf_out:BKK:EVmaker_Local,EVmaker_Local:BKK:2026-W02:00048,0,[0],[],[0],[],on_time -> backlog
OUT:leaf_out:BKK:EVmaker_Local,EVmaker_Local:BKK:2026-W02:00049,0,[0],[],[0],[],on_time -> backlog
OUT:leaf_out:BKK:EVmaker_Local,EVmaker_Local:BKK:2026-W02:00050,0,[0],[],[0],[],on_time -> backlog
OUT:leaf_out:BKK:EVmaker_Local,EVmaker_Local:BKK:2026-W02:00051,0,[0],[],[0],[],on_time -> backlog
OUT:leaf_out:BKK:EVmaker_Local,EVmaker_Local:BKK:2026-W02:00052,0,[0],[],[0],[],on_time -> backlog
OUT:leaf_out:BKK:EVmaker_Local,EVmaker_Local:BKK:2026-W02:00053,0,[0],[],[0],[],on_time -> backlog
OUT:leaf_out:BKK:EVmaker_Local,EVmaker_Local:BKK:2026-W02:00054,0,[0],[],[0],[],on_time -> backlog
OUT:leaf_out:BKK:EVmaker_Local,EVmaker_Local:BKK:2026-W02:00055,0,[0],[],[0],[],on_time -> backlog
OUT:leaf_out:BKK:EVmaker_Local,EVmaker_Local:BKK:2026-W02:00056,0,[0],[],[0],[],on_time -> backlog
OUT:leaf_out:BKK:EVmaker_Local,EVmaker_Local:BKK:2026-W02:00057,0,[0],[],[0],[],on_time -> backlog
OUT:leaf_out:BKK:EVmaker_Local,EVmaker_Local:BKK:2026-W02:00058,0,[0],[],[0],[],on_time -> backlog
OUT:leaf_out:BKK:EVmaker_Local,EVmaker_Local:BKK:2026-W02:00059,0,[0],[],[0],[],on_time -> backlog
OUT:leaf_out:BKK:EVmaker_Local,EVmaker_Local:BKK:2026-W02:00060,0,[0],[],[0],[],on_time -> backlog
OUT:leaf_out:BKK:EVmaker_Local,EVmaker_Local:BKK:2026-W02:00061,0,[0],[],[0],[],on_time -> backlog
OUT:leaf_out:BKK:EVmaker_Local,EVmaker_Local:BKK:2026-W02:00062,0,[0],[],[0],[],on_time -> backlog
OUT:leaf_out:BKK:EVmaker_Local,EVmaker_Local:BKK:2026-W02:00063,0,[0],[],[0],[],on_time -> backlog
OUT:leaf_out:BKK:EVmaker_Local,EVmaker_Local:BKK:2026-W02:00064,0,[0],[],[0],[],on_time -> backlog
OUT:leaf_out:BKK:EVmaker_Local,EVmaker_Local:BKK:2026-W02:00065,0,[0],[],[0],[],on_time -> backlog
OUT:leaf_out:BKK:EVmaker_Local,EVmaker_Local:BKK:2026-W02:00066,0,[0],[],[0],[],on_time -> backlog
OUT:leaf_out:BKK:EVmaker_Local,EVmaker_Local:BKK:2026-W02:00067,0,[0],[],[0],[],on_time -> backlog
OUT:leaf_out:BKK:EVmaker_Local,EVmaker_Local:BKK:2026-W02:00068,0,[0],[],[0],[],on_time -> backlog
OUT:leaf_out:BKK:EVmaker_Local,EVmaker_Local:BKK:2026-W02:00069,0,[0],[],[0],[],on_time -> backlog
OUT:leaf_out:BKK:EVmaker_Local,EVmaker_Local:BKK:2026-W02:00070,0,[0],[],[0],[],on_time -> backlog
OUT:leaf_out:BKK:EVmaker_Local,EVmaker_Local:BKK:2026-W02:00071,0,[0],[],[0],[],on_time -> backlog
OUT:leaf_out:BKK:EVmaker_Local,EVmaker_Local:BKK:2026-W02:00072,0,[0],[],[0],[],on_time -> backlog
OUT:leaf_out:BKK:EVmaker_Local,EVmaker_Local:BKK:2026-W02:00073,0,[0],[],[0],[],on_time -> backlog
OUT:leaf_out:BKK:EVmaker_Local,EVmaker_Local:BKK:2026-W02:00074,0,[0],[],[0],[],on_time -> backlog
OUT:leaf_out:BKK:EVmaker_Local,EVmaker_Local:BKK:2026-W02:00075,0,[0],[],[0],[],on_time -> backlog
OUT:leaf_out:BKK:EVmaker_Local,EVmaker_Local:BKK:2026-W02:00076,0,[0],[],[0],[],on_time -> backlog
OUT:leaf_out:BKK:EVmaker_Local,EVmaker_Local:BKK:2026-W02:00077,0,[0],[],[0],[],on_time -> backlog
OUT:leaf_out:BKK:EVmaker_Local,EVmaker_Local:BKK:2026-W02:00078,0,[0],[],[0],[],on_time -> backlog
OUT:leaf_out:BKK:EVmaker_Local,EVmaker_Local:BKK:2026-W02:00079,0,[0],[],[0],[],on_time -> backlog
OUT:leaf_out:BKK:EVmaker_Local,EVmaker_Local:BKK:2026-W02:00080,0,[0],[],[0],[],on_time -> backlog
OUT:leaf_out:BKK:EVmaker_Local,EVmaker_Local:BKK:2026-W02:00081,0,[0],[],[0],[],on_time -> backlog
OUT:leaf_out:BKK:EVmaker_Local,EVmaker_Local:BKK:2026-W02:00082,0,[0],[],[0],[],on_time -> backlog
OUT:leaf_out:BKK:EVmaker_Local,EVmaker_Local:BKK:2026-W02:00083,0,[0],[],[0],[],on_time -> backlog
OUT:leaf_out:BKK:EVmaker_Local,EVmaker_Local:BKK:2026-W02:00084,0,[0],[],[0],[],on_time -> backlog
OUT:leaf_out:BKK:EVmaker_Local,EVmaker_Local:BKK:2026-W02:00085,0,[0],[],[0],[],on_time -> backlog
OUT:leaf_out:BKK:EVmaker_Local,EVmaker_Local:BKK:2026-W02:00086,0,[0],[],[0],[],on_time -> backlog
OUT:leaf_out:BKK:EVmaker_Local,EVmaker_Local:BKK:2026-W02:00087,0,[0],[],[0],[],on_time -> backlog
OUT:leaf_out:BKK:EVmaker_Local,EVmaker_Local:BKK:2026-W02:00088,0,[0],[],[0],[],on_time -> backlog
OUT:leaf_out:BKK:EVmaker_Local,EVmaker_Local:BKK:2026-W02:00089,0,[0],[],[0],[],on_time -> backlog
OUT:leaf_out:BKK:EVmaker_Local,EVmaker_Local:BKK:2026-W02:00090,0,[0],[],[0],[],on_time -> backlog
OUT:leaf_out:BKK:EVmaker_Local,EVmaker_Local:BKK:2026-W02:00091,0,[0],[],[0],[],on_time -> backlog
OUT:leaf_out:BKK:EVmaker_Local,EVmaker_Local:BKK:2026-W02:00092,0,[0],[],[0],[],on_time -> backlog
OUT:leaf_out:BKK:EVmaker_Local,EVmaker_Local:BKK:2026-W02:00093,0,[0],[],[0],[],on_time -> backlog
OUT:leaf_out:BKK:EVmaker_Local,EVmaker_Local:BKK:2026-W02:00094,0,[0],[],[0],[],on_time -> backlog
OUT:leaf_out:BKK:EVmaker_Local,EVmaker_Local:BKK:2026-W02:00095,0,[0],[],[0],[],on_time -> backlog
OUT:leaf_out:BKK:EVmaker_Local,EVmaker_Local:BKK:2026-W02:00096,0,[0],[],[0],[],on_time -> backlog
OUT:leaf_out:BKK:EVmaker_Local,EVmaker_Local:BKK:2026-W02:00097,0,[0],[],[0],[],on_time -> backlog
OUT:leaf_out:BKK:EVmaker_Local,EVmaker_Local:BKK:2026-W02:00098,0,[0],[],[0],[],on_time -> backlog
OUT:leaf_out:BKK:EVmaker_Local,EVmaker_Local:BKK:2026-W02:00099,0,[0],[],[0],[],on_time -> backlog
OUT:leaf_out:BKK:EVmaker_Local,EVmaker_Local:BKK:2026-W02:00100,0,[0],[],[0],[],on_time -> backlog
OUT:leaf_out:BKK:EVmaker_Local,EVmaker_Local:BKK:2026-W02:00101,0,[0],[],[0],[],on_time -> backlog
OUT:leaf_out:BKK:EVmaker_Local,EVmaker_Local:BKK:2026-W02:00102,0,[0],[],[0],[],on_time -> backlog
OUT:leaf_out:BKK:EVmaker_Local,EVmaker_Local:BKK:2026-W02:00103,0,[0],[],[0],[],on_time -> backlog
OUT:leaf_out:BKK:EVmaker_Local,EVmaker_Local:BKK:2026-W02:00104,0,[0],[],[0],[],on_time -> backlog
OUT:leaf_out:BKK:EVmaker_Local,EVmaker_Local:BKK:2026-W02:00105,0,[0],[],[0],[],on_time -> backlog
OUT:leaf_out:BKK:EVmaker_Local,EVmaker_Local:BKK:2026-W02:00106,0,[0],[],[0],[],on_time -> backlog
OUT:leaf_out:BKK:EVmaker_Local,EVmaker_Local:BKK:2026-W02:00107,0,[0],[],[0],[],on_time -> backlog
OUT:leaf_out:BKK:EVmaker_Local,EVmaker_Local:BKK:2026-W02:00108,0,[0],[],[0],[],on_time -> backlog
OUT:leaf_out:BKK:EVmaker_Local,EVmaker_Local:BKK:2026-W02:00109,0,[0],[],[0],[],on_time -> backlog
OUT:leaf_out:BKK:EVmaker_Local,EVmaker_Local:BKK:2026-W02:00110,0,[0],[],[0],[],on_time -> backlog
OUT:leaf_out:BKK:EVmaker_Local,EVmaker_Local:BKK:2026-W02:00111,0,[0],[],[0],[],on_time -> backlog
OUT:leaf_out:BKK:EVmaker_Local,EVmaker_Local:BKK:2026-W02:00112,0,[0],[],[0],[],on_time -> backlog
OUT:leaf_out:BKK:EVmaker_Local,EVmaker_Local:BKK:2026-W02:00113,0,[0],[],[0],[],on_time -> backlog
OUT:leaf_out:BKK:EVmaker_Local,EVmaker_Local:BKK:2026-W02:00114,0,[0],[],[0],[],on_time -> backlog
OUT:leaf_out:BKK:EVmaker_Local,EVmaker_Local:BKK:2026-W02:00115,0,[0],[],[0],[],on_time -> backlog
OUT:leaf_out:BKK:EVmaker_Local,EVmaker_Local:BKK:2026-W02:00116,0,[0],[],[0],[],on_time -> backlog
OUT:leaf_out:BKK:EVmaker_Local,EVmaker_Local:BKK:2026-W02:00117,0,[0],[],[0],[],on_time -> backlog
OUT:leaf_out:BKK:EVmaker_Local,EVmaker_Local:BKK:2026-W02:00118,0,[0],[],[0],[],on_time -> backlog
OUT:leaf_out:BKK:EVmaker_Local,EVmaker_Local:BKK:2026-W02:00119,0,[0],[],[0],[],on_time -> backlog
OUT:leaf_out:BKK:EVmaker_Local,EVmaker_Local:BKK:2026-W02:00120,0,[0],[],[0],[],on_time -> backlog
OUT:leaf_out:BKK:EVmaker_Local,EVmaker_Local:BKK:2026-W02:00121,0,[0],[],[0],[],on_time -> backlog
OUT:leaf_out:BKK:EVmaker_Local,EVmaker_Local:BKK:2026-W02:00122,0,[0],[],[0],[],on_time -> backlog
OUT:leaf_out:BKK:EVmaker_Local,EVmaker_Local:BKK:2026-W02:00123,0,[0],[],[0],[],on_time -> backlog
OUT:leaf_out:BKK:EVmaker_Local,EVmaker_Local:BKK:2026-W02:00124,0,[0],[],[0],[],on_time -> backlog
OUT:leaf_out:BKK:EVmaker_Local,EVmaker_Local:BKK:2026-W02:00125,0,[0],[],[0],[],on_time -> backlog
OUT:leaf_out:BKK:EVmaker_Local,EVmaker_Local:BKK:2026-W02:00126,0,[0],[],[0],[],on_time -> backlog
OUT:leaf_out:BKK:EVmaker_Local,EVmaker_Local:BKK:2026-W02:00127,0,[0],[],[0],[],on_time -> backlog
OUT:leaf_out:BKK:EVmaker_Local,EVmaker_Local:BKK:2026-W02:00128,0,[0],[],[0],[],on_time -> backlog
OUT:leaf_out:BKK:EVmaker_Local,EVmaker_Local:BKK:2026-W02:00129,0,[0],[],[0],[],on_time -> backlog
OUT:leaf_out:BKK:EVmaker_Local,EVmaker_Local:BKK:2026-W02:00130,0,[0],[],[0],[],on_time -> backlog
OUT:leaf_out:BKK:EVmaker_Local,EVmaker_Local:BKK:2026-W02:00131,0,[0],[],[0],[],on_time -> backlog
OUT:leaf_out:BKK:EVmaker_Local,EVmaker_Local:BKK:2026-W02:00132,0,[0],[],[0],[],on_time -> backlog
OUT:leaf_out:BKK:EVmaker_Local,EVmaker_Local:BKK:2026-W02:00133,0,[0],[],[0],[],on_time -> backlog
OUT:leaf_out:BKK:EVmaker_Local,EVmaker_Local:BKK:2026-W02:00134,0,[0],[],[0],[],on_time -> backlog
OUT:leaf_out:BKK:EVmaker_Local,EVmaker_Local:BKK:2026-W02:00135,0,[0],[],[0],[],on_time -> backlog
OUT:leaf_out:BKK:EVmaker_Local,EVmaker_Local:BKK:2026-W02:00136,0,[0],[],[0],[],on_time -> backlog
OUT:leaf_out:BKK:EVmaker_Local,EVmaker_Local:BKK:2026-W02:00137,0,[0],[],[0],[],on_time -> backlog
OUT:leaf_out:BKK:EVmaker_Local,EVmaker_Local:BKK:2026-W02:00138,0,[0],[],[0],[],on_time -> backlog
OUT:leaf_out:BKK:EVmaker_Local,EVmaker_Local:BKK:2026-W02:00139,0,[0],[],[0],[],on_time -> backlog
OUT:leaf_out:BKK:EVmaker_Local,EVmaker_Local:BKK:2026-W02:00140,0,[0],[],[0],[],on_time -> backlog
OUT:leaf_out:BKK:EVmaker_Local,EVmaker_Local:BKK:2026-W02:00141,0,[0],[],[0],[],on_time -> backlog
OUT:leaf_out:BKK:EVmaker_Local,EVmaker_Local:BKK:2026-W02:00142,0,[0],[],[0],[],on_time -> backlog
OUT:leaf_out:BKK:EVmaker_Local,EVmaker_Local:BKK:2026-W02:00143,0,[0],[],[0],[],on_time -> backlog
OUT:leaf_out:BKK:EVmaker_Local,EVmaker_Local:BKK:2026-W02:00144,0,[0],[],[0],[],on_time -> backlog
OUT:leaf_out:BKK:EVmaker_Local,EVmaker_Local:BKK:2026-W02:00145,0,[0],[],[0],[],on_time -> backlog
OUT:leaf_out:BKK:EVmaker_Local,EVmaker_Local:BKK:2026-W02:00146,0,[0],[],[0],[],on_time -> backlog
OUT:leaf_out:BKK:EVmaker_Local,EVmaker_Local:BKK:2026-W02:00147,0,[0],[],[0],[],on_time -> backlog
OUT:leaf_out:BKK:EVmaker_Local,EVmaker_Local:BKK:2026-W02:00148,0,[0],[],[0],[],on_time -> backlog
OUT:leaf_out:BKK:EVmaker_Local,EVmaker_Local:BKK:2026-W02:00149,0,[0],[],[0],[],on_time -> backlog
OUT:leaf_out:BKK:EVmaker_Local,EVmaker_Local:BKK:2026-W02:00150,0,[0],[],[0],[],on_time -> backlog
OUT:leaf_out:BKK:EVmaker_Local,EVmaker_Local:BKK:2026-W02:00151,0,[0],[],[0],[],on_time -> backlog
OUT:leaf_out:BKK:EVmaker_Local,EVmaker_Local:BKK:2026-W02:00152,0,[0],[],[0],[],on_time -> backlog
OUT:leaf_out:BKK:EVmaker_Local,EVmaker_Local:BKK:2026-W02:00153,0,[0],[],[0],[],on_time -> backlog
OUT:leaf_out:BKK:EVmaker_Local,EVmaker_Local:BKK:2026-W02:00154,0,[0],[],[0],[],on_time -> backlog
OUT:leaf_out:BKK:EVmaker_Local,EVmaker_Local:BKK:2026-W02:00155,0,[0],[],[0],[],on_time -> backlog
OUT:leaf_out:BKK:EVmaker_Local,EVmaker_Local:BKK:2026-W02:00156,0,[0],[],[0],[],on_time -> backlog
OUT:leaf_out:BKK:EVmaker_Local,EVmaker_Local:BKK:2026-W02:00157,0,[0],[],[0],[],on_time -> backlog
OUT:leaf_out:BKK:EVmaker_Local,EVmaker_Local:BKK:2026-W02:00158,0,[0],[],[0],[],on_time -> backlog
OUT:leaf_out:BKK:EVmaker_Local,EVmaker_Local:BKK:2026-W02:00159,0,[0],[],[0],[],on_time -> backlog
OUT:leaf_out:BKK:EVmaker_Local,EVmaker_Local:BKK:2026-W02:00160,0,[0],[],[0],[],on_time -> backlog
OUT:leaf_out:BKK:EVmaker_Local,EVmaker_Local:BKK:2026-W02:00161,0,[0],[],[0],[],on_time -> backlog
OUT:leaf_out:BKK:EVmaker_Local,EVmaker_Local:BKK:2026-W02:00162,0,[0],[],[0],[],on_time -> backlog
OUT:leaf_out:BKK:EVmaker_Local,EVmaker_Local:BKK:2026-W02:00163,0,[0],[],[0],[],on_time -> backlog
OUT:leaf_out:BKK:EVmaker_Local,EVmaker_Local:BKK:2026-W02:00164,0,[0],[],[0],[],on_time -> backlog
OUT:leaf_out:BKK:EVmaker_Local,EVmaker_Local:BKK:2026-W02:00165,0,[0],[],[0],[],on_time -> backlog
OUT:leaf_out:BKK:EVmaker_Local,EVmaker_Local:BKK:2026-W02:00166,0,[0],[],[0],[],on_time -> backlog
OUT:leaf_out:BKK:EVmaker_Local,EVmaker_Local:BKK:2026-W02:00167,0,[0],[],[0],[],on_time -> backlog
OUT:leaf_out:BKK:EVmaker_Local,EVmaker_Local:BKK:2026-W02:00168,0,[0],[],[0],[],on_time -> backlog
OUT:leaf_out:BKK:EVmaker_Local,EVmaker_Local:BKK:2026-W02:00169,0,[0],[],[0],[],on_time -> backlog
OUT:leaf_out:BKK:EVmaker_Local,EVmaker_Local:BKK:2026-W02:00170,0,[0],[],[0],[],on_time -> backlog
OUT:leaf_out:BKK:EVmaker_Local,EVmaker_Local:BKK:2026-W02:00171,0,[0],[],[0],[],on_time -> backlog
OUT:leaf_out:BKK:EVmaker_Local,EVmaker_Local:BKK:2026-W02:00172,0,[0],[],[0],[],on_time -> backlog
OUT:leaf_out:BKK:EVmaker_Local,EVmaker_Local:BKK:2026-W02:00173,0,[0],[],[0],[],on_time -> backlog
OUT:leaf_out:BKK:EVmaker_Local,EVmaker_Local:BKK:2026-W02:00174,0,[0],[],[0],[],on_time -> backlog
OUT:leaf_out:BKK:EVmaker_Local,EVmaker_Local:BKK:2026-W02:00175,0,[0],[],[0],[],on_time -> backlog
OUT:leaf_out:BKK:EVmaker_Local,EVmaker_Local:BKK:2026-W02:00176,0,[0],[],[0],[],on_time -> backlog
OUT:leaf_out:BKK:EVmaker_Local,EVmaker_Local:BKK:2026-W02:00177,0,[0],[],[0],[],on_time -> backlog
OUT:leaf_out:BKK:EVmaker_Local,EVmaker_Local:BKK:2026-W02:00178,0,[0],[],[0],[],on_time -> backlog
OUT:leaf_out:BKK:EVmaker_Local,EVmaker_Local:BKK:2026-W02:00179,0,[0],[],[0],[],on_time -> backlog
OUT:leaf_out:BKK:EVmaker_Local,EVmaker_Local:BKK:2026-W02:00180,0,[0],[],[0],[],on_time -> backlog
OUT:leaf_out:BKK:EVmaker_Local,EVmaker_Local:BKK:2026-W02:00181,0,[0],[],[0],[],on_time -> backlog
OUT:leaf_out:BKK:EVmaker_Local,EVmaker_Local:BKK:2026-W02:00182,0,[0],[],[0],[],on_time -> backlog
OUT:leaf_out:BKK:EVmaker_Local,EVmaker_Local:BKK:2026-W02:00183,0,[0],[],[0],[],on_time -> backlog
OUT:leaf_out:BKK:EVmaker_Local,EVmaker_Local:BKK:2026-W02:00184,0,[0],[],[0],[],on_time -> backlog
OUT:leaf_out:BKK:EVmaker_Local,EVmaker_Local:BKK:2026-W02:00185,0,[0],[],[0],[],on_time -> backlog
OUT:leaf_out:BKK:EVmaker_Local,EVmaker_Local:BKK:2026-W02:00186,0,[0],[],[0],[],on_time -> backlog
OUT:leaf_out:BKK:EVmaker_Local,EVmaker_Local:BKK:2026-W02:00187,0,[0],[],[0],[],on_time -> backlog
OUT:leaf_out:BKK:EVmaker_Local,EVmaker_Local:BKK:2026-W02:00188,0,[0],[],[0],[],on_time -> backlog
OUT:leaf_out:BKK:EVmaker_Local,EVmaker_Local:BKK:2026-W02:00189,0,[0],[],[0],[],on_time -> backlog
OUT:leaf_out:BKK:EVmaker_Local,EVmaker_Local:BKK:2026-W02:00190,0,[0],[],[0],[],on_time -> backlog
OUT:leaf_out:BKK:EVmaker_Local,EVmaker_Local:BKK:2026-W02:00191,0,[0],[],[0],[],on_time -> backlog
OUT:leaf_out:BKK:EVmaker_Local,EVmaker_Local:BKK:2026-W02:00192,0,[0],[],[0],[],on_time -> backlog
OUT:leaf_out:BKK:EVmaker_Local,EVmaker_Local:BKK:2026-W02:00193,0,[0],[],[0],[],on_time -> backlog
OUT:leaf_out:BKK:EVmaker_Local,EVmaker_Local:BKK:2026-W02:00194,0,[0],[],[0],[],on_time -> backlog
OUT:leaf_out:BKK:EVmaker_Local,EVmaker_Local:BKK:2026-W02:00195,0,[0],[],[0],[],on_time -> backlog
OUT:leaf_out:BKK:EVmaker_Local,EVmaker_Local:BKK:2026-W02:00196,0,[0],[],[0],[],on_time -> backlog
OUT:leaf_out:BKK:EVmaker_Local,EVmaker_Local:BKK:2026-W02:00197,0,[0],[],[0],[],on_time -> backlog
OUT:leaf_out:BKK:EVmaker_Local,EVmaker_Local:BKK:2026-W02:00198,0,[0],[],[0],[],on_time -> backlog
OUT:leaf_out:BKK:EVmaker_Local,EVmaker_Local:BKK:2026-W02:00199,0,[0],[],[0],[],on_time -> backlog
OUT:leaf_out:BKK:EVmaker_Local,EVmaker_Local:BKK:2026-W02:00200,0,[0],[],[0],[],on_time -> backlog
OUT:leaf_out:BKK:EVmaker_Local,EVmaker_Local:BKK:2026-W02:00201,0,[0],[],[0],[],on_time -> backlog
OUT:leaf_out:BKK:EVmaker_Local,EVmaker_Local:BKK:2026-W02:00202,0,[0],[],[0],[],on_time -> backlog
OUT:leaf_out:BKK:EVmaker_Local,EVmaker_Local:BKK:2026-W02:00203,0,[0],[],[0],[],on_time -> backlog
OUT:leaf_out:BKK:EVmaker_Local,EVmaker_Local:BKK:2026-W02:00204,0,[0],[],[0],[],on_time -> backlog
OUT:leaf_out:BKK:EVmaker_Local,EVmaker_Local:BKK:2026-W02:00205,0,[0],[],[0],[],on_time -> backlog
OUT:leaf_out:BKK:EVmaker_Local,EVmaker_Local:BKK:2026-W02:00206,0,[0],[],[0],[],on_time -> backlog
OUT:leaf_out:BKK:EVmaker_Local,EVmaker_Local:BKK:2026-W02:00207,0,[0],[],[0],[],on_time -> backlog
OUT:leaf_out:BKK:EVmaker_Local,EVmaker_Local:BKK:2026-W02:00208,0,[0],[],[0],[],on_time -> backlog
OUT:leaf_out:BKK:EVmaker_Local,EVmaker_Local:BKK:2026-W02:00209,0,[0],[],[0],[],on_time -> backlog
OUT:leaf_out:BKK:EVmaker_Local,EVmaker_Local:BKK:2026-W02:00210,0,[0],[],[0],[],on_time -> backlog
OUT:leaf_out:BKK:EVmaker_Local,EVmaker_Local:BKK:2026-W02:00211,0,[0],[],[0],[],on_time -> backlog
OUT:leaf_out:BKK:EVmaker_Local,EVmaker_Local:BKK:2026-W02:00212,0,[0],[],[0],[],on_time -> backlog
OUT:leaf_out:BKK:EVmaker_Local,EVmaker_Local:BKK:2026-W02:00213,0,[0],[],[0],[],on_time -> backlog
OUT:leaf_out:BKK:EVmaker_Local,EVmaker_Local:BKK:2026-W02:00214,0,[0],[],[0],[],on_time -> backlog
OUT:leaf_out:BKK:EVmaker_Local,EVmaker_Local:BKK:2026-W02:00215,0,[0],[],[0],[],on_time -> backlog
OUT:leaf_out:BKK:EVmaker_Local,EVmaker_Local:BKK:2026-W02:00216,0,[0],[],[0],[],on_time -> backlog
OUT:leaf_out:BKK:EVmaker_Local,EVmaker_Local:BKK:2026-W02:00217,0,[0],[],[0],[],on_time -> backlog
OUT:leaf_out:BKK:EVmaker_Local,EVmaker_Local:BKK:2026-W02:00218,0,[0],[],[0],[],on_time -> backlog
OUT:leaf_out:BKK:EVmaker_Local,EVmaker_Local:BKK:2026-W02:00219,0,[0],[],[0],[],on_time -> backlog
OUT:leaf_out:BKK:EVmaker_Local,EVmaker_Local:BKK:2026-W02:00220,0,[0],[],[0],[],on_time -> backlog
OUT:leaf_out:BKK:EVmaker_Local,EVmaker_Local:BKK:2026-W02:00221,0,[0],[],[0],[],on_time -> backlog
OUT:leaf_out:BKK:EVmaker_Local,EVmaker_Local:BKK:2026-W02:00222,0,[0],[],[0],[],on_time -> backlog
OUT:leaf_out:BKK:EVmaker_Local,EVmaker_Local:BKK:2026-W02:00223,0,[0],[],[0],[],on_time -> backlog
OUT:leaf_out:BKK:EVmaker_Local,EVmaker_Local:BKK:2026-W02:00224,0,[0],[],[0],[],on_time -> backlog
OUT:leaf_out:BKK:EVmaker_Local,EVmaker_Local:BKK:2026-W02:00225,0,[0],[],[0],[],on_time -> backlog
OUT:leaf_out:BKK:EVmaker_Local,EVmaker_Local:BKK:2026-W02:00226,0,[0],[],[0],[],on_time -> backlog
OUT:leaf_out:BKK:EVmaker_Local,EVmaker_Local:BKK:2026-W02:00227,0,[0],[],[0],[],on_time -> backlog
OUT:leaf_out:BKK:EVmaker_Local,EVmaker_Local:BKK:2026-W02:00228,0,[0],[],[0],[],on_time -> backlog
OUT:leaf_out:BKK:EVmaker_Local,EVmaker_Local:BKK:2026-W02:00229,0,[0],[],[0],[],on_time -> backlog
OUT:leaf_out:BKK:EVmaker_Local,EVmaker_Local:BKK:2026-W02:00230,0,[0],[],[0],[],on_time -> backlog
OUT:leaf_out:BKK:EVmaker_Local,EVmaker_Local:BKK:2026-W02:00231,0,[0],[],[0],[],on_time -> backlog
OUT:leaf_out:BKK:EVmaker_Local,EVmaker_Local:BKK:2026-W02:00232,0,[0],[],[0],[],on_time -> backlog
OUT:leaf_out:BKK:EVmaker_Local,EVmaker_Local:BKK:2026-W02:00233,0,[0],[],[0],[],on_time -> backlog
OUT:leaf_out:BKK:EVmaker_Local,EVmaker_Local:BKK:2026-W02:00234,0,[0],[],[0],[],on_time -> backlog
OUT:leaf_out:BKK:EVmaker_Local,EVmaker_Local:BKK:2026-W02:00235,0,[0],[],[0],[],on_time -> backlog
OUT:leaf_out:BKK:EVmaker_Local,EVmaker_Local:BKK:2026-W02:00236,0,[0],[],[0],[],on_time -> backlog
OUT:leaf_out:BKK:EVmaker_Local,EVmaker_Local:BKK:2026-W02:00237,0,[0],[],[0],[],on_time -> backlog
OUT:leaf_out:BKK:EVmaker_Local,EVmaker_Local:BKK:2026-W02:00238,0,[0],[],[0],[],on_time -> backlog
OUT:leaf_out:BKK:EVmaker_Local,EVmaker_Local:BKK:2026-W02:00239,0,[0],[],[0],[],on_time -> backlog
OUT:leaf_out:BKK:EVmaker_Local,EVmaker_Local:BKK:2026-W02:00240,0,[0],[],[0],[],on_time -> backlog
OUT:leaf_out:BKK:EVmaker_Local,EVmaker_Local:BKK:2026-W02:00241,0,[0],[],[0],[],on_time -> backlog
OUT:leaf_out:BKK:EVmaker_Local,EVmaker_Local:BKK:2026-W02:00242,0,[0],[],[0],[],on_time -> backlog
OUT:leaf_out:BKK:EVmaker_Local,EVmaker_Local:BKK:2026-W02:00243,0,[0],[],[0],[],on_time -> backlog
OUT:leaf_out:BKK:EVmaker_Local,EVmaker_Local:BKK:2026-W02:00244,0,[0],[],[0],[],on_time -> backlog
OUT:leaf_out:BKK:EVmaker_Local,EVmaker_Local:BKK:2026-W02:00245,0,[0],[],[0],[],on_time -> backlog
OUT:leaf_out:BKK:EVmaker_Local,EVmaker_Local:BKK:2026-W02:00246,0,[0],[],[0],[],on_time -> backlog
OUT:leaf_out:BKK:EVmaker_Local,EVmaker_Local:BKK:2026-W02:00247,0,[0],[],[0],[],on_time -> backlog
OUT:leaf_out:BKK:EVmaker_Local,EVmaker_Local:BKK:2026-W02:00248,0,[0],[],[0],[],on_time -> backlog
OUT:leaf_out:BKK:EVmaker_Local,EVmaker_Local:BKK:2026-W02:00249,0,[0],[],[0],[],on_time -> backlog
OUT:leaf_out:BKK:EVmaker_Local,EVmaker_Local:BKK:2026-W02:00250,0,[0],[],[0],[],on_time -> backlog
OUT:leaf_out:BKK:EVmaker_Local,EVmaker_Local:BKK:2026-W02:00251,0,[0],[],[0],[],on_time -> backlog
OUT:leaf_out:BKK:EVmaker_Local,EVmaker_Local:BKK:2026-W02:00252,0,[0],[],[0],[],on_time -> backlog
OUT:leaf_out:BKK:EVmaker_Local,EVmaker_Local:BKK:2026-W02:00253,0,[0],[],[0],[],on_time -> backlog
OUT:leaf_out:BKK:EVmaker_Local,EVmaker_Local:BKK:2026-W02:00254,0,[0],[],[0],[],on_time -> backlog
OUT:leaf_out:BKK:EVmaker_Local,EVmaker_Local:BKK:2026-W02:00255,0,[0],[],[0],[],on_time -> backlog
OUT:leaf_out:BKK:EVmaker_Local,EVmaker_Local:BKK:2026-W02:00256,0,[0],[],[0],[],on_time -> backlog
OUT:leaf_out:BKK:EVmaker_Local,EVmaker_Local:BKK:2026-W02:00257,0,[0],[],[0],[],on_time -> backlog
OUT:leaf_out:BKK:EVmaker_Local,EVmaker_Local:BKK:2026-W02:00258,0,[0],[],[0],[],on_time -> backlog
OUT:leaf_out:BKK:EVmaker_Local,EVmaker_Local:BKK:2026-W02:00259,0,[0],[],[0],[],on_time -> backlog
OUT:leaf_out:BKK:EVmaker_Local,EVmaker_Local:BKK:2026-W02:00260,0,[0],[],[0],[],on_time -> backlog
OUT:leaf_out:BKK:EVmaker_Local,EVmaker_Local:BKK:2026-W02:00261,0,[0],[],[0],[],on_time -> backlog
OUT:leaf_out:BKK:EVmaker_Local,EVmaker_Local:BKK:2026-W02:00262,0,[0],[],[0],[],on_time -> backlog
OUT:leaf_out:BKK:EVmaker_Local,EVmaker_Local:BKK:2026-W02:00263,0,[0],[],[0],[],on_time -> backlog
OUT:leaf_out:BKK:EVmaker_Local,EVmaker_Local:BKK:2026-W02:00264,0,[0],[],[0],[],on_time -> backlog
OUT:leaf_out:BKK:EVmaker_Local,EVmaker_Local:BKK:2026-W02:00265,0,[0],[],[0],[],on_time -> backlog
OUT:leaf_out:BKK:EVmaker_Local,EVmaker_Local:BKK:2026-W02:00266,0,[0],[],[0],[],on_time -> backlog
OUT:leaf_out:BKK:EVmaker_Local,EVmaker_Local:BKK:2026-W02:00267,0,[0],[],[0],[],on_time -> backlog
OUT:leaf_out:BKK:EVmaker_Local,EVmaker_Local:BKK:2026-W02:00268,0,[0],[],[0],[],on_time -> backlog
OUT:leaf_out:BKK:EVmaker_Local,EVmaker_Local:BKK:2026-W02:00269,0,[0],[],[0],[],on_time -> backlog
OUT:leaf_out:BKK:EVmaker_Local,EVmaker_Local:BKK:2026-W02:00270,0,[0],[],[0],[],on_time -> backlog
OUT:leaf_out:BKK:EVmaker_Local,EVmaker_Local:BKK:2026-W02:00271,0,[0],[],[0],[],on_time -> backlog
OUT:leaf_out:BKK:EVmaker_Local,EVmaker_Local:BKK:2026-W02:00272,0,[0],[],[0],[],on_time -> backlog
OUT:leaf_out:BKK:EVmaker_Local,EVmaker_Local:BKK:2026-W02:00273,0,[0],[],[0],[],on_time -> backlog
OUT:leaf_out:BKK:EVmaker_Local,EVmaker_Local:BKK:2026-W02:00274,0,[0],[],[0],[],on_time -> backlog
OUT:leaf_out:BKK:EVmaker_Local,EVmaker_Local:BKK:2026-W02:00275,0,[0],[],[0],[],on_time -> backlog
OUT:leaf_out:ONL:EVmaker_Import,EVmaker_Import:ONL:2026-W02:00001,0,[0],[],[0],[],on_time -> backlog
OUT:leaf_out:ONL:EVmaker_Import,EVmaker_Import:ONL:2026-W02:00002,0,[0],[],[0],[],on_time -> backlog
OUT:leaf_out:ONL:EVmaker_Import,EVmaker_Import:ONL:2026-W02:00003,0,[0],[],[0],[],on_time -> backlog
OUT:leaf_out:ONL:EVmaker_Import,EVmaker_Import:ONL:2026-W02:00004,0,[0],[],[0],[],on_time -> backlog
OUT:leaf_out:ONL:EVmaker_Import,EVmaker_Import:ONL:2026-W02:00005,0,[0],[],[0],[],on_time -> backlog
OUT:leaf_out:ONL:EVmaker_Import,EVmaker_Import:ONL:2026-W02:00006,0,[0],[],[0],[],on_time -> backlog
OUT:leaf_out:ONL:EVmaker_Import,EVmaker_Import:ONL:2026-W02:00007,0,[0],[],[0],[],on_time -> backlog
OUT:leaf_out:ONL:EVmaker_Import,EVmaker_Import:ONL:2026-W02:00008,0,[0],[],[0],[],on_time -> backlog
OUT:leaf_out:ONL:EVmaker_Import,EVmaker_Import:ONL:2026-W02:00009,0,[0],[],[0],[],on_time -> backlog
OUT:leaf_out:ONL:EVmaker_Import,EVmaker_Import:ONL:2026-W02:00010,0,[0],[],[0],[],on_time -> backlog
OUT:leaf_out:ONL:EVmaker_Import,EVmaker_Import:ONL:2026-W02:00011,0,[0],[],[0],[],on_time -> backlog
OUT:leaf_out:ONL:EVmaker_Local,EVmaker_Local:ONL:2026-W02:00001,0,[0],[],[0],[],on_time -> backlog
OUT:leaf_out:ONL:EVmaker_Local,EVmaker_Local:ONL:2026-W02:00002,0,[0],[],[0],[],on_time -> backlog
OUT:leaf_out:ONL:EVmaker_Local,EVmaker_Local:ONL:2026-W02:00003,0,[0],[],[0],[],on_time -> backlog
OUT:leaf_out:ONL:EVmaker_Local,EVmaker_Local:ONL:2026-W02:00004,0,[0],[],[0],[],on_time -> backlog
OUT:leaf_out:ONL:EVmaker_Local,EVmaker_Local:ONL:2026-W02:00005,0,[0],[],[0],[],on_time -> backlog
OUT:leaf_out:ONL:EVmaker_Local,EVmaker_Local:ONL:2026-W02:00006,0,[0],[],[0],[],on_time -> backlog
OUT:leaf_out:ONL:EVmaker_Local,EVmaker_Local:ONL:2026-W02:00007,0,[0],[],[0],[],on_time -> backlog
OUT:leaf_out:ONL:EVmaker_Local,EVmaker_Local:ONL:2026-W02:00008,0,[0],[],[0],[],on_time -> backlog
OUT:leaf_out:ONL:EVmaker_Local,EVmaker_Local:ONL:2026-W02:00009,0,[0],[],[0],[],on_time -> backlog
OUT:leaf_out:ONL:EVmaker_Local,EVmaker_Local:ONL:2026-W02:00010,0,[0],[],[0],[],on_time -> backlog
OUT:leaf_out:ONL:EVmaker_Local,EVmaker_Local:ONL:2026-W02:00011,0,[0],[],[0],[],on_time -> backlog
OUT:leaf_out:ONL:EVmaker_Local,EVmaker_Local:ONL:2026-W02:00012,0,[0],[],[0],[],on_time -> backlog
OUT:leaf_out:ONL:EVmaker_Local,EVmaker_Local:ONL:2026-W02:00013,0,[0],[],[0],[],on_time -> backlog
OUT:leaf_out:ONL:EVmaker_Local,EVmaker_Local:ONL:2026-W02:00014,0,[0],[],[0],[],on_time -> backlog
OUT:leaf_out:ONL:EVmaker_Local,EVmaker_Local:ONL:2026-W02:00015,0,[0],[],[0],[],on_time -> backlog
OUT:leaf_out:ONL:EVmaker_Local,EVmaker_Local:ONL:2026-W02:00016,0,[0],[],[0],[],on_time -> backlog
OUT:leaf_out:ONL:EVmaker_Local,EVmaker_Local:ONL:2026-W02:00017,0,[0],[],[0],[],on_time -> backlog
OUT:leaf_out:ONL:EVmaker_Local,EVmaker_Local:ONL:2026-W02:00018,0,[0],[],[0],[],on_time -> backlog
OUT:leaf_out:ONL:EVmaker_Local,EVmaker_Local:ONL:2026-W02:00019,0,[0],[],[0],[],on_time -> backlog
OUT:leaf_out:ONL:EVmaker_Local,EVmaker_Local:ONL:2026-W02:00020,0,[0],[],[0],[],on_time -> backlog
OUT:leaf_out:ONL:EVmaker_Local,EVmaker_Local:ONL:2026-W02:00021,0,[0],[],[0],[],on_time -> backlog
OUT:leaf_out:ONL:EVmaker_Local,EVmaker_Local:ONL:2026-W02:00022,0,[0],[],[0],[],on_time -> backlog
OUT:leaf_out:ONL:EVmaker_Local,EVmaker_Local:ONL:2026-W02:00023,0,[0],[],[0],[],on_time -> backlog
OUT:leaf_out:ONL:EVmaker_Local,EVmaker_Local:ONL:2026-W02:00024,0,[0],[],[0],[],on_time -> backlog
OUT:leaf_out:ONL:EVmaker_Local,EVmaker_Local:ONL:2026-W02:00025,0,[0],[],[0],[],on_time -> backlog
OUT:leaf_out:ONL:EVmaker_Local,EVmaker_Local:ONL:2026-W02:00026,0,[0],[],[0],[],on_time -> backlog
OUT:leaf_out:ONL:EVmaker_Local,EVmaker_Local:ONL:2026-W02:00027,0,[0],[],[0],[],on_time -> backlog
OUT:leaf_out:ONL:EVmaker_Local,EVmaker_Local:ONL:2026-W02:00028,0,[0],[],[0],[],on_time -> backlog
OUT:leaf_out:ONL:EVmaker_Local,EVmaker_Local:ONL:2026-W02:00029,0,[0],[],[0],[],on_time -> backlog
OUT:leaf_out:ONL:EVmaker_Local,EVmaker_Local:ONL:2026-W02:00030,0,[0],[],[0],[],on_time -> backlog
OUT:leaf_out:ONL:EVmaker_Local,EVmaker_Local:ONL:2026-W02:00031,0,[0],[],[0],[],on_time -> backlog
OUT:leaf_out:ONL:EVmaker_Local,EVmaker_Local:ONL:2026-W02:00032,0,[0],[],[0],[],on_time -> backlog
OUT:leaf_out:ONL:EVmaker_Local,EVmaker_Local:ONL:2026-W02:00033,0,[0],[],[0],[],on_time -> backlog
OUT:leaf_out:ONL:EVmaker_Local,EVmaker_Local:ONL:2026-W02:00034,0,[0],[],[0],[],on_time -> backlog
OUT:leaf_out:ONL:EVmaker_Local,EVmaker_Local:ONL:2026-W02:00035,0,[0],[],[0],[],on_time -> backlog
OUT:leaf_out:ONL:EVmaker_Local,EVmaker_Local:ONL:2026-W02:00036,0,[0],[],[0],[],on_time -> backlog
OUT:leaf_out:ONL:EVmaker_Local,EVmaker_Local:ONL:2026-W02:00037,0,[0],[],[0],[],on_time -> backlog
OUT:leaf_out:ONL:EVmaker_Local,EVmaker_Local:ONL:2026-W02:00038,0,[0],[],[0],[],on_time -> backlog
OUT:leaf_out:ONL:EVmaker_Local,EVmaker_Local:ONL:2026-W02:00039,0,[0],[],[0],[],on_time -> backlog
OUT:leaf_out:ONL:EVmaker_Local,EVmaker_Local:ONL:2026-W02:00040,0,[0],[],[0],[],on_time -> backlog
OUT:leaf_out:ONL:EVmaker_Local,EVmaker_Local:ONL:2026-W02:00041,0,[0],[],[0],[],on_time -> backlog
OUT:leaf_out:ONL:EVmaker_Local,EVmaker_Local:ONL:2026-W02:00042,0,[0],[],[0],[],on_time -> backlog
OUT:leaf_out:ONL:EVmaker_Local,EVmaker_Local:ONL:2026-W02:00043,0,[0],[],[0],[],on_time -> backlog
OUT:leaf_out:ONL:EVmaker_Local,EVmaker_Local:ONL:2026-W02:00044,0,[0],[],[0],[],on_time -> backlog
OUT:leaf_out:ONL:EVmaker_Local,EVmaker_Local:ONL:2026-W02:00045,0,[0],[],[0],[],on_time -> backlog
OUT:leaf_out:ONL:EVmaker_Local,EVmaker_Local:ONL:2026-W02:00046,0,[0],[],[0],[],on_time -> backlog
OUT:leaf_out:ONL:EVmaker_Local,EVmaker_Local:ONL:2026-W02:00047,0,[0],[],[0],[],on_time -> backlog
OUT:leaf_out:ONL:EVmaker_Local,EVmaker_Local:ONL:2026-W02:00048,0,[0],[],[0],[],on_time -> backlog
OUT:leaf_out:ONL:EVmaker_Local,EVmaker_Local:ONL:2026-W02:00049,0,[0],[],[0],[],on_time -> backlog
OUT:leaf_out:ONL:EVmaker_Local,EVmaker_Local:ONL:2026-W02:00050,0,[0],[],[0],[],on_time -> backlog
OUT:leaf_out:ONL:EVmaker_Local,EVmaker_Local:ONL:2026-W02:00051,0,[0],[],[0],[],on_time -> backlog
OUT:leaf_out:ONL:EVmaker_Local,EVmaker_Local:ONL:2026-W02:00052,0,[0],[],[0],[],on_time -> backlog
OUT:leaf_out:ONL:EVmaker_Local,EVmaker_Local:ONL:2026-W02:00053,0,[0],[],[0],[],on_time -> backlog
OUT:leaf_out:ONL:EVmaker_Local,EVmaker_Local:ONL:2026-W02:00054,0,[0],[],[0],[],on_time -> backlog
OUT:leaf_out:ONL:EVmaker_Local,EVmaker_Local:ONL:2026-W02:00055,0,[0],[],[0],[],on_time -> backlog
OUT:leaf_out:PRO:EVmaker_Import,EVmaker_Import:PRO:2026-W02:00001,0,[0],[],[0],[],on_time -> backlog
OUT:leaf_out:PRO:EVmaker_Import,EVmaker_Import:PRO:2026-W02:00002,0,[0],[],[0],[],on_time -> backlog
OUT:leaf_out:PRO:EVmaker_Import,EVmaker_Import:PRO:2026-W02:00003,0,[0],[],[0],[],on_time -> backlog
OUT:leaf_out:PRO:EVmaker_Import,EVmaker_Import:PRO:2026-W02:00004,0,[0],[],[0],[],on_time -> backlog
OUT:leaf_out:PRO:EVmaker_Import,EVmaker_Import:PRO:2026-W02:00005,0,[0],[],[0],[],on_time -> backlog
OUT:leaf_out:PRO:EVmaker_Import,EVmaker_Import:PRO:2026-W02:00006,0,[0],[],[0],[],on_time -> backlog
OUT:leaf_out:PRO:EVmaker_Import,EVmaker_Import:PRO:2026-W02:00007,0,[0],[],[0],[],on_time -> backlog
OUT:leaf_out:PRO:EVmaker_Import,EVmaker_Import:PRO:2026-W02:00008,0,[0],[],[0],[],on_time -> backlog
OUT:leaf_out:PRO:EVmaker_Import,EVmaker_Import:PRO:2026-W02:00009,0,[0],[],[0],[],on_time -> backlog
OUT:leaf_out:PRO:EVmaker_Import,EVmaker_Import:PRO:2026-W02:00010,0,[0],[],[0],[],on_time -> backlog
OUT:leaf_out:PRO:EVmaker_Import,EVmaker_Import:PRO:2026-W02:00011,0,[0],[],[0],[],on_time -> backlog
OUT:leaf_out:PRO:EVmaker_Import,EVmaker_Import:PRO:2026-W02:00012,0,[0],[],[0],[],on_time -> backlog
OUT:leaf_out:PRO:EVmaker_Import,EVmaker_Import:PRO:2026-W02:00013,0,[0],[],[0],[],on_time -> backlog
OUT:leaf_out:PRO:EVmaker_Import,EVmaker_Import:PRO:2026-W02:00014,0,[0],[],[0],[],on_time -> backlog
OUT:leaf_out:PRO:EVmaker_Import,EVmaker_Import:PRO:2026-W02:00015,0,[0],[],[0],[],on_time -> backlog
OUT:leaf_out:PRO:EVmaker_Import,EVmaker_Import:PRO:2026-W02:00016,0,[0],[],[0],[],on_time -> backlog
OUT:leaf_out:PRO:EVmaker_Import,EVmaker_Import:PRO:2026-W02:00017,0,[0],[],[0],[],on_time -> backlog
OUT:leaf_out:PRO:EVmaker_Import,EVmaker_Import:PRO:2026-W02:00018,0,[0],[],[0],[],on_time -> backlog
OUT:leaf_out:PRO:EVmaker_Import,EVmaker_Import:PRO:2026-W02:00019,0,[0],[],[0],[],on_time -> backlog
OUT:leaf_out:PRO:EVmaker_Import,EVmaker_Import:PRO:2026-W02:00020,0,[0],[],[0],[],on_time -> backlog
OUT:leaf_out:PRO:EVmaker_Import,EVmaker_Import:PRO:2026-W02:00021,0,[0],[],[0],[],on_time -> backlog
OUT:leaf_out:PRO:EVmaker_Import,EVmaker_Import:PRO:2026-W02:00022,0,[0],[],[0],[],on_time -> backlog
OUT:leaf_out:PRO:EVmaker_Import,EVmaker_Import:PRO:2026-W02:00023,0,[0],[],[0],[],on_time -> backlog
OUT:leaf_out:PRO:EVmaker_Import,EVmaker_Import:PRO:2026-W02:00024,0,[0],[],[0],[],on_time -> backlog
OUT:leaf_out:PRO:EVmaker_Import,EVmaker_Import:PRO:2026-W02:00025,0,[0],[],[0],[],on_time -> backlog
OUT:leaf_out:PRO:EVmaker_Import,EVmaker_Import:PRO:2026-W02:00026,0,[0],[],[0],[],on_time -> backlog
OUT:leaf_out:PRO:EVmaker_Import,EVmaker_Import:PRO:2026-W02:00027,0,[0],[],[0],[],on_time -> backlog
OUT:leaf_out:PRO:EVmaker_Import,EVmaker_Import:PRO:2026-W02:00028,0,[0],[],[0],[],on_time -> backlog
OUT:leaf_out:PRO:EVmaker_Import,EVmaker_Import:PRO:2026-W02:00029,0,[0],[],[0],[],on_time -> backlog
OUT:leaf_out:PRO:EVmaker_Import,EVmaker_Import:PRO:2026-W02:00030,0,[0],[],[0],[],on_time -> backlog
OUT:leaf_out:PRO:EVmaker_Import,EVmaker_Import:PRO:2026-W02:00031,0,[0],[],[0],[],on_time -> backlog
OUT:leaf_out:PRO:EVmaker_Import,EVmaker_Import:PRO:2026-W02:00032,0,[0],[],[0],[],on_time -> backlog
OUT:leaf_out:PRO:EVmaker_Import,EVmaker_Import:PRO:2026-W02:00033,0,[0],[],[0],[],on_time -> backlog
OUT:leaf_out:PRO:EVmaker_Import,EVmaker_Import:PRO:2026-W02:00034,0,[0],[],[0],[],on_time -> backlog
OUT:leaf_out:PRO:EVmaker_Import,EVmaker_Import:PRO:2026-W02:00035,0,[0],[],[0],[],on_time -> backlog
OUT:leaf_out:PRO:EVmaker_Import,EVmaker_Import:PRO:2026-W02:00036,0,[0],[],[0],[],on_time -> backlog
OUT:leaf_out:PRO:EVmaker_Import,EVmaker_Import:PRO:2026-W02:00037,0,[0],[],[0],[],on_time -> backlog
OUT:leaf_out:PRO:EVmaker_Import,EVmaker_Import:PRO:2026-W02:00038,0,[0],[],[0],[],on_time -> backlog
OUT:leaf_out:PRO:EVmaker_Import,EVmaker_Import:PRO:2026-W02:00039,0,[0],[],[0],[],on_time -> backlog
OUT:leaf_out:PRO:EVmaker_Import,EVmaker_Import:PRO:2026-W02:00040,0,[0],[],[0],[],on_time -> backlog
OUT:leaf_out:PRO:EVmaker_Import,EVmaker_Import:PRO:2026-W02:00041,0,[0],[],[0],[],on_time -> backlog
OUT:leaf_out:PRO:EVmaker_Import,EVmaker_Import:PRO:2026-W02:00042,0,[0],[],[0],[],on_time -> backlog
OUT:leaf_out:PRO:EVmaker_Import,EVmaker_Import:PRO:2026-W02:00043,0,[0],[],[0],[],on_time -> backlog
OUT:leaf_out:PRO:EVmaker_Import,EVmaker_Import:PRO:2026-W02:00044,0,[0],[],[0],[],on_time -> backlog
OUT:leaf_out:PRO:EVmaker_Local,EVmaker_Local:PRO:2026-W02:00001,0,[0],[],[0],[],on_time -> backlog
OUT:leaf_out:PRO:EVmaker_Local,EVmaker_Local:PRO:2026-W02:00002,0,[0],[],[0],[],on_time -> backlog
OUT:leaf_out:PRO:EVmaker_Local,EVmaker_Local:PRO:2026-W02:00003,0,[0],[],[0],[],on_time -> backlog
OUT:leaf_out:PRO:EVmaker_Local,EVmaker_Local:PRO:2026-W02:00004,0,[0],[],[0],[],on_time -> backlog
OUT:leaf_out:PRO:EVmaker_Local,EVmaker_Local:PRO:2026-W02:00005,0,[0],[],[0],[],on_time -> backlog
OUT:leaf_out:PRO:EVmaker_Local,EVmaker_Local:PRO:2026-W02:00006,0,[0],[],[0],[],on_time -> backlog
OUT:leaf_out:PRO:EVmaker_Local,EVmaker_Local:PRO:2026-W02:00007,0,[0],[],[0],[],on_time -> backlog
OUT:leaf_out:PRO:EVmaker_Local,EVmaker_Local:PRO:2026-W02:00008,0,[0],[],[0],[],on_time -> backlog
OUT:leaf_out:PRO:EVmaker_Local,EVmaker_Local:PRO:2026-W02:00009,0,[0],[],[0],[],on_time -> backlog
OUT:leaf_out:PRO:EVmaker_Local,EVmaker_Local:PRO:2026-W02:00010,0,[0],[],[0],[],on_time -> backlog
OUT:leaf_out:PRO:EVmaker_Local,EVmaker_Local:PRO:2026-W02:00011,0,[0],[],[0],[],on_time -> backlog
OUT:leaf_out:PRO:EVmaker_Local,EVmaker_Local:PRO:2026-W02:00012,0,[0],[],[0],[],on_time -> backlog
OUT:leaf_out:PRO:EVmaker_Local,EVmaker_Local:PRO:2026-W02:00013,0,[0],[],[0],[],on_time -> backlog
OUT:leaf_out:PRO:EVmaker_Local,EVmaker_Local:PRO:2026-W02:00014,0,[0],[],[0],[],on_time -> backlog
OUT:leaf_out:PRO:EVmaker_Local,EVmaker_Local:PRO:2026-W02:00015,0,[0],[],[0],[],on_time -> backlog
OUT:leaf_out:PRO:EVmaker_Local,EVmaker_Local:PRO:2026-W02:00016,0,[0],[],[0],[],on_time -> backlog
OUT:leaf_out:PRO:EVmaker_Local,EVmaker_Local:PRO:2026-W02:00017,0,[0],[],[0],[],on_time -> backlog
OUT:leaf_out:PRO:EVmaker_Local,EVmaker_Local:PRO:2026-W02:00018,0,[0],[],[0],[],on_time -> backlog
OUT:leaf_out:PRO:EVmaker_Local,EVmaker_Local:PRO:2026-W02:00019,0,[0],[],[0],[],on_time -> backlog
OUT:leaf_out:PRO:EVmaker_Local,EVmaker_Local:PRO:2026-W02:00020,0,[0],[],[0],[],on_time -> backlog
OUT:leaf_out:PRO:EVmaker_Local,EVmaker_Local:PRO:2026-W02:00021,0,[0],[],[0],[],on_time -> backlog
OUT:leaf_out:PRO:EVmaker_Local,EVmaker_Local:PRO:2026-W02:00022,0,[0],[],[0],[],on_time -> backlog
OUT:leaf_out:PRO:EVmaker_Local,EVmaker_Local:PRO:2026-W02:00023,0,[0],[],[0],[],on_time -> backlog
OUT:leaf_out:PRO:EVmaker_Local,EVmaker_Local:PRO:2026-W02:00024,0,[0],[],[0],[],on_time -> backlog
OUT:leaf_out:PRO:EVmaker_Local,EVmaker_Local:PRO:2026-W02:00025,0,[0],[],[0],[],on_time -> backlog
OUT:leaf_out:PRO:EVmaker_Local,EVmaker_Local:PRO:2026-W02:00026,0,[0],[],[0],[],on_time -> backlog
OUT:leaf_out:PRO:EVmaker_Local,EVmaker_Local:PRO:2026-W02:00027,0,[0],[],[0],[],on_time -> backlog
OUT:leaf_out:PRO:EVmaker_Local,EVmaker_Local:PRO:2026-W02:00028,0,[0],[],[0],[],on_time -> backlog
OUT:leaf_out:PRO:EVmaker_Local,EVmaker_Local:PRO:2026-W02:00029,0,[0],[],[0],[],on_time -> backlog
OUT:leaf_out:PRO:EVmaker_Local,EVmaker_Local:PRO:2026-W02:00030,0,[0],[],[0],[],on_time -> backlog
OUT:leaf_out:PRO:EVmaker_Local,EVmaker_Local:PRO:2026-W02:00031,0,[0],[],[0],[],on_time -> backlog
OUT:leaf_out:PRO:EVmaker_Local,EVmaker_Local:PRO:2026-W02:00032,0,[0],[],[0],[],on_time -> backlog
OUT:leaf_out:PRO:EVmaker_Local,EVmaker_Local:PRO:2026-W02:00033,0,[0],[],[0],[],on_time -> backlog
OUT:leaf_out:PRO:EVmaker_Local,EVmaker_Local:PRO:2026-W02:00034,0,[0],[],[0],[],on_time -> backlog
OUT:leaf_out:PRO:EVmaker_Local,EVmaker_Local:PRO:2026-W02:00035,0,[0],[],[0],[],on_time -> backlog
OUT:leaf_out:PRO:EVmaker_Local,EVmaker_Local:PRO:2026-W02:00036,0,[0],[],[0],[],on_time -> backlog
OUT:leaf_out:PRO:EVmaker_Local,EVmaker_Local:PRO:2026-W02:00037,0,[0],[],[0],[],on_time -> backlog
OUT:leaf_out:PRO:EVmaker_Local,EVmaker_Local:PRO:2026-W02:00038,0,[0],[],[0],[],on_time -> backlog
OUT:leaf_out:PRO:EVmaker_Local,EVmaker_Local:PRO:2026-W02:00039,0,[0],[],[0],[],on_time -> backlog
OUT:leaf_out:PRO:EVmaker_Local,EVmaker_Local:PRO:2026-W02:00040,0,[0],[],[0],[],on_time -> backlog
OUT:leaf_out:PRO:EVmaker_Local,EVmaker_Local:PRO:2026-W02:00041,0,[0],[],[0],[],on_time -> backlog
OUT:leaf_out:PRO:EVmaker_Local,EVmaker_Local:PRO:2026-W02:00042,0,[0],[],[0],[],on_time -> backlog
OUT:leaf_out:PRO:EVmaker_Local,EVmaker_Local:PRO:2026-W02:00043,0,[0],[],[0],[],on_time -> backlog
OUT:leaf_out:PRO:EVmaker_Local,EVmaker_Local:PRO:2026-W02:00044,0,[0],[],[0],[],on_time -> backlog
OUT:leaf_out:PRO:EVmaker_Local,EVmaker_Local:PRO:2026-W02:00045,0,[0],[],[0],[],on_time -> backlog
OUT:leaf_out:PRO:EVmaker_Local,EVmaker_Local:PRO:2026-W02:00046,0,[0],[],[0],[],on_time -> backlog
OUT:leaf_out:PRO:EVmaker_Local,EVmaker_Local:PRO:2026-W02:00047,0,[0],[],[0],[],on_time -> backlog
OUT:leaf_out:PRO:EVmaker_Local,EVmaker_Local:PRO:2026-W02:00048,0,[0],[],[0],[],on_time -> backlog
OUT:leaf_out:PRO:EVmaker_Local,EVmaker_Local:PRO:2026-W02:00049,0,[0],[],[0],[],on_time -> backlog
OUT:leaf_out:PRO:EVmaker_Local,EVmaker_Local:PRO:2026-W02:00050,0,[0],[],[0],[],on_time -> backlog
OUT:leaf_out:PRO:EVmaker_Local,EVmaker_Local:PRO:2026-W02:00051,0,[0],[],[0],[],on_time -> backlog
OUT:leaf_out:PRO:EVmaker_Local,EVmaker_Local:PRO:2026-W02:00052,0,[0],[],[0],[],on_time -> backlog
OUT:leaf_out:PRO:EVmaker_Local,EVmaker_Local:PRO:2026-W02:00053,0,[0],[],[0],[],on_time -> backlog
OUT:leaf_out:PRO:EVmaker_Local,EVmaker_Local:PRO:2026-W02:00054,0,[0],[],[0],[],on_time -> backlog
OUT:leaf_out:PRO:EVmaker_Local,EVmaker_Local:PRO:2026-W02:00055,0,[0],[],[0],[],on_time -> backlog
OUT:leaf_out:PRO:EVmaker_Local,EVmaker_Local:PRO:2026-W02:00056,0,[0],[],[0],[],on_time -> backlog
OUT:leaf_out:PRO:EVmaker_Local,EVmaker_Local:PRO:2026-W02:00057,0,[0],[],[0],[],on_time -> backlog
OUT:leaf_out:PRO:EVmaker_Local,EVmaker_Local:PRO:2026-W02:00058,0,[0],[],[0],[],on_time -> backlog
OUT:leaf_out:PRO:EVmaker_Local,EVmaker_Local:PRO:2026-W02:00059,0,[0],[],[0],[],on_time -> backlog
OUT:leaf_out:PRO:EVmaker_Local,EVmaker_Local:PRO:2026-W02:00060,0,[0],[],[0],[],on_time -> backlog
OUT:leaf_out:PRO:EVmaker_Local,EVmaker_Local:PRO:2026-W02:00061,0,[0],[],[0],[],on_time -> backlog
OUT:leaf_out:PRO:EVmaker_Local,EVmaker_Local:PRO:2026-W02:00062,0,[0],[],[0],[],on_time -> backlog
OUT:leaf_out:PRO:EVmaker_Local,EVmaker_Local:PRO:2026-W02:00063,0,[0],[],[0],[],on_time -> backlog
OUT:leaf_out:PRO:EVmaker_Local,EVmaker_Local:PRO:2026-W02:00064,0,[0],[],[0],[],on_time -> backlog
OUT:leaf_out:PRO:EVmaker_Local,EVmaker_Local:PRO:2026-W02:00065,0,[0],[],[0],[],on_time -> backlog
OUT:leaf_out:PRO:EVmaker_Local,EVmaker_Local:PRO:2026-W02:00066,0,[0],[],[0],[],on_time -> backlog
OUT:leaf_out:PRO:EVmaker_Local,EVmaker_Local:PRO:2026-W02:00067,0,[0],[],[0],[],on_time -> backlog
OUT:leaf_out:PRO:EVmaker_Local,EVmaker_Local:PRO:2026-W02:00068,0,[0],[],[0],[],on_time -> backlog
OUT:leaf_out:PRO:EVmaker_Local,EVmaker_Local:PRO:2026-W02:00069,0,[0],[],[0],[],on_time -> backlog
OUT:leaf_out:PRO:EVmaker_Local,EVmaker_Local:PRO:2026-W02:00070,0,[0],[],[0],[],on_time -> backlog
OUT:leaf_out:PRO:EVmaker_Local,EVmaker_Local:PRO:2026-W02:00071,0,[0],[],[0],[],on_time -> backlog
OUT:leaf_out:PRO:EVmaker_Local,EVmaker_Local:PRO:2026-W02:00072,0,[0],[],[0],[],on_time -> backlog
OUT:leaf_out:PRO:EVmaker_Local,EVmaker_Local:PRO:2026-W02:00073,0,[0],[],[0],[],on_time -> backlog
OUT:leaf_out:PRO:EVmaker_Local,EVmaker_Local:PRO:2026-W02:00074,0,[0],[],[0],[],on_time -> backlog
OUT:leaf_out:PRO:EVmaker_Local,EVmaker_Local:PRO:2026-W02:00075,0,[0],[],[0],[],on_time -> backlog
OUT:leaf_out:PRO:EVmaker_Local,EVmaker_Local:PRO:2026-W02:00076,0,[0],[],[0],[],on_time -> backlog
OUT:leaf_out:PRO:EVmaker_Local,EVmaker_Local:PRO:2026-W02:00077,0,[0],[],[0],[],on_time -> backlog
OUT:leaf_out:PRO:EVmaker_Local,EVmaker_Local:PRO:2026-W02:00078,0,[0],[],[0],[],on_time -> backlog
OUT:leaf_out:PRO:EVmaker_Local,EVmaker_Local:PRO:2026-W02:00079,0,[0],[],[0],[],on_time -> backlog
OUT:leaf_out:PRO:EVmaker_Local,EVmaker_Local:PRO:2026-W02:00080,0,[0],[],[0],[],on_time -> backlog
OUT:leaf_out:PRO:EVmaker_Local,EVmaker_Local:PRO:2026-W02:00081,0,[0],[],[0],[],on_time -> backlog
OUT:leaf_out:PRO:EVmaker_Local,EVmaker_Local:PRO:2026-W02:00082,0,[0],[],[0],[],on_time -> backlog
OUT:leaf_out:PRO:EVmaker_Local,EVmaker_Local:PRO:2026-W02:00083,0,[0],[],[0],[],on_time -> backlog
OUT:leaf_out:PRO:EVmaker_Local,EVmaker_Local:PRO:2026-W02:00084,0,[0],[],[0],[],on_time -> backlog
OUT:leaf_out:PRO:EVmaker_Local,EVmaker_Local:PRO:2026-W02:00085,0,[0],[],[0],[],on_time -> backlog
OUT:leaf_out:PRO:EVmaker_Local,EVmaker_Local:PRO:2026-W02:00086,0,[0],[],[0],[],on_time -> backlog
OUT:leaf_out:PRO:EVmaker_Local,EVmaker_Local:PRO:2026-W02:00087,0,[0],[],[0],[],on_time -> backlog
OUT:leaf_out:PRO:EVmaker_Local,EVmaker_Local:PRO:2026-W02:00088,0,[0],[],[0],[],on_time -> backlog
OUT:leaf_out:PRO:EVmaker_Local,EVmaker_Local:PRO:2026-W02:00089,0,[0],[],[0],[],on_time -> backlog
OUT:leaf_out:PRO:EVmaker_Local,EVmaker_Local:PRO:2026-W02:00090,0,[0],[],[0],[],on_time -> backlog
OUT:leaf_out:PRO:EVmaker_Local,EVmaker_Local:PRO:2026-W02:00091,0,[0],[],[0],[],on_time -> backlog
OUT:leaf_out:PRO:EVmaker_Local,EVmaker_Local:PRO:2026-W02:00092,0,[0],[],[0],[],on_time -> backlog
OUT:leaf_out:PRO:EVmaker_Local,EVmaker_Local:PRO:2026-W02:00093,0,[0],[],[0],[],on_time -> backlog
OUT:leaf_out:PRO:EVmaker_Local,EVmaker_Local:PRO:2026-W02:00094,0,[0],[],[0],[],on_time -> backlog
OUT:leaf_out:PRO:EVmaker_Local,EVmaker_Local:PRO:2026-W02:00095,0,[0],[],[0],[],on_time -> backlog
OUT:leaf_out:PRO:EVmaker_Local,EVmaker_Local:PRO:2026-W02:00096,0,[0],[],[0],[],on_time -> backlog
OUT:leaf_out:PRO:EVmaker_Local,EVmaker_Local:PRO:2026-W02:00097,0,[0],[],[0],[],on_time -> backlog
OUT:leaf_out:PRO:EVmaker_Local,EVmaker_Local:PRO:2026-W02:00098,0,[0],[],[0],[],on_time -> backlog
OUT:leaf_out:PRO:EVmaker_Local,EVmaker_Local:PRO:2026-W02:00099,0,[0],[],[0],[],on_time -> backlog
OUT:leaf_out:PRO:EVmaker_Local,EVmaker_Local:PRO:2026-W02:00100,0,[0],[],[0],[],on_time -> backlog
OUT:leaf_out:PRO:EVmaker_Local,EVmaker_Local:PRO:2026-W02:00101,0,[0],[],[0],[],on_time -> backlog
OUT:leaf_out:PRO:EVmaker_Local,EVmaker_Local:PRO:2026-W02:00102,0,[0],[],[0],[],on_time -> backlog
OUT:leaf_out:PRO:EVmaker_Local,EVmaker_Local:PRO:2026-W02:00103,0,[0],[],[0],[],on_time -> backlog
OUT:leaf_out:PRO:EVmaker_Local,EVmaker_Local:PRO:2026-W02:00104,0,[0],[],[0],[],on_time -> backlog
OUT:leaf_out:PRO:EVmaker_Local,EVmaker_Local:PRO:2026-W02:00105,0,[0],[],[0],[],on_time -> backlog
OUT:leaf_out:PRO:EVmaker_Local,EVmaker_Local:PRO:2026-W02:00106,0,[0],[],[0],[],on_time -> backlog
OUT:leaf_out:PRO:EVmaker_Local,EVmaker_Local:PRO:2026-W02:00107,0,[0],[],[0],[],on_time -> backlog
OUT:leaf_out:PRO:EVmaker_Local,EVmaker_Local:PRO:2026-W02:00108,0,[0],[],[0],[],on_time -> backlog
OUT:leaf_out:PRO:EVmaker_Local,EVmaker_Local:PRO:2026-W02:00109,0,[0],[],[0],[],on_time -> backlog
OUT:leaf_out:PRO:EVmaker_Local,EVmaker_Local:PRO:2026-W02:00110,0,[0],[],[0],[],on_time -> backlog
OUT:leaf_out:PRO:EVmaker_Local,EVmaker_Local:PRO:2026-W02:00111,0,[0],[],[0],[],on_time -> backlog
OUT:leaf_out:PRO:EVmaker_Local,EVmaker_Local:PRO:2026-W02:00112,0,[0],[],[0],[],on_time -> backlog
OUT:leaf_out:PRO:EVmaker_Local,EVmaker_Local:PRO:2026-W02:00113,0,[0],[],[0],[],on_time -> backlog
OUT:leaf_out:PRO:EVmaker_Local,EVmaker_Local:PRO:2026-W02:00114,0,[0],[],[0],[],on_time -> backlog
OUT:leaf_out:PRO:EVmaker_Local,EVmaker_Local:PRO:2026-W02:00115,0,[0],[],[0],[],on_time -> backlog
OUT:leaf_out:PRO:EVmaker_Local,EVmaker_Local:PRO:2026-W02:00116,0,[0],[],[0],[],on_time -> backlog
OUT:leaf_out:PRO:EVmaker_Local,EVmaker_Local:PRO:2026-W02:00117,0,[0],[],[0],[],on_time -> backlog
OUT:leaf_out:PRO:EVmaker_Local,EVmaker_Local:PRO:2026-W02:00118,0,[0],[],[0],[],on_time -> backlog
OUT:leaf_out:PRO:EVmaker_Local,EVmaker_Local:PRO:2026-W02:00119,0,[0],[],[0],[],on_time -> backlog
OUT:leaf_out:PRO:EVmaker_Local,EVmaker_Local:PRO:2026-W02:00120,0,[0],[],[0],[],on_time -> backlog
OUT:leaf_out:PRO:EVmaker_Local,EVmaker_Local:PRO:2026-W02:00121,0,[0],[],[0],[],on_time -> backlog
OUT:leaf_out:PRO:EVmaker_Local,EVmaker_Local:PRO:2026-W02:00122,0,[0],[],[0],[],on_time -> backlog
OUT:leaf_out:PRO:EVmaker_Local,EVmaker_Local:PRO:2026-W02:00123,0,[0],[],[0],[],on_time -> backlog
OUT:leaf_out:PRO:EVmaker_Local,EVmaker_Local:PRO:2026-W02:00124,0,[0],[],[0],[],on_time -> backlog
OUT:leaf_out:PRO:EVmaker_Local,EVmaker_Local:PRO:2026-W02:00125,0,[0],[],[0],[],on_time -> backlog
OUT:leaf_out:PRO:EVmaker_Local,EVmaker_Local:PRO:2026-W02:00126,0,[0],[],[0],[],on_time -> backlog
OUT:leaf_out:PRO:EVmaker_Local,EVmaker_Local:PRO:2026-W02:00127,0,[0],[],[0],[],on_time -> backlog
OUT:leaf_out:PRO:EVmaker_Local,EVmaker_Local:PRO:2026-W02:00128,0,[0],[],[0],[],on_time -> backlog
OUT:leaf_out:PRO:EVmaker_Local,EVmaker_Local:PRO:2026-W02:00129,0,[0],[],[0],[],on_time -> backlog
OUT:leaf_out:PRO:EVmaker_Local,EVmaker_Local:PRO:2026-W02:00130,0,[0],[],[0],[],on_time -> backlog
OUT:leaf_out:PRO:EVmaker_Local,EVmaker_Local:PRO:2026-W02:00131,0,[0],[],[0],[],on_time -> backlog
OUT:leaf_out:PRO:EVmaker_Local,EVmaker_Local:PRO:2026-W02:00132,0,[0],[],[0],[],on_time -> backlog
OUT:leaf_out:PRO:EVmaker_Local,EVmaker_Local:PRO:2026-W02:00133,0,[0],[],[0],[],on_time -> backlog
OUT:leaf_out:PRO:EVmaker_Local,EVmaker_Local:PRO:2026-W02:00134,0,[0],[],[0],[],on_time -> backlog
OUT:leaf_out:PRO:EVmaker_Local,EVmaker_Local:PRO:2026-W02:00135,0,[0],[],[0],[],on_time -> backlog
OUT:leaf_out:PRO:EVmaker_Local,EVmaker_Local:PRO:2026-W02:00136,0,[0],[],[0],[],on_time -> backlog
OUT:leaf_out:PRO:EVmaker_Local,EVmaker_Local:PRO:2026-W02:00137,0,[0],[],[0],[],on_time -> backlog
OUT:leaf_out:PRO:EVmaker_Local,EVmaker_Local:PRO:2026-W02:00138,0,[0],[],[0],[],on_time -> backlog
OUT:leaf_out:PRO:EVmaker_Local,EVmaker_Local:PRO:2026-W02:00139,0,[0],[],[0],[],on_time -> backlog
OUT:leaf_out:PRO:EVmaker_Local,EVmaker_Local:PRO:2026-W02:00140,0,[0],[],[0],[],on_time -> backlog
OUT:leaf_out:PRO:EVmaker_Local,EVmaker_Local:PRO:2026-W02:00141,0,[0],[],[0],[],on_time -> backlog
OUT:leaf_out:PRO:EVmaker_Local,EVmaker_Local:PRO:2026-W02:00142,0,[0],[],[0],[],on_time -> backlog
OUT:leaf_out:PRO:EVmaker_Local,EVmaker_Local:PRO:2026-W02:00143,0,[0],[],[0],[],on_time -> backlog
OUT:leaf_out:PRO:EVmaker_Local,EVmaker_Local:PRO:2026-W02:00144,0,[0],[],[0],[],on_time -> backlog
OUT:leaf_out:PRO:EVmaker_Local,EVmaker_Local:PRO:2026-W02:00145,0,[0],[],[0],[],on_time -> backlog
OUT:leaf_out:PRO:EVmaker_Local,EVmaker_Local:PRO:2026-W02:00146,0,[0],[],[0],[],on_time -> backlog
OUT:leaf_out:PRO:EVmaker_Local,EVmaker_Local:PRO:2026-W02:00147,0,[0],[],[0],[],on_time -> backlog
OUT:leaf_out:PRO:EVmaker_Local,EVmaker_Local:PRO:2026-W02:00148,0,[0],[],[0],[],on_time -> backlog
OUT:leaf_out:PRO:EVmaker_Local,EVmaker_Local:PRO:2026-W02:00149,0,[0],[],[0],[],on_time -> backlog
OUT:leaf_out:PRO:EVmaker_Local,EVmaker_Local:PRO:2026-W02:00150,0,[0],[],[0],[],on_time -> backlog
OUT:leaf_out:PRO:EVmaker_Local,EVmaker_Local:PRO:2026-W02:00151,0,[0],[],[0],[],on_time -> backlog
OUT:leaf_out:PRO:EVmaker_Local,EVmaker_Local:PRO:2026-W02:00152,0,[0],[],[0],[],on_time -> backlog
OUT:leaf_out:PRO:EVmaker_Local,EVmaker_Local:PRO:2026-W02:00153,0,[0],[],[0],[],on_time -> backlog
OUT:leaf_out:PRO:EVmaker_Local,EVmaker_Local:PRO:2026-W02:00154,0,[0],[],[0],[],on_time -> backlog
OUT:leaf_out:PRO:EVmaker_Local,EVmaker_Local:PRO:2026-W02:00155,0,[0],[],[0],[],on_time -> backlog
OUT:leaf_out:PRO:EVmaker_Local,EVmaker_Local:PRO:2026-W02:00156,0,[0],[],[0],[],on_time -> backlog
OUT:leaf_out:PRO:EVmaker_Local,EVmaker_Local:PRO:2026-W02:00157,0,[0],[],[0],[],on_time -> backlog
OUT:leaf_out:PRO:EVmaker_Local,EVmaker_Local:PRO:2026-W02:00158,0,[0],[],[0],[],on_time -> backlog
OUT:leaf_out:PRO:EVmaker_Local,EVmaker_Local:PRO:2026-W02:00159,0,[0],[],[0],[],on_time -> backlog
OUT:leaf_out:PRO:EVmaker_Local,EVmaker_Local:PRO:2026-W02:00160,0,[0],[],[0],[],on_time -> backlog
OUT:leaf_out:PRO:EVmaker_Local,EVmaker_Local:PRO:2026-W02:00161,0,[0],[],[0],[],on_time -> backlog
OUT:leaf_out:PRO:EVmaker_Local,EVmaker_Local:PRO:2026-W02:00162,0,[0],[],[0],[],on_time -> backlog
OUT:leaf_out:PRO:EVmaker_Local,EVmaker_Local:PRO:2026-W02:00163,0,[0],[],[0],[],on_time -> backlog
OUT:leaf_out:PRO:EVmaker_Local,EVmaker_Local:PRO:2026-W02:00164,0,[0],[],[0],[],on_time -> backlog
OUT:leaf_out:PRO:EVmaker_Local,EVmaker_Local:PRO:2026-W02:00165,0,[0],[],[0],[],on_time -> backlog
OUT:leaf_out:PRO:EVmaker_Local,EVmaker_Local:PRO:2026-W02:00166,0,[0],[],[0],[],on_time -> backlog
OUT:leaf_out:PRO:EVmaker_Local,EVmaker_Local:PRO:2026-W02:00167,0,[0],[],[0],[],on_time -> backlog
OUT:leaf_out:PRO:EVmaker_Local,EVmaker_Local:PRO:2026-W02:00168,0,[0],[],[0],[],on_time -> backlog
OUT:leaf_out:PRO:EVmaker_Local,EVmaker_Local:PRO:2026-W02:00169,0,[0],[],[0],[],on_time -> backlog
OUT:leaf_out:PRO:EVmaker_Local,EVmaker_Local:PRO:2026-W02:00170,0,[0],[],[0],[],on_time -> backlog
OUT:leaf_out:PRO:EVmaker_Local,EVmaker_Local:PRO:2026-W02:00171,0,[0],[],[0],[],on_time -> backlog
OUT:leaf_out:PRO:EVmaker_Local,EVmaker_Local:PRO:2026-W02:00172,0,[0],[],[0],[],on_time -> backlog
OUT:leaf_out:PRO:EVmaker_Local,EVmaker_Local:PRO:2026-W02:00173,0,[0],[],[0],[],on_time -> backlog
OUT:leaf_out:PRO:EVmaker_Local,EVmaker_Local:PRO:2026-W02:00174,0,[0],[],[0],[],on_time -> backlog
OUT:leaf_out:PRO:EVmaker_Local,EVmaker_Local:PRO:2026-W02:00175,0,[0],[],[0],[],on_time -> backlog
OUT:leaf_out:PRO:EVmaker_Local,EVmaker_Local:PRO:2026-W02:00176,0,[0],[],[0],[],on_time -> backlog
OUT:leaf_out:PRO:EVmaker_Local,EVmaker_Local:PRO:2026-W02:00177,0,[0],[],[0],[],on_time -> backlog
OUT:leaf_out:PRO:EVmaker_Local,EVmaker_Local:PRO:2026-W02:00178,0,[0],[],[0],[],on_time -> backlog
OUT:leaf_out:PRO:EVmaker_Local,EVmaker_Local:PRO:2026-W02:00179,0,[0],[],[0],[],on_time -> backlog
OUT:leaf_out:PRO:EVmaker_Local,EVmaker_Local:PRO:2026-W02:00180,0,[0],[],[0],[],on_time -> backlog
OUT:leaf_out:PRO:EVmaker_Local,EVmaker_Local:PRO:2026-W02:00181,0,[0],[],[0],[],on_time -> backlog
OUT:leaf_out:PRO:EVmaker_Local,EVmaker_Local:PRO:2026-W02:00182,0,[0],[],[0],[],on_time -> backlog
OUT:leaf_out:PRO:EVmaker_Local,EVmaker_Local:PRO:2026-W02:00183,0,[0],[],[0],[],on_time -> backlog
OUT:leaf_out:PRO:EVmaker_Local,EVmaker_Local:PRO:2026-W02:00184,0,[0],[],[0],[],on_time -> backlog
OUT:leaf_out:PRO:EVmaker_Local,EVmaker_Local:PRO:2026-W02:00185,0,[0],[],[0],[],on_time -> backlog
OUT:leaf_out:PRO:EVmaker_Local,EVmaker_Local:PRO:2026-W02:00186,0,[0],[],[0],[],on_time -> backlog
OUT:leaf_out:PRO:EVmaker_Local,EVmaker_Local:PRO:2026-W02:00187,0,[0],[],[0],[],on_time -> backlog
OUT:leaf_out:PRO:EVmaker_Local,EVmaker_Local:PRO:2026-W02:00188,0,[0],[],[0],[],on_time -> backlog
OUT:leaf_out:PRO:EVmaker_Local,EVmaker_Local:PRO:2026-W02:00189,0,[0],[],[0],[],on_time -> backlog
OUT:leaf_out:PRO:EVmaker_Local,EVmaker_Local:PRO:2026-W02:00190,0,[0],[],[0],[],on_time -> backlog
OUT:leaf_out:PRO:EVmaker_Local,EVmaker_Local:PRO:2026-W02:00191,0,[0],[],[0],[],on_time -> backlog
OUT:leaf_out:PRO:EVmaker_Local,EVmaker_Local:PRO:2026-W02:00192,0,[0],[],[0],[],on_time -> backlog
OUT:leaf_out:PRO:EVmaker_Local,EVmaker_Local:PRO:2026-W02:00193,0,[0],[],[0],[],on_time -> backlog
OUT:leaf_out:PRO:EVmaker_Local,EVmaker_Local:PRO:2026-W02:00194,0,[0],[],[0],[],on_time -> backlog
OUT:leaf_out:PRO:EVmaker_Local,EVmaker_Local:PRO:2026-W02:00195,0,[0],[],[0],[],on_time -> backlog
OUT:leaf_out:PRO:EVmaker_Local,EVmaker_Local:PRO:2026-W02:00196,0,[0],[],[0],[],on_time -> backlog
OUT:leaf_out:PRO:EVmaker_Local,EVmaker_Local:PRO:2026-W02:00197,0,[0],[],[0],[],on_time -> backlog
OUT:leaf_out:PRO:EVmaker_Local,EVmaker_Local:PRO:2026-W02:00198,0,[0],[],[0],[],on_time -> backlog
OUT:leaf_out:PRO:EVmaker_Local,EVmaker_Local:PRO:2026-W02:00199,0,[0],[],[0],[],on_time -> backlog
OUT:leaf_out:PRO:EVmaker_Local,EVmaker_Local:PRO:2026-W02:00200,0,[0],[],[0],[],on_time -> backlog
OUT:leaf_out:PRO:EVmaker_Local,EVmaker_Local:PRO:2026-W02:00201,0,[0],[],[0],[],on_time -> backlog
OUT:leaf_out:PRO:EVmaker_Local,EVmaker_Local:PRO:2026-W02:00202,0,[0],[],[0],[],on_time -> backlog
OUT:leaf_out:PRO:EVmaker_Local,EVmaker_Local:PRO:2026-W02:00203,0,[0],[],[0],[],on_time -> backlog
OUT:leaf_out:PRO:EVmaker_Local,EVmaker_Local:PRO:2026-W02:00204,0,[0],[],[0],[],on_time -> backlog
OUT:leaf_out:PRO:EVmaker_Local,EVmaker_Local:PRO:2026-W02:00205,0,[0],[],[0],[],on_time -> backlog
OUT:leaf_out:PRO:EVmaker_Local,EVmaker_Local:PRO:2026-W02:00206,0,[0],[],[0],[],on_time -> backlog
OUT:leaf_out:PRO:EVmaker_Local,EVmaker_Local:PRO:2026-W02:00207,0,[0],[],[0],[],on_time -> backlog
OUT:leaf_out:PRO:EVmaker_Local,EVmaker_Local:PRO:2026-W02:00208,0,[0],[],[0],[],on_time -> backlog
OUT:leaf_out:PRO:EVmaker_Local,EVmaker_Local:PRO:2026-W02:00209,0,[0],[],[0],[],on_time -> backlog
OUT:leaf_out:PRO:EVmaker_Local,EVmaker_Local:PRO:2026-W02:00210,0,[0],[],[0],[],on_time -> backlog
OUT:leaf_out:PRO:EVmaker_Local,EVmaker_Local:PRO:2026-W02:00211,0,[0],[],[0],[],on_time -> backlog
OUT:leaf_out:PRO:EVmaker_Local,EVmaker_Local:PRO:2026-W02:00212,0,[0],[],[0],[],on_time -> backlog
OUT:leaf_out:PRO:EVmaker_Local,EVmaker_Local:PRO:2026-W02:00213,0,[0],[],[0],[],on_time -> backlog
OUT:leaf_out:PRO:EVmaker_Local,EVmaker_Local:PRO:2026-W02:00214,0,[0],[],[0],[],on_time -> backlog
OUT:leaf_out:PRO:EVmaker_Local,EVmaker_Local:PRO:2026-W02:00215,0,[0],[],[0],[],on_time -> backlog
OUT:leaf_out:PRO:EVmaker_Local,EVmaker_Local:PRO:2026-W02:00216,0,[0],[],[0],[],on_time -> backlog
OUT:leaf_out:PRO:EVmaker_Local,EVmaker_Local:PRO:2026-W02:00217,0,[0],[],[0],[],on_time -> backlog
OUT:leaf_out:PRO:EVmaker_Local,EVmaker_Local:PRO:2026-W02:00218,0,[0],[],[0],[],on_time -> backlog
OUT:leaf_out:PRO:EVmaker_Local,EVmaker_Local:PRO:2026-W02:00219,0,[0],[],[0],[],on_time -> backlog
OUT:leaf_out:PRO:EVmaker_Local,EVmaker_Local:PRO:2026-W02:00220,0,[0],[],[0],[],on_time -> backlog
OUT:leaf_out:BKK:EVmaker_Import,EVmaker_Import:BKK:2026-W03:00001,1,[1],[],[1],[],on_time -> backlog
OUT:leaf_out:BKK:EVmaker_Import,EVmaker_Import:BKK:2026-W03:00002,1,[1],[],[1],[],on_time -> backlog
OUT:leaf_out:BKK:EVmaker_Import,EVmaker_Import:BKK:2026-W03:00003,1,[1],[],[1],[],on_time -> backlog
OUT:leaf_out:BKK:EVmaker_Import,EVmaker_Import:BKK:2026-W03:00004,1,[1],[],[1],[],on_time -> backlog
OUT:leaf_out:BKK:EVmaker_Import,EVmaker_Import:BKK:2026-W03:00005,1,[1],[],[1],[],on_time -> backlog
OUT:leaf_out:BKK:EVmaker_Import,EVmaker_Import:BKK:2026-W03:00006,1,[1],[],[1],[],on_time -> backlog
OUT:leaf_out:BKK:EVmaker_Import,EVmaker_Import:BKK:2026-W03:00007,1,[1],[],[1],[],on_time -> backlog
OUT:leaf_out:BKK:EVmaker_Import,EVmaker_Import:BKK:2026-W03:00008,1,[1],[],[1],[],on_time -> backlog
OUT:leaf_out:BKK:EVmaker_Import,EVmaker_Import:BKK:2026-W03:00009,1,[1],[],[1],[],on_time -> backlog
OUT:leaf_out:BKK:EVmaker_Import,EVmaker_Import:BKK:2026-W03:00010,1,[1],[],[1],[],on_time -> backlog
OUT:leaf_out:BKK:EVmaker_Import,EVmaker_Import:BKK:2026-W03:00011,1,[1],[],[1],[],on_time -> backlog
OUT:leaf_out:BKK:EVmaker_Import,EVmaker_Import:BKK:2026-W03:00012,1,[1],[],[1],[],on_time -> backlog
OUT:leaf_out:BKK:EVmaker_Import,EVmaker_Import:BKK:2026-W03:00013,1,[1],[],[1],[],on_time -> backlog
OUT:leaf_out:BKK:EVmaker_Import,EVmaker_Import:BKK:2026-W03:00014,1,[1],[],[1],[],on_time -> backlog
OUT:leaf_out:BKK:EVmaker_Import,EVmaker_Import:BKK:2026-W03:00015,1,[1],[],[1],[],on_time -> backlog
OUT:leaf_out:BKK:EVmaker_Import,EVmaker_Import:BKK:2026-W03:00016,1,[1],[],[1],[],on_time -> backlog
OUT:leaf_out:BKK:EVmaker_Import,EVmaker_Import:BKK:2026-W03:00017,1,[1],[],[1],[],on_time -> backlog
OUT:leaf_out:BKK:EVmaker_Import,EVmaker_Import:BKK:2026-W03:00018,1,[1],[],[1],[],on_time -> backlog
OUT:leaf_out:BKK:EVmaker_Import,EVmaker_Import:BKK:2026-W03:00019,1,[1],[],[1],[],on_time -> backlog
OUT:leaf_out:BKK:EVmaker_Import,EVmaker_Import:BKK:2026-W03:00020,1,[1],[],[1],[],on_time -> backlog
OUT:leaf_out:BKK:EVmaker_Import,EVmaker_Import:BKK:2026-W03:00021,1,[1],[],[1],[],on_time -> backlog
OUT:leaf_out:BKK:EVmaker_Import,EVmaker_Import:BKK:2026-W03:00022,1,[1],[],[1],[],on_time -> backlog
OUT:leaf_out:BKK:EVmaker_Import,EVmaker_Import:BKK:2026-W03:00023,1,[1],[],[1],[],on_time -> backlog
OUT:leaf_out:BKK:EVmaker_Import,EVmaker_Import:BKK:2026-W03:00024,1,[1],[],[1],[],on_time -> backlog
OUT:leaf_out:BKK:EVmaker_Import,EVmaker_Import:BKK:2026-W03:00025,1,[1],[],[1],[],on_time -> backlog
OUT:leaf_out:BKK:EVmaker_Import,EVmaker_Import:BKK:2026-W03:00026,1,[1],[],[1],[],on_time -> backlog
OUT:leaf_out:BKK:EVmaker_Import,EVmaker_Import:BKK:2026-W03:00027,1,[1],[],[1],[],on_time -> backlog
OUT:leaf_out:BKK:EVmaker_Import,EVmaker_Import:BKK:2026-W03:00028,1,[1],[],[1],[],on_time -> backlog
OUT:leaf_out:BKK:EVmaker_Import,EVmaker_Import:BKK:2026-W03:00029,1,[1],[],[1],[],on_time -> backlog
OUT:leaf_out:BKK:EVmaker_Import,EVmaker_Import:BKK:2026-W03:00030,1,[1],[],[1],[],on_time -> backlog
OUT:leaf_out:BKK:EVmaker_Import,EVmaker_Import:BKK:2026-W03:00031,1,[1],[],[1],[],on_time -> backlog
OUT:leaf_out:BKK:EVmaker_Import,EVmaker_Import:BKK:2026-W03:00032,1,[1],[],[1],[],on_time -> backlog
OUT:leaf_out:BKK:EVmaker_Import,EVmaker_Import:BKK:2026-W03:00033,1,[1],[],[1],[],on_time -> backlog
OUT:leaf_out:BKK:EVmaker_Import,EVmaker_Import:BKK:2026-W03:00034,1,[1],[],[1],[],on_time -> backlog
OUT:leaf_out:BKK:EVmaker_Import,EVmaker_Import:BKK:2026-W03:00035,1,[1],[],[1],[],on_time -> backlog
OUT:leaf_out:BKK:EVmaker_Import,EVmaker_Import:BKK:2026-W03:00036,1,[1],[],[1],[],on_time -> backlog
OUT:leaf_out:BKK:EVmaker_Import,EVmaker_Import:BKK:2026-W03:00037,1,[1],[],[1],[],on_time -> backlog
OUT:leaf_out:BKK:EVmaker_Import,EVmaker_Import:BKK:2026-W03:00038,1,[1],[],[1],[],on_time -> backlog
OUT:leaf_out:BKK:EVmaker_Import,EVmaker_Import:BKK:2026-W03:00039,1,[1],[],[1],[],on_time -> backlog
OUT:leaf_out:BKK:EVmaker_Import,EVmaker_Import:BKK:2026-W03:00040,1,[1],[],[1],[],on_time -> backlog
OUT:leaf_out:BKK:EVmaker_Import,EVmaker_Import:BKK:2026-W03:00041,1,[1],[],[1],[],on_time -> backlog
OUT:leaf_out:BKK:EVmaker_Import,EVmaker_Import:BKK:2026-W03:00042,1,[1],[],[1],[],on_time -> backlog
OUT:leaf_out:BKK:EVmaker_Import,EVmaker_Import:BKK:2026-W03:00043,1,[1],[],[1],[],on_time -> backlog
OUT:leaf_out:BKK:EVmaker_Import,EVmaker_Import:BKK:2026-W03:00044,1,[1],[],[1],[],on_time -> backlog
OUT:leaf_out:BKK:EVmaker_Import,EVmaker_Import:BKK:2026-W03:00045,1,[1],[],[1],[],on_time -> backlog
OUT:leaf_out:BKK:EVmaker_Import,EVmaker_Import:BKK:2026-W03:00046,1,[1],[],[1],[],on_time -> backlog
OUT:leaf_out:BKK:EVmaker_Import,EVmaker_Import:BKK:2026-W03:00047,1,[1],[],[1],[],on_time -> backlog
OUT:leaf_out:BKK:EVmaker_Import,EVmaker_Import:BKK:2026-W03:00048,1,[1],[],[1],[],on_time -> backlog
OUT:leaf_out:BKK:EVmaker_Import,EVmaker_Import:BKK:2026-W03:00049,1,[1],[],[1],[],on_time -> backlog
OUT:leaf_out:BKK:EVmaker_Import,EVmaker_Import:BKK:2026-W03:00050,1,[1],[],[1],[],on_time -> backlog
OUT:leaf_out:BKK:EVmaker_Import,EVmaker_Import:BKK:2026-W03:00051,1,[1],[],[1],[],on_time -> backlog
OUT:leaf_out:BKK:EVmaker_Import,EVmaker_Import:BKK:2026-W03:00052,1,[1],[],[1],[],on_time -> backlog
OUT:leaf_out:BKK:EVmaker_Import,EVmaker_Import:BKK:2026-W03:00053,1,[1],[],[1],[],on_time -> backlog
OUT:leaf_out:BKK:EVmaker_Import,EVmaker_Import:BKK:2026-W03:00054,1,[1],[],[1],[],on_time -> backlog
OUT:leaf_out:BKK:EVmaker_Import,EVmaker_Import:BKK:2026-W03:00055,1,[1],[],[1],[],on_time -> backlog
OUT:leaf_out:BKK:EVmaker_Local,EVmaker_Local:BKK:2026-W03:00001,1,[1],[],[1],[],on_time -> backlog
OUT:leaf_out:BKK:EVmaker_Local,EVmaker_Local:BKK:2026-W03:00002,1,[1],[],[1],[],on_time -> backlog
OUT:leaf_out:BKK:EVmaker_Local,EVmaker_Local:BKK:2026-W03:00003,1,[1],[],[1],[],on_time -> backlog
OUT:leaf_out:BKK:EVmaker_Local,EVmaker_Local:BKK:2026-W03:00004,1,[1],[],[1],[],on_time -> backlog
OUT:leaf_out:BKK:EVmaker_Local,EVmaker_Local:BKK:2026-W03:00005,1,[1],[],[1],[],on_time -> backlog
OUT:leaf_out:BKK:EVmaker_Local,EVmaker_Local:BKK:2026-W03:00006,1,[1],[],[1],[],on_time -> backlog
OUT:leaf_out:BKK:EVmaker_Local,EVmaker_Local:BKK:2026-W03:00007,1,[1],[],[1],[],on_time -> backlog
OUT:leaf_out:BKK:EVmaker_Local,EVmaker_Local:BKK:2026-W03:00008,1,[1],[],[1],[],on_time -> backlog
OUT:leaf_out:BKK:EVmaker_Local,EVmaker_Local:BKK:2026-W03:00009,1,[1],[],[1],[],on_time -> backlog
OUT:leaf_out:BKK:EVmaker_Local,EVmaker_Local:BKK:2026-W03:00010,1,[1],[],[1],[],on_time -> backlog
OUT:leaf_out:BKK:EVmaker_Local,EVmaker_Local:BKK:2026-W03:00011,1,[1],[],[1],[],on_time -> backlog
OUT:leaf_out:BKK:EVmaker_Local,EVmaker_Local:BKK:2026-W03:00012,1,[1],[],[1],[],on_time -> backlog
OUT:leaf_out:BKK:EVmaker_Local,EVmaker_Local:BKK:2026-W03:00013,1,[1],[],[1],[],on_time -> backlog
OUT:leaf_out:BKK:EVmaker_Local,EVmaker_Local:BKK:2026-W03:00014,1,[1],[],[1],[],on_time -> backlog
OUT:leaf_out:BKK:EVmaker_Local,EVmaker_Local:BKK:2026-W03:00015,1,[1],[],[1],[],on_time -> backlog
OUT:leaf_out:BKK:EVmaker_Local,EVmaker_Local:BKK:2026-W03:00016,1,[1],[],[1],[],on_time -> backlog
OUT:leaf_out:BKK:EVmaker_Local,EVmaker_Local:BKK:2026-W03:00017,1,[1],[],[1],[],on_time -> backlog
OUT:leaf_out:BKK:EVmaker_Local,EVmaker_Local:BKK:2026-W03:00018,1,[1],[],[1],[],on_time -> backlog
OUT:leaf_out:BKK:EVmaker_Local,EVmaker_Local:BKK:2026-W03:00019,1,[1],[],[1],[],on_time -> backlog
OUT:leaf_out:BKK:EVmaker_Local,EVmaker_Local:BKK:2026-W03:00020,1,[1],[],[1],[],on_time -> backlog
OUT:leaf_out:BKK:EVmaker_Local,EVmaker_Local:BKK:2026-W03:00021,1,[1],[],[1],[],on_time -> backlog
OUT:leaf_out:BKK:EVmaker_Local,EVmaker_Local:BKK:2026-W03:00022,1,[1],[],[1],[],on_time -> backlog
OUT:leaf_out:BKK:EVmaker_Local,EVmaker_Local:BKK:2026-W03:00023,1,[1],[],[1],[],on_time -> backlog
OUT:leaf_out:BKK:EVmaker_Local,EVmaker_Local:BKK:2026-W03:00024,1,[1],[],[1],[],on_time -> backlog
OUT:leaf_out:BKK:EVmaker_Local,EVmaker_Local:BKK:2026-W03:00025,1,[1],[],[1],[],on_time -> backlog
OUT:leaf_out:BKK:EVmaker_Local,EVmaker_Local:BKK:2026-W03:00026,1,[1],[],[1],[],on_time -> backlog
OUT:leaf_out:BKK:EVmaker_Local,EVmaker_Local:BKK:2026-W03:00027,1,[1],[],[1],[],on_time -> backlog
OUT:leaf_out:BKK:EVmaker_Local,EVmaker_Local:BKK:2026-W03:00028,1,[1],[],[1],[],on_time -> backlog
OUT:leaf_out:BKK:EVmaker_Local,EVmaker_Local:BKK:2026-W03:00029,1,[1],[],[1],[],on_time -> backlog
OUT:leaf_out:BKK:EVmaker_Local,EVmaker_Local:BKK:2026-W03:00030,1,[1],[],[1],[],on_time -> backlog
OUT:leaf_out:BKK:EVmaker_Local,EVmaker_Local:BKK:2026-W03:00031,1,[1],[],[1],[],on_time -> backlog
OUT:leaf_out:BKK:EVmaker_Local,EVmaker_Local:BKK:2026-W03:00032,1,[1],[],[1],[],on_time -> backlog
OUT:leaf_out:BKK:EVmaker_Local,EVmaker_Local:BKK:2026-W03:00033,1,[1],[],[1],[],on_time -> backlog
OUT:leaf_out:BKK:EVmaker_Local,EVmaker_Local:BKK:2026-W03:00034,1,[1],[],[1],[],on_time -> backlog
OUT:leaf_out:BKK:EVmaker_Local,EVmaker_Local:BKK:2026-W03:00035,1,[1],[],[1],[],on_time -> backlog
OUT:leaf_out:BKK:EVmaker_Local,EVmaker_Local:BKK:2026-W03:00036,1,[1],[],[1],[],on_time -> backlog
OUT:leaf_out:BKK:EVmaker_Local,EVmaker_Local:BKK:2026-W03:00037,1,[1],[],[1],[],on_time -> backlog
OUT:leaf_out:BKK:EVmaker_Local,EVmaker_Local:BKK:2026-W03:00038,1,[1],[],[1],[],on_time -> backlog
OUT:leaf_out:BKK:EVmaker_Local,EVmaker_Local:BKK:2026-W03:00039,1,[1],[],[1],[],on_time -> backlog
OUT:leaf_out:BKK:EVmaker_Local,EVmaker_Local:BKK:2026-W03:00040,1,[1],[],[1],[],on_time -> backlog
OUT:leaf_out:BKK:EVmaker_Local,EVmaker_Local:BKK:2026-W03:00041,1,[1],[],[1],[],on_time -> backlog
OUT:leaf_out:BKK:EVmaker_Local,EVmaker_Local:BKK:2026-W03:00042,1,[1],[],[1],[],on_time -> backlog
OUT:leaf_out:BKK:EVmaker_Local,EVmaker_Local:BKK:2026-W03:00043,1,[1],[],[1],[],on_time -> backlog
OUT:leaf_out:BKK:EVmaker_Local,EVmaker_Local:BKK:2026-W03:00044,1,[1],[],[1],[],on_time -> backlog
OUT:leaf_out:BKK:EVmaker_Local,EVmaker_Local:BKK:2026-W03:00045,1,[1],[],[1],[],on_time -> backlog
OUT:leaf_out:BKK:EVmaker_Local,EVmaker_Local:BKK:2026-W03:00046,1,[1],[],[1],[],on_time -> backlog
OUT:leaf_out:BKK:EVmaker_Local,EVmaker_Local:BKK:2026-W03:00047,1,[1],[],[1],[],on_time -> backlog
OUT:leaf_out:BKK:EVmaker_Local,EVmaker_Local:BKK:2026-W03:00048,1,[1],[],[1],[],on_time -> backlog
OUT:leaf_out:BKK:EVmaker_Local,EVmaker_Local:BKK:2026-W03:00049,1,[1],[],[1],[],on_time -> backlog
OUT:leaf_out:BKK:EVmaker_Local,EVmaker_Local:BKK:2026-W03:00050,1,[1],[],[1],[],on_time -> backlog
OUT:leaf_out:BKK:EVmaker_Local,EVmaker_Local:BKK:2026-W03:00051,1,[1],[],[1],[],on_time -> backlog
OUT:leaf_out:BKK:EVmaker_Local,EVmaker_Local:BKK:2026-W03:00052,1,[1],[],[1],[],on_time -> backlog
OUT:leaf_out:BKK:EVmaker_Local,EVmaker_Local:BKK:2026-W03:00053,1,[1],[],[1],[],on_time -> backlog
OUT:leaf_out:BKK:EVmaker_Local,EVmaker_Local:BKK:2026-W03:00054,1,[1],[],[1],[],on_time -> backlog
OUT:leaf_out:BKK:EVmaker_Local,EVmaker_Local:BKK:2026-W03:00055,1,[1],[],[1],[],on_time -> backlog
OUT:leaf_out:BKK:EVmaker_Local,EVmaker_Local:BKK:2026-W03:00056,1,[1],[],[1],[],on_time -> backlog
OUT:leaf_out:BKK:EVmaker_Local,EVmaker_Local:BKK:2026-W03:00057,1,[1],[],[1],[],on_time -> backlog
OUT:leaf_out:BKK:EVmaker_Local,EVmaker_Local:BKK:2026-W03:00058,1,[1],[],[1],[],on_time -> backlog
OUT:leaf_out:BKK:EVmaker_Local,EVmaker_Local:BKK:2026-W03:00059,1,[1],[],[1],[],on_time -> backlog
OUT:leaf_out:BKK:EVmaker_Local,EVmaker_Local:BKK:2026-W03:00060,1,[1],[],[1],[],on_time -> backlog
OUT:leaf_out:BKK:EVmaker_Local,EVmaker_Local:BKK:2026-W03:00061,1,[1],[],[1],[],on_time -> backlog
OUT:leaf_out:BKK:EVmaker_Local,EVmaker_Local:BKK:2026-W03:00062,1,[1],[],[1],[],on_time -> backlog
OUT:leaf_out:BKK:EVmaker_Local,EVmaker_Local:BKK:2026-W03:00063,1,[1],[],[1],[],on_time -> backlog
OUT:leaf_out:BKK:EVmaker_Local,EVmaker_Local:BKK:2026-W03:00064,1,[1],[],[1],[],on_time -> backlog
OUT:leaf_out:BKK:EVmaker_Local,EVmaker_Local:BKK:2026-W03:00065,1,[1],[],[1],[],on_time -> backlog
OUT:leaf_out:BKK:EVmaker_Local,EVmaker_Local:BKK:2026-W03:00066,1,[1],[],[1],[],on_time -> backlog
OUT:leaf_out:BKK:EVmaker_Local,EVmaker_Local:BKK:2026-W03:00067,1,[1],[],[1],[],on_time -> backlog
OUT:leaf_out:BKK:EVmaker_Local,EVmaker_Local:BKK:2026-W03:00068,1,[1],[],[1],[],on_time -> backlog
OUT:leaf_out:BKK:EVmaker_Local,EVmaker_Local:BKK:2026-W03:00069,1,[1],[],[1],[],on_time -> backlog
OUT:leaf_out:BKK:EVmaker_Local,EVmaker_Local:BKK:2026-W03:00070,1,[1],[],[1],[],on_time -> backlog
OUT:leaf_out:BKK:EVmaker_Local,EVmaker_Local:BKK:2026-W03:00071,1,[1],[],[1],[],on_time -> backlog
OUT:leaf_out:BKK:EVmaker_Local,EVmaker_Local:BKK:2026-W03:00072,1,[1],[],[1],[],on_time -> backlog
OUT:leaf_out:BKK:EVmaker_Local,EVmaker_Local:BKK:2026-W03:00073,1,[1],[],[1],[],on_time -> backlog
OUT:leaf_out:BKK:EVmaker_Local,EVmaker_Local:BKK:2026-W03:00074,1,[1],[],[1],[],on_time -> backlog
OUT:leaf_out:BKK:EVmaker_Local,EVmaker_Local:BKK:2026-W03:00075,1,[1],[],[1],[],on_time -> backlog
OUT:leaf_out:BKK:EVmaker_Local,EVmaker_Local:BKK:2026-W03:00076,1,[1],[],[1],[],on_time -> backlog
OUT:leaf_out:BKK:EVmaker_Local,EVmaker_Local:BKK:2026-W03:00077,1,[1],[],[1],[],on_time -> backlog
OUT:leaf_out:BKK:EVmaker_Local,EVmaker_Local:BKK:2026-W03:00078,1,[1],[],[1],[],on_time -> backlog
OUT:leaf_out:BKK:EVmaker_Local,EVmaker_Local:BKK:2026-W03:00079,1,[1],[],[1],[],on_time -> backlog
OUT:leaf_out:BKK:EVmaker_Local,EVmaker_Local:BKK:2026-W03:00080,1,[1],[],[1],[],on_time -> backlog
OUT:leaf_out:BKK:EVmaker_Local,EVmaker_Local:BKK:2026-W03:00081,1,[1],[],[1],[],on_time -> backlog
OUT:leaf_out:BKK:EVmaker_Local,EVmaker_Local:BKK:2026-W03:00082,1,[1],[],[1],[],on_time -> backlog
OUT:leaf_out:BKK:EVmaker_Local,EVmaker_Local:BKK:2026-W03:00083,1,[1],[],[1],[],on_time -> backlog
OUT:leaf_out:BKK:EVmaker_Local,EVmaker_Local:BKK:2026-W03:00084,1,[1],[],[1],[],on_time -> backlog
OUT:leaf_out:BKK:EVmaker_Local,EVmaker_Local:BKK:2026-W03:00085,1,[1],[],[1],[],on_time -> backlog
OUT:leaf_out:BKK:EVmaker_Local,EVmaker_Local:BKK:2026-W03:00086,1,[1],[],[1],[],on_time -> backlog
OUT:leaf_out:BKK:EVmaker_Local,EVmaker_Local:BKK:2026-W03:00087,1,[1],[],[1],[],on_time -> backlog
OUT:leaf_out:BKK:EVmaker_Local,EVmaker_Local:BKK:2026-W03:00088,1,[1],[],[1],[],on_time -> backlog
OUT:leaf_out:BKK:EVmaker_Local,EVmaker_Local:BKK:2026-W03:00089,1,[1],[],[1],[],on_time -> backlog
OUT:leaf_out:BKK:EVmaker_Local,EVmaker_Local:BKK:2026-W03:00090,1,[1],[],[1],[],on_time -> backlog
OUT:leaf_out:BKK:EVmaker_Local,EVmaker_Local:BKK:2026-W03:00091,1,[1],[],[1],[],on_time -> backlog
OUT:leaf_out:BKK:EVmaker_Local,EVmaker_Local:BKK:2026-W03:00092,1,[1],[],[1],[],on_time -> backlog
OUT:leaf_out:BKK:EVmaker_Local,EVmaker_Local:BKK:2026-W03:00093,1,[1],[],[1],[],on_time -> backlog
OUT:leaf_out:BKK:EVmaker_Local,EVmaker_Local:BKK:2026-W03:00094,1,[1],[],[1],[],on_time -> backlog
OUT:leaf_out:BKK:EVmaker_Local,EVmaker_Local:BKK:2026-W03:00095,1,[1],[],[1],[],on_time -> backlog
OUT:leaf_out:BKK:EVmaker_Local,EVmaker_Local:BKK:2026-W03:00096,1,[1],[],[1],[],on_time -> backlog
OUT:leaf_out:BKK:EVmaker_Local,EVmaker_Local:BKK:2026-W03:00097,1,[1],[],[1],[],on_time -> backlog
OUT:leaf_out:BKK:EVmaker_Local,EVmaker_Local:BKK:2026-W03:00098,1,[1],[],[1],[],on_time -> backlog
OUT:leaf_out:BKK:EVmaker_Local,EVmaker_Local:BKK:2026-W03:00099,1,[1],[],[1],[],on_time -> backlog
OUT:leaf_out:BKK:EVmaker_Local,EVmaker_Local:BKK:2026-W03:00100,1,[1],[],[1],[],on_time -> backlog
OUT:leaf_out:BKK:EVmaker_Local,EVmaker_Local:BKK:2026-W03:00101,1,[1],[],[1],[],on_time -> backlog
OUT:leaf_out:BKK:EVmaker_Local,EVmaker_Local:BKK:2026-W03:00102,1,[1],[],[1],[],on_time -> backlog
OUT:leaf_out:BKK:EVmaker_Local,EVmaker_Local:BKK:2026-W03:00103,1,[1],[],[1],[],on_time -> backlog
OUT:leaf_out:BKK:EVmaker_Local,EVmaker_Local:BKK:2026-W03:00104,1,[1],[],[1],[],on_time -> backlog
OUT:leaf_out:BKK:EVmaker_Local,EVmaker_Local:BKK:2026-W03:00105,1,[1],[],[1],[],on_time -> backlog
OUT:leaf_out:BKK:EVmaker_Local,EVmaker_Local:BKK:2026-W03:00106,1,[1],[],[1],[],on_time -> backlog
OUT:leaf_out:BKK:EVmaker_Local,EVmaker_Local:BKK:2026-W03:00107,1,[1],[],[1],[],on_time -> backlog
OUT:leaf_out:BKK:EVmaker_Local,EVmaker_Local:BKK:2026-W03:00108,1,[1],[],[1],[],on_time -> backlog
OUT:leaf_out:BKK:EVmaker_Local,EVmaker_Local:BKK:2026-W03:00109,1,[1],[],[1],[],on_time -> backlog
OUT:leaf_out:BKK:EVmaker_Local,EVmaker_Local:BKK:2026-W03:00110,1,[1],[],[1],[],on_time -> backlog
OUT:leaf_out:BKK:EVmaker_Local,EVmaker_Local:BKK:2026-W03:00111,1,[1],[],[1],[],on_time -> backlog
OUT:leaf_out:BKK:EVmaker_Local,EVmaker_Local:BKK:2026-W03:00112,1,[1],[],[1],[],on_time -> backlog
OUT:leaf_out:BKK:EVmaker_Local,EVmaker_Local:BKK:2026-W03:00113,1,[1],[],[1],[],on_time -> backlog
OUT:leaf_out:BKK:EVmaker_Local,EVmaker_Local:BKK:2026-W03:00114,1,[1],[],[1],[],on_time -> backlog
OUT:leaf_out:BKK:EVmaker_Local,EVmaker_Local:BKK:2026-W03:00115,1,[1],[],[1],[],on_time -> backlog
OUT:leaf_out:BKK:EVmaker_Local,EVmaker_Local:BKK:2026-W03:00116,1,[1],[],[1],[],on_time -> backlog
OUT:leaf_out:BKK:EVmaker_Local,EVmaker_Local:BKK:2026-W03:00117,1,[1],[],[1],[],on_time -> backlog
OUT:leaf_out:BKK:EVmaker_Local,EVmaker_Local:BKK:2026-W03:00118,1,[1],[],[1],[],on_time -> backlog
OUT:leaf_out:BKK:EVmaker_Local,EVmaker_Local:BKK:2026-W03:00119,1,[1],[],[1],[],on_time -> backlog
OUT:leaf_out:BKK:EVmaker_Local,EVmaker_Local:BKK:2026-W03:00120,1,[1],[],[1],[],on_time -> backlog
OUT:leaf_out:BKK:EVmaker_Local,EVmaker_Local:BKK:2026-W03:00121,1,[1],[],[1],[],on_time -> backlog
OUT:leaf_out:BKK:EVmaker_Local,EVmaker_Local:BKK:2026-W03:00122,1,[1],[],[1],[],on_time -> backlog
OUT:leaf_out:BKK:EVmaker_Local,EVmaker_Local:BKK:2026-W03:00123,1,[1],[],[1],[],on_time -> backlog
OUT:leaf_out:BKK:EVmaker_Local,EVmaker_Local:BKK:2026-W03:00124,1,[1],[],[1],[],on_time -> backlog
OUT:leaf_out:BKK:EVmaker_Local,EVmaker_Local:BKK:2026-W03:00125,1,[1],[],[1],[],on_time -> backlog
OUT:leaf_out:BKK:EVmaker_Local,EVmaker_Local:BKK:2026-W03:00126,1,[1],[],[1],[],on_time -> backlog
OUT:leaf_out:BKK:EVmaker_Local,EVmaker_Local:BKK:2026-W03:00127,1,[1],[],[1],[],on_time -> backlog
OUT:leaf_out:BKK:EVmaker_Local,EVmaker_Local:BKK:2026-W03:00128,1,[1],[],[1],[],on_time -> backlog
OUT:leaf_out:BKK:EVmaker_Local,EVmaker_Local:BKK:2026-W03:00129,1,[1],[],[1],[],on_time -> backlog
OUT:leaf_out:BKK:EVmaker_Local,EVmaker_Local:BKK:2026-W03:00130,1,[1],[],[1],[],on_time -> backlog
OUT:leaf_out:BKK:EVmaker_Local,EVmaker_Local:BKK:2026-W03:00131,1,[1],[],[1],[],on_time -> backlog
OUT:leaf_out:BKK:EVmaker_Local,EVmaker_Local:BKK:2026-W03:00132,1,[1],[],[1],[],on_time -> backlog
OUT:leaf_out:BKK:EVmaker_Local,EVmaker_Local:BKK:2026-W03:00133,1,[1],[],[1],[],on_time -> backlog
OUT:leaf_out:BKK:EVmaker_Local,EVmaker_Local:BKK:2026-W03:00134,1,[1],[],[1],[],on_time -> backlog
OUT:leaf_out:BKK:EVmaker_Local,EVmaker_Local:BKK:2026-W03:00135,1,[1],[],[1],[],on_time -> backlog
OUT:leaf_out:BKK:EVmaker_Local,EVmaker_Local:BKK:2026-W03:00136,1,[1],[],[1],[],on_time -> backlog
OUT:leaf_out:BKK:EVmaker_Local,EVmaker_Local:BKK:2026-W03:00137,1,[1],[],[1],[],on_time -> backlog
OUT:leaf_out:BKK:EVmaker_Local,EVmaker_Local:BKK:2026-W03:00138,1,[1],[],[1],[],on_time -> backlog
OUT:leaf_out:BKK:EVmaker_Local,EVmaker_Local:BKK:2026-W03:00139,1,[1],[],[1],[],on_time -> backlog
OUT:leaf_out:BKK:EVmaker_Local,EVmaker_Local:BKK:2026-W03:00140,1,[1],[],[1],[],on_time -> backlog
OUT:leaf_out:BKK:EVmaker_Local,EVmaker_Local:BKK:2026-W03:00141,1,[1],[],[1],[],on_time -> backlog
OUT:leaf_out:BKK:EVmaker_Local,EVmaker_Local:BKK:2026-W03:00142,1,[1],[],[1],[],on_time -> backlog
OUT:leaf_out:BKK:EVmaker_Local,EVmaker_Local:BKK:2026-W03:00143,1,[1],[],[1],[],on_time -> backlog
OUT:leaf_out:BKK:EVmaker_Local,EVmaker_Local:BKK:2026-W03:00144,1,[1],[],[1],[],on_time -> backlog
OUT:leaf_out:BKK:EVmaker_Local,EVmaker_Local:BKK:2026-W03:00145,1,[1],[],[1],[],on_time -> backlog
OUT:leaf_out:BKK:EVmaker_Local,EVmaker_Local:BKK:2026-W03:00146,1,[1],[],[1],[],on_time -> backlog
OUT:leaf_out:BKK:EVmaker_Local,EVmaker_Local:BKK:2026-W03:00147,1,[1],[],[1],[],on_time -> backlog
OUT:leaf_out:BKK:EVmaker_Local,EVmaker_Local:BKK:2026-W03:00148,1,[1],[],[1],[],on_time -> backlog
OUT:leaf_out:BKK:EVmaker_Local,EVmaker_Local:BKK:2026-W03:00149,1,[1],[],[1],[],on_time -> backlog
OUT:leaf_out:BKK:EVmaker_Local,EVmaker_Local:BKK:2026-W03:00150,1,[1],[],[1],[],on_time -> backlog
OUT:leaf_out:BKK:EVmaker_Local,EVmaker_Local:BKK:2026-W03:00151,1,[1],[],[1],[],on_time -> backlog
OUT:leaf_out:BKK:EVmaker_Local,EVmaker_Local:BKK:2026-W03:00152,1,[1],[],[1],[],on_time -> backlog
OUT:leaf_out:BKK:EVmaker_Local,EVmaker_Local:BKK:2026-W03:00153,1,[1],[],[1],[],on_time -> backlog
OUT:leaf_out:BKK:EVmaker_Local,EVmaker_Local:BKK:2026-W03:00154,1,[1],[],[1],[],on_time -> backlog
OUT:leaf_out:BKK:EVmaker_Local,EVmaker_Local:BKK:2026-W03:00155,1,[1],[],[1],[],on_time -> backlog
OUT:leaf_out:BKK:EVmaker_Local,EVmaker_Local:BKK:2026-W03:00156,1,[1],[],[1],[],on_time -> backlog
OUT:leaf_out:BKK:EVmaker_Local,EVmaker_Local:BKK:2026-W03:00157,1,[1],[],[1],[],on_time -> backlog
OUT:leaf_out:BKK:EVmaker_Local,EVmaker_Local:BKK:2026-W03:00158,1,[1],[],[1],[],on_time -> backlog
OUT:leaf_out:BKK:EVmaker_Local,EVmaker_Local:BKK:2026-W03:00159,1,[1],[],[1],[],on_time -> backlog
OUT:leaf_out:BKK:EVmaker_Local,EVmaker_Local:BKK:2026-W03:00160,1,[1],[],[1],[],on_time -> backlog
OUT:leaf_out:BKK:EVmaker_Local,EVmaker_Local:BKK:2026-W03:00161,1,[1],[],[1],[],on_time -> backlog
OUT:leaf_out:BKK:EVmaker_Local,EVmaker_Local:BKK:2026-W03:00162,1,[1],[],[1],[],on_time -> backlog
OUT:leaf_out:BKK:EVmaker_Local,EVmaker_Local:BKK:2026-W03:00163,1,[1],[],[1],[],on_time -> backlog
OUT:leaf_out:BKK:EVmaker_Local,EVmaker_Local:BKK:2026-W03:00164,1,[1],[],[1],[],on_time -> backlog
OUT:leaf_out:BKK:EVmaker_Local,EVmaker_Local:BKK:2026-W03:00165,1,[1],[],[1],[],on_time -> backlog
OUT:leaf_out:BKK:EVmaker_Local,EVmaker_Local:BKK:2026-W03:00166,1,[1],[],[1],[],on_time -> backlog
OUT:leaf_out:BKK:EVmaker_Local,EVmaker_Local:BKK:2026-W03:00167,1,[1],[],[1],[],on_time -> backlog
OUT:leaf_out:BKK:EVmaker_Local,EVmaker_Local:BKK:2026-W03:00168,1,[1],[],[1],[],on_time -> backlog
OUT:leaf_out:BKK:EVmaker_Local,EVmaker_Local:BKK:2026-W03:00169,1,[1],[],[1],[],on_time -> backlog
OUT:leaf_out:BKK:EVmaker_Local,EVmaker_Local:BKK:2026-W03:00170,1,[1],[],[1],[],on_time -> backlog
OUT:leaf_out:BKK:EVmaker_Local,EVmaker_Local:BKK:2026-W03:00171,1,[1],[],[1],[],on_time -> backlog
OUT:leaf_out:BKK:EVmaker_Local,EVmaker_Local:BKK:2026-W03:00172,1,[1],[],[1],[],on_time -> backlog
OUT:leaf_out:BKK:EVmaker_Local,EVmaker_Local:BKK:2026-W03:00173,1,[1],[],[1],[],on_time -> backlog
OUT:leaf_out:BKK:EVmaker_Local,EVmaker_Local:BKK:2026-W03:00174,1,[1],[],[1],[],on_time -> backlog
OUT:leaf_out:BKK:EVmaker_Local,EVmaker_Local:BKK:2026-W03:00175,1,[1],[],[1],[],on_time -> backlog
OUT:leaf_out:BKK:EVmaker_Local,EVmaker_Local:BKK:2026-W03:00176,1,[1],[],[1],[],on_time -> backlog
OUT:leaf_out:BKK:EVmaker_Local,EVmaker_Local:BKK:2026-W03:00177,1,[1],[],[1],[],on_time -> backlog
OUT:leaf_out:BKK:EVmaker_Local,EVmaker_Local:BKK:2026-W03:00178,1,[1],[],[1],[],on_time -> backlog
OUT:leaf_out:BKK:EVmaker_Local,EVmaker_Local:BKK:2026-W03:00179,1,[1],[],[1],[],on_time -> backlog
OUT:leaf_out:BKK:EVmaker_Local,EVmaker_Local:BKK:2026-W03:00180,1,[1],[],[1],[],on_time -> backlog
OUT:leaf_out:BKK:EVmaker_Local,EVmaker_Local:BKK:2026-W03:00181,1,[1],[],[1],[],on_time -> backlog
OUT:leaf_out:BKK:EVmaker_Local,EVmaker_Local:BKK:2026-W03:00182,1,[1],[],[1],[],on_time -> backlog
OUT:leaf_out:BKK:EVmaker_Local,EVmaker_Local:BKK:2026-W03:00183,1,[1],[],[1],[],on_time -> backlog
OUT:leaf_out:BKK:EVmaker_Local,EVmaker_Local:BKK:2026-W03:00184,1,[1],[],[1],[],on_time -> backlog
OUT:leaf_out:BKK:EVmaker_Local,EVmaker_Local:BKK:2026-W03:00185,1,[1],[],[1],[],on_time -> backlog
OUT:leaf_out:BKK:EVmaker_Local,EVmaker_Local:BKK:2026-W03:00186,1,[1],[],[1],[],on_time -> backlog
OUT:leaf_out:BKK:EVmaker_Local,EVmaker_Local:BKK:2026-W03:00187,1,[1],[],[1],[],on_time -> backlog
OUT:leaf_out:BKK:EVmaker_Local,EVmaker_Local:BKK:2026-W03:00188,1,[1],[],[1],[],on_time -> backlog
OUT:leaf_out:BKK:EVmaker_Local,EVmaker_Local:BKK:2026-W03:00189,1,[1],[],[1],[],on_time -> backlog
OUT:leaf_out:BKK:EVmaker_Local,EVmaker_Local:BKK:2026-W03:00190,1,[1],[],[1],[],on_time -> backlog
OUT:leaf_out:BKK:EVmaker_Local,EVmaker_Local:BKK:2026-W03:00191,1,[1],[],[1],[],on_time -> backlog
OUT:leaf_out:BKK:EVmaker_Local,EVmaker_Local:BKK:2026-W03:00192,1,[1],[],[1],[],on_time -> backlog
OUT:leaf_out:BKK:EVmaker_Local,EVmaker_Local:BKK:2026-W03:00193,1,[1],[],[1],[],on_time -> backlog
OUT:leaf_out:BKK:EVmaker_Local,EVmaker_Local:BKK:2026-W03:00194,1,[1],[],[1],[],on_time -> backlog
OUT:leaf_out:BKK:EVmaker_Local,EVmaker_Local:BKK:2026-W03:00195,1,[1],[],[1],[],on_time -> backlog
OUT:leaf_out:BKK:EVmaker_Local,EVmaker_Local:BKK:2026-W03:00196,1,[1],[],[1],[],on_time -> backlog
OUT:leaf_out:BKK:EVmaker_Local,EVmaker_Local:BKK:2026-W03:00197,1,[1],[],[1],[],on_time -> backlog
OUT:leaf_out:BKK:EVmaker_Local,EVmaker_Local:BKK:2026-W03:00198,1,[1],[],[1],[],on_time -> backlog
OUT:leaf_out:BKK:EVmaker_Local,EVmaker_Local:BKK:2026-W03:00199,1,[1],[],[1],[],on_time -> backlog
OUT:leaf_out:BKK:EVmaker_Local,EVmaker_Local:BKK:2026-W03:00200,1,[1],[],[1],[],on_time -> backlog
OUT:leaf_out:BKK:EVmaker_Local,EVmaker_Local:BKK:2026-W03:00201,1,[1],[],[1],[],on_time -> backlog
OUT:leaf_out:BKK:EVmaker_Local,EVmaker_Local:BKK:2026-W03:00202,1,[1],[],[1],[],on_time -> backlog
OUT:leaf_out:BKK:EVmaker_Local,EVmaker_Local:BKK:2026-W03:00203,1,[1],[],[1],[],on_time -> backlog
OUT:leaf_out:BKK:EVmaker_Local,EVmaker_Local:BKK:2026-W03:00204,1,[1],[],[1],[],on_time -> backlog
OUT:leaf_out:BKK:EVmaker_Local,EVmaker_Local:BKK:2026-W03:00205,1,[1],[],[1],[],on_time -> backlog
OUT:leaf_out:BKK:EVmaker_Local,EVmaker_Local:BKK:2026-W03:00206,1,[1],[],[1],[],on_time -> backlog
OUT:leaf_out:BKK:EVmaker_Local,EVmaker_Local:BKK:2026-W03:00207,1,[1],[],[1],[],on_time -> backlog
OUT:leaf_out:BKK:EVmaker_Local,EVmaker_Local:BKK:2026-W03:00208,1,[1],[],[1],[],on_time -> backlog
OUT:leaf_out:BKK:EVmaker_Local,EVmaker_Local:BKK:2026-W03:00209,1,[1],[],[1],[],on_time -> backlog
OUT:leaf_out:BKK:EVmaker_Local,EVmaker_Local:BKK:2026-W03:00210,1,[1],[],[1],[],on_time -> backlog
OUT:leaf_out:BKK:EVmaker_Local,EVmaker_Local:BKK:2026-W03:00211,1,[1],[],[1],[],on_time -> backlog
OUT:leaf_out:BKK:EVmaker_Local,EVmaker_Local:BKK:2026-W03:00212,1,[1],[],[1],[],on_time -> backlog
OUT:leaf_out:BKK:EVmaker_Local,EVmaker_Local:BKK:2026-W03:00213,1,[1],[],[1],[],on_time -> backlog
OUT:leaf_out:BKK:EVmaker_Local,EVmaker_Local:BKK:2026-W03:00214,1,[1],[],[1],[],on_time -> backlog
OUT:leaf_out:BKK:EVmaker_Local,EVmaker_Local:BKK:2026-W03:00215,1,[1],[],[1],[],on_time -> backlog
OUT:leaf_out:BKK:EVmaker_Local,EVmaker_Local:BKK:2026-W03:00216,1,[1],[],[1],[],on_time -> backlog
OUT:leaf_out:BKK:EVmaker_Local,EVmaker_Local:BKK:2026-W03:00217,1,[1],[],[1],[],on_time -> backlog
OUT:leaf_out:BKK:EVmaker_Local,EVmaker_Local:BKK:2026-W03:00218,1,[1],[],[1],[],on_time -> backlog
OUT:leaf_out:BKK:EVmaker_Local,EVmaker_Local:BKK:2026-W03:00219,1,[1],[],[1],[],on_time -> backlog
OUT:leaf_out:BKK:EVmaker_Local,EVmaker_Local:BKK:2026-W03:00220,1,[1],[],[1],[],on_time -> backlog
OUT:leaf_out:BKK:EVmaker_Local,EVmaker_Local:BKK:2026-W03:00221,1,[1],[],[1],[],on_time -> backlog
OUT:leaf_out:BKK:EVmaker_Local,EVmaker_Local:BKK:2026-W03:00222,1,[1],[],[1],[],on_time -> backlog
OUT:leaf_out:BKK:EVmaker_Local,EVmaker_Local:BKK:2026-W03:00223,1,[1],[],[1],[],on_time -> backlog
OUT:leaf_out:BKK:EVmaker_Local,EVmaker_Local:BKK:2026-W03:00224,1,[1],[],[1],[],on_time -> backlog
OUT:leaf_out:BKK:EVmaker_Local,EVmaker_Local:BKK:2026-W03:00225,1,[1],[],[1],[],on_time -> backlog
OUT:leaf_out:BKK:EVmaker_Local,EVmaker_Local:BKK:2026-W03:00226,1,[1],[],[1],[],on_time -> backlog
OUT:leaf_out:BKK:EVmaker_Local,EVmaker_Local:BKK:2026-W03:00227,1,[1],[],[1],[],on_time -> backlog
OUT:leaf_out:BKK:EVmaker_Local,EVmaker_Local:BKK:2026-W03:00228,1,[1],[],[1],[],on_time -> backlog
OUT:leaf_out:BKK:EVmaker_Local,EVmaker_Local:BKK:2026-W03:00229,1,[1],[],[1],[],on_time -> backlog
OUT:leaf_out:BKK:EVmaker_Local,EVmaker_Local:BKK:2026-W03:00230,1,[1],[],[1],[],on_time -> backlog
OUT:leaf_out:BKK:EVmaker_Local,EVmaker_Local:BKK:2026-W03:00231,1,[1],[],[1],[],on_time -> backlog
OUT:leaf_out:BKK:EVmaker_Local,EVmaker_Local:BKK:2026-W03:00232,1,[1],[],[1],[],on_time -> backlog
OUT:leaf_out:BKK:EVmaker_Local,EVmaker_Local:BKK:2026-W03:00233,1,[1],[],[1],[],on_time -> backlog
OUT:leaf_out:BKK:EVmaker_Local,EVmaker_Local:BKK:2026-W03:00234,1,[1],[],[1],[],on_time -> backlog
OUT:leaf_out:BKK:EVmaker_Local,EVmaker_Local:BKK:2026-W03:00235,1,[1],[],[1],[],on_time -> backlog
OUT:leaf_out:BKK:EVmaker_Local,EVmaker_Local:BKK:2026-W03:00236,1,[1],[],[1],[],on_time -> backlog
OUT:leaf_out:BKK:EVmaker_Local,EVmaker_Local:BKK:2026-W03:00237,1,[1],[],[1],[],on_time -> backlog
OUT:leaf_out:BKK:EVmaker_Local,EVmaker_Local:BKK:2026-W03:00238,1,[1],[],[1],[],on_time -> backlog
OUT:leaf_out:BKK:EVmaker_Local,EVmaker_Local:BKK:2026-W03:00239,1,[1],[],[1],[],on_time -> backlog
OUT:leaf_out:BKK:EVmaker_Local,EVmaker_Local:BKK:2026-W03:00240,1,[1],[],[1],[],on_time -> backlog
OUT:leaf_out:BKK:EVmaker_Local,EVmaker_Local:BKK:2026-W03:00241,1,[1],[],[1],[],on_time -> backlog
OUT:leaf_out:BKK:EVmaker_Local,EVmaker_Local:BKK:2026-W03:00242,1,[1],[],[1],[],on_time -> backlog
OUT:leaf_out:BKK:EVmaker_Local,EVmaker_Local:BKK:2026-W03:00243,1,[1],[],[1],[],on_time -> backlog
OUT:leaf_out:BKK:EVmaker_Local,EVmaker_Local:BKK:2026-W03:00244,1,[1],[],[1],[],on_time -> backlog
OUT:leaf_out:BKK:EVmaker_Local,EVmaker_Local:BKK:2026-W03:00245,1,[1],[],[1],[],on_time -> backlog
OUT:leaf_out:BKK:EVmaker_Local,EVmaker_Local:BKK:2026-W03:00246,1,[1],[],[1],[],on_time -> backlog
OUT:leaf_out:BKK:EVmaker_Local,EVmaker_Local:BKK:2026-W03:00247,1,[1],[],[1],[],on_time -> backlog
OUT:leaf_out:BKK:EVmaker_Local,EVmaker_Local:BKK:2026-W03:00248,1,[1],[],[1],[],on_time -> backlog
OUT:leaf_out:BKK:EVmaker_Local,EVmaker_Local:BKK:2026-W03:00249,1,[1],[],[1],[],on_time -> backlog
OUT:leaf_out:BKK:EVmaker_Local,EVmaker_Local:BKK:2026-W03:00250,1,[1],[],[1],[],on_time -> backlog
OUT:leaf_out:BKK:EVmaker_Local,EVmaker_Local:BKK:2026-W03:00251,1,[1],[],[1],[],on_time -> backlog
OUT:leaf_out:BKK:EVmaker_Local,EVmaker_Local:BKK:2026-W03:00252,1,[1],[],[1],[],on_time -> backlog
OUT:leaf_out:BKK:EVmaker_Local,EVmaker_Local:BKK:2026-W03:00253,1,[1],[],[1],[],on_time -> backlog
OUT:leaf_out:BKK:EVmaker_Local,EVmaker_Local:BKK:2026-W03:00254,1,[1],[],[1],[],on_time -> backlog
OUT:leaf_out:BKK:EVmaker_Local,EVmaker_Local:BKK:2026-W03:00255,1,[1],[],[1],[],on_time -> backlog
OUT:leaf_out:BKK:EVmaker_Local,EVmaker_Local:BKK:2026-W03:00256,1,[1],[],[1],[],on_time -> backlog
OUT:leaf_out:BKK:EVmaker_Local,EVmaker_Local:BKK:2026-W03:00257,1,[1],[],[1],[],on_time -> backlog
OUT:leaf_out:BKK:EVmaker_Local,EVmaker_Local:BKK:2026-W03:00258,1,[1],[],[1],[],on_time -> backlog
OUT:leaf_out:BKK:EVmaker_Local,EVmaker_Local:BKK:2026-W03:00259,1,[1],[],[1],[],on_time -> backlog
OUT:leaf_out:BKK:EVmaker_Local,EVmaker_Local:BKK:2026-W03:00260,1,[1],[],[1],[],on_time -> backlog
OUT:leaf_out:BKK:EVmaker_Local,EVmaker_Local:BKK:2026-W03:00261,1,[1],[],[1],[],on_time -> backlog
OUT:leaf_out:BKK:EVmaker_Local,EVmaker_Local:BKK:2026-W03:00262,1,[1],[],[1],[],on_time -> backlog
OUT:leaf_out:BKK:EVmaker_Local,EVmaker_Local:BKK:2026-W03:00263,1,[1],[],[1],[],on_time -> backlog
OUT:leaf_out:BKK:EVmaker_Local,EVmaker_Local:BKK:2026-W03:00264,1,[1],[],[1],[],on_time -> backlog
OUT:leaf_out:BKK:EVmaker_Local,EVmaker_Local:BKK:2026-W03:00265,1,[1],[],[1],[],on_time -> backlog
OUT:leaf_out:BKK:EVmaker_Local,EVmaker_Local:BKK:2026-W03:00266,1,[1],[],[1],[],on_time -> backlog
OUT:leaf_out:BKK:EVmaker_Local,EVmaker_Local:BKK:2026-W03:00267,1,[1],[],[1],[],on_time -> backlog
OUT:leaf_out:BKK:EVmaker_Local,EVmaker_Local:BKK:2026-W03:00268,1,[1],[],[1],[],on_time -> backlog
OUT:leaf_out:BKK:EVmaker_Local,EVmaker_Local:BKK:2026-W03:00269,1,[1],[],[1],[],on_time -> backlog
OUT:leaf_out:BKK:EVmaker_Local,EVmaker_Local:BKK:2026-W03:00270,1,[1],[],[1],[],on_time -> backlog
OUT:leaf_out:BKK:EVmaker_Local,EVmaker_Local:BKK:2026-W03:00271,1,[1],[],[1],[],on_time -> backlog
OUT:leaf_out:BKK:EVmaker_Local,EVmaker_Local:BKK:2026-W03:00272,1,[1],[],[1],[],on_time -> backlog
OUT:leaf_out:BKK:EVmaker_Local,EVmaker_Local:BKK:2026-W03:00273,1,[1],[],[1],[],on_time -> backlog
OUT:leaf_out:BKK:EVmaker_Local,EVmaker_Local:BKK:2026-W03:00274,1,[1],[],[1],[],on_time -> backlog
OUT:leaf_out:BKK:EVmaker_Local,EVmaker_Local:BKK:2026-W03:00275,1,[1],[],[1],[],on_time -> backlog
OUT:leaf_out:ONL:EVmaker_Import,EVmaker_Import:ONL:2026-W03:00001,1,[1],[],[1],[],on_time -> backlog
OUT:leaf_out:ONL:EVmaker_Import,EVmaker_Import:ONL:2026-W03:00002,1,[1],[],[1],[],on_time -> backlog
OUT:leaf_out:ONL:EVmaker_Import,EVmaker_Import:ONL:2026-W03:00003,1,[1],[],[1],[],on_time -> backlog
OUT:leaf_out:ONL:EVmaker_Import,EVmaker_Import:ONL:2026-W03:00004,1,[1],[],[1],[],on_time -> backlog
OUT:leaf_out:ONL:EVmaker_Import,EVmaker_Import:ONL:2026-W03:00005,1,[1],[],[1],[],on_time -> backlog
OUT:leaf_out:ONL:EVmaker_Import,EVmaker_Import:ONL:2026-W03:00006,1,[1],[],[1],[],on_time -> backlog
OUT:leaf_out:ONL:EVmaker_Import,EVmaker_Import:ONL:2026-W03:00007,1,[1],[],[1],[],on_time -> backlog
OUT:leaf_out:ONL:EVmaker_Import,EVmaker_Import:ONL:2026-W03:00008,1,[1],[],[1],[],on_time -> backlog
OUT:leaf_out:ONL:EVmaker_Import,EVmaker_Import:ONL:2026-W03:00009,1,[1],[],[1],[],on_time -> backlog
OUT:leaf_out:ONL:EVmaker_Import,EVmaker_Import:ONL:2026-W03:00010,1,[1],[],[1],[],on_time -> backlog
OUT:leaf_out:ONL:EVmaker_Import,EVmaker_Import:ONL:2026-W03:00011,1,[1],[],[1],[],on_time -> backlog
OUT:leaf_out:ONL:EVmaker_Local,EVmaker_Local:ONL:2026-W03:00001,1,[1],[],[1],[],on_time -> backlog
OUT:leaf_out:ONL:EVmaker_Local,EVmaker_Local:ONL:2026-W03:00002,1,[1],[],[1],[],on_time -> backlog
OUT:leaf_out:ONL:EVmaker_Local,EVmaker_Local:ONL:2026-W03:00003,1,[1],[],[1],[],on_time -> backlog
OUT:leaf_out:ONL:EVmaker_Local,EVmaker_Local:ONL:2026-W03:00004,1,[1],[],[1],[],on_time -> backlog
OUT:leaf_out:ONL:EVmaker_Local,EVmaker_Local:ONL:2026-W03:00005,1,[1],[],[1],[],on_time -> backlog
OUT:leaf_out:ONL:EVmaker_Local,EVmaker_Local:ONL:2026-W03:00006,1,[1],[],[1],[],on_time -> backlog
OUT:leaf_out:ONL:EVmaker_Local,EVmaker_Local:ONL:2026-W03:00007,1,[1],[],[1],[],on_time -> backlog
OUT:leaf_out:ONL:EVmaker_Local,EVmaker_Local:ONL:2026-W03:00008,1,[1],[],[1],[],on_time -> backlog
OUT:leaf_out:ONL:EVmaker_Local,EVmaker_Local:ONL:2026-W03:00009,1,[1],[],[1],[],on_time -> backlog
OUT:leaf_out:ONL:EVmaker_Local,EVmaker_Local:ONL:2026-W03:00010,1,[1],[],[1],[],on_time -> backlog
OUT:leaf_out:ONL:EVmaker_Local,EVmaker_Local:ONL:2026-W03:00011,1,[1],[],[1],[],on_time -> backlog
OUT:leaf_out:ONL:EVmaker_Local,EVmaker_Local:ONL:2026-W03:00012,1,[1],[],[1],[],on_time -> backlog
OUT:leaf_out:ONL:EVmaker_Local,EVmaker_Local:ONL:2026-W03:00013,1,[1],[],[1],[],on_time -> backlog
OUT:leaf_out:ONL:EVmaker_Local,EVmaker_Local:ONL:2026-W03:00014,1,[1],[],[1],[],on_time -> backlog
OUT:leaf_out:ONL:EVmaker_Local,EVmaker_Local:ONL:2026-W03:00015,1,[1],[],[1],[],on_time -> backlog
OUT:leaf_out:ONL:EVmaker_Local,EVmaker_Local:ONL:2026-W03:00016,1,[1],[],[1],[],on_time -> backlog
OUT:leaf_out:ONL:EVmaker_Local,EVmaker_Local:ONL:2026-W03:00017,1,[1],[],[1],[],on_time -> backlog
OUT:leaf_out:ONL:EVmaker_Local,EVmaker_Local:ONL:2026-W03:00018,1,[1],[],[1],[],on_time -> backlog
OUT:leaf_out:ONL:EVmaker_Local,EVmaker_Local:ONL:2026-W03:00019,1,[1],[],[1],[],on_time -> backlog
OUT:leaf_out:ONL:EVmaker_Local,EVmaker_Local:ONL:2026-W03:00020,1,[1],[],[1],[],on_time -> backlog
OUT:leaf_out:ONL:EVmaker_Local,EVmaker_Local:ONL:2026-W03:00021,1,[1],[],[1],[],on_time -> backlog
OUT:leaf_out:ONL:EVmaker_Local,EVmaker_Local:ONL:2026-W03:00022,1,[1],[],[1],[],on_time -> backlog
OUT:leaf_out:ONL:EVmaker_Local,EVmaker_Local:ONL:2026-W03:00023,1,[1],[],[1],[],on_time -> backlog
OUT:leaf_out:ONL:EVmaker_Local,EVmaker_Local:ONL:2026-W03:00024,1,[1],[],[1],[],on_time -> backlog
OUT:leaf_out:ONL:EVmaker_Local,EVmaker_Local:ONL:2026-W03:00025,1,[1],[],[1],[],on_time -> backlog
OUT:leaf_out:ONL:EVmaker_Local,EVmaker_Local:ONL:2026-W03:00026,1,[1],[],[1],[],on_time -> backlog
OUT:leaf_out:ONL:EVmaker_Local,EVmaker_Local:ONL:2026-W03:00027,1,[1],[],[1],[],on_time -> backlog
OUT:leaf_out:ONL:EVmaker_Local,EVmaker_Local:ONL:2026-W03:00028,1,[1],[],[1],[],on_time -> backlog
OUT:leaf_out:ONL:EVmaker_Local,EVmaker_Local:ONL:2026-W03:00029,1,[1],[],[1],[],on_time -> backlog
OUT:leaf_out:ONL:EVmaker_Local,EVmaker_Local:ONL:2026-W03:00030,1,[1],[],[1],[],on_time -> backlog
OUT:leaf_out:ONL:EVmaker_Local,EVmaker_Local:ONL:2026-W03:00031,1,[1],[],[1],[],on_time -> backlog
OUT:leaf_out:ONL:EVmaker_Local,EVmaker_Local:ONL:2026-W03:00032,1,[1],[],[1],[],on_time -> backlog
OUT:leaf_out:ONL:EVmaker_Local,EVmaker_Local:ONL:2026-W03:00033,1,[1],[],[1],[],on_time -> backlog
OUT:leaf_out:ONL:EVmaker_Local,EVmaker_Local:ONL:2026-W03:00034,1,[1],[],[1],[],on_time -> backlog
OUT:leaf_out:ONL:EVmaker_Local,EVmaker_Local:ONL:2026-W03:00035,1,[1],[],[1],[],on_time -> backlog
OUT:leaf_out:ONL:EVmaker_Local,EVmaker_Local:ONL:2026-W03:00036,1,[1],[],[1],[],on_time -> backlog
OUT:leaf_out:ONL:EVmaker_Local,EVmaker_Local:ONL:2026-W03:00037,1,[1],[],[1],[],on_time -> backlog
OUT:leaf_out:ONL:EVmaker_Local,EVmaker_Local:ONL:2026-W03:00038,1,[1],[],[1],[],on_time -> backlog
OUT:leaf_out:ONL:EVmaker_Local,EVmaker_Local:ONL:2026-W03:00039,1,[1],[],[1],[],on_time -> backlog
OUT:leaf_out:ONL:EVmaker_Local,EVmaker_Local:ONL:2026-W03:00040,1,[1],[],[1],[],on_time -> backlog
OUT:leaf_out:ONL:EVmaker_Local,EVmaker_Local:ONL:2026-W03:00041,1,[1],[],[1],[],on_time -> backlog
OUT:leaf_out:ONL:EVmaker_Local,EVmaker_Local:ONL:2026-W03:00042,1,[1],[],[1],[],on_time -> backlog
OUT:leaf_out:ONL:EVmaker_Local,EVmaker_Local:ONL:2026-W03:00043,1,[1],[],[1],[],on_time -> backlog
OUT:leaf_out:ONL:EVmaker_Local,EVmaker_Local:ONL:2026-W03:00044,1,[1],[],[1],[],on_time -> backlog
OUT:leaf_out:ONL:EVmaker_Local,EVmaker_Local:ONL:2026-W03:00045,1,[1],[],[1],[],on_time -> backlog
OUT:leaf_out:ONL:EVmaker_Local,EVmaker_Local:ONL:2026-W03:00046,1,[1],[],[1],[],on_time -> backlog
OUT:leaf_out:ONL:EVmaker_Local,EVmaker_Local:ONL:2026-W03:00047,1,[1],[],[1],[],on_time -> backlog
OUT:leaf_out:ONL:EVmaker_Local,EVmaker_Local:ONL:2026-W03:00048,1,[1],[],[1],[],on_time -> backlog
OUT:leaf_out:ONL:EVmaker_Local,EVmaker_Local:ONL:2026-W03:00049,1,[1],[],[1],[],on_time -> backlog
OUT:leaf_out:ONL:EVmaker_Local,EVmaker_Local:ONL:2026-W03:00050,1,[1],[],[1],[],on_time -> backlog
OUT:leaf_out:ONL:EVmaker_Local,EVmaker_Local:ONL:2026-W03:00051,1,[1],[],[1],[],on_time -> backlog
OUT:leaf_out:ONL:EVmaker_Local,EVmaker_Local:ONL:2026-W03:00052,1,[1],[],[1],[],on_time -> backlog
OUT:leaf_out:ONL:EVmaker_Local,EVmaker_Local:ONL:2026-W03:00053,1,[1],[],[1],[],on_time -> backlog
OUT:leaf_out:ONL:EVmaker_Local,EVmaker_Local:ONL:2026-W03:00054,1,[1],[],[1],[],on_time -> backlog
OUT:leaf_out:ONL:EVmaker_Local,EVmaker_Local:ONL:2026-W03:00055,1,[1],[],[1],[],on_time -> backlog
OUT:leaf_out:PRO:EVmaker_Import,EVmaker_Import:PRO:2026-W03:00001,1,[1],[],[1],[],on_time -> backlog
OUT:leaf_out:PRO:EVmaker_Import,EVmaker_Import:PRO:2026-W03:00002,1,[1],[],[1],[],on_time -> backlog
OUT:leaf_out:PRO:EVmaker_Import,EVmaker_Import:PRO:2026-W03:00003,1,[1],[],[1],[],on_time -> backlog
OUT:leaf_out:PRO:EVmaker_Import,EVmaker_Import:PRO:2026-W03:00004,1,[1],[],[1],[],on_time -> backlog
OUT:leaf_out:PRO:EVmaker_Import,EVmaker_Import:PRO:2026-W03:00005,1,[1],[],[1],[],on_time -> backlog
OUT:leaf_out:PRO:EVmaker_Import,EVmaker_Import:PRO:2026-W03:00006,1,[1],[],[1],[],on_time -> backlog
OUT:leaf_out:PRO:EVmaker_Import,EVmaker_Import:PRO:2026-W03:00007,1,[1],[],[1],[],on_time -> backlog
OUT:leaf_out:PRO:EVmaker_Import,EVmaker_Import:PRO:2026-W03:00008,1,[1],[],[1],[],on_time -> backlog
OUT:leaf_out:PRO:EVmaker_Import,EVmaker_Import:PRO:2026-W03:00009,1,[1],[],[1],[],on_time -> backlog
OUT:leaf_out:PRO:EVmaker_Import,EVmaker_Import:PRO:2026-W03:00010,1,[1],[],[1],[],on_time -> backlog
OUT:leaf_out:PRO:EVmaker_Import,EVmaker_Import:PRO:2026-W03:00011,1,[1],[],[1],[],on_time -> backlog
OUT:leaf_out:PRO:EVmaker_Import,EVmaker_Import:PRO:2026-W03:00012,1,[1],[],[1],[],on_time -> backlog
OUT:leaf_out:PRO:EVmaker_Import,EVmaker_Import:PRO:2026-W03:00013,1,[1],[],[1],[],on_time -> backlog
OUT:leaf_out:PRO:EVmaker_Import,EVmaker_Import:PRO:2026-W03:00014,1,[1],[],[1],[],on_time -> backlog
OUT:leaf_out:PRO:EVmaker_Import,EVmaker_Import:PRO:2026-W03:00015,1,[1],[],[1],[],on_time -> backlog
OUT:leaf_out:PRO:EVmaker_Import,EVmaker_Import:PRO:2026-W03:00016,1,[1],[],[1],[],on_time -> backlog
OUT:leaf_out:PRO:EVmaker_Import,EVmaker_Import:PRO:2026-W03:00017,1,[1],[],[1],[],on_time -> backlog
OUT:leaf_out:PRO:EVmaker_Import,EVmaker_Import:PRO:2026-W03:00018,1,[1],[],[1],[],on_time -> backlog
OUT:leaf_out:PRO:EVmaker_Import,EVmaker_Import:PRO:2026-W03:00019,1,[1],[],[1],[],on_time -> backlog
OUT:leaf_out:PRO:EVmaker_Import,EVmaker_Import:PRO:2026-W03:00020,1,[1],[],[1],[],on_time -> backlog
OUT:leaf_out:PRO:EVmaker_Import,EVmaker_Import:PRO:2026-W03:00021,1,[1],[],[1],[],on_time -> backlog
OUT:leaf_out:PRO:EVmaker_Import,EVmaker_Import:PRO:2026-W03:00022,1,[1],[],[1],[],on_time -> backlog
OUT:leaf_out:PRO:EVmaker_Import,EVmaker_Import:PRO:2026-W03:00023,1,[1],[],[1],[],on_time -> backlog
OUT:leaf_out:PRO:EVmaker_Import,EVmaker_Import:PRO:2026-W03:00024,1,[1],[],[1],[],on_time -> backlog
OUT:leaf_out:PRO:EVmaker_Import,EVmaker_Import:PRO:2026-W03:00025,1,[1],[],[1],[],on_time -> backlog
OUT:leaf_out:PRO:EVmaker_Import,EVmaker_Import:PRO:2026-W03:00026,1,[1],[],[1],[],on_time -> backlog
OUT:leaf_out:PRO:EVmaker_Import,EVmaker_Import:PRO:2026-W03:00027,1,[1],[],[1],[],on_time -> backlog
OUT:leaf_out:PRO:EVmaker_Import,EVmaker_Import:PRO:2026-W03:00028,1,[1],[],[1],[],on_time -> backlog
OUT:leaf_out:PRO:EVmaker_Import,EVmaker_Import:PRO:2026-W03:00029,1,[1],[],[1],[],on_time -> backlog
OUT:leaf_out:PRO:EVmaker_Import,EVmaker_Import:PRO:2026-W03:00030,1,[1],[],[1],[],on_time -> backlog
OUT:leaf_out:PRO:EVmaker_Import,EVmaker_Import:PRO:2026-W03:00031,1,[1],[],[1],[],on_time -> backlog
OUT:leaf_out:PRO:EVmaker_Import,EVmaker_Import:PRO:2026-W03:00032,1,[1],[],[1],[],on_time -> backlog
OUT:leaf_out:PRO:EVmaker_Import,EVmaker_Import:PRO:2026-W03:00033,1,[1],[],[1],[],on_time -> backlog
OUT:leaf_out:PRO:EVmaker_Import,EVmaker_Import:PRO:2026-W03:00034,1,[1],[],[1],[],on_time -> backlog
OUT:leaf_out:PRO:EVmaker_Import,EVmaker_Import:PRO:2026-W03:00035,1,[1],[],[1],[],on_time -> backlog
OUT:leaf_out:PRO:EVmaker_Import,EVmaker_Import:PRO:2026-W03:00036,1,[1],[],[1],[],on_time -> backlog
OUT:leaf_out:PRO:EVmaker_Import,EVmaker_Import:PRO:2026-W03:00037,1,[1],[],[1],[],on_time -> backlog
OUT:leaf_out:PRO:EVmaker_Import,EVmaker_Import:PRO:2026-W03:00038,1,[1],[],[1],[],on_time -> backlog
OUT:leaf_out:PRO:EVmaker_Import,EVmaker_Import:PRO:2026-W03:00039,1,[1],[],[1],[],on_time -> backlog
OUT:leaf_out:PRO:EVmaker_Import,EVmaker_Import:PRO:2026-W03:00040,1,[1],[],[1],[],on_time -> backlog
OUT:leaf_out:PRO:EVmaker_Import,EVmaker_Import:PRO:2026-W03:00041,1,[1],[],[1],[],on_time -> backlog
OUT:leaf_out:PRO:EVmaker_Import,EVmaker_Import:PRO:2026-W03:00042,1,[1],[],[1],[],on_time -> backlog
OUT:leaf_out:PRO:EVmaker_Import,EVmaker_Import:PRO:2026-W03:00043,1,[1],[],[1],[],on_time -> backlog
OUT:leaf_out:PRO:EVmaker_Import,EVmaker_Import:PRO:2026-W03:00044,1,[1],[],[1],[],on_time -> backlog
OUT:leaf_out:PRO:EVmaker_Local,EVmaker_Local:PRO:2026-W03:00001,1,[1],[],[1],[],on_time -> backlog
OUT:leaf_out:PRO:EVmaker_Local,EVmaker_Local:PRO:2026-W03:00002,1,[1],[],[1],[],on_time -> backlog
OUT:leaf_out:PRO:EVmaker_Local,EVmaker_Local:PRO:2026-W03:00003,1,[1],[],[1],[],on_time -> backlog
OUT:leaf_out:PRO:EVmaker_Local,EVmaker_Local:PRO:2026-W03:00004,1,[1],[],[1],[],on_time -> backlog
OUT:leaf_out:PRO:EVmaker_Local,EVmaker_Local:PRO:2026-W03:00005,1,[1],[],[1],[],on_time -> backlog
OUT:leaf_out:PRO:EVmaker_Local,EVmaker_Local:PRO:2026-W03:00006,1,[1],[],[1],[],on_time -> backlog
OUT:leaf_out:PRO:EVmaker_Local,EVmaker_Local:PRO:2026-W03:00007,1,[1],[],[1],[],on_time -> backlog
OUT:leaf_out:PRO:EVmaker_Local,EVmaker_Local:PRO:2026-W03:00008,1,[1],[],[1],[],on_time -> backlog
OUT:leaf_out:PRO:EVmaker_Local,EVmaker_Local:PRO:2026-W03:00009,1,[1],[],[1],[],on_time -> backlog
OUT:leaf_out:PRO:EVmaker_Local,EVmaker_Local:PRO:2026-W03:00010,1,[1],[],[1],[],on_time -> backlog
OUT:leaf_out:PRO:EVmaker_Local,EVmaker_Local:PRO:2026-W03:00011,1,[1],[],[1],[],on_time -> backlog
OUT:leaf_out:PRO:EVmaker_Local,EVmaker_Local:PRO:2026-W03:00012,1,[1],[],[1],[],on_time -> backlog
OUT:leaf_out:PRO:EVmaker_Local,EVmaker_Local:PRO:2026-W03:00013,1,[1],[],[1],[],on_time -> backlog
OUT:leaf_out:PRO:EVmaker_Local,EVmaker_Local:PRO:2026-W03:00014,1,[1],[],[1],[],on_time -> backlog
OUT:leaf_out:PRO:EVmaker_Local,EVmaker_Local:PRO:2026-W03:00015,1,[1],[],[1],[],on_time -> backlog
OUT:leaf_out:PRO:EVmaker_Local,EVmaker_Local:PRO:2026-W03:00016,1,[1],[],[1],[],on_time -> backlog
OUT:leaf_out:PRO:EVmaker_Local,EVmaker_Local:PRO:2026-W03:00017,1,[1],[],[1],[],on_time -> backlog
OUT:leaf_out:PRO:EVmaker_Local,EVmaker_Local:PRO:2026-W03:00018,1,[1],[],[1],[],on_time -> backlog
OUT:leaf_out:PRO:EVmaker_Local,EVmaker_Local:PRO:2026-W03:00019,1,[1],[],[1],[],on_time -> backlog
OUT:leaf_out:PRO:EVmaker_Local,EVmaker_Local:PRO:2026-W03:00020,1,[1],[],[1],[],on_time -> backlog
OUT:leaf_out:PRO:EVmaker_Local,EVmaker_Local:PRO:2026-W03:00021,1,[1],[],[1],[],on_time -> backlog
OUT:leaf_out:PRO:EVmaker_Local,EVmaker_Local:PRO:2026-W03:00022,1,[1],[],[1],[],on_time -> backlog
OUT:leaf_out:PRO:EVmaker_Local,EVmaker_Local:PRO:2026-W03:00023,1,[1],[],[1],[],on_time -> backlog
OUT:leaf_out:PRO:EVmaker_Local,EVmaker_Local:PRO:2026-W03:00024,1,[1],[],[1],[],on_time -> backlog
OUT:leaf_out:PRO:EVmaker_Local,EVmaker_Local:PRO:2026-W03:00025,1,[1],[],[1],[],on_time -> backlog
OUT:leaf_out:PRO:EVmaker_Local,EVmaker_Local:PRO:2026-W03:00026,1,[1],[],[1],[],on_time -> backlog
OUT:leaf_out:PRO:EVmaker_Local,EVmaker_Local:PRO:2026-W03:00027,1,[1],[],[1],[],on_time -> backlog
OUT:leaf_out:PRO:EVmaker_Local,EVmaker_Local:PRO:2026-W03:00028,1,[1],[],[1],[],on_time -> backlog
OUT:leaf_out:PRO:EVmaker_Local,EVmaker_Local:PRO:2026-W03:00029,1,[1],[],[1],[],on_time -> backlog
OUT:leaf_out:PRO:EVmaker_Local,EVmaker_Local:PRO:2026-W03:00030,1,[1],[],[1],[],on_time -> backlog
OUT:leaf_out:PRO:EVmaker_Local,EVmaker_Local:PRO:2026-W03:00031,1,[1],[],[1],[],on_time -> backlog
OUT:leaf_out:PRO:EVmaker_Local,EVmaker_Local:PRO:2026-W03:00032,1,[1],[],[1],[],on_time -> backlog
OUT:leaf_out:PRO:EVmaker_Local,EVmaker_Local:PRO:2026-W03:00033,1,[1],[],[1],[],on_time -> backlog
OUT:leaf_out:PRO:EVmaker_Local,EVmaker_Local:PRO:2026-W03:00034,1,[1],[],[1],[],on_time -> backlog
OUT:leaf_out:PRO:EVmaker_Local,EVmaker_Local:PRO:2026-W03:00035,1,[1],[],[1],[],on_time -> backlog
OUT:leaf_out:PRO:EVmaker_Local,EVmaker_Local:PRO:2026-W03:00036,1,[1],[],[1],[],on_time -> backlog
OUT:leaf_out:PRO:EVmaker_Local,EVmaker_Local:PRO:2026-W03:00037,1,[1],[],[1],[],on_time -> backlog
OUT:leaf_out:PRO:EVmaker_Local,EVmaker_Local:PRO:2026-W03:00038,1,[1],[],[1],[],on_time -> backlog
OUT:leaf_out:PRO:EVmaker_Local,EVmaker_Local:PRO:2026-W03:00039,1,[1],[],[1],[],on_time -> backlog
OUT:leaf_out:PRO:EVmaker_Local,EVmaker_Local:PRO:2026-W03:00040,1,[1],[],[1],[],on_time -> backlog
OUT:leaf_out:PRO:EVmaker_Local,EVmaker_Local:PRO:2026-W03:00041,1,[1],[],[1],[],on_time -> backlog
OUT:leaf_out:PRO:EVmaker_Local,EVmaker_Local:PRO:2026-W03:00042,1,[1],[],[1],[],on_time -> backlog
OUT:leaf_out:PRO:EVmaker_Local,EVmaker_Local:PRO:2026-W03:00043,1,[1],[],[1],[],on_time -> backlog
OUT:leaf_out:PRO:EVmaker_Local,EVmaker_Local:PRO:2026-W03:00044,1,[1],[],[1],[],on_time -> backlog
OUT:leaf_out:PRO:EVmaker_Local,EVmaker_Local:PRO:2026-W03:00045,1,[1],[],[1],[],on_time -> backlog
OUT:leaf_out:PRO:EVmaker_Local,EVmaker_Local:PRO:2026-W03:00046,1,[1],[],[1],[],on_time -> backlog
OUT:leaf_out:PRO:EVmaker_Local,EVmaker_Local:PRO:2026-W03:00047,1,[1],[],[1],[],on_time -> backlog
OUT:leaf_out:PRO:EVmaker_Local,EVmaker_Local:PRO:2026-W03:00048,1,[1],[],[1],[],on_time -> backlog
OUT:leaf_out:PRO:EVmaker_Local,EVmaker_Local:PRO:2026-W03:00049,1,[1],[],[1],[],on_time -> backlog
OUT:leaf_out:PRO:EVmaker_Local,EVmaker_Local:PRO:2026-W03:00050,1,[1],[],[1],[],on_time -> backlog
OUT:leaf_out:PRO:EVmaker_Local,EVmaker_Local:PRO:2026-W03:00051,1,[1],[],[1],[],on_time -> backlog
OUT:leaf_out:PRO:EVmaker_Local,EVmaker_Local:PRO:2026-W03:00052,1,[1],[],[1],[],on_time -> backlog
OUT:leaf_out:PRO:EVmaker_Local,EVmaker_Local:PRO:2026-W03:00053,1,[1],[],[1],[],on_time -> backlog
OUT:leaf_out:PRO:EVmaker_Local,EVmaker_Local:PRO:2026-W03:00054,1,[1],[],[1],[],on_time -> backlog
OUT:leaf_out:PRO:EVmaker_Local,EVmaker_Local:PRO:2026-W03:00055,1,[1],[],[1],[],on_time -> backlog
OUT:leaf_out:PRO:EVmaker_Local,EVmaker_Local:PRO:2026-W03:00056,1,[1],[],[1],[],on_time -> backlog
OUT:leaf_out:PRO:EVmaker_Local,EVmaker_Local:PRO:2026-W03:00057,1,[1],[],[1],[],on_time -> backlog
OUT:leaf_out:PRO:EVmaker_Local,EVmaker_Local:PRO:2026-W03:00058,1,[1],[],[1],[],on_time -> backlog
OUT:leaf_out:PRO:EVmaker_Local,EVmaker_Local:PRO:2026-W03:00059,1,[1],[],[1],[],on_time -> backlog
OUT:leaf_out:PRO:EVmaker_Local,EVmaker_Local:PRO:2026-W03:00060,1,[1],[],[1],[],on_time -> backlog
OUT:leaf_out:PRO:EVmaker_Local,EVmaker_Local:PRO:2026-W03:00061,1,[1],[],[1],[],on_time -> backlog
OUT:leaf_out:PRO:EVmaker_Local,EVmaker_Local:PRO:2026-W03:00062,1,[1],[],[1],[],on_time -> backlog
OUT:leaf_out:PRO:EVmaker_Local,EVmaker_Local:PRO:2026-W03:00063,1,[1],[],[1],[],on_time -> backlog
OUT:leaf_out:PRO:EVmaker_Local,EVmaker_Local:PRO:2026-W03:00064,1,[1],[],[1],[],on_time -> backlog
OUT:leaf_out:PRO:EVmaker_Local,EVmaker_Local:PRO:2026-W03:00065,1,[1],[],[1],[],on_time -> backlog
OUT:leaf_out:PRO:EVmaker_Local,EVmaker_Local:PRO:2026-W03:00066,1,[1],[],[1],[],on_time -> backlog
OUT:leaf_out:PRO:EVmaker_Local,EVmaker_Local:PRO:2026-W03:00067,1,[1],[],[1],[],on_time -> backlog
OUT:leaf_out:PRO:EVmaker_Local,EVmaker_Local:PRO:2026-W03:00068,1,[1],[],[1],[],on_time -> backlog
OUT:leaf_out:PRO:EVmaker_Local,EVmaker_Local:PRO:2026-W03:00069,1,[1],[],[1],[],on_time -> backlog
OUT:leaf_out:PRO:EVmaker_Local,EVmaker_Local:PRO:2026-W03:00070,1,[1],[],[1],[],on_time -> backlog
OUT:leaf_out:PRO:EVmaker_Local,EVmaker_Local:PRO:2026-W03:00071,1,[1],[],[1],[],on_time -> backlog
OUT:leaf_out:PRO:EVmaker_Local,EVmaker_Local:PRO:2026-W03:00072,1,[1],[],[1],[],on_time -> backlog
OUT:leaf_out:PRO:EVmaker_Local,EVmaker_Local:PRO:2026-W03:00073,1,[1],[],[1],[],on_time -> backlog
OUT:leaf_out:PRO:EVmaker_Local,EVmaker_Local:PRO:2026-W03:00074,1,[1],[],[1],[],on_time -> backlog
OUT:leaf_out:PRO:EVmaker_Local,EVmaker_Local:PRO:2026-W03:00075,1,[1],[],[1],[],on_time -> backlog
OUT:leaf_out:PRO:EVmaker_Local,EVmaker_Local:PRO:2026-W03:00076,1,[1],[],[1],[],on_time -> backlog
OUT:leaf_out:PRO:EVmaker_Local,EVmaker_Local:PRO:2026-W03:00077,1,[1],[],[1],[],on_time -> backlog
OUT:leaf_out:PRO:EVmaker_Local,EVmaker_Local:PRO:2026-W03:00078,1,[1],[],[1],[],on_time -> backlog
OUT:leaf_out:PRO:EVmaker_Local,EVmaker_Local:PRO:2026-W03:00079,1,[1],[],[1],[],on_time -> backlog
OUT:leaf_out:PRO:EVmaker_Local,EVmaker_Local:PRO:2026-W03:00080,1,[1],[],[1],[],on_time -> backlog
OUT:leaf_out:PRO:EVmaker_Local,EVmaker_Local:PRO:2026-W03:00081,1,[1],[],[1],[],on_time -> backlog
OUT:leaf_out:PRO:EVmaker_Local,EVmaker_Local:PRO:2026-W03:00082,1,[1],[],[1],[],on_time -> backlog
OUT:leaf_out:PRO:EVmaker_Local,EVmaker_Local:PRO:2026-W03:00083,1,[1],[],[1],[],on_time -> backlog
OUT:leaf_out:PRO:EVmaker_Local,EVmaker_Local:PRO:2026-W03:00084,1,[1],[],[1],[],on_time -> backlog
OUT:leaf_out:PRO:EVmaker_Local,EVmaker_Local:PRO:2026-W03:00085,1,[1],[],[1],[],on_time -> backlog
OUT:leaf_out:PRO:EVmaker_Local,EVmaker_Local:PRO:2026-W03:00086,1,[1],[],[1],[],on_time -> backlog
OUT:leaf_out:PRO:EVmaker_Local,EVmaker_Local:PRO:2026-W03:00087,1,[1],[],[1],[],on_time -> backlog
OUT:leaf_out:PRO:EVmaker_Local,EVmaker_Local:PRO:2026-W03:00088,1,[1],[],[1],[],on_time -> backlog
OUT:leaf_out:PRO:EVmaker_Local,EVmaker_Local:PRO:2026-W03:00089,1,[1],[],[1],[],on_time -> backlog
OUT:leaf_out:PRO:EVmaker_Local,EVmaker_Local:PRO:2026-W03:00090,1,[1],[],[1],[],on_time -> backlog
OUT:leaf_out:PRO:EVmaker_Local,EVmaker_Local:PRO:2026-W03:00091,1,[1],[],[1],[],on_time -> backlog
OUT:leaf_out:PRO:EVmaker_Local,EVmaker_Local:PRO:2026-W03:00092,1,[1],[],[1],[],on_time -> backlog
OUT:leaf_out:PRO:EVmaker_Local,EVmaker_Local:PRO:2026-W03:00093,1,[1],[],[1],[],on_time -> backlog
OUT:leaf_out:PRO:EVmaker_Local,EVmaker_Local:PRO:2026-W03:00094,1,[1],[],[1],[],on_time -> backlog
OUT:leaf_out:PRO:EVmaker_Local,EVmaker_Local:PRO:2026-W03:00095,1,[1],[],[1],[],on_time -> backlog
OUT:leaf_out:PRO:EVmaker_Local,EVmaker_Local:PRO:2026-W03:00096,1,[1],[],[1],[],on_time -> backlog
OUT:leaf_out:PRO:EVmaker_Local,EVmaker_Local:PRO:2026-W03:00097,1,[1],[],[1],[],on_time -> backlog
OUT:leaf_out:PRO:EVmaker_Local,EVmaker_Local:PRO:2026-W03:00098,1,[1],[],[1],[],on_time -> backlog
OUT:leaf_out:PRO:EVmaker_Local,EVmaker_Local:PRO:2026-W03:00099,1,[1],[],[1],[],on_time -> backlog
OUT:leaf_out:PRO:EVmaker_Local,EVmaker_Local:PRO:2026-W03:00100,1,[1],[],[1],[],on_time -> backlog
OUT:leaf_out:PRO:EVmaker_Local,EVmaker_Local:PRO:2026-W03:00101,1,[1],[],[1],[],on_time -> backlog
OUT:leaf_out:PRO:EVmaker_Local,EVmaker_Local:PRO:2026-W03:00102,1,[1],[],[1],[],on_time -> backlog
OUT:leaf_out:PRO:EVmaker_Local,EVmaker_Local:PRO:2026-W03:00103,1,[1],[],[1],[],on_time -> backlog
OUT:leaf_out:PRO:EVmaker_Local,EVmaker_Local:PRO:2026-W03:00104,1,[1],[],[1],[],on_time -> backlog
OUT:leaf_out:PRO:EVmaker_Local,EVmaker_Local:PRO:2026-W03:00105,1,[1],[],[1],[],on_time -> backlog
OUT:leaf_out:PRO:EVmaker_Local,EVmaker_Local:PRO:2026-W03:00106,1,[1],[],[1],[],on_time -> backlog
OUT:leaf_out:PRO:EVmaker_Local,EVmaker_Local:PRO:2026-W03:00107,1,[1],[],[1],[],on_time -> backlog
OUT:leaf_out:PRO:EVmaker_Local,EVmaker_Local:PRO:2026-W03:00108,1,[1],[],[1],[],on_time -> backlog
OUT:leaf_out:PRO:EVmaker_Local,EVmaker_Local:PRO:2026-W03:00109,1,[1],[],[1],[],on_time -> backlog
OUT:leaf_out:PRO:EVmaker_Local,EVmaker_Local:PRO:2026-W03:00110,1,[1],[],[1],[],on_time -> backlog
OUT:leaf_out:PRO:EVmaker_Local,EVmaker_Local:PRO:2026-W03:00111,1,[1],[],[1],[],on_time -> backlog
OUT:leaf_out:PRO:EVmaker_Local,EVmaker_Local:PRO:2026-W03:00112,1,[1],[],[1],[],on_time -> backlog
OUT:leaf_out:PRO:EVmaker_Local,EVmaker_Local:PRO:2026-W03:00113,1,[1],[],[1],[],on_time -> backlog
OUT:leaf_out:PRO:EVmaker_Local,EVmaker_Local:PRO:2026-W03:00114,1,[1],[],[1],[],on_time -> backlog
OUT:leaf_out:PRO:EVmaker_Local,EVmaker_Local:PRO:2026-W03:00115,1,[1],[],[1],[],on_time -> backlog
OUT:leaf_out:PRO:EVmaker_Local,EVmaker_Local:PRO:2026-W03:00116,1,[1],[],[1],[],on_time -> backlog
OUT:leaf_out:PRO:EVmaker_Local,EVmaker_Local:PRO:2026-W03:00117,1,[1],[],[1],[],on_time -> backlog
OUT:leaf_out:PRO:EVmaker_Local,EVmaker_Local:PRO:2026-W03:00118,1,[1],[],[1],[],on_time -> backlog
OUT:leaf_out:PRO:EVmaker_Local,EVmaker_Local:PRO:2026-W03:00119,1,[1],[],[1],[],on_time -> backlog
OUT:leaf_out:PRO:EVmaker_Local,EVmaker_Local:PRO:2026-W03:00120,1,[1],[],[1],[],on_time -> backlog
OUT:leaf_out:PRO:EVmaker_Local,EVmaker_Local:PRO:2026-W03:00121,1,[1],[],[1],[],on_time -> backlog
OUT:leaf_out:PRO:EVmaker_Local,EVmaker_Local:PRO:2026-W03:00122,1,[1],[],[1],[],on_time -> backlog
OUT:leaf_out:PRO:EVmaker_Local,EVmaker_Local:PRO:2026-W03:00123,1,[1],[],[1],[],on_time -> backlog
OUT:leaf_out:PRO:EVmaker_Local,EVmaker_Local:PRO:2026-W03:00124,1,[1],[],[1],[],on_time -> backlog
OUT:leaf_out:PRO:EVmaker_Local,EVmaker_Local:PRO:2026-W03:00125,1,[1],[],[1],[],on_time -> backlog
OUT:leaf_out:PRO:EVmaker_Local,EVmaker_Local:PRO:2026-W03:00126,1,[1],[],[1],[],on_time -> backlog
OUT:leaf_out:PRO:EVmaker_Local,EVmaker_Local:PRO:2026-W03:00127,1,[1],[],[1],[],on_time -> backlog
OUT:leaf_out:PRO:EVmaker_Local,EVmaker_Local:PRO:2026-W03:00128,1,[1],[],[1],[],on_time -> backlog
OUT:leaf_out:PRO:EVmaker_Local,EVmaker_Local:PRO:2026-W03:00129,1,[1],[],[1],[],on_time -> backlog
OUT:leaf_out:PRO:EVmaker_Local,EVmaker_Local:PRO:2026-W03:00130,1,[1],[],[1],[],on_time -> backlog
OUT:leaf_out:PRO:EVmaker_Local,EVmaker_Local:PRO:2026-W03:00131,1,[1],[],[1],[],on_time -> backlog
OUT:leaf_out:PRO:EVmaker_Local,EVmaker_Local:PRO:2026-W03:00132,1,[1],[],[1],[],on_time -> backlog
OUT:leaf_out:PRO:EVmaker_Local,EVmaker_Local:PRO:2026-W03:00133,1,[1],[],[1],[],on_time -> backlog
OUT:leaf_out:PRO:EVmaker_Local,EVmaker_Local:PRO:2026-W03:00134,1,[1],[],[1],[],on_time -> backlog
OUT:leaf_out:PRO:EVmaker_Local,EVmaker_Local:PRO:2026-W03:00135,1,[1],[],[1],[],on_time -> backlog
OUT:leaf_out:PRO:EVmaker_Local,EVmaker_Local:PRO:2026-W03:00136,1,[1],[],[1],[],on_time -> backlog
OUT:leaf_out:PRO:EVmaker_Local,EVmaker_Local:PRO:2026-W03:00137,1,[1],[],[1],[],on_time -> backlog
OUT:leaf_out:PRO:EVmaker_Local,EVmaker_Local:PRO:2026-W03:00138,1,[1],[],[1],[],on_time -> backlog
OUT:leaf_out:PRO:EVmaker_Local,EVmaker_Local:PRO:2026-W03:00139,1,[1],[],[1],[],on_time -> backlog
OUT:leaf_out:PRO:EVmaker_Local,EVmaker_Local:PRO:2026-W03:00140,1,[1],[],[1],[],on_time -> backlog
OUT:leaf_out:PRO:EVmaker_Local,EVmaker_Local:PRO:2026-W03:00141,1,[1],[],[1],[],on_time -> backlog
OUT:leaf_out:PRO:EVmaker_Local,EVmaker_Local:PRO:2026-W03:00142,1,[1],[],[1],[],on_time -> backlog
OUT:leaf_out:PRO:EVmaker_Local,EVmaker_Local:PRO:2026-W03:00143,1,[1],[],[1],[],on_time -> backlog
OUT:leaf_out:PRO:EVmaker_Local,EVmaker_Local:PRO:2026-W03:00144,1,[1],[],[1],[],on_time -> backlog
OUT:leaf_out:PRO:EVmaker_Local,EVmaker_Local:PRO:2026-W03:00145,1,[1],[],[1],[],on_time -> backlog
OUT:leaf_out:PRO:EVmaker_Local,EVmaker_Local:PRO:2026-W03:00146,1,[1],[],[1],[],on_time -> backlog
OUT:leaf_out:PRO:EVmaker_Local,EVmaker_Local:PRO:2026-W03:00147,1,[1],[],[1],[],on_time -> backlog
OUT:leaf_out:PRO:EVmaker_Local,EVmaker_Local:PRO:2026-W03:00148,1,[1],[],[1],[],on_time -> backlog
OUT:leaf_out:PRO:EVmaker_Local,EVmaker_Local:PRO:2026-W03:00149,1,[1],[],[1],[],on_time -> backlog
OUT:leaf_out:PRO:EVmaker_Local,EVmaker_Local:PRO:2026-W03:00150,1,[1],[],[1],[],on_time -> backlog
OUT:leaf_out:PRO:EVmaker_Local,EVmaker_Local:PRO:2026-W03:00151,1,[1],[],[1],[],on_time -> backlog
OUT:leaf_out:PRO:EVmaker_Local,EVmaker_Local:PRO:2026-W03:00152,1,[1],[],[1],[],on_time -> backlog
OUT:leaf_out:PRO:EVmaker_Local,EVmaker_Local:PRO:2026-W03:00153,1,[1],[],[1],[],on_time -> backlog
OUT:leaf_out:PRO:EVmaker_Local,EVmaker_Local:PRO:2026-W03:00154,1,[1],[],[1],[],on_time -> backlog
OUT:leaf_out:PRO:EVmaker_Local,EVmaker_Local:PRO:2026-W03:00155,1,[1],[],[1],[],on_time -> backlog
OUT:leaf_out:PRO:EVmaker_Local,EVmaker_Local:PRO:2026-W03:00156,1,[1],[],[1],[],on_time -> backlog
OUT:leaf_out:PRO:EVmaker_Local,EVmaker_Local:PRO:2026-W03:00157,1,[1],[],[1],[],on_time -> backlog
OUT:leaf_out:PRO:EVmaker_Local,EVmaker_Local:PRO:2026-W03:00158,1,[1],[],[1],[],on_time -> backlog
OUT:leaf_out:PRO:EVmaker_Local,EVmaker_Local:PRO:2026-W03:00159,1,[1],[],[1],[],on_time -> backlog
OUT:leaf_out:PRO:EVmaker_Local,EVmaker_Local:PRO:2026-W03:00160,1,[1],[],[1],[],on_time -> backlog
OUT:leaf_out:PRO:EVmaker_Local,EVmaker_Local:PRO:2026-W03:00161,1,[1],[],[1],[],on_time -> backlog
OUT:leaf_out:PRO:EVmaker_Local,EVmaker_Local:PRO:2026-W03:00162,1,[1],[],[1],[],on_time -> backlog
OUT:leaf_out:PRO:EVmaker_Local,EVmaker_Local:PRO:2026-W03:00163,1,[1],[],[1],[],on_time -> backlog
OUT:leaf_out:PRO:EVmaker_Local,EVmaker_Local:PRO:2026-W03:00164,1,[1],[],[1],[],on_time -> backlog
OUT:leaf_out:PRO:EVmaker_Local,EVmaker_Local:PRO:2026-W03:00165,1,[1],[],[1],[],on_time -> backlog
OUT:leaf_out:PRO:EVmaker_Local,EVmaker_Local:PRO:2026-W03:00166,1,[1],[],[1],[],on_time -> backlog
OUT:leaf_out:PRO:EVmaker_Local,EVmaker_Local:PRO:2026-W03:00167,1,[1],[],[1],[],on_time -> backlog
OUT:leaf_out:PRO:EVmaker_Local,EVmaker_Local:PRO:2026-W03:00168,1,[1],[],[1],[],on_time -> backlog
OUT:leaf_out:PRO:EVmaker_Local,EVmaker_Local:PRO:2026-W03:00169,1,[1],[],[1],[],on_time -> backlog
OUT:leaf_out:PRO:EVmaker_Local,EVmaker_Local:PRO:2026-W03:00170,1,[1],[],[1],[],on_time -> backlog
OUT:leaf_out:PRO:EVmaker_Local,EVmaker_Local:PRO:2026-W03:00171,1,[1],[],[1],[],on_time -> backlog
OUT:leaf_out:PRO:EVmaker_Local,EVmaker_Local:PRO:2026-W03:00172,1,[1],[],[1],[],on_time -> backlog
OUT:leaf_out:PRO:EVmaker_Local,EVmaker_Local:PRO:2026-W03:00173,1,[1],[],[1],[],on_time -> backlog
OUT:leaf_out:PRO:EVmaker_Local,EVmaker_Local:PRO:2026-W03:00174,1,[1],[],[1],[],on_time -> backlog
OUT:leaf_out:PRO:EVmaker_Local,EVmaker_Local:PRO:2026-W03:00175,1,[1],[],[1],[],on_time -> backlog
OUT:leaf_out:PRO:EVmaker_Local,EVmaker_Local:PRO:2026-W03:00176,1,[1],[],[1],[],on_time -> backlog
OUT:leaf_out:PRO:EVmaker_Local,EVmaker_Local:PRO:2026-W03:00177,1,[1],[],[1],[],on_time -> backlog
OUT:leaf_out:PRO:EVmaker_Local,EVmaker_Local:PRO:2026-W03:00178,1,[1],[],[1],[],on_time -> backlog
OUT:leaf_out:PRO:EVmaker_Local,EVmaker_Local:PRO:2026-W03:00179,1,[1],[],[1],[],on_time -> backlog
OUT:leaf_out:PRO:EVmaker_Local,EVmaker_Local:PRO:2026-W03:00180,1,[1],[],[1],[],on_time -> backlog
OUT:leaf_out:PRO:EVmaker_Local,EVmaker_Local:PRO:2026-W03:00181,1,[1],[],[1],[],on_time -> backlog
OUT:leaf_out:PRO:EVmaker_Local,EVmaker_Local:PRO:2026-W03:00182,1,[1],[],[1],[],on_time -> backlog
OUT:leaf_out:PRO:EVmaker_Local,EVmaker_Local:PRO:2026-W03:00183,1,[1],[],[1],[],on_time -> backlog
OUT:leaf_out:PRO:EVmaker_Local,EVmaker_Local:PRO:2026-W03:00184,1,[1],[],[1],[],on_time -> backlog
OUT:leaf_out:PRO:EVmaker_Local,EVmaker_Local:PRO:2026-W03:00185,1,[1],[],[1],[],on_time -> backlog
OUT:leaf_out:PRO:EVmaker_Local,EVmaker_Local:PRO:2026-W03:00186,1,[1],[],[1],[],on_time -> backlog
OUT:leaf_out:PRO:EVmaker_Local,EVmaker_Local:PRO:2026-W03:00187,1,[1],[],[1],[],on_time -> backlog
OUT:leaf_out:PRO:EVmaker_Local,EVmaker_Local:PRO:2026-W03:00188,1,[1],[],[1],[],on_time -> backlog
OUT:leaf_out:PRO:EVmaker_Local,EVmaker_Local:PRO:2026-W03:00189,1,[1],[],[1],[],on_time -> backlog
OUT:leaf_out:PRO:EVmaker_Local,EVmaker_Local:PRO:2026-W03:00190,1,[1],[],[1],[],on_time -> backlog
OUT:leaf_out:PRO:EVmaker_Local,EVmaker_Local:PRO:2026-W03:00191,1,[1],[],[1],[],on_time -> backlog
OUT:leaf_out:PRO:EVmaker_Local,EVmaker_Local:PRO:2026-W03:00192,1,[1],[],[1],[],on_time -> backlog
OUT:leaf_out:PRO:EVmaker_Local,EVmaker_Local:PRO:2026-W03:00193,1,[1],[],[1],[],on_time -> backlog
OUT:leaf_out:PRO:EVmaker_Local,EVmaker_Local:PRO:2026-W03:00194,1,[1],[],[1],[],on_time -> backlog
OUT:leaf_out:PRO:EVmaker_Local,EVmaker_Local:PRO:2026-W03:00195,1,[1],[],[1],[],on_time -> backlog
OUT:leaf_out:PRO:EVmaker_Local,EVmaker_Local:PRO:2026-W03:00196,1,[1],[],[1],[],on_time -> backlog
OUT:leaf_out:PRO:EVmaker_Local,EVmaker_Local:PRO:2026-W03:00197,1,[1],[],[1],[],on_time -> backlog
OUT:leaf_out:PRO:EVmaker_Local,EVmaker_Local:PRO:2026-W03:00198,1,[1],[],[1],[],on_time -> backlog
OUT:leaf_out:PRO:EVmaker_Local,EVmaker_Local:PRO:2026-W03:00199,1,[1],[],[1],[],on_time -> backlog
OUT:leaf_out:PRO:EVmaker_Local,EVmaker_Local:PRO:2026-W03:00200,1,[1],[],[1],[],on_time -> backlog
OUT:leaf_out:PRO:EVmaker_Local,EVmaker_Local:PRO:2026-W03:00201,1,[1],[],[1],[],on_time -> backlog
OUT:leaf_out:PRO:EVmaker_Local,EVmaker_Local:PRO:2026-W03:00202,1,[1],[],[1],[],on_time -> backlog
OUT:leaf_out:PRO:EVmaker_Local,EVmaker_Local:PRO:2026-W03:00203,1,[1],[],[1],[],on_time -> backlog
OUT:leaf_out:PRO:EVmaker_Local,EVmaker_Local:PRO:2026-W03:00204,1,[1],[],[1],[],on_time -> backlog
OUT:leaf_out:PRO:EVmaker_Local,EVmaker_Local:PRO:2026-W03:00205,1,[1],[],[1],[],on_time -> backlog
OUT:leaf_out:PRO:EVmaker_Local,EVmaker_Local:PRO:2026-W03:00206,1,[1],[],[1],[],on_time -> backlog
OUT:leaf_out:PRO:EVmaker_Local,EVmaker_Local:PRO:2026-W03:00207,1,[1],[],[1],[],on_time -> backlog
OUT:leaf_out:PRO:EVmaker_Local,EVmaker_Local:PRO:2026-W03:00208,1,[1],[],[1],[],on_time -> backlog
OUT:leaf_out:PRO:EVmaker_Local,EVmaker_Local:PRO:2026-W03:00209,1,[1],[],[1],[],on_time -> backlog
OUT:leaf_out:PRO:EVmaker_Local,EVmaker_Local:PRO:2026-W03:00210,1,[1],[],[1],[],on_time -> backlog
OUT:leaf_out:PRO:EVmaker_Local,EVmaker_Local:PRO:2026-W03:00211,1,[1],[],[1],[],on_time -> backlog
OUT:leaf_out:PRO:EVmaker_Local,EVmaker_Local:PRO:2026-W03:00212,1,[1],[],[1],[],on_time -> backlog
OUT:leaf_out:PRO:EVmaker_Local,EVmaker_Local:PRO:2026-W03:00213,1,[1],[],[1],[],on_time -> backlog
OUT:leaf_out:PRO:EVmaker_Local,EVmaker_Local:PRO:2026-W03:00214,1,[1],[],[1],[],on_time -> backlog
OUT:leaf_out:PRO:EVmaker_Local,EVmaker_Local:PRO:2026-W03:00215,1,[1],[],[1],[],on_time -> backlog
OUT:leaf_out:PRO:EVmaker_Local,EVmaker_Local:PRO:2026-W03:00216,1,[1],[],[1],[],on_time -> backlog
OUT:leaf_out:PRO:EVmaker_Local,EVmaker_Local:PRO:2026-W03:00217,1,[1],[],[1],[],on_time -> backlog
OUT:leaf_out:PRO:EVmaker_Local,EVmaker_Local:PRO:2026-W03:00218,1,[1],[],[1],[],on_time -> backlog
OUT:leaf_out:PRO:EVmaker_Local,EVmaker_Local:PRO:2026-W03:00219,1,[1],[],[1],[],on_time -> backlog
OUT:leaf_out:PRO:EVmaker_Local,EVmaker_Local:PRO:2026-W03:00220,1,[1],[],[1],[],on_time -> backlog
IN:mom:Factory_Import_CN:EVmaker_Import,EVmaker_Import:BKK:2026-W13:00001,2,[2],[2],[2],[4],on_time -> on_time
IN:mom:Factory_Import_CN:EVmaker_Import,EVmaker_Import:BKK:2026-W13:00002,2,[2],[2],[2],[4],on_time -> on_time
IN:mom:Factory_Import_CN:EVmaker_Import,EVmaker_Import:BKK:2026-W13:00003,2,[2],[2],[2],[4],on_time -> on_time
IN:mom:Factory_Import_CN:EVmaker_Import,EVmaker_Import:BKK:2026-W13:00004,2,[2],[2],[2],[4],on_time -> on_time
IN:mom:Factory_Import_CN:EVmaker_Import,EVmaker_Import:BKK:2026-W13:00005,2,[2],[2],[2],[4],on_time -> on_time
IN:mom:Factory_Import_CN:EVmaker_Import,EVmaker_Import:BKK:2026-W13:00006,2,[2],[2],[2],[4],on_time -> on_time
IN:mom:Factory_Import_CN:EVmaker_Import,EVmaker_Import:BKK:2026-W13:00007,2,[2],[2],[2],[4],on_time -> on_time
IN:mom:Factory_Import_CN:EVmaker_Import,EVmaker_Import:BKK:2026-W13:00008,2,[2],[2],[2],[4],on_time -> on_time
IN:mom:Factory_Import_CN:EVmaker_Import,EVmaker_Import:BKK:2026-W13:00009,2,[2],[2],[2],[4],on_time -> on_time
IN:mom:Factory_Import_CN:EVmaker_Import,EVmaker_Import:BKK:2026-W13:00010,2,[2],[2],[2],[4],on_time -> on_time
IN:mom:Factory_Import_CN:EVmaker_Import,EVmaker_Import:BKK:2026-W13:00011,2,[2],[2],[2],[4],on_time -> on_time
IN:mom:Factory_Import_CN:EVmaker_Import,EVmaker_Import:BKK:2026-W13:00012,2,[2],[2],[2],[4],on_time -> on_time
IN:mom:Factory_Import_CN:EVmaker_Import,EVmaker_Import:BKK:2026-W13:00013,2,[2],[2],[2],[4],on_time -> on_time
IN:mom:Factory_Import_CN:EVmaker_Import,EVmaker_Import:BKK:2026-W13:00014,2,[2],[2],[2],[4],on_time -> on_time
IN:mom:Factory_Import_CN:EVmaker_Import,EVmaker_Import:BKK:2026-W13:00015,2,[2],[2],[2],[4],on_time -> on_time
IN:mom:Factory_Import_CN:EVmaker_Import,EVmaker_Import:BKK:2026-W13:00016,2,[2],[2],[2],[4],on_time -> on_time
IN:mom:Factory_Import_CN:EVmaker_Import,EVmaker_Import:BKK:2026-W13:00017,2,[2],[2],[2],[4],on_time -> on_time
IN:mom:Factory_Import_CN:EVmaker_Import,EVmaker_Import:BKK:2026-W13:00018,2,[2],[2],[2],[4],on_time -> on_time
IN:mom:Factory_Import_CN:EVmaker_Import,EVmaker_Import:BKK:2026-W13:00019,2,[2],[2],[2],[4],on_time -> on_time
IN:mom:Factory_Import_CN:EVmaker_Import,EVmaker_Import:BKK:2026-W13:00020,2,[2],[2],[2],[4],on_time -> on_time
IN:mom:Factory_Import_CN:EVmaker_Import,EVmaker_Import:BKK:2026-W13:00021,2,[2],[2],[2],[4],on_time -> on_time
IN:mom:Factory_Import_CN:EVmaker_Import,EVmaker_Import:BKK:2026-W13:00022,2,[2],[2],[2],[4],on_time -> on_time
IN:mom:Factory_Import_CN:EVmaker_Import,EVmaker_Import:BKK:2026-W13:00023,2,[2],[2],[2],[4],on_time -> on_time
IN:mom:Factory_Import_CN:EVmaker_Import,EVmaker_Import:BKK:2026-W13:00024,2,[2],[2],[2],[4],on_time -> on_time
IN:mom:Factory_Import_CN:EVmaker_Import,EVmaker_Import:BKK:2026-W13:00025,2,[2],[2],[2],[4],on_time -> on_time
IN:mom:Factory_Import_CN:EVmaker_Import,EVmaker_Import:BKK:2026-W13:00026,2,[2],[2],[2],[4],on_time -> on_time
IN:mom:Factory_Import_CN:EVmaker_Import,EVmaker_Import:BKK:2026-W13:00027,2,[2],[2],[2],[4],on_time -> on_time
IN:mom:Factory_Import_CN:EVmaker_Import,EVmaker_Import:BKK:2026-W13:00028,2,[2],[2],[2],[4],on_time -> on_time
IN:mom:Factory_Import_CN:EVmaker_Import,EVmaker_Import:BKK:2026-W13:00029,2,[2],[2],[2],[4],on_time -> on_time
IN:mom:Factory_Import_CN:EVmaker_Import,EVmaker_Import:BKK:2026-W13:00030,2,[2],[2],[2],[4],on_time -> on_time
IN:mom:Factory_Import_CN:EVmaker_Import,EVmaker_Import:BKK:2026-W13:00031,2,[2],[2],[2],[4],on_time -> on_time
IN:mom:Factory_Import_CN:EVmaker_Import,EVmaker_Import:BKK:2026-W13:00032,2,[2],[2],[2],[4],on_time -> on_time
IN:mom:Factory_Import_CN:EVmaker_Import,EVmaker_Import:BKK:2026-W13:00033,2,[2],[2],[2],[4],on_time -> on_time
IN:mom:Factory_Import_CN:EVmaker_Import,EVmaker_Import:BKK:2026-W13:00034,2,[2],[2],[2],[4],on_time -> on_time
IN:mom:Factory_Import_CN:EVmaker_Import,EVmaker_Import:BKK:2026-W13:00035,2,[2],[2],[2],[4],on_time -> on_time
IN:mom:Factory_Import_CN:EVmaker_Import,EVmaker_Import:BKK:2026-W13:00036,2,[2],[2],[2],[4],on_time -> on_time
IN:mom:Factory_Import_CN:EVmaker_Import,EVmaker_Import:BKK:2026-W13:00037,2,[2],[2],[2],[4],on_time -> on_time
IN:mom:Factory_Import_CN:EVmaker_Import,EVmaker_Import:BKK:2026-W13:00038,2,[2],[2],[2],[4],on_time -> on_time
IN:mom:Factory_Import_CN:EVmaker_Import,EVmaker_Import:BKK:2026-W13:00039,2,[2],[2],[2],[4],on_time -> on_time
IN:mom:Factory_Import_CN:EVmaker_Import,EVmaker_Import:BKK:2026-W13:00040,2,[2],[2],[2],[4],on_time -> on_time
IN:mom:Factory_Import_CN:EVmaker_Import,EVmaker_Import:BKK:2026-W13:00041,2,[2],[2],[2],[4],on_time -> on_time
IN:mom:Factory_Import_CN:EVmaker_Import,EVmaker_Import:BKK:2026-W13:00042,2,[2],[2],[2],[4],on_time -> on_time
IN:mom:Factory_Import_CN:EVmaker_Import,EVmaker_Import:BKK:2026-W13:00043,2,[2],[2],[2],[4],on_time -> on_time
IN:mom:Factory_Import_CN:EVmaker_Import,EVmaker_Import:BKK:2026-W13:00044,2,[2],[2],[2],[4],on_time -> on_time
IN:mom:Factory_Import_CN:EVmaker_Import,EVmaker_Import:BKK:2026-W13:00045,2,[2],[2],[2],[4],on_time -> on_time
IN:mom:Factory_Import_CN:EVmaker_Import,EVmaker_Import:BKK:2026-W13:00046,2,[2],[2],[2],[4],on_time -> on_time
IN:mom:Factory_Import_CN:EVmaker_Import,EVmaker_Import:BKK:2026-W13:00047,2,[2],[2],[2],[4],on_time -> on_time
IN:mom:Factory_Import_CN:EVmaker_Import,EVmaker_Import:BKK:2026-W13:00048,2,[2],[2],[2],[4],on_time -> on_time
IN:mom:Factory_Import_CN:EVmaker_Import,EVmaker_Import:BKK:2026-W13:00049,2,[2],[2],[2],[4],on_time -> on_time
IN:mom:Factory_Import_CN:EVmaker_Import,EVmaker_Import:BKK:2026-W13:00050,2,[2],[2],[2],[4],on_time -> on_time
IN:mom:Factory_Import_CN:EVmaker_Import,EVmaker_Import:ONL:2026-W13:00001,2,[2],[2],[2],[4],on_time -> on_time
IN:mom:Factory_Import_CN:EVmaker_Import,EVmaker_Import:ONL:2026-W13:00002,2,[2],[2],[2],[4],on_time -> on_time
IN:mom:Factory_Import_CN:EVmaker_Import,EVmaker_Import:ONL:2026-W13:00003,2,[2],[2],[2],[4],on_time -> on_time
IN:mom:Factory_Import_CN:EVmaker_Import,EVmaker_Import:ONL:2026-W13:00004,2,[2],[2],[2],[4],on_time -> on_time
IN:mom:Factory_Import_CN:EVmaker_Import,EVmaker_Import:ONL:2026-W13:00005,2,[2],[2],[2],[4],on_time -> on_time
IN:mom:Factory_Import_CN:EVmaker_Import,EVmaker_Import:ONL:2026-W13:00006,2,[2],[2],[2],[4],on_time -> on_time
IN:mom:Factory_Import_CN:EVmaker_Import,EVmaker_Import:ONL:2026-W13:00007,2,[2],[2],[2],[4],on_time -> on_time
IN:mom:Factory_Import_CN:EVmaker_Import,EVmaker_Import:ONL:2026-W13:00008,2,[2],[2],[2],[4],on_time -> on_time
IN:mom:Factory_Import_CN:EVmaker_Import,EVmaker_Import:ONL:2026-W13:00009,2,[2],[2],[2],[4],on_time -> on_time
IN:mom:Factory_Import_CN:EVmaker_Import,EVmaker_Import:ONL:2026-W13:00010,2,[2],[2],[2],[4],on_time -> on_time
IN:mom:Factory_Import_CN:EVmaker_Import,EVmaker_Import:PRO:2026-W14:00001,2,[2],[2],[2],[4],on_time -> on_time
IN:mom:Factory_Import_CN:EVmaker_Import,EVmaker_Import:PRO:2026-W14:00002,2,[2],[2],[2],[4],on_time -> on_time
IN:mom:Factory_Import_CN:EVmaker_Import,EVmaker_Import:PRO:2026-W14:00003,2,[2],[2],[2],[4],on_time -> on_time
IN:mom:Factory_Import_CN:EVmaker_Import,EVmaker_Import:PRO:2026-W14:00004,2,[2],[2],[2],[4],on_time -> on_time
IN:mom:Factory_Import_CN:EVmaker_Import,EVmaker_Import:PRO:2026-W14:00005,2,[2],[2],[2],[4],on_time -> on_time
IN:mom:Factory_Import_CN:EVmaker_Import,EVmaker_Import:PRO:2026-W14:00006,2,[2],[2],[2],[4],on_time -> on_time
IN:mom:Factory_Import_CN:EVmaker_Import,EVmaker_Import:PRO:2026-W14:00007,2,[2],[2],[2],[4],on_time -> on_time
IN:mom:Factory_Import_CN:EVmaker_Import,EVmaker_Import:PRO:2026-W14:00008,2,[2],[2],[2],[4],on_time -> on_time
IN:mom:Factory_Import_CN:EVmaker_Import,EVmaker_Import:PRO:2026-W14:00009,2,[2],[2],[2],[4],on_time -> on_time
IN:mom:Factory_Import_CN:EVmaker_Import,EVmaker_Import:PRO:2026-W14:00010,2,[2],[2],[2],[4],on_time -> on_time
IN:mom:Factory_Import_CN:EVmaker_Import,EVmaker_Import:PRO:2026-W14:00011,2,[2],[2],[2],[4],on_time -> on_time
IN:mom:Factory_Import_CN:EVmaker_Import,EVmaker_Import:PRO:2026-W14:00012,2,[2],[2],[2],[4],on_time -> on_time
IN:mom:Factory_Import_CN:EVmaker_Import,EVmaker_Import:PRO:2026-W14:00013,2,[2],[2],[2],[4],on_time -> on_time
IN:mom:Factory_Import_CN:EVmaker_Import,EVmaker_Import:PRO:2026-W14:00014,2,[2],[2],[2],[4],on_time -> on_time
IN:mom:Factory_Import_CN:EVmaker_Import,EVmaker_Import:PRO:2026-W14:00015,2,[2],[2],[2],[4],on_time -> on_time
IN:mom:Factory_Import_CN:EVmaker_Import,EVmaker_Import:PRO:2026-W14:00016,2,[2],[2],[2],[4],on_time -> on_time
IN:mom:Factory_Import_CN:EVmaker_Import,EVmaker_Import:PRO:2026-W14:00017,2,[2],[2],[2],[4],on_time -> on_time
IN:mom:Factory_Import_CN:EVmaker_Import,EVmaker_Import:PRO:2026-W14:00018,2,[2],[2],[2],[4],on_time -> on_time
IN:mom:Factory_Import_CN:EVmaker_Import,EVmaker_Import:PRO:2026-W14:00019,2,[2],[2],[2],[4],on_time -> on_time
IN:mom:Factory_Import_CN:EVmaker_Import,EVmaker_Import:PRO:2026-W14:00020,2,[2],[2],[2],[4],on_time -> on_time
IN:mom:Factory_Import_CN:EVmaker_Import,EVmaker_Import:PRO:2026-W14:00021,2,[2],[2],[2],[4],on_time -> on_time
IN:mom:Factory_Import_CN:EVmaker_Import,EVmaker_Import:PRO:2026-W14:00022,2,[2],[2],[2],[4],on_time -> on_time
IN:mom:Factory_Import_CN:EVmaker_Import,EVmaker_Import:PRO:2026-W14:00023,2,[2],[2],[2],[4],on_time -> on_time
IN:mom:Factory_Import_CN:EVmaker_Import,EVmaker_Import:PRO:2026-W14:00024,2,[2],[2],[2],[4],on_time -> on_time
IN:mom:Factory_Import_CN:EVmaker_Import,EVmaker_Import:PRO:2026-W14:00025,2,[2],[2],[2],[4],on_time -> on_time
IN:mom:Factory_Import_CN:EVmaker_Import,EVmaker_Import:PRO:2026-W14:00026,2,[2],[2],[2],[4],on_time -> on_time
IN:mom:Factory_Import_CN:EVmaker_Import,EVmaker_Import:PRO:2026-W14:00027,2,[2],[2],[2],[4],on_time -> on_time
IN:mom:Factory_Import_CN:EVmaker_Import,EVmaker_Import:PRO:2026-W14:00028,2,[2],[2],[2],[4],on_time -> on_time
IN:mom:Factory_Import_CN:EVmaker_Import,EVmaker_Import:PRO:2026-W14:00029,2,[2],[2],[2],[4],on_time -> on_time
IN:mom:Factory_Import_CN:EVmaker_Import,EVmaker_Import:PRO:2026-W14:00030,2,[2],[2],[2],[4],on_time -> on_time
IN:mom:Factory_Import_CN:EVmaker_Import,EVmaker_Import:PRO:2026-W14:00031,2,[2],[2],[2],[4],on_time -> on_time
IN:mom:Factory_Import_CN:EVmaker_Import,EVmaker_Import:PRO:2026-W14:00032,2,[2],[2],[2],[4],on_time -> on_time
OUT:leaf_out:BKK:EVmaker_Import,EVmaker_Import:BKK:2026-W04:00001,2,[2],[],[2],[],on_time -> backlog
OUT:leaf_out:BKK:EVmaker_Import,EVmaker_Import:BKK:2026-W04:00002,2,[2],[],[2],[],on_time -> backlog
OUT:leaf_out:BKK:EVmaker_Import,EVmaker_Import:BKK:2026-W04:00003,2,[2],[],[2],[],on_time -> backlog
OUT:leaf_out:BKK:EVmaker_Import,EVmaker_Import:BKK:2026-W04:00004,2,[2],[],[2],[],on_time -> backlog
OUT:leaf_out:BKK:EVmaker_Import,EVmaker_Import:BKK:2026-W04:00005,2,[2],[],[2],[],on_time -> backlog
OUT:leaf_out:BKK:EVmaker_Import,EVmaker_Import:BKK:2026-W04:00006,2,[2],[],[2],[],on_time -> backlog
OUT:leaf_out:BKK:EVmaker_Import,EVmaker_Import:BKK:2026-W04:00007,2,[2],[],[2],[],on_time -> backlog
OUT:leaf_out:BKK:EVmaker_Import,EVmaker_Import:BKK:2026-W04:00008,2,[2],[],[2],[],on_time -> backlog
OUT:leaf_out:BKK:EVmaker_Import,EVmaker_Import:BKK:2026-W04:00009,2,[2],[],[2],[],on_time -> backlog
OUT:leaf_out:BKK:EVmaker_Import,EVmaker_Import:BKK:2026-W04:00010,2,[2],[],[2],[],on_time -> backlog
OUT:leaf_out:BKK:EVmaker_Import,EVmaker_Import:BKK:2026-W04:00011,2,[2],[],[2],[],on_time -> backlog
OUT:leaf_out:BKK:EVmaker_Import,EVmaker_Import:BKK:2026-W04:00012,2,[2],[],[2],[],on_time -> backlog
OUT:leaf_out:BKK:EVmaker_Import,EVmaker_Import:BKK:2026-W04:00013,2,[2],[],[2],[],on_time -> backlog
OUT:leaf_out:BKK:EVmaker_Import,EVmaker_Import:BKK:2026-W04:00014,2,[2],[],[2],[],on_time -> backlog
OUT:leaf_out:BKK:EVmaker_Import,EVmaker_Import:BKK:2026-W04:00015,2,[2],[],[2],[],on_time -> backlog
OUT:leaf_out:BKK:EVmaker_Import,EVmaker_Import:BKK:2026-W04:00016,2,[2],[],[2],[],on_time -> backlog
OUT:leaf_out:BKK:EVmaker_Import,EVmaker_Import:BKK:2026-W04:00017,2,[2],[],[2],[],on_time -> backlog
OUT:leaf_out:BKK:EVmaker_Import,EVmaker_Import:BKK:2026-W04:00018,2,[2],[],[2],[],on_time -> backlog
OUT:leaf_out:BKK:EVmaker_Import,EVmaker_Import:BKK:2026-W04:00019,2,[2],[],[2],[],on_time -> backlog
OUT:leaf_out:BKK:EVmaker_Import,EVmaker_Import:BKK:2026-W04:00020,2,[2],[],[2],[],on_time -> backlog
OUT:leaf_out:BKK:EVmaker_Import,EVmaker_Import:BKK:2026-W04:00021,2,[2],[],[2],[],on_time -> backlog
OUT:leaf_out:BKK:EVmaker_Import,EVmaker_Import:BKK:2026-W04:00022,2,[2],[],[2],[],on_time -> backlog
OUT:leaf_out:BKK:EVmaker_Import,EVmaker_Import:BKK:2026-W04:00023,2,[2],[],[2],[],on_time -> backlog
OUT:leaf_out:BKK:EVmaker_Import,EVmaker_Import:BKK:2026-W04:00024,2,[2],[],[2],[],on_time -> backlog
OUT:leaf_out:BKK:EVmaker_Import,EVmaker_Import:BKK:2026-W04:00025,2,[2],[],[2],[],on_time -> backlog
OUT:leaf_out:BKK:EVmaker_Import,EVmaker_Import:BKK:2026-W04:00026,2,[2],[],[2],[],on_time -> backlog
OUT:leaf_out:BKK:EVmaker_Import,EVmaker_Import:BKK:2026-W04:00027,2,[2],[],[2],[],on_time -> backlog
OUT:leaf_out:BKK:EVmaker_Import,EVmaker_Import:BKK:2026-W04:00028,2,[2],[],[2],[],on_time -> backlog
OUT:leaf_out:BKK:EVmaker_Import,EVmaker_Import:BKK:2026-W04:00029,2,[2],[],[2],[],on_time -> backlog
OUT:leaf_out:BKK:EVmaker_Import,EVmaker_Import:BKK:2026-W04:00030,2,[2],[],[2],[],on_time -> backlog
OUT:leaf_out:BKK:EVmaker_Import,EVmaker_Import:BKK:2026-W04:00031,2,[2],[],[2],[],on_time -> backlog
OUT:leaf_out:BKK:EVmaker_Import,EVmaker_Import:BKK:2026-W04:00032,2,[2],[],[2],[],on_time -> backlog
OUT:leaf_out:BKK:EVmaker_Import,EVmaker_Import:BKK:2026-W04:00033,2,[2],[],[2],[],on_time -> backlog
OUT:leaf_out:BKK:EVmaker_Import,EVmaker_Import:BKK:2026-W04:00034,2,[2],[],[2],[],on_time -> backlog
OUT:leaf_out:BKK:EVmaker_Import,EVmaker_Import:BKK:2026-W04:00035,2,[2],[],[2],[],on_time -> backlog
OUT:leaf_out:BKK:EVmaker_Import,EVmaker_Import:BKK:2026-W04:00036,2,[2],[],[2],[],on_time -> backlog
OUT:leaf_out:BKK:EVmaker_Import,EVmaker_Import:BKK:2026-W04:00037,2,[2],[],[2],[],on_time -> backlog
OUT:leaf_out:BKK:EVmaker_Import,EVmaker_Import:BKK:2026-W04:00038,2,[2],[],[2],[],on_time -> backlog
OUT:leaf_out:BKK:EVmaker_Import,EVmaker_Import:BKK:2026-W04:00039,2,[2],[],[2],[],on_time -> backlog
OUT:leaf_out:BKK:EVmaker_Import,EVmaker_Import:BKK:2026-W04:00040,2,[2],[],[2],[],on_time -> backlog
OUT:leaf_out:BKK:EVmaker_Import,EVmaker_Import:BKK:2026-W04:00041,2,[2],[],[2],[],on_time -> backlog
OUT:leaf_out:BKK:EVmaker_Import,EVmaker_Import:BKK:2026-W04:00042,2,[2],[],[2],[],on_time -> backlog
OUT:leaf_out:BKK:EVmaker_Import,EVmaker_Import:BKK:2026-W04:00043,2,[2],[],[2],[],on_time -> backlog
OUT:leaf_out:BKK:EVmaker_Import,EVmaker_Import:BKK:2026-W04:00044,2,[2],[],[2],[],on_time -> backlog
OUT:leaf_out:BKK:EVmaker_Import,EVmaker_Import:BKK:2026-W04:00045,2,[2],[],[2],[],on_time -> backlog
OUT:leaf_out:BKK:EVmaker_Import,EVmaker_Import:BKK:2026-W04:00046,2,[2],[],[2],[],on_time -> backlog
OUT:leaf_out:BKK:EVmaker_Import,EVmaker_Import:BKK:2026-W04:00047,2,[2],[],[2],[],on_time -> backlog
OUT:leaf_out:BKK:EVmaker_Import,EVmaker_Import:BKK:2026-W04:00048,2,[2],[],[2],[],on_time -> backlog
OUT:leaf_out:BKK:EVmaker_Import,EVmaker_Import:BKK:2026-W04:00049,2,[2],[],[2],[],on_time -> backlog
OUT:leaf_out:BKK:EVmaker_Import,EVmaker_Import:BKK:2026-W04:00050,2,[2],[],[2],[],on_time -> backlog
OUT:leaf_out:BKK:EVmaker_Import,EVmaker_Import:BKK:2026-W04:00051,2,[2],[],[2],[],on_time -> backlog
OUT:leaf_out:BKK:EVmaker_Import,EVmaker_Import:BKK:2026-W04:00052,2,[2],[],[2],[],on_time -> backlog
OUT:leaf_out:BKK:EVmaker_Import,EVmaker_Import:BKK:2026-W04:00053,2,[2],[],[2],[],on_time -> backlog
OUT:leaf_out:BKK:EVmaker_Import,EVmaker_Import:BKK:2026-W04:00054,2,[2],[],[2],[],on_time -> backlog
OUT:leaf_out:BKK:EVmaker_Import,EVmaker_Import:BKK:2026-W04:00055,2,[2],[],[2],[],on_time -> backlog
OUT:leaf_out:BKK:EVmaker_Local,EVmaker_Local:BKK:2026-W04:00001,2,[2],[],[2],[],on_time -> backlog
OUT:leaf_out:BKK:EVmaker_Local,EVmaker_Local:BKK:2026-W04:00002,2,[2],[],[2],[],on_time -> backlog
OUT:leaf_out:BKK:EVmaker_Local,EVmaker_Local:BKK:2026-W04:00003,2,[2],[],[2],[],on_time -> backlog
OUT:leaf_out:BKK:EVmaker_Local,EVmaker_Local:BKK:2026-W04:00004,2,[2],[],[2],[],on_time -> backlog
OUT:leaf_out:BKK:EVmaker_Local,EVmaker_Local:BKK:2026-W04:00005,2,[2],[],[2],[],on_time -> backlog
OUT:leaf_out:BKK:EVmaker_Local,EVmaker_Local:BKK:2026-W04:00006,2,[2],[],[2],[],on_time -> backlog
OUT:leaf_out:BKK:EVmaker_Local,EVmaker_Local:BKK:2026-W04:00007,2,[2],[],[2],[],on_time -> backlog
OUT:leaf_out:BKK:EVmaker_Local,EVmaker_Local:BKK:2026-W04:00008,2,[2],[],[2],[],on_time -> backlog
OUT:leaf_out:BKK:EVmaker_Local,EVmaker_Local:BKK:2026-W04:00009,2,[2],[],[2],[],on_time -> backlog
OUT:leaf_out:BKK:EVmaker_Local,EVmaker_Local:BKK:2026-W04:00010,2,[2],[],[2],[],on_time -> backlog
OUT:leaf_out:BKK:EVmaker_Local,EVmaker_Local:BKK:2026-W04:00011,2,[2],[],[2],[],on_time -> backlog
OUT:leaf_out:BKK:EVmaker_Local,EVmaker_Local:BKK:2026-W04:00012,2,[2],[],[2],[],on_time -> backlog
OUT:leaf_out:BKK:EVmaker_Local,EVmaker_Local:BKK:2026-W04:00013,2,[2],[],[2],[],on_time -> backlog
OUT:leaf_out:BKK:EVmaker_Local,EVmaker_Local:BKK:2026-W04:00014,2,[2],[],[2],[],on_time -> backlog
OUT:leaf_out:BKK:EVmaker_Local,EVmaker_Local:BKK:2026-W04:00015,2,[2],[],[2],[],on_time -> backlog
OUT:leaf_out:BKK:EVmaker_Local,EVmaker_Local:BKK:2026-W04:00016,2,[2],[],[2],[],on_time -> backlog
OUT:leaf_out:BKK:EVmaker_Local,EVmaker_Local:BKK:2026-W04:00017,2,[2],[],[2],[],on_time -> backlog
OUT:leaf_out:BKK:EVmaker_Local,EVmaker_Local:BKK:2026-W04:00018,2,[2],[],[2],[],on_time -> backlog
OUT:leaf_out:BKK:EVmaker_Local,EVmaker_Local:BKK:2026-W04:00019,2,[2],[],[2],[],on_time -> backlog
OUT:leaf_out:BKK:EVmaker_Local,EVmaker_Local:BKK:2026-W04:00020,2,[2],[],[2],[],on_time -> backlog
OUT:leaf_out:BKK:EVmaker_Local,EVmaker_Local:BKK:2026-W04:00021,2,[2],[],[2],[],on_time -> backlog
OUT:leaf_out:BKK:EVmaker_Local,EVmaker_Local:BKK:2026-W04:00022,2,[2],[],[2],[],on_time -> backlog
OUT:leaf_out:BKK:EVmaker_Local,EVmaker_Local:BKK:2026-W04:00023,2,[2],[],[2],[],on_time -> backlog
OUT:leaf_out:BKK:EVmaker_Local,EVmaker_Local:BKK:2026-W04:00024,2,[2],[],[2],[],on_time -> backlog
OUT:leaf_out:BKK:EVmaker_Local,EVmaker_Local:BKK:2026-W04:00025,2,[2],[],[2],[],on_time -> backlog
OUT:leaf_out:BKK:EVmaker_Local,EVmaker_Local:BKK:2026-W04:00026,2,[2],[],[2],[],on_time -> backlog
OUT:leaf_out:BKK:EVmaker_Local,EVmaker_Local:BKK:2026-W04:00027,2,[2],[],[2],[],on_time -> backlog
OUT:leaf_out:BKK:EVmaker_Local,EVmaker_Local:BKK:2026-W04:00028,2,[2],[],[2],[],on_time -> backlog
OUT:leaf_out:BKK:EVmaker_Local,EVmaker_Local:BKK:2026-W04:00029,2,[2],[],[2],[],on_time -> backlog
OUT:leaf_out:BKK:EVmaker_Local,EVmaker_Local:BKK:2026-W04:00030,2,[2],[],[2],[],on_time -> backlog
OUT:leaf_out:BKK:EVmaker_Local,EVmaker_Local:BKK:2026-W04:00031,2,[2],[],[2],[],on_time -> backlog
OUT:leaf_out:BKK:EVmaker_Local,EVmaker_Local:BKK:2026-W04:00032,2,[2],[],[2],[],on_time -> backlog
OUT:leaf_out:BKK:EVmaker_Local,EVmaker_Local:BKK:2026-W04:00033,2,[2],[],[2],[],on_time -> backlog
OUT:leaf_out:BKK:EVmaker_Local,EVmaker_Local:BKK:2026-W04:00034,2,[2],[],[2],[],on_time -> backlog
OUT:leaf_out:BKK:EVmaker_Local,EVmaker_Local:BKK:2026-W04:00035,2,[2],[],[2],[],on_time -> backlog
OUT:leaf_out:BKK:EVmaker_Local,EVmaker_Local:BKK:2026-W04:00036,2,[2],[],[2],[],on_time -> backlog
OUT:leaf_out:BKK:EVmaker_Local,EVmaker_Local:BKK:2026-W04:00037,2,[2],[],[2],[],on_time -> backlog
OUT:leaf_out:BKK:EVmaker_Local,EVmaker_Local:BKK:2026-W04:00038,2,[2],[],[2],[],on_time -> backlog
OUT:leaf_out:BKK:EVmaker_Local,EVmaker_Local:BKK:2026-W04:00039,2,[2],[],[2],[],on_time -> backlog
OUT:leaf_out:BKK:EVmaker_Local,EVmaker_Local:BKK:2026-W04:00040,2,[2],[],[2],[],on_time -> backlog
OUT:leaf_out:BKK:EVmaker_Local,EVmaker_Local:BKK:2026-W04:00041,2,[2],[],[2],[],on_time -> backlog
OUT:leaf_out:BKK:EVmaker_Local,EVmaker_Local:BKK:2026-W04:00042,2,[2],[],[2],[],on_time -> backlog
OUT:leaf_out:BKK:EVmaker_Local,EVmaker_Local:BKK:2026-W04:00043,2,[2],[],[2],[],on_time -> backlog
OUT:leaf_out:BKK:EVmaker_Local,EVmaker_Local:BKK:2026-W04:00044,2,[2],[],[2],[],on_time -> backlog
OUT:leaf_out:BKK:EVmaker_Local,EVmaker_Local:BKK:2026-W04:00045,2,[2],[],[2],[],on_time -> backlog
OUT:leaf_out:BKK:EVmaker_Local,EVmaker_Local:BKK:2026-W04:00046,2,[2],[],[2],[],on_time -> backlog
OUT:leaf_out:BKK:EVmaker_Local,EVmaker_Local:BKK:2026-W04:00047,2,[2],[],[2],[],on_time -> backlog
OUT:leaf_out:BKK:EVmaker_Local,EVmaker_Local:BKK:2026-W04:00048,2,[2],[],[2],[],on_time -> backlog
OUT:leaf_out:BKK:EVmaker_Local,EVmaker_Local:BKK:2026-W04:00049,2,[2],[],[2],[],on_time -> backlog
OUT:leaf_out:BKK:EVmaker_Local,EVmaker_Local:BKK:2026-W04:00050,2,[2],[],[2],[],on_time -> backlog
OUT:leaf_out:BKK:EVmaker_Local,EVmaker_Local:BKK:2026-W04:00051,2,[2],[],[2],[],on_time -> backlog
OUT:leaf_out:BKK:EVmaker_Local,EVmaker_Local:BKK:2026-W04:00052,2,[2],[],[2],[],on_time -> backlog
OUT:leaf_out:BKK:EVmaker_Local,EVmaker_Local:BKK:2026-W04:00053,2,[2],[],[2],[],on_time -> backlog
OUT:leaf_out:BKK:EVmaker_Local,EVmaker_Local:BKK:2026-W04:00054,2,[2],[],[2],[],on_time -> backlog
OUT:leaf_out:BKK:EVmaker_Local,EVmaker_Local:BKK:2026-W04:00055,2,[2],[],[2],[],on_time -> backlog
OUT:leaf_out:BKK:EVmaker_Local,EVmaker_Local:BKK:2026-W04:00056,2,[2],[],[2],[],on_time -> backlog
OUT:leaf_out:BKK:EVmaker_Local,EVmaker_Local:BKK:2026-W04:00057,2,[2],[],[2],[],on_time -> backlog
OUT:leaf_out:BKK:EVmaker_Local,EVmaker_Local:BKK:2026-W04:00058,2,[2],[],[2],[],on_time -> backlog
OUT:leaf_out:BKK:EVmaker_Local,EVmaker_Local:BKK:2026-W04:00059,2,[2],[],[2],[],on_time -> backlog
OUT:leaf_out:BKK:EVmaker_Local,EVmaker_Local:BKK:2026-W04:00060,2,[2],[],[2],[],on_time -> backlog
OUT:leaf_out:BKK:EVmaker_Local,EVmaker_Local:BKK:2026-W04:00061,2,[2],[],[2],[],on_time -> backlog
OUT:leaf_out:BKK:EVmaker_Local,EVmaker_Local:BKK:2026-W04:00062,2,[2],[],[2],[],on_time -> backlog
OUT:leaf_out:BKK:EVmaker_Local,EVmaker_Local:BKK:2026-W04:00063,2,[2],[],[2],[],on_time -> backlog
OUT:leaf_out:BKK:EVmaker_Local,EVmaker_Local:BKK:2026-W04:00064,2,[2],[],[2],[],on_time -> backlog
OUT:leaf_out:BKK:EVmaker_Local,EVmaker_Local:BKK:2026-W04:00065,2,[2],[],[2],[],on_time -> backlog
OUT:leaf_out:BKK:EVmaker_Local,EVmaker_Local:BKK:2026-W04:00066,2,[2],[],[2],[],on_time -> backlog
OUT:leaf_out:BKK:EVmaker_Local,EVmaker_Local:BKK:2026-W04:00067,2,[2],[],[2],[],on_time -> backlog
OUT:leaf_out:BKK:EVmaker_Local,EVmaker_Local:BKK:2026-W04:00068,2,[2],[],[2],[],on_time -> backlog
OUT:leaf_out:BKK:EVmaker_Local,EVmaker_Local:BKK:2026-W04:00069,2,[2],[],[2],[],on_time -> backlog
OUT:leaf_out:BKK:EVmaker_Local,EVmaker_Local:BKK:2026-W04:00070,2,[2],[],[2],[],on_time -> backlog
OUT:leaf_out:BKK:EVmaker_Local,EVmaker_Local:BKK:2026-W04:00071,2,[2],[],[2],[],on_time -> backlog
OUT:leaf_out:BKK:EVmaker_Local,EVmaker_Local:BKK:2026-W04:00072,2,[2],[],[2],[],on_time -> backlog
OUT:leaf_out:BKK:EVmaker_Local,EVmaker_Local:BKK:2026-W04:00073,2,[2],[],[2],[],on_time -> backlog
OUT:leaf_out:BKK:EVmaker_Local,EVmaker_Local:BKK:2026-W04:00074,2,[2],[],[2],[],on_time -> backlog
OUT:leaf_out:BKK:EVmaker_Local,EVmaker_Local:BKK:2026-W04:00075,2,[2],[],[2],[],on_time -> backlog
OUT:leaf_out:BKK:EVmaker_Local,EVmaker_Local:BKK:2026-W04:00076,2,[2],[],[2],[],on_time -> backlog
OUT:leaf_out:BKK:EVmaker_Local,EVmaker_Local:BKK:2026-W04:00077,2,[2],[],[2],[],on_time -> backlog
OUT:leaf_out:BKK:EVmaker_Local,EVmaker_Local:BKK:2026-W04:00078,2,[2],[],[2],[],on_time -> backlog
OUT:leaf_out:BKK:EVmaker_Local,EVmaker_Local:BKK:2026-W04:00079,2,[2],[],[2],[],on_time -> backlog
OUT:leaf_out:BKK:EVmaker_Local,EVmaker_Local:BKK:2026-W04:00080,2,[2],[],[2],[],on_time -> backlog
OUT:leaf_out:BKK:EVmaker_Local,EVmaker_Local:BKK:2026-W04:00081,2,[2],[],[2],[],on_time -> backlog
OUT:leaf_out:BKK:EVmaker_Local,EVmaker_Local:BKK:2026-W04:00082,2,[2],[],[2],[],on_time -> backlog
OUT:leaf_out:BKK:EVmaker_Local,EVmaker_Local:BKK:2026-W04:00083,2,[2],[],[2],[],on_time -> backlog
OUT:leaf_out:BKK:EVmaker_Local,EVmaker_Local:BKK:2026-W04:00084,2,[2],[],[2],[],on_time -> backlog
OUT:leaf_out:BKK:EVmaker_Local,EVmaker_Local:BKK:2026-W04:00085,2,[2],[],[2],[],on_time -> backlog
OUT:leaf_out:BKK:EVmaker_Local,EVmaker_Local:BKK:2026-W04:00086,2,[2],[],[2],[],on_time -> backlog
OUT:leaf_out:BKK:EVmaker_Local,EVmaker_Local:BKK:2026-W04:00087,2,[2],[],[2],[],on_time -> backlog
OUT:leaf_out:BKK:EVmaker_Local,EVmaker_Local:BKK:2026-W04:00088,2,[2],[],[2],[],on_time -> backlog
OUT:leaf_out:BKK:EVmaker_Local,EVmaker_Local:BKK:2026-W04:00089,2,[2],[],[2],[],on_time -> backlog
OUT:leaf_out:BKK:EVmaker_Local,EVmaker_Local:BKK:2026-W04:00090,2,[2],[],[2],[],on_time -> backlog
OUT:leaf_out:BKK:EVmaker_Local,EVmaker_Local:BKK:2026-W04:00091,2,[2],[],[2],[],on_time -> backlog
OUT:leaf_out:BKK:EVmaker_Local,EVmaker_Local:BKK:2026-W04:00092,2,[2],[],[2],[],on_time -> backlog
OUT:leaf_out:BKK:EVmaker_Local,EVmaker_Local:BKK:2026-W04:00093,2,[2],[],[2],[],on_time -> backlog
OUT:leaf_out:BKK:EVmaker_Local,EVmaker_Local:BKK:2026-W04:00094,2,[2],[],[2],[],on_time -> backlog
OUT:leaf_out:BKK:EVmaker_Local,EVmaker_Local:BKK:2026-W04:00095,2,[2],[],[2],[],on_time -> backlog
OUT:leaf_out:BKK:EVmaker_Local,EVmaker_Local:BKK:2026-W04:00096,2,[2],[],[2],[],on_time -> backlog
OUT:leaf_out:BKK:EVmaker_Local,EVmaker_Local:BKK:2026-W04:00097,2,[2],[],[2],[],on_time -> backlog
OUT:leaf_out:BKK:EVmaker_Local,EVmaker_Local:BKK:2026-W04:00098,2,[2],[],[2],[],on_time -> backlog
OUT:leaf_out:BKK:EVmaker_Local,EVmaker_Local:BKK:2026-W04:00099,2,[2],[],[2],[],on_time -> backlog
OUT:leaf_out:BKK:EVmaker_Local,EVmaker_Local:BKK:2026-W04:00100,2,[2],[],[2],[],on_time -> backlog
OUT:leaf_out:BKK:EVmaker_Local,EVmaker_Local:BKK:2026-W04:00101,2,[2],[],[2],[],on_time -> backlog
OUT:leaf_out:BKK:EVmaker_Local,EVmaker_Local:BKK:2026-W04:00102,2,[2],[],[2],[],on_time -> backlog
OUT:leaf_out:BKK:EVmaker_Local,EVmaker_Local:BKK:2026-W04:00103,2,[2],[],[2],[],on_time -> backlog
OUT:leaf_out:BKK:EVmaker_Local,EVmaker_Local:BKK:2026-W04:00104,2,[2],[],[2],[],on_time -> backlog
OUT:leaf_out:BKK:EVmaker_Local,EVmaker_Local:BKK:2026-W04:00105,2,[2],[],[2],[],on_time -> backlog
OUT:leaf_out:BKK:EVmaker_Local,EVmaker_Local:BKK:2026-W04:00106,2,[2],[],[2],[],on_time -> backlog
OUT:leaf_out:BKK:EVmaker_Local,EVmaker_Local:BKK:2026-W04:00107,2,[2],[],[2],[],on_time -> backlog
OUT:leaf_out:BKK:EVmaker_Local,EVmaker_Local:BKK:2026-W04:00108,2,[2],[],[2],[],on_time -> backlog
OUT:leaf_out:BKK:EVmaker_Local,EVmaker_Local:BKK:2026-W04:00109,2,[2],[],[2],[],on_time -> backlog
OUT:leaf_out:BKK:EVmaker_Local,EVmaker_Local:BKK:2026-W04:00110,2,[2],[],[2],[],on_time -> backlog
OUT:leaf_out:BKK:EVmaker_Local,EVmaker_Local:BKK:2026-W04:00111,2,[2],[],[2],[],on_time -> backlog
OUT:leaf_out:BKK:EVmaker_Local,EVmaker_Local:BKK:2026-W04:00112,2,[2],[],[2],[],on_time -> backlog
OUT:leaf_out:BKK:EVmaker_Local,EVmaker_Local:BKK:2026-W04:00113,2,[2],[],[2],[],on_time -> backlog
OUT:leaf_out:BKK:EVmaker_Local,EVmaker_Local:BKK:2026-W04:00114,2,[2],[],[2],[],on_time -> backlog
OUT:leaf_out:BKK:EVmaker_Local,EVmaker_Local:BKK:2026-W04:00115,2,[2],[],[2],[],on_time -> backlog
OUT:leaf_out:BKK:EVmaker_Local,EVmaker_Local:BKK:2026-W04:00116,2,[2],[],[2],[],on_time -> backlog
OUT:leaf_out:BKK:EVmaker_Local,EVmaker_Local:BKK:2026-W04:00117,2,[2],[],[2],[],on_time -> backlog
OUT:leaf_out:BKK:EVmaker_Local,EVmaker_Local:BKK:2026-W04:00118,2,[2],[],[2],[],on_time -> backlog
OUT:leaf_out:BKK:EVmaker_Local,EVmaker_Local:BKK:2026-W04:00119,2,[2],[],[2],[],on_time -> backlog
OUT:leaf_out:BKK:EVmaker_Local,EVmaker_Local:BKK:2026-W04:00120,2,[2],[],[2],[],on_time -> backlog
OUT:leaf_out:BKK:EVmaker_Local,EVmaker_Local:BKK:2026-W04:00121,2,[2],[],[2],[],on_time -> backlog
OUT:leaf_out:BKK:EVmaker_Local,EVmaker_Local:BKK:2026-W04:00122,2,[2],[],[2],[],on_time -> backlog
OUT:leaf_out:BKK:EVmaker_Local,EVmaker_Local:BKK:2026-W04:00123,2,[2],[],[2],[],on_time -> backlog
OUT:leaf_out:BKK:EVmaker_Local,EVmaker_Local:BKK:2026-W04:00124,2,[2],[],[2],[],on_time -> backlog
OUT:leaf_out:BKK:EVmaker_Local,EVmaker_Local:BKK:2026-W04:00125,2,[2],[],[2],[],on_time -> backlog
OUT:leaf_out:BKK:EVmaker_Local,EVmaker_Local:BKK:2026-W04:00126,2,[2],[],[2],[],on_time -> backlog
OUT:leaf_out:BKK:EVmaker_Local,EVmaker_Local:BKK:2026-W04:00127,2,[2],[],[2],[],on_time -> backlog
OUT:leaf_out:BKK:EVmaker_Local,EVmaker_Local:BKK:2026-W04:00128,2,[2],[],[2],[],on_time -> backlog
OUT:leaf_out:BKK:EVmaker_Local,EVmaker_Local:BKK:2026-W04:00129,2,[2],[],[2],[],on_time -> backlog
OUT:leaf_out:BKK:EVmaker_Local,EVmaker_Local:BKK:2026-W04:00130,2,[2],[],[2],[],on_time -> backlog
OUT:leaf_out:BKK:EVmaker_Local,EVmaker_Local:BKK:2026-W04:00131,2,[2],[],[2],[],on_time -> backlog
OUT:leaf_out:BKK:EVmaker_Local,EVmaker_Local:BKK:2026-W04:00132,2,[2],[],[2],[],on_time -> backlog
OUT:leaf_out:BKK:EVmaker_Local,EVmaker_Local:BKK:2026-W04:00133,2,[2],[],[2],[],on_time -> backlog
OUT:leaf_out:BKK:EVmaker_Local,EVmaker_Local:BKK:2026-W04:00134,2,[2],[],[2],[],on_time -> backlog
OUT:leaf_out:BKK:EVmaker_Local,EVmaker_Local:BKK:2026-W04:00135,2,[2],[],[2],[],on_time -> backlog
OUT:leaf_out:BKK:EVmaker_Local,EVmaker_Local:BKK:2026-W04:00136,2,[2],[],[2],[],on_time -> backlog
OUT:leaf_out:BKK:EVmaker_Local,EVmaker_Local:BKK:2026-W04:00137,2,[2],[],[2],[],on_time -> backlog
OUT:leaf_out:BKK:EVmaker_Local,EVmaker_Local:BKK:2026-W04:00138,2,[2],[],[2],[],on_time -> backlog
OUT:leaf_out:BKK:EVmaker_Local,EVmaker_Local:BKK:2026-W04:00139,2,[2],[],[2],[],on_time -> backlog
OUT:leaf_out:BKK:EVmaker_Local,EVmaker_Local:BKK:2026-W04:00140,2,[2],[],[2],[],on_time -> backlog
OUT:leaf_out:BKK:EVmaker_Local,EVmaker_Local:BKK:2026-W04:00141,2,[2],[],[2],[],on_time -> backlog
OUT:leaf_out:BKK:EVmaker_Local,EVmaker_Local:BKK:2026-W04:00142,2,[2],[],[2],[],on_time -> backlog
OUT:leaf_out:BKK:EVmaker_Local,EVmaker_Local:BKK:2026-W04:00143,2,[2],[],[2],[],on_time -> backlog
OUT:leaf_out:BKK:EVmaker_Local,EVmaker_Local:BKK:2026-W04:00144,2,[2],[],[2],[],on_time -> backlog
OUT:leaf_out:BKK:EVmaker_Local,EVmaker_Local:BKK:2026-W04:00145,2,[2],[],[2],[],on_time -> backlog
OUT:leaf_out:BKK:EVmaker_Local,EVmaker_Local:BKK:2026-W04:00146,2,[2],[],[2],[],on_time -> backlog
OUT:leaf_out:BKK:EVmaker_Local,EVmaker_Local:BKK:2026-W04:00147,2,[2],[],[2],[],on_time -> backlog
OUT:leaf_out:BKK:EVmaker_Local,EVmaker_Local:BKK:2026-W04:00148,2,[2],[],[2],[],on_time -> backlog
OUT:leaf_out:BKK:EVmaker_Local,EVmaker_Local:BKK:2026-W04:00149,2,[2],[],[2],[],on_time -> backlog
OUT:leaf_out:BKK:EVmaker_Local,EVmaker_Local:BKK:2026-W04:00150,2,[2],[],[2],[],on_time -> backlog
OUT:leaf_out:BKK:EVmaker_Local,EVmaker_Local:BKK:2026-W04:00151,2,[2],[],[2],[],on_time -> backlog
OUT:leaf_out:BKK:EVmaker_Local,EVmaker_Local:BKK:2026-W04:00152,2,[2],[],[2],[],on_time -> backlog
OUT:leaf_out:BKK:EVmaker_Local,EVmaker_Local:BKK:2026-W04:00153,2,[2],[],[2],[],on_time -> backlog
OUT:leaf_out:BKK:EVmaker_Local,EVmaker_Local:BKK:2026-W04:00154,2,[2],[],[2],[],on_time -> backlog
OUT:leaf_out:BKK:EVmaker_Local,EVmaker_Local:BKK:2026-W04:00155,2,[2],[],[2],[],on_time -> backlog
OUT:leaf_out:BKK:EVmaker_Local,EVmaker_Local:BKK:2026-W04:00156,2,[2],[],[2],[],on_time -> backlog
OUT:leaf_out:BKK:EVmaker_Local,EVmaker_Local:BKK:2026-W04:00157,2,[2],[],[2],[],on_time -> backlog
OUT:leaf_out:BKK:EVmaker_Local,EVmaker_Local:BKK:2026-W04:00158,2,[2],[],[2],[],on_time -> backlog
OUT:leaf_out:BKK:EVmaker_Local,EVmaker_Local:BKK:2026-W04:00159,2,[2],[],[2],[],on_time -> backlog
OUT:leaf_out:BKK:EVmaker_Local,EVmaker_Local:BKK:2026-W04:00160,2,[2],[],[2],[],on_time -> backlog
OUT:leaf_out:BKK:EVmaker_Local,EVmaker_Local:BKK:2026-W04:00161,2,[2],[],[2],[],on_time -> backlog
OUT:leaf_out:BKK:EVmaker_Local,EVmaker_Local:BKK:2026-W04:00162,2,[2],[],[2],[],on_time -> backlog
OUT:leaf_out:BKK:EVmaker_Local,EVmaker_Local:BKK:2026-W04:00163,2,[2],[],[2],[],on_time -> backlog
OUT:leaf_out:BKK:EVmaker_Local,EVmaker_Local:BKK:2026-W04:00164,2,[2],[],[2],[],on_time -> backlog
OUT:leaf_out:BKK:EVmaker_Local,EVmaker_Local:BKK:2026-W04:00165,2,[2],[],[2],[],on_time -> backlog
OUT:leaf_out:BKK:EVmaker_Local,EVmaker_Local:BKK:2026-W04:00166,2,[2],[],[2],[],on_time -> backlog
OUT:leaf_out:BKK:EVmaker_Local,EVmaker_Local:BKK:2026-W04:00167,2,[2],[],[2],[],on_time -> backlog
OUT:leaf_out:BKK:EVmaker_Local,EVmaker_Local:BKK:2026-W04:00168,2,[2],[],[2],[],on_time -> backlog
OUT:leaf_out:BKK:EVmaker_Local,EVmaker_Local:BKK:2026-W04:00169,2,[2],[],[2],[],on_time -> backlog
OUT:leaf_out:BKK:EVmaker_Local,EVmaker_Local:BKK:2026-W04:00170,2,[2],[],[2],[],on_time -> backlog
OUT:leaf_out:BKK:EVmaker_Local,EVmaker_Local:BKK:2026-W04:00171,2,[2],[],[2],[],on_time -> backlog
OUT:leaf_out:BKK:EVmaker_Local,EVmaker_Local:BKK:2026-W04:00172,2,[2],[],[2],[],on_time -> backlog
OUT:leaf_out:BKK:EVmaker_Local,EVmaker_Local:BKK:2026-W04:00173,2,[2],[],[2],[],on_time -> backlog
OUT:leaf_out:BKK:EVmaker_Local,EVmaker_Local:BKK:2026-W04:00174,2,[2],[],[2],[],on_time -> backlog
OUT:leaf_out:BKK:EVmaker_Local,EVmaker_Local:BKK:2026-W04:00175,2,[2],[],[2],[],on_time -> backlog
OUT:leaf_out:BKK:EVmaker_Local,EVmaker_Local:BKK:2026-W04:00176,2,[2],[],[2],[],on_time -> backlog
OUT:leaf_out:BKK:EVmaker_Local,EVmaker_Local:BKK:2026-W04:00177,2,[2],[],[2],[],on_time -> backlog
OUT:leaf_out:BKK:EVmaker_Local,EVmaker_Local:BKK:2026-W04:00178,2,[2],[],[2],[],on_time -> backlog
OUT:leaf_out:BKK:EVmaker_Local,EVmaker_Local:BKK:2026-W04:00179,2,[2],[],[2],[],on_time -> backlog
OUT:leaf_out:BKK:EVmaker_Local,EVmaker_Local:BKK:2026-W04:00180,2,[2],[],[2],[],on_time -> backlog
OUT:leaf_out:BKK:EVmaker_Local,EVmaker_Local:BKK:2026-W04:00181,2,[2],[],[2],[],on_time -> backlog
OUT:leaf_out:BKK:EVmaker_Local,EVmaker_Local:BKK:2026-W04:00182,2,[2],[],[2],[],on_time -> backlog
OUT:leaf_out:BKK:EVmaker_Local,EVmaker_Local:BKK:2026-W04:00183,2,[2],[],[2],[],on_time -> backlog
OUT:leaf_out:BKK:EVmaker_Local,EVmaker_Local:BKK:2026-W04:00184,2,[2],[],[2],[],on_time -> backlog
OUT:leaf_out:BKK:EVmaker_Local,EVmaker_Local:BKK:2026-W04:00185,2,[2],[],[2],[],on_time -> backlog
OUT:leaf_out:BKK:EVmaker_Local,EVmaker_Local:BKK:2026-W04:00186,2,[2],[],[2],[],on_time -> backlog
OUT:leaf_out:BKK:EVmaker_Local,EVmaker_Local:BKK:2026-W04:00187,2,[2],[],[2],[],on_time -> backlog
OUT:leaf_out:BKK:EVmaker_Local,EVmaker_Local:BKK:2026-W04:00188,2,[2],[],[2],[],on_time -> backlog
OUT:leaf_out:BKK:EVmaker_Local,EVmaker_Local:BKK:2026-W04:00189,2,[2],[],[2],[],on_time -> backlog
OUT:leaf_out:BKK:EVmaker_Local,EVmaker_Local:BKK:2026-W04:00190,2,[2],[],[2],[],on_time -> backlog
OUT:leaf_out:BKK:EVmaker_Local,EVmaker_Local:BKK:2026-W04:00191,2,[2],[],[2],[],on_time -> backlog
OUT:leaf_out:BKK:EVmaker_Local,EVmaker_Local:BKK:2026-W04:00192,2,[2],[],[2],[],on_time -> backlog
OUT:leaf_out:BKK:EVmaker_Local,EVmaker_Local:BKK:2026-W04:00193,2,[2],[],[2],[],on_time -> backlog
OUT:leaf_out:BKK:EVmaker_Local,EVmaker_Local:BKK:2026-W04:00194,2,[2],[],[2],[],on_time -> backlog
OUT:leaf_out:BKK:EVmaker_Local,EVmaker_Local:BKK:2026-W04:00195,2,[2],[],[2],[],on_time -> backlog
OUT:leaf_out:BKK:EVmaker_Local,EVmaker_Local:BKK:2026-W04:00196,2,[2],[],[2],[],on_time -> backlog
OUT:leaf_out:BKK:EVmaker_Local,EVmaker_Local:BKK:2026-W04:00197,2,[2],[],[2],[],on_time -> backlog
OUT:leaf_out:BKK:EVmaker_Local,EVmaker_Local:BKK:2026-W04:00198,2,[2],[],[2],[],on_time -> backlog
OUT:leaf_out:BKK:EVmaker_Local,EVmaker_Local:BKK:2026-W04:00199,2,[2],[],[2],[],on_time -> backlog
OUT:leaf_out:BKK:EVmaker_Local,EVmaker_Local:BKK:2026-W04:00200,2,[2],[],[2],[],on_time -> backlog
OUT:leaf_out:BKK:EVmaker_Local,EVmaker_Local:BKK:2026-W04:00201,2,[2],[],[2],[],on_time -> backlog
OUT:leaf_out:BKK:EVmaker_Local,EVmaker_Local:BKK:2026-W04:00202,2,[2],[],[2],[],on_time -> backlog
OUT:leaf_out:BKK:EVmaker_Local,EVmaker_Local:BKK:2026-W04:00203,2,[2],[],[2],[],on_time -> backlog
OUT:leaf_out:BKK:EVmaker_Local,EVmaker_Local:BKK:2026-W04:00204,2,[2],[],[2],[],on_time -> backlog
OUT:leaf_out:BKK:EVmaker_Local,EVmaker_Local:BKK:2026-W04:00205,2,[2],[],[2],[],on_time -> backlog
OUT:leaf_out:BKK:EVmaker_Local,EVmaker_Local:BKK:2026-W04:00206,2,[2],[],[2],[],on_time -> backlog
OUT:leaf_out:BKK:EVmaker_Local,EVmaker_Local:BKK:2026-W04:00207,2,[2],[],[2],[],on_time -> backlog
OUT:leaf_out:BKK:EVmaker_Local,EVmaker_Local:BKK:2026-W04:00208,2,[2],[],[2],[],on_time -> backlog
OUT:leaf_out:BKK:EVmaker_Local,EVmaker_Local:BKK:2026-W04:00209,2,[2],[],[2],[],on_time -> backlog
OUT:leaf_out:BKK:EVmaker_Local,EVmaker_Local:BKK:2026-W04:00210,2,[2],[],[2],[],on_time -> backlog
OUT:leaf_out:BKK:EVmaker_Local,EVmaker_Local:BKK:2026-W04:00211,2,[2],[],[2],[],on_time -> backlog
OUT:leaf_out:BKK:EVmaker_Local,EVmaker_Local:BKK:2026-W04:00212,2,[2],[],[2],[],on_time -> backlog
OUT:leaf_out:BKK:EVmaker_Local,EVmaker_Local:BKK:2026-W04:00213,2,[2],[],[2],[],on_time -> backlog
OUT:leaf_out:BKK:EVmaker_Local,EVmaker_Local:BKK:2026-W04:00214,2,[2],[],[2],[],on_time -> backlog
OUT:leaf_out:BKK:EVmaker_Local,EVmaker_Local:BKK:2026-W04:00215,2,[2],[],[2],[],on_time -> backlog
OUT:leaf_out:BKK:EVmaker_Local,EVmaker_Local:BKK:2026-W04:00216,2,[2],[],[2],[],on_time -> backlog
OUT:leaf_out:BKK:EVmaker_Local,EVmaker_Local:BKK:2026-W04:00217,2,[2],[],[2],[],on_time -> backlog
OUT:leaf_out:BKK:EVmaker_Local,EVmaker_Local:BKK:2026-W04:00218,2,[2],[],[2],[],on_time -> backlog
OUT:leaf_out:BKK:EVmaker_Local,EVmaker_Local:BKK:2026-W04:00219,2,[2],[],[2],[],on_time -> backlog
OUT:leaf_out:BKK:EVmaker_Local,EVmaker_Local:BKK:2026-W04:00220,2,[2],[],[2],[],on_time -> backlog
OUT:leaf_out:BKK:EVmaker_Local,EVmaker_Local:BKK:2026-W04:00221,2,[2],[],[2],[],on_time -> backlog
OUT:leaf_out:BKK:EVmaker_Local,EVmaker_Local:BKK:2026-W04:00222,2,[2],[],[2],[],on_time -> backlog
OUT:leaf_out:BKK:EVmaker_Local,EVmaker_Local:BKK:2026-W04:00223,2,[2],[],[2],[],on_time -> backlog
OUT:leaf_out:BKK:EVmaker_Local,EVmaker_Local:BKK:2026-W04:00224,2,[2],[],[2],[],on_time -> backlog
OUT:leaf_out:BKK:EVmaker_Local,EVmaker_Local:BKK:2026-W04:00225,2,[2],[],[2],[],on_time -> backlog
OUT:leaf_out:BKK:EVmaker_Local,EVmaker_Local:BKK:2026-W04:00226,2,[2],[],[2],[],on_time -> backlog
OUT:leaf_out:BKK:EVmaker_Local,EVmaker_Local:BKK:2026-W04:00227,2,[2],[],[2],[],on_time -> backlog
OUT:leaf_out:BKK:EVmaker_Local,EVmaker_Local:BKK:2026-W04:00228,2,[2],[],[2],[],on_time -> backlog
OUT:leaf_out:BKK:EVmaker_Local,EVmaker_Local:BKK:2026-W04:00229,2,[2],[],[2],[],on_time -> backlog
OUT:leaf_out:BKK:EVmaker_Local,EVmaker_Local:BKK:2026-W04:00230,2,[2],[],[2],[],on_time -> backlog
OUT:leaf_out:BKK:EVmaker_Local,EVmaker_Local:BKK:2026-W04:00231,2,[2],[],[2],[],on_time -> backlog
OUT:leaf_out:BKK:EVmaker_Local,EVmaker_Local:BKK:2026-W04:00232,2,[2],[],[2],[],on_time -> backlog
OUT:leaf_out:BKK:EVmaker_Local,EVmaker_Local:BKK:2026-W04:00233,2,[2],[],[2],[],on_time -> backlog
OUT:leaf_out:BKK:EVmaker_Local,EVmaker_Local:BKK:2026-W04:00234,2,[2],[],[2],[],on_time -> backlog
OUT:leaf_out:BKK:EVmaker_Local,EVmaker_Local:BKK:2026-W04:00235,2,[2],[],[2],[],on_time -> backlog
OUT:leaf_out:BKK:EVmaker_Local,EVmaker_Local:BKK:2026-W04:00236,2,[2],[],[2],[],on_time -> backlog
OUT:leaf_out:BKK:EVmaker_Local,EVmaker_Local:BKK:2026-W04:00237,2,[2],[],[2],[],on_time -> backlog
OUT:leaf_out:BKK:EVmaker_Local,EVmaker_Local:BKK:2026-W04:00238,2,[2],[],[2],[],on_time -> backlog
OUT:leaf_out:BKK:EVmaker_Local,EVmaker_Local:BKK:2026-W04:00239,2,[2],[],[2],[],on_time -> backlog
OUT:leaf_out:BKK:EVmaker_Local,EVmaker_Local:BKK:2026-W04:00240,2,[2],[],[2],[],on_time -> backlog
OUT:leaf_out:BKK:EVmaker_Local,EVmaker_Local:BKK:2026-W04:00241,2,[2],[],[2],[],on_time -> backlog
OUT:leaf_out:BKK:EVmaker_Local,EVmaker_Local:BKK:2026-W04:00242,2,[2],[],[2],[],on_time -> backlog
OUT:leaf_out:BKK:EVmaker_Local,EVmaker_Local:BKK:2026-W04:00243,2,[2],[],[2],[],on_time -> backlog
OUT:leaf_out:BKK:EVmaker_Local,EVmaker_Local:BKK:2026-W04:00244,2,[2],[],[2],[],on_time -> backlog
OUT:leaf_out:BKK:EVmaker_Local,EVmaker_Local:BKK:2026-W04:00245,2,[2],[],[2],[],on_time -> backlog
OUT:leaf_out:BKK:EVmaker_Local,EVmaker_Local:BKK:2026-W04:00246,2,[2],[],[2],[],on_time -> backlog
OUT:leaf_out:BKK:EVmaker_Local,EVmaker_Local:BKK:2026-W04:00247,2,[2],[],[2],[],on_time -> backlog
OUT:leaf_out:BKK:EVmaker_Local,EVmaker_Local:BKK:2026-W04:00248,2,[2],[],[2],[],on_time -> backlog
OUT:leaf_out:BKK:EVmaker_Local,EVmaker_Local:BKK:2026-W04:00249,2,[2],[],[2],[],on_time -> backlog
OUT:leaf_out:BKK:EVmaker_Local,EVmaker_Local:BKK:2026-W04:00250,2,[2],[],[2],[],on_time -> backlog
OUT:leaf_out:BKK:EVmaker_Local,EVmaker_Local:BKK:2026-W04:00251,2,[2],[],[2],[],on_time -> backlog
OUT:leaf_out:BKK:EVmaker_Local,EVmaker_Local:BKK:2026-W04:00252,2,[2],[],[2],[],on_time -> backlog
OUT:leaf_out:BKK:EVmaker_Local,EVmaker_Local:BKK:2026-W04:00253,2,[2],[],[2],[],on_time -> backlog
OUT:leaf_out:BKK:EVmaker_Local,EVmaker_Local:BKK:2026-W04:00254,2,[2],[],[2],[],on_time -> backlog
OUT:leaf_out:BKK:EVmaker_Local,EVmaker_Local:BKK:2026-W04:00255,2,[2],[],[2],[],on_time -> backlog
OUT:leaf_out:BKK:EVmaker_Local,EVmaker_Local:BKK:2026-W04:00256,2,[2],[],[2],[],on_time -> backlog
OUT:leaf_out:BKK:EVmaker_Local,EVmaker_Local:BKK:2026-W04:00257,2,[2],[],[2],[],on_time -> backlog
OUT:leaf_out:BKK:EVmaker_Local,EVmaker_Local:BKK:2026-W04:00258,2,[2],[],[2],[],on_time -> backlog
OUT:leaf_out:BKK:EVmaker_Local,EVmaker_Local:BKK:2026-W04:00259,2,[2],[],[2],[],on_time -> backlog
OUT:leaf_out:BKK:EVmaker_Local,EVmaker_Local:BKK:2026-W04:00260,2,[2],[],[2],[],on_time -> backlog
OUT:leaf_out:BKK:EVmaker_Local,EVmaker_Local:BKK:2026-W04:00261,2,[2],[],[2],[],on_time -> backlog
OUT:leaf_out:BKK:EVmaker_Local,EVmaker_Local:BKK:2026-W04:00262,2,[2],[],[2],[],on_time -> backlog
OUT:leaf_out:BKK:EVmaker_Local,EVmaker_Local:BKK:2026-W04:00263,2,[2],[],[2],[],on_time -> backlog
OUT:leaf_out:BKK:EVmaker_Local,EVmaker_Local:BKK:2026-W04:00264,2,[2],[],[2],[],on_time -> backlog
OUT:leaf_out:BKK:EVmaker_Local,EVmaker_Local:BKK:2026-W04:00265,2,[2],[],[2],[],on_time -> backlog
OUT:leaf_out:BKK:EVmaker_Local,EVmaker_Local:BKK:2026-W04:00266,2,[2],[],[2],[],on_time -> backlog
OUT:leaf_out:BKK:EVmaker_Local,EVmaker_Local:BKK:2026-W04:00267,2,[2],[],[2],[],on_time -> backlog
OUT:leaf_out:BKK:EVmaker_Local,EVmaker_Local:BKK:2026-W04:00268,2,[2],[],[2],[],on_time -> backlog
OUT:leaf_out:BKK:EVmaker_Local,EVmaker_Local:BKK:2026-W04:00269,2,[2],[],[2],[],on_time -> backlog
OUT:leaf_out:BKK:EVmaker_Local,EVmaker_Local:BKK:2026-W04:00270,2,[2],[],[2],[],on_time -> backlog
OUT:leaf_out:BKK:EVmaker_Local,EVmaker_Local:BKK:2026-W04:00271,2,[2],[],[2],[],on_time -> backlog
OUT:leaf_out:BKK:EVmaker_Local,EVmaker_Local:BKK:2026-W04:00272,2,[2],[],[2],[],on_time -> backlog
OUT:leaf_out:BKK:EVmaker_Local,EVmaker_Local:BKK:2026-W04:00273,2,[2],[],[2],[],on_time -> backlog
OUT:leaf_out:BKK:EVmaker_Local,EVmaker_Local:BKK:2026-W04:00274,2,[2],[],[2],[],on_time -> backlog
OUT:leaf_out:BKK:EVmaker_Local,EVmaker_Local:BKK:2026-W04:00275,2,[2],[],[2],[],on_time -> backlog
OUT:leaf_out:ONL:EVmaker_Import,EVmaker_Import:ONL:2026-W04:00001,2,[2],[],[2],[],on_time -> backlog
OUT:leaf_out:ONL:EVmaker_Import,EVmaker_Import:ONL:2026-W04:00002,2,[2],[],[2],[],on_time -> backlog
OUT:leaf_out:ONL:EVmaker_Import,EVmaker_Import:ONL:2026-W04:00003,2,[2],[],[2],[],on_time -> backlog
OUT:leaf_out:ONL:EVmaker_Import,EVmaker_Import:ONL:2026-W04:00004,2,[2],[],[2],[],on_time -> backlog
OUT:leaf_out:ONL:EVmaker_Import,EVmaker_Import:ONL:2026-W04:00005,2,[2],[],[2],[],on_time -> backlog
OUT:leaf_out:ONL:EVmaker_Import,EVmaker_Import:ONL:2026-W04:00006,2,[2],[],[2],[],on_time -> backlog
OUT:leaf_out:ONL:EVmaker_Import,EVmaker_Import:ONL:2026-W04:00007,2,[2],[],[2],[],on_time -> backlog
OUT:leaf_out:ONL:EVmaker_Import,EVmaker_Import:ONL:2026-W04:00008,2,[2],[],[2],[],on_time -> backlog
OUT:leaf_out:ONL:EVmaker_Import,EVmaker_Import:ONL:2026-W04:00009,2,[2],[],[2],[],on_time -> backlog
OUT:leaf_out:ONL:EVmaker_Import,EVmaker_Import:ONL:2026-W04:00010,2,[2],[],[2],[],on_time -> backlog
OUT:leaf_out:ONL:EVmaker_Import,EVmaker_Import:ONL:2026-W04:00011,2,[2],[],[2],[],on_time -> backlog
OUT:leaf_out:ONL:EVmaker_Local,EVmaker_Local:ONL:2026-W04:00001,2,[2],[],[2],[],on_time -> backlog
OUT:leaf_out:ONL:EVmaker_Local,EVmaker_Local:ONL:2026-W04:00002,2,[2],[],[2],[],on_time -> backlog
OUT:leaf_out:ONL:EVmaker_Local,EVmaker_Local:ONL:2026-W04:00003,2,[2],[],[2],[],on_time -> backlog
OUT:leaf_out:ONL:EVmaker_Local,EVmaker_Local:ONL:2026-W04:00004,2,[2],[],[2],[],on_time -> backlog
OUT:leaf_out:ONL:EVmaker_Local,EVmaker_Local:ONL:2026-W04:00005,2,[2],[],[2],[],on_time -> backlog
OUT:leaf_out:ONL:EVmaker_Local,EVmaker_Local:ONL:2026-W04:00006,2,[2],[],[2],[],on_time -> backlog
OUT:leaf_out:ONL:EVmaker_Local,EVmaker_Local:ONL:2026-W04:00007,2,[2],[],[2],[],on_time -> backlog
OUT:leaf_out:ONL:EVmaker_Local,EVmaker_Local:ONL:2026-W04:00008,2,[2],[],[2],[],on_time -> backlog
OUT:leaf_out:ONL:EVmaker_Local,EVmaker_Local:ONL:2026-W04:00009,2,[2],[],[2],[],on_time -> backlog
OUT:leaf_out:ONL:EVmaker_Local,EVmaker_Local:ONL:2026-W04:00010,2,[2],[],[2],[],on_time -> backlog
OUT:leaf_out:ONL:EVmaker_Local,EVmaker_Local:ONL:2026-W04:00011,2,[2],[],[2],[],on_time -> backlog
OUT:leaf_out:ONL:EVmaker_Local,EVmaker_Local:ONL:2026-W04:00012,2,[2],[],[2],[],on_time -> backlog
OUT:leaf_out:ONL:EVmaker_Local,EVmaker_Local:ONL:2026-W04:00013,2,[2],[],[2],[],on_time -> backlog
OUT:leaf_out:ONL:EVmaker_Local,EVmaker_Local:ONL:2026-W04:00014,2,[2],[],[2],[],on_time -> backlog
OUT:leaf_out:ONL:EVmaker_Local,EVmaker_Local:ONL:2026-W04:00015,2,[2],[],[2],[],on_time -> backlog
OUT:leaf_out:ONL:EVmaker_Local,EVmaker_Local:ONL:2026-W04:00016,2,[2],[],[2],[],on_time -> backlog
OUT:leaf_out:ONL:EVmaker_Local,EVmaker_Local:ONL:2026-W04:00017,2,[2],[],[2],[],on_time -> backlog
OUT:leaf_out:ONL:EVmaker_Local,EVmaker_Local:ONL:2026-W04:00018,2,[2],[],[2],[],on_time -> backlog
OUT:leaf_out:ONL:EVmaker_Local,EVmaker_Local:ONL:2026-W04:00019,2,[2],[],[2],[],on_time -> backlog
OUT:leaf_out:ONL:EVmaker_Local,EVmaker_Local:ONL:2026-W04:00020,2,[2],[],[2],[],on_time -> backlog
OUT:leaf_out:ONL:EVmaker_Local,EVmaker_Local:ONL:2026-W04:00021,2,[2],[],[2],[],on_time -> backlog
OUT:leaf_out:ONL:EVmaker_Local,EVmaker_Local:ONL:2026-W04:00022,2,[2],[],[2],[],on_time -> backlog
OUT:leaf_out:ONL:EVmaker_Local,EVmaker_Local:ONL:2026-W04:00023,2,[2],[],[2],[],on_time -> backlog
OUT:leaf_out:ONL:EVmaker_Local,EVmaker_Local:ONL:2026-W04:00024,2,[2],[],[2],[],on_time -> backlog
OUT:leaf_out:ONL:EVmaker_Local,EVmaker_Local:ONL:2026-W04:00025,2,[2],[],[2],[],on_time -> backlog
OUT:leaf_out:ONL:EVmaker_Local,EVmaker_Local:ONL:2026-W04:00026,2,[2],[],[2],[],on_time -> backlog
OUT:leaf_out:ONL:EVmaker_Local,EVmaker_Local:ONL:2026-W04:00027,2,[2],[],[2],[],on_time -> backlog
OUT:leaf_out:ONL:EVmaker_Local,EVmaker_Local:ONL:2026-W04:00028,2,[2],[],[2],[],on_time -> backlog
OUT:leaf_out:ONL:EVmaker_Local,EVmaker_Local:ONL:2026-W04:00029,2,[2],[],[2],[],on_time -> backlog
OUT:leaf_out:ONL:EVmaker_Local,EVmaker_Local:ONL:2026-W04:00030,2,[2],[],[2],[],on_time -> backlog
OUT:leaf_out:ONL:EVmaker_Local,EVmaker_Local:ONL:2026-W04:00031,2,[2],[],[2],[],on_time -> backlog
OUT:leaf_out:ONL:EVmaker_Local,EVmaker_Local:ONL:2026-W04:00032,2,[2],[],[2],[],on_time -> backlog
OUT:leaf_out:ONL:EVmaker_Local,EVmaker_Local:ONL:2026-W04:00033,2,[2],[],[2],[],on_time -> backlog
OUT:leaf_out:ONL:EVmaker_Local,EVmaker_Local:ONL:2026-W04:00034,2,[2],[],[2],[],on_time -> backlog
OUT:leaf_out:ONL:EVmaker_Local,EVmaker_Local:ONL:2026-W04:00035,2,[2],[],[2],[],on_time -> backlog
OUT:leaf_out:ONL:EVmaker_Local,EVmaker_Local:ONL:2026-W04:00036,2,[2],[],[2],[],on_time -> backlog
OUT:leaf_out:ONL:EVmaker_Local,EVmaker_Local:ONL:2026-W04:00037,2,[2],[],[2],[],on_time -> backlog
OUT:leaf_out:ONL:EVmaker_Local,EVmaker_Local:ONL:2026-W04:00038,2,[2],[],[2],[],on_time -> backlog
OUT:leaf_out:ONL:EVmaker_Local,EVmaker_Local:ONL:2026-W04:00039,2,[2],[],[2],[],on_time -> backlog
OUT:leaf_out:ONL:EVmaker_Local,EVmaker_Local:ONL:2026-W04:00040,2,[2],[],[2],[],on_time -> backlog
OUT:leaf_out:ONL:EVmaker_Local,EVmaker_Local:ONL:2026-W04:00041,2,[2],[],[2],[],on_time -> backlog
OUT:leaf_out:ONL:EVmaker_Local,EVmaker_Local:ONL:2026-W04:00042,2,[2],[],[2],[],on_time -> backlog
OUT:leaf_out:ONL:EVmaker_Local,EVmaker_Local:ONL:2026-W04:00043,2,[2],[],[2],[],on_time -> backlog
OUT:leaf_out:ONL:EVmaker_Local,EVmaker_Local:ONL:2026-W04:00044,2,[2],[],[2],[],on_time -> backlog
OUT:leaf_out:ONL:EVmaker_Local,EVmaker_Local:ONL:2026-W04:00045,2,[2],[],[2],[],on_time -> backlog
OUT:leaf_out:ONL:EVmaker_Local,EVmaker_Local:ONL:2026-W04:00046,2,[2],[],[2],[],on_time -> backlog
OUT:leaf_out:ONL:EVmaker_Local,EVmaker_Local:ONL:2026-W04:00047,2,[2],[],[2],[],on_time -> backlog
OUT:leaf_out:ONL:EVmaker_Local,EVmaker_Local:ONL:2026-W04:00048,2,[2],[],[2],[],on_time -> backlog
OUT:leaf_out:ONL:EVmaker_Local,EVmaker_Local:ONL:2026-W04:00049,2,[2],[],[2],[],on_time -> backlog
OUT:leaf_out:ONL:EVmaker_Local,EVmaker_Local:ONL:2026-W04:00050,2,[2],[],[2],[],on_time -> backlog
OUT:leaf_out:ONL:EVmaker_Local,EVmaker_Local:ONL:2026-W04:00051,2,[2],[],[2],[],on_time -> backlog
OUT:leaf_out:ONL:EVmaker_Local,EVmaker_Local:ONL:2026-W04:00052,2,[2],[],[2],[],on_time -> backlog
OUT:leaf_out:ONL:EVmaker_Local,EVmaker_Local:ONL:2026-W04:00053,2,[2],[],[2],[],on_time -> backlog
OUT:leaf_out:ONL:EVmaker_Local,EVmaker_Local:ONL:2026-W04:00054,2,[2],[],[2],[],on_time -> backlog
OUT:leaf_out:ONL:EVmaker_Local,EVmaker_Local:ONL:2026-W04:00055,2,[2],[],[2],[],on_time -> backlog
OUT:leaf_out:PRO:EVmaker_Import,EVmaker_Import:PRO:2026-W04:00001,2,[2],[],[2],[],on_time -> backlog
OUT:leaf_out:PRO:EVmaker_Import,EVmaker_Import:PRO:2026-W04:00002,2,[2],[],[2],[],on_time -> backlog
OUT:leaf_out:PRO:EVmaker_Import,EVmaker_Import:PRO:2026-W04:00003,2,[2],[],[2],[],on_time -> backlog
OUT:leaf_out:PRO:EVmaker_Import,EVmaker_Import:PRO:2026-W04:00004,2,[2],[],[2],[],on_time -> backlog
OUT:leaf_out:PRO:EVmaker_Import,EVmaker_Import:PRO:2026-W04:00005,2,[2],[],[2],[],on_time -> backlog
OUT:leaf_out:PRO:EVmaker_Import,EVmaker_Import:PRO:2026-W04:00006,2,[2],[],[2],[],on_time -> backlog
OUT:leaf_out:PRO:EVmaker_Import,EVmaker_Import:PRO:2026-W04:00007,2,[2],[],[2],[],on_time -> backlog
OUT:leaf_out:PRO:EVmaker_Import,EVmaker_Import:PRO:2026-W04:00008,2,[2],[],[2],[],on_time -> backlog
OUT:leaf_out:PRO:EVmaker_Import,EVmaker_Import:PRO:2026-W04:00009,2,[2],[],[2],[],on_time -> backlog
OUT:leaf_out:PRO:EVmaker_Import,EVmaker_Import:PRO:2026-W04:00010,2,[2],[],[2],[],on_time -> backlog
OUT:leaf_out:PRO:EVmaker_Import,EVmaker_Import:PRO:2026-W04:00011,2,[2],[],[2],[],on_time -> backlog
OUT:leaf_out:PRO:EVmaker_Import,EVmaker_Import:PRO:2026-W04:00012,2,[2],[],[2],[],on_time -> backlog
OUT:leaf_out:PRO:EVmaker_Import,EVmaker_Import:PRO:2026-W04:00013,2,[2],[],[2],[],on_time -> backlog
OUT:leaf_out:PRO:EVmaker_Import,EVmaker_Import:PRO:2026-W04:00014,2,[2],[],[2],[],on_time -> backlog
OUT:leaf_out:PRO:EVmaker_Import,EVmaker_Import:PRO:2026-W04:00015,2,[2],[],[2],[],on_time -> backlog
OUT:leaf_out:PRO:EVmaker_Import,EVmaker_Import:PRO:2026-W04:00016,2,[2],[],[2],[],on_time -> backlog
OUT:leaf_out:PRO:EVmaker_Import,EVmaker_Import:PRO:2026-W04:00017,2,[2],[],[2],[],on_time -> backlog
OUT:leaf_out:PRO:EVmaker_Import,EVmaker_Import:PRO:2026-W04:00018,2,[2],[],[2],[],on_time -> backlog
OUT:leaf_out:PRO:EVmaker_Import,EVmaker_Import:PRO:2026-W04:00019,2,[2],[],[2],[],on_time -> backlog
OUT:leaf_out:PRO:EVmaker_Import,EVmaker_Import:PRO:2026-W04:00020,2,[2],[],[2],[],on_time -> backlog
OUT:leaf_out:PRO:EVmaker_Import,EVmaker_Import:PRO:2026-W04:00021,2,[2],[],[2],[],on_time -> backlog
OUT:leaf_out:PRO:EVmaker_Import,EVmaker_Import:PRO:2026-W04:00022,2,[2],[],[2],[],on_time -> backlog
OUT:leaf_out:PRO:EVmaker_Import,EVmaker_Import:PRO:2026-W04:00023,2,[2],[],[2],[],on_time -> backlog
OUT:leaf_out:PRO:EVmaker_Import,EVmaker_Import:PRO:2026-W04:00024,2,[2],[],[2],[],on_time -> backlog
OUT:leaf_out:PRO:EVmaker_Import,EVmaker_Import:PRO:2026-W04:00025,2,[2],[],[2],[],on_time -> backlog
OUT:leaf_out:PRO:EVmaker_Import,EVmaker_Import:PRO:2026-W04:00026,2,[2],[],[2],[],on_time -> backlog
OUT:leaf_out:PRO:EVmaker_Import,EVmaker_Import:PRO:2026-W04:00027,2,[2],[],[2],[],on_time -> backlog
OUT:leaf_out:PRO:EVmaker_Import,EVmaker_Import:PRO:2026-W04:00028,2,[2],[],[2],[],on_time -> backlog
OUT:leaf_out:PRO:EVmaker_Import,EVmaker_Import:PRO:2026-W04:00029,2,[2],[],[2],[],on_time -> backlog
OUT:leaf_out:PRO:EVmaker_Import,EVmaker_Import:PRO:2026-W04:00030,2,[2],[],[2],[],on_time -> backlog
OUT:leaf_out:PRO:EVmaker_Import,EVmaker_Import:PRO:2026-W04:00031,2,[2],[],[2],[],on_time -> backlog
OUT:leaf_out:PRO:EVmaker_Import,EVmaker_Import:PRO:2026-W04:00032,2,[2],[],[2],[],on_time -> backlog
OUT:leaf_out:PRO:EVmaker_Import,EVmaker_Import:PRO:2026-W04:00033,2,[2],[],[2],[],on_time -> backlog
OUT:leaf_out:PRO:EVmaker_Import,EVmaker_Import:PRO:2026-W04:00034,2,[2],[],[2],[],on_time -> backlog
OUT:leaf_out:PRO:EVmaker_Import,EVmaker_Import:PRO:2026-W04:00035,2,[2],[],[2],[],on_time -> backlog
OUT:leaf_out:PRO:EVmaker_Import,EVmaker_Import:PRO:2026-W04:00036,2,[2],[],[2],[],on_time -> backlog
OUT:leaf_out:PRO:EVmaker_Import,EVmaker_Import:PRO:2026-W04:00037,2,[2],[],[2],[],on_time -> backlog
OUT:leaf_out:PRO:EVmaker_Import,EVmaker_Import:PRO:2026-W04:00038,2,[2],[],[2],[],on_time -> backlog
OUT:leaf_out:PRO:EVmaker_Import,EVmaker_Import:PRO:2026-W04:00039,2,[2],[],[2],[],on_time -> backlog
OUT:leaf_out:PRO:EVmaker_Import,EVmaker_Import:PRO:2026-W04:00040,2,[2],[],[2],[],on_time -> backlog
OUT:leaf_out:PRO:EVmaker_Import,EVmaker_Import:PRO:2026-W04:00041,2,[2],[],[2],[],on_time -> backlog
OUT:leaf_out:PRO:EVmaker_Import,EVmaker_Import:PRO:2026-W04:00042,2,[2],[],[2],[],on_time -> backlog
OUT:leaf_out:PRO:EVmaker_Import,EVmaker_Import:PRO:2026-W04:00043,2,[2],[],[2],[],on_time -> backlog
OUT:leaf_out:PRO:EVmaker_Import,EVmaker_Import:PRO:2026-W04:00044,2,[2],[],[2],[],on_time -> backlog
OUT:leaf_out:PRO:EVmaker_Local,EVmaker_Local:PRO:2026-W04:00001,2,[2],[],[2],[],on_time -> backlog
OUT:leaf_out:PRO:EVmaker_Local,EVmaker_Local:PRO:2026-W04:00002,2,[2],[],[2],[],on_time -> backlog
OUT:leaf_out:PRO:EVmaker_Local,EVmaker_Local:PRO:2026-W04:00003,2,[2],[],[2],[],on_time -> backlog
OUT:leaf_out:PRO:EVmaker_Local,EVmaker_Local:PRO:2026-W04:00004,2,[2],[],[2],[],on_time -> backlog
OUT:leaf_out:PRO:EVmaker_Local,EVmaker_Local:PRO:2026-W04:00005,2,[2],[],[2],[],on_time -> backlog
OUT:leaf_out:PRO:EVmaker_Local,EVmaker_Local:PRO:2026-W04:00006,2,[2],[],[2],[],on_time -> backlog
OUT:leaf_out:PRO:EVmaker_Local,EVmaker_Local:PRO:2026-W04:00007,2,[2],[],[2],[],on_time -> backlog
OUT:leaf_out:PRO:EVmaker_Local,EVmaker_Local:PRO:2026-W04:00008,2,[2],[],[2],[],on_time -> backlog
OUT:leaf_out:PRO:EVmaker_Local,EVmaker_Local:PRO:2026-W04:00009,2,[2],[],[2],[],on_time -> backlog
OUT:leaf_out:PRO:EVmaker_Local,EVmaker_Local:PRO:2026-W04:00010,2,[2],[],[2],[],on_time -> backlog
OUT:leaf_out:PRO:EVmaker_Local,EVmaker_Local:PRO:2026-W04:00011,2,[2],[],[2],[],on_time -> backlog
OUT:leaf_out:PRO:EVmaker_Local,EVmaker_Local:PRO:2026-W04:00012,2,[2],[],[2],[],on_time -> backlog
OUT:leaf_out:PRO:EVmaker_Local,EVmaker_Local:PRO:2026-W04:00013,2,[2],[],[2],[],on_time -> backlog
OUT:leaf_out:PRO:EVmaker_Local,EVmaker_Local:PRO:2026-W04:00014,2,[2],[],[2],[],on_time -> backlog
OUT:leaf_out:PRO:EVmaker_Local,EVmaker_Local:PRO:2026-W04:00015,2,[2],[],[2],[],on_time -> backlog
OUT:leaf_out:PRO:EVmaker_Local,EVmaker_Local:PRO:2026-W04:00016,2,[2],[],[2],[],on_time -> backlog
OUT:leaf_out:PRO:EVmaker_Local,EVmaker_Local:PRO:2026-W04:00017,2,[2],[],[2],[],on_time -> backlog
OUT:leaf_out:PRO:EVmaker_Local,EVmaker_Local:PRO:2026-W04:00018,2,[2],[],[2],[],on_time -> backlog
OUT:leaf_out:PRO:EVmaker_Local,EVmaker_Local:PRO:2026-W04:00019,2,[2],[],[2],[],on_time -> backlog
OUT:leaf_out:PRO:EVmaker_Local,EVmaker_Local:PRO:2026-W04:00020,2,[2],[],[2],[],on_time -> backlog
OUT:leaf_out:PRO:EVmaker_Local,EVmaker_Local:PRO:2026-W04:00021,2,[2],[],[2],[],on_time -> backlog
OUT:leaf_out:PRO:EVmaker_Local,EVmaker_Local:PRO:2026-W04:00022,2,[2],[],[2],[],on_time -> backlog
OUT:leaf_out:PRO:EVmaker_Local,EVmaker_Local:PRO:2026-W04:00023,2,[2],[],[2],[],on_time -> backlog
OUT:leaf_out:PRO:EVmaker_Local,EVmaker_Local:PRO:2026-W04:00024,2,[2],[],[2],[],on_time -> backlog
OUT:leaf_out:PRO:EVmaker_Local,EVmaker_Local:PRO:2026-W04:00025,2,[2],[],[2],[],on_time -> backlog
OUT:leaf_out:PRO:EVmaker_Local,EVmaker_Local:PRO:2026-W04:00026,2,[2],[],[2],[],on_time -> backlog
OUT:leaf_out:PRO:EVmaker_Local,EVmaker_Local:PRO:2026-W04:00027,2,[2],[],[2],[],on_time -> backlog
OUT:leaf_out:PRO:EVmaker_Local,EVmaker_Local:PRO:2026-W04:00028,2,[2],[],[2],[],on_time -> backlog
OUT:leaf_out:PRO:EVmaker_Local,EVmaker_Local:PRO:2026-W04:00029,2,[2],[],[2],[],on_time -> backlog
OUT:leaf_out:PRO:EVmaker_Local,EVmaker_Local:PRO:2026-W04:00030,2,[2],[],[2],[],on_time -> backlog
OUT:leaf_out:PRO:EVmaker_Local,EVmaker_Local:PRO:2026-W04:00031,2,[2],[],[2],[],on_time -> backlog
OUT:leaf_out:PRO:EVmaker_Local,EVmaker_Local:PRO:2026-W04:00032,2,[2],[],[2],[],on_time -> backlog
OUT:leaf_out:PRO:EVmaker_Local,EVmaker_Local:PRO:2026-W04:00033,2,[2],[],[2],[],on_time -> backlog
OUT:leaf_out:PRO:EVmaker_Local,EVmaker_Local:PRO:2026-W04:00034,2,[2],[],[2],[],on_time -> backlog
OUT:leaf_out:PRO:EVmaker_Local,EVmaker_Local:PRO:2026-W04:00035,2,[2],[],[2],[],on_time -> backlog
OUT:leaf_out:PRO:EVmaker_Local,EVmaker_Local:PRO:2026-W04:00036,2,[2],[],[2],[],on_time -> backlog
OUT:leaf_out:PRO:EVmaker_Local,EVmaker_Local:PRO:2026-W04:00037,2,[2],[],[2],[],on_time -> backlog
OUT:leaf_out:PRO:EVmaker_Local,EVmaker_Local:PRO:2026-W04:00038,2,[2],[],[2],[],on_time -> backlog
OUT:leaf_out:PRO:EVmaker_Local,EVmaker_Local:PRO:2026-W04:00039,2,[2],[],[2],[],on_time -> backlog
OUT:leaf_out:PRO:EVmaker_Local,EVmaker_Local:PRO:2026-W04:00040,2,[2],[],[2],[],on_time -> backlog
OUT:leaf_out:PRO:EVmaker_Local,EVmaker_Local:PRO:2026-W04:00041,2,[2],[],[2],[],on_time -> backlog
OUT:leaf_out:PRO:EVmaker_Local,EVmaker_Local:PRO:2026-W04:00042,2,[2],[],[2],[],on_time -> backlog
OUT:leaf_out:PRO:EVmaker_Local,EVmaker_Local:PRO:2026-W04:00043,2,[2],[],[2],[],on_time -> backlog
OUT:leaf_out:PRO:EVmaker_Local,EVmaker_Local:PRO:2026-W04:00044,2,[2],[],[2],[],on_time -> backlog
OUT:leaf_out:PRO:EVmaker_Local,EVmaker_Local:PRO:2026-W04:00045,2,[2],[],[2],[],on_time -> backlog
OUT:leaf_out:PRO:EVmaker_Local,EVmaker_Local:PRO:2026-W04:00046,2,[2],[],[2],[],on_time -> backlog
OUT:leaf_out:PRO:EVmaker_Local,EVmaker_Local:PRO:2026-W04:00047,2,[2],[],[2],[],on_time -> backlog
OUT:leaf_out:PRO:EVmaker_Local,EVmaker_Local:PRO:2026-W04:00048,2,[2],[],[2],[],on_time -> backlog
OUT:leaf_out:PRO:EVmaker_Local,EVmaker_Local:PRO:2026-W04:00049,2,[2],[],[2],[],on_time -> backlog
OUT:leaf_out:PRO:EVmaker_Local,EVmaker_Local:PRO:2026-W04:00050,2,[2],[],[2],[],on_time -> backlog
OUT:leaf_out:PRO:EVmaker_Local,EVmaker_Local:PRO:2026-W04:00051,2,[2],[],[2],[],on_time -> backlog
OUT:leaf_out:PRO:EVmaker_Local,EVmaker_Local:PRO:2026-W04:00052,2,[2],[],[2],[],on_time -> backlog
OUT:leaf_out:PRO:EVmaker_Local,EVmaker_Local:PRO:2026-W04:00053,2,[2],[],[2],[],on_time -> backlog
OUT:leaf_out:PRO:EVmaker_Local,EVmaker_Local:PRO:2026-W04:00054,2,[2],[],[2],[],on_time -> backlog
OUT:leaf_out:PRO:EVmaker_Local,EVmaker_Local:PRO:2026-W04:00055,2,[2],[],[2],[],on_time -> backlog
OUT:leaf_out:PRO:EVmaker_Local,EVmaker_Local:PRO:2026-W04:00056,2,[2],[],[2],[],on_time -> backlog
OUT:leaf_out:PRO:EVmaker_Local,EVmaker_Local:PRO:2026-W04:00057,2,[2],[],[2],[],on_time -> backlog
OUT:leaf_out:PRO:EVmaker_Local,EVmaker_Local:PRO:2026-W04:00058,2,[2],[],[2],[],on_time -> backlog
OUT:leaf_out:PRO:EVmaker_Local,EVmaker_Local:PRO:2026-W04:00059,2,[2],[],[2],[],on_time -> backlog
OUT:leaf_out:PRO:EVmaker_Local,EVmaker_Local:PRO:2026-W04:00060,2,[2],[],[2],[],on_time -> backlog
OUT:leaf_out:PRO:EVmaker_Local,EVmaker_Local:PRO:2026-W04:00061,2,[2],[],[2],[],on_time -> backlog
OUT:leaf_out:PRO:EVmaker_Local,EVmaker_Local:PRO:2026-W04:00062,2,[2],[],[2],[],on_time -> backlog
OUT:leaf_out:PRO:EVmaker_Local,EVmaker_Local:PRO:2026-W04:00063,2,[2],[],[2],[],on_time -> backlog
OUT:leaf_out:PRO:EVmaker_Local,EVmaker_Local:PRO:2026-W04:00064,2,[2],[],[2],[],on_time -> backlog
OUT:leaf_out:PRO:EVmaker_Local,EVmaker_Local:PRO:2026-W04:00065,2,[2],[],[2],[],on_time -> backlog
OUT:leaf_out:PRO:EVmaker_Local,EVmaker_Local:PRO:2026-W04:00066,2,[2],[],[2],[],on_time -> backlog
OUT:leaf_out:PRO:EVmaker_Local,EVmaker_Local:PRO:2026-W04:00067,2,[2],[],[2],[],on_time -> backlog
OUT:leaf_out:PRO:EVmaker_Local,EVmaker_Local:PRO:2026-W04:00068,2,[2],[],[2],[],on_time -> backlog
OUT:leaf_out:PRO:EVmaker_Local,EVmaker_Local:PRO:2026-W04:00069,2,[2],[],[2],[],on_time -> backlog
OUT:leaf_out:PRO:EVmaker_Local,EVmaker_Local:PRO:2026-W04:00070,2,[2],[],[2],[],on_time -> backlog
OUT:leaf_out:PRO:EVmaker_Local,EVmaker_Local:PRO:2026-W04:00071,2,[2],[],[2],[],on_time -> backlog
OUT:leaf_out:PRO:EVmaker_Local,EVmaker_Local:PRO:2026-W04:00072,2,[2],[],[2],[],on_time -> backlog
OUT:leaf_out:PRO:EVmaker_Local,EVmaker_Local:PRO:2026-W04:00073,2,[2],[],[2],[],on_time -> backlog
OUT:leaf_out:PRO:EVmaker_Local,EVmaker_Local:PRO:2026-W04:00074,2,[2],[],[2],[],on_time -> backlog
OUT:leaf_out:PRO:EVmaker_Local,EVmaker_Local:PRO:2026-W04:00075,2,[2],[],[2],[],on_time -> backlog
OUT:leaf_out:PRO:EVmaker_Local,EVmaker_Local:PRO:2026-W04:00076,2,[2],[],[2],[],on_time -> backlog
OUT:leaf_out:PRO:EVmaker_Local,EVmaker_Local:PRO:2026-W04:00077,2,[2],[],[2],[],on_time -> backlog
OUT:leaf_out:PRO:EVmaker_Local,EVmaker_Local:PRO:2026-W04:00078,2,[2],[],[2],[],on_time -> backlog
OUT:leaf_out:PRO:EVmaker_Local,EVmaker_Local:PRO:2026-W04:00079,2,[2],[],[2],[],on_time -> backlog
OUT:leaf_out:PRO:EVmaker_Local,EVmaker_Local:PRO:2026-W04:00080,2,[2],[],[2],[],on_time -> backlog
OUT:leaf_out:PRO:EVmaker_Local,EVmaker_Local:PRO:2026-W04:00081,2,[2],[],[2],[],on_time -> backlog
OUT:leaf_out:PRO:EVmaker_Local,EVmaker_Local:PRO:2026-W04:00082,2,[2],[],[2],[],on_time -> backlog
OUT:leaf_out:PRO:EVmaker_Local,EVmaker_Local:PRO:2026-W04:00083,2,[2],[],[2],[],on_time -> backlog
OUT:leaf_out:PRO:EVmaker_Local,EVmaker_Local:PRO:2026-W04:00084,2,[2],[],[2],[],on_time -> backlog
OUT:leaf_out:PRO:EVmaker_Local,EVmaker_Local:PRO:2026-W04:00085,2,[2],[],[2],[],on_time -> backlog
OUT:leaf_out:PRO:EVmaker_Local,EVmaker_Local:PRO:2026-W04:00086,2,[2],[],[2],[],on_time -> backlog
OUT:leaf_out:PRO:EVmaker_Local,EVmaker_Local:PRO:2026-W04:00087,2,[2],[],[2],[],on_time -> backlog
OUT:leaf_out:PRO:EVmaker_Local,EVmaker_Local:PRO:2026-W04:00088,2,[2],[],[2],[],on_time -> backlog
OUT:leaf_out:PRO:EVmaker_Local,EVmaker_Local:PRO:2026-W04:00089,2,[2],[],[2],[],on_time -> backlog
OUT:leaf_out:PRO:EVmaker_Local,EVmaker_Local:PRO:2026-W04:00090,2,[2],[],[2],[],on_time -> backlog
OUT:leaf_out:PRO:EVmaker_Local,EVmaker_Local:PRO:2026-W04:00091,2,[2],[],[2],[],on_time -> backlog
OUT:leaf_out:PRO:EVmaker_Local,EVmaker_Local:PRO:2026-W04:00092,2,[2],[],[2],[],on_time -> backlog
OUT:leaf_out:PRO:EVmaker_Local,EVmaker_Local:PRO:2026-W04:00093,2,[2],[],[2],[],on_time -> backlog
OUT:leaf_out:PRO:EVmaker_Local,EVmaker_Local:PRO:2026-W04:00094,2,[2],[],[2],[],on_time -> backlog
OUT:leaf_out:PRO:EVmaker_Local,EVmaker_Local:PRO:2026-W04:00095,2,[2],[],[2],[],on_time -> backlog
OUT:leaf_out:PRO:EVmaker_Local,EVmaker_Local:PRO:2026-W04:00096,2,[2],[],[2],[],on_time -> backlog
OUT:leaf_out:PRO:EVmaker_Local,EVmaker_Local:PRO:2026-W04:00097,2,[2],[],[2],[],on_time -> backlog
OUT:leaf_out:PRO:EVmaker_Local,EVmaker_Local:PRO:2026-W04:00098,2,[2],[],[2],[],on_time -> backlog
OUT:leaf_out:PRO:EVmaker_Local,EVmaker_Local:PRO:2026-W04:00099,2,[2],[],[2],[],on_time -> backlog
OUT:leaf_out:PRO:EVmaker_Local,EVmaker_Local:PRO:2026-W04:00100,2,[2],[],[2],[],on_time -> backlog
OUT:leaf_out:PRO:EVmaker_Local,EVmaker_Local:PRO:2026-W04:00101,2,[2],[],[2],[],on_time -> backlog
OUT:leaf_out:PRO:EVmaker_Local,EVmaker_Local:PRO:2026-W04:00102,2,[2],[],[2],[],on_time -> backlog
OUT:leaf_out:PRO:EVmaker_Local,EVmaker_Local:PRO:2026-W04:00103,2,[2],[],[2],[],on_time -> backlog
OUT:leaf_out:PRO:EVmaker_Local,EVmaker_Local:PRO:2026-W04:00104,2,[2],[],[2],[],on_time -> backlog
OUT:leaf_out:PRO:EVmaker_Local,EVmaker_Local:PRO:2026-W04:00105,2,[2],[],[2],[],on_time -> backlog
OUT:leaf_out:PRO:EVmaker_Local,EVmaker_Local:PRO:2026-W04:00106,2,[2],[],[2],[],on_time -> backlog
OUT:leaf_out:PRO:EVmaker_Local,EVmaker_Local:PRO:2026-W04:00107,2,[2],[],[2],[],on_time -> backlog
OUT:leaf_out:PRO:EVmaker_Local,EVmaker_Local:PRO:2026-W04:00108,2,[2],[],[2],[],on_time -> backlog
OUT:leaf_out:PRO:EVmaker_Local,EVmaker_Local:PRO:2026-W04:00109,2,[2],[],[2],[],on_time -> backlog
OUT:leaf_out:PRO:EVmaker_Local,EVmaker_Local:PRO:2026-W04:00110,2,[2],[],[2],[],on_time -> backlog
OUT:leaf_out:PRO:EVmaker_Local,EVmaker_Local:PRO:2026-W04:00111,2,[2],[],[2],[],on_time -> backlog
OUT:leaf_out:PRO:EVmaker_Local,EVmaker_Local:PRO:2026-W04:00112,2,[2],[],[2],[],on_time -> backlog
OUT:leaf_out:PRO:EVmaker_Local,EVmaker_Local:PRO:2026-W04:00113,2,[2],[],[2],[],on_time -> backlog
OUT:leaf_out:PRO:EVmaker_Local,EVmaker_Local:PRO:2026-W04:00114,2,[2],[],[2],[],on_time -> backlog
OUT:leaf_out:PRO:EVmaker_Local,EVmaker_Local:PRO:2026-W04:00115,2,[2],[],[2],[],on_time -> backlog
OUT:leaf_out:PRO:EVmaker_Local,EVmaker_Local:PRO:2026-W04:00116,2,[2],[],[2],[],on_time -> backlog
OUT:leaf_out:PRO:EVmaker_Local,EVmaker_Local:PRO:2026-W04:00117,2,[2],[],[2],[],on_time -> backlog
OUT:leaf_out:PRO:EVmaker_Local,EVmaker_Local:PRO:2026-W04:00118,2,[2],[],[2],[],on_time -> backlog
OUT:leaf_out:PRO:EVmaker_Local,EVmaker_Local:PRO:2026-W04:00119,2,[2],[],[2],[],on_time -> backlog
OUT:leaf_out:PRO:EVmaker_Local,EVmaker_Local:PRO:2026-W04:00120,2,[2],[],[2],[],on_time -> backlog
OUT:leaf_out:PRO:EVmaker_Local,EVmaker_Local:PRO:2026-W04:00121,2,[2],[],[2],[],on_time -> backlog
OUT:leaf_out:PRO:EVmaker_Local,EVmaker_Local:PRO:2026-W04:00122,2,[2],[],[2],[],on_time -> backlog
OUT:leaf_out:PRO:EVmaker_Local,EVmaker_Local:PRO:2026-W04:00123,2,[2],[],[2],[],on_time -> backlog
OUT:leaf_out:PRO:EVmaker_Local,EVmaker_Local:PRO:2026-W04:00124,2,[2],[],[2],[],on_time -> backlog
OUT:leaf_out:PRO:EVmaker_Local,EVmaker_Local:PRO:2026-W04:00125,2,[2],[],[2],[],on_time -> backlog
OUT:leaf_out:PRO:EVmaker_Local,EVmaker_Local:PRO:2026-W04:00126,2,[2],[],[2],[],on_time -> backlog
OUT:leaf_out:PRO:EVmaker_Local,EVmaker_Local:PRO:2026-W04:00127,2,[2],[],[2],[],on_time -> backlog
OUT:leaf_out:PRO:EVmaker_Local,EVmaker_Local:PRO:2026-W04:00128,2,[2],[],[2],[],on_time -> backlog
OUT:leaf_out:PRO:EVmaker_Local,EVmaker_Local:PRO:2026-W04:00129,2,[2],[],[2],[],on_time -> backlog
OUT:leaf_out:PRO:EVmaker_Local,EVmaker_Local:PRO:2026-W04:00130,2,[2],[],[2],[],on_time -> backlog
OUT:leaf_out:PRO:EVmaker_Local,EVmaker_Local:PRO:2026-W04:00131,2,[2],[],[2],[],on_time -> backlog
OUT:leaf_out:PRO:EVmaker_Local,EVmaker_Local:PRO:2026-W04:00132,2,[2],[],[2],[],on_time -> backlog
OUT:leaf_out:PRO:EVmaker_Local,EVmaker_Local:PRO:2026-W04:00133,2,[2],[],[2],[],on_time -> backlog
OUT:leaf_out:PRO:EVmaker_Local,EVmaker_Local:PRO:2026-W04:00134,2,[2],[],[2],[],on_time -> backlog
OUT:leaf_out:PRO:EVmaker_Local,EVmaker_Local:PRO:2026-W04:00135,2,[2],[],[2],[],on_time -> backlog
OUT:leaf_out:PRO:EVmaker_Local,EVmaker_Local:PRO:2026-W04:00136,2,[2],[],[2],[],on_time -> backlog
OUT:leaf_out:PRO:EVmaker_Local,EVmaker_Local:PRO:2026-W04:00137,2,[2],[],[2],[],on_time -> backlog
OUT:leaf_out:PRO:EVmaker_Local,EVmaker_Local:PRO:2026-W04:00138,2,[2],[],[2],[],on_time -> backlog
OUT:leaf_out:PRO:EVmaker_Local,EVmaker_Local:PRO:2026-W04:00139,2,[2],[],[2],[],on_time -> backlog
OUT:leaf_out:PRO:EVmaker_Local,EVmaker_Local:PRO:2026-W04:00140,2,[2],[],[2],[],on_time -> backlog
OUT:leaf_out:PRO:EVmaker_Local,EVmaker_Local:PRO:2026-W04:00141,2,[2],[],[2],[],on_time -> backlog
OUT:leaf_out:PRO:EVmaker_Local,EVmaker_Local:PRO:2026-W04:00142,2,[2],[],[2],[],on_time -> backlog
OUT:leaf_out:PRO:EVmaker_Local,EVmaker_Local:PRO:2026-W04:00143,2,[2],[],[2],[],on_time -> backlog
OUT:leaf_out:PRO:EVmaker_Local,EVmaker_Local:PRO:2026-W04:00144,2,[2],[],[2],[],on_time -> backlog
OUT:leaf_out:PRO:EVmaker_Local,EVmaker_Local:PRO:2026-W04:00145,2,[2],[],[2],[],on_time -> backlog
OUT:leaf_out:PRO:EVmaker_Local,EVmaker_Local:PRO:2026-W04:00146,2,[2],[],[2],[],on_time -> backlog
OUT:leaf_out:PRO:EVmaker_Local,EVmaker_Local:PRO:2026-W04:00147,2,[2],[],[2],[],on_time -> backlog
OUT:leaf_out:PRO:EVmaker_Local,EVmaker_Local:PRO:2026-W04:00148,2,[2],[],[2],[],on_time -> backlog
OUT:leaf_out:PRO:EVmaker_Local,EVmaker_Local:PRO:2026-W04:00149,2,[2],[],[2],[],on_time -> backlog
OUT:leaf_out:PRO:EVmaker_Local,EVmaker_Local:PRO:2026-W04:00150,2,[2],[],[2],[],on_time -> backlog
OUT:leaf_out:PRO:EVmaker_Local,EVmaker_Local:PRO:2026-W04:00151,2,[2],[],[2],[],on_time -> backlog
OUT:leaf_out:PRO:EVmaker_Local,EVmaker_Local:PRO:2026-W04:00152,2,[2],[],[2],[],on_time -> backlog
OUT:leaf_out:PRO:EVmaker_Local,EVmaker_Local:PRO:2026-W04:00153,2,[2],[],[2],[],on_time -> backlog
OUT:leaf_out:PRO:EVmaker_Local,EVmaker_Local:PRO:2026-W04:00154,2,[2],[],[2],[],on_time -> backlog
OUT:leaf_out:PRO:EVmaker_Local,EVmaker_Local:PRO:2026-W04:00155,2,[2],[],[2],[],on_time -> backlog
OUT:leaf_out:PRO:EVmaker_Local,EVmaker_Local:PRO:2026-W04:00156,2,[2],[],[2],[],on_time -> backlog
OUT:leaf_out:PRO:EVmaker_Local,EVmaker_Local:PRO:2026-W04:00157,2,[2],[],[2],[],on_time -> backlog
OUT:leaf_out:PRO:EVmaker_Local,EVmaker_Local:PRO:2026-W04:00158,2,[2],[],[2],[],on_time -> backlog
OUT:leaf_out:PRO:EVmaker_Local,EVmaker_Local:PRO:2026-W04:00159,2,[2],[],[2],[],on_time -> backlog
OUT:leaf_out:PRO:EVmaker_Local,EVmaker_Local:PRO:2026-W04:00160,2,[2],[],[2],[],on_time -> backlog
OUT:leaf_out:PRO:EVmaker_Local,EVmaker_Local:PRO:2026-W04:00161,2,[2],[],[2],[],on_time -> backlog
OUT:leaf_out:PRO:EVmaker_Local,EVmaker_Local:PRO:2026-W04:00162,2,[2],[],[2],[],on_time -> backlog
OUT:leaf_out:PRO:EVmaker_Local,EVmaker_Local:PRO:2026-W04:00163,2,[2],[],[2],[],on_time -> backlog
OUT:leaf_out:PRO:EVmaker_Local,EVmaker_Local:PRO:2026-W04:00164,2,[2],[],[2],[],on_time -> backlog
OUT:leaf_out:PRO:EVmaker_Local,EVmaker_Local:PRO:2026-W04:00165,2,[2],[],[2],[],on_time -> backlog
OUT:leaf_out:PRO:EVmaker_Local,EVmaker_Local:PRO:2026-W04:00166,2,[2],[],[2],[],on_time -> backlog
OUT:leaf_out:PRO:EVmaker_Local,EVmaker_Local:PRO:2026-W04:00167,2,[2],[],[2],[],on_time -> backlog
OUT:leaf_out:PRO:EVmaker_Local,EVmaker_Local:PRO:2026-W04:00168,2,[2],[],[2],[],on_time -> backlog
OUT:leaf_out:PRO:EVmaker_Local,EVmaker_Local:PRO:2026-W04:00169,2,[2],[],[2],[],on_time -> backlog
OUT:leaf_out:PRO:EVmaker_Local,EVmaker_Local:PRO:2026-W04:00170,2,[2],[],[2],[],on_time -> backlog
OUT:leaf_out:PRO:EVmaker_Local,EVmaker_Local:PRO:2026-W04:00171,2,[2],[],[2],[],on_time -> backlog
OUT:leaf_out:PRO:EVmaker_Local,EVmaker_Local:PRO:2026-W04:00172,2,[2],[],[2],[],on_time -> backlog
OUT:leaf_out:PRO:EVmaker_Local,EVmaker_Local:PRO:2026-W04:00173,2,[2],[],[2],[],on_time -> backlog
OUT:leaf_out:PRO:EVmaker_Local,EVmaker_Local:PRO:2026-W04:00174,2,[2],[],[2],[],on_time -> backlog
OUT:leaf_out:PRO:EVmaker_Local,EVmaker_Local:PRO:2026-W04:00175,2,[2],[],[2],[],on_time -> backlog
OUT:leaf_out:PRO:EVmaker_Local,EVmaker_Local:PRO:2026-W04:00176,2,[2],[],[2],[],on_time -> backlog
OUT:leaf_out:PRO:EVmaker_Local,EVmaker_Local:PRO:2026-W04:00177,2,[2],[],[2],[],on_time -> backlog
OUT:leaf_out:PRO:EVmaker_Local,EVmaker_Local:PRO:2026-W04:00178,2,[2],[],[2],[],on_time -> backlog
OUT:leaf_out:PRO:EVmaker_Local,EVmaker_Local:PRO:2026-W04:00179,2,[2],[],[2],[],on_time -> backlog
OUT:leaf_out:PRO:EVmaker_Local,EVmaker_Local:PRO:2026-W04:00180,2,[2],[],[2],[],on_time -> backlog
OUT:leaf_out:PRO:EVmaker_Local,EVmaker_Local:PRO:2026-W04:00181,2,[2],[],[2],[],on_time -> backlog
OUT:leaf_out:PRO:EVmaker_Local,EVmaker_Local:PRO:2026-W04:00182,2,[2],[],[2],[],on_time -> backlog
OUT:leaf_out:PRO:EVmaker_Local,EVmaker_Local:PRO:2026-W04:00183,2,[2],[],[2],[],on_time -> backlog
OUT:leaf_out:PRO:EVmaker_Local,EVmaker_Local:PRO:2026-W04:00184,2,[2],[],[2],[],on_time -> backlog
OUT:leaf_out:PRO:EVmaker_Local,EVmaker_Local:PRO:2026-W04:00185,2,[2],[],[2],[],on_time -> backlog
OUT:leaf_out:PRO:EVmaker_Local,EVmaker_Local:PRO:2026-W04:00186,2,[2],[],[2],[],on_time -> backlog
OUT:leaf_out:PRO:EVmaker_Local,EVmaker_Local:PRO:2026-W04:00187,2,[2],[],[2],[],on_time -> backlog
OUT:leaf_out:PRO:EVmaker_Local,EVmaker_Local:PRO:2026-W04:00188,2,[2],[],[2],[],on_time -> backlog
OUT:leaf_out:PRO:EVmaker_Local,EVmaker_Local:PRO:2026-W04:00189,2,[2],[],[2],[],on_time -> backlog
OUT:leaf_out:PRO:EVmaker_Local,EVmaker_Local:PRO:2026-W04:00190,2,[2],[],[2],[],on_time -> backlog
OUT:leaf_out:PRO:EVmaker_Local,EVmaker_Local:PRO:2026-W04:00191,2,[2],[],[2],[],on_time -> backlog
OUT:leaf_out:PRO:EVmaker_Local,EVmaker_Local:PRO:2026-W04:00192,2,[2],[],[2],[],on_time -> backlog
OUT:leaf_out:PRO:EVmaker_Local,EVmaker_Local:PRO:2026-W04:00193,2,[2],[],[2],[],on_time -> backlog
OUT:leaf_out:PRO:EVmaker_Local,EVmaker_Local:PRO:2026-W04:00194,2,[2],[],[2],[],on_time -> backlog
OUT:leaf_out:PRO:EVmaker_Local,EVmaker_Local:PRO:2026-W04:00195,2,[2],[],[2],[],on_time -> backlog
OUT:leaf_out:PRO:EVmaker_Local,EVmaker_Local:PRO:2026-W04:00196,2,[2],[],[2],[],on_time -> backlog
OUT:leaf_out:PRO:EVmaker_Local,EVmaker_Local:PRO:2026-W04:00197,2,[2],[],[2],[],on_time -> backlog
OUT:leaf_out:PRO:EVmaker_Local,EVmaker_Local:PRO:2026-W04:00198,2,[2],[],[2],[],on_time -> backlog
OUT:leaf_out:PRO:EVmaker_Local,EVmaker_Local:PRO:2026-W04:00199,2,[2],[],[2],[],on_time -> backlog
OUT:leaf_out:PRO:EVmaker_Local,EVmaker_Local:PRO:2026-W04:00200,2,[2],[],[2],[],on_time -> backlog
OUT:leaf_out:PRO:EVmaker_Local,EVmaker_Local:PRO:2026-W04:00201,2,[2],[],[2],[],on_time -> backlog
OUT:leaf_out:PRO:EVmaker_Local,EVmaker_Local:PRO:2026-W04:00202,2,[2],[],[2],[],on_time -> backlog
OUT:leaf_out:PRO:EVmaker_Local,EVmaker_Local:PRO:2026-W04:00203,2,[2],[],[2],[],on_time -> backlog
OUT:leaf_out:PRO:EVmaker_Local,EVmaker_Local:PRO:2026-W04:00204,2,[2],[],[2],[],on_time -> backlog
OUT:leaf_out:PRO:EVmaker_Local,EVmaker_Local:PRO:2026-W04:00205,2,[2],[],[2],[],on_time -> backlog
OUT:leaf_out:PRO:EVmaker_Local,EVmaker_Local:PRO:2026-W04:00206,2,[2],[],[2],[],on_time -> backlog
OUT:leaf_out:PRO:EVmaker_Local,EVmaker_Local:PRO:2026-W04:00207,2,[2],[],[2],[],on_time -> backlog
OUT:leaf_out:PRO:EVmaker_Local,EVmaker_Local:PRO:2026-W04:00208,2,[2],[],[2],[],on_time -> backlog
OUT:leaf_out:PRO:EVmaker_Local,EVmaker_Local:PRO:2026-W04:00209,2,[2],[],[2],[],on_time -> backlog
OUT:leaf_out:PRO:EVmaker_Local,EVmaker_Local:PRO:2026-W04:00210,2,[2],[],[2],[],on_time -> backlog
OUT:leaf_out:PRO:EVmaker_Local,EVmaker_Local:PRO:2026-W04:00211,2,[2],[],[2],[],on_time -> backlog
OUT:leaf_out:PRO:EVmaker_Local,EVmaker_Local:PRO:2026-W04:00212,2,[2],[],[2],[],on_time -> backlog
OUT:leaf_out:PRO:EVmaker_Local,EVmaker_Local:PRO:2026-W04:00213,2,[2],[],[2],[],on_time -> backlog
OUT:leaf_out:PRO:EVmaker_Local,EVmaker_Local:PRO:2026-W04:00214,2,[2],[],[2],[],on_time -> backlog
OUT:leaf_out:PRO:EVmaker_Local,EVmaker_Local:PRO:2026-W04:00215,2,[2],[],[2],[],on_time -> backlog
OUT:leaf_out:PRO:EVmaker_Local,EVmaker_Local:PRO:2026-W04:00216,2,[2],[],[2],[],on_time -> backlog
OUT:leaf_out:PRO:EVmaker_Local,EVmaker_Local:PRO:2026-W04:00217,2,[2],[],[2],[],on_time -> backlog
OUT:leaf_out:PRO:EVmaker_Local,EVmaker_Local:PRO:2026-W04:00218,2,[2],[],[2],[],on_time -> backlog
OUT:leaf_out:PRO:EVmaker_Local,EVmaker_Local:PRO:2026-W04:00219,2,[2],[],[2],[],on_time -> backlog
OUT:leaf_out:PRO:EVmaker_Local,EVmaker_Local:PRO:2026-W04:00220,2,[2],[],[2],[],on_time -> backlog
IN:mom:Factory_Import_CN:EVmaker_Import,EVmaker_Import:BKK:2026-W14:00001,3,[3],[3],[3],[5],on_time -> on_time
IN:mom:Factory_Import_CN:EVmaker_Import,EVmaker_Import:BKK:2026-W14:00002,3,[3],[3],[3],[5],on_time -> on_time
IN:mom:Factory_Import_CN:EVmaker_Import,EVmaker_Import:BKK:2026-W14:00003,3,[3],[3],[3],[5],on_time -> on_time
IN:mom:Factory_Import_CN:EVmaker_Import,EVmaker_Import:BKK:2026-W14:00004,3,[3],[3],[3],[5],on_time -> on_time
IN:mom:Factory_Import_CN:EVmaker_Import,EVmaker_Import:BKK:2026-W14:00005,3,[3],[3],[3],[5],on_time -> on_time
IN:mom:Factory_Import_CN:EVmaker_Import,EVmaker_Import:BKK:2026-W14:00006,3,[3],[3],[3],[5],on_time -> on_time
IN:mom:Factory_Import_CN:EVmaker_Import,EVmaker_Import:BKK:2026-W14:00007,3,[3],[3],[3],[5],on_time -> on_time
IN:mom:Factory_Import_CN:EVmaker_Import,EVmaker_Import:BKK:2026-W14:00008,3,[3],[3],[3],[5],on_time -> on_time
IN:mom:Factory_Import_CN:EVmaker_Import,EVmaker_Import:BKK:2026-W14:00009,3,[3],[3],[3],[5],on_time -> on_time
IN:mom:Factory_Import_CN:EVmaker_Import,EVmaker_Import:BKK:2026-W14:00010,3,[3],[3],[3],[5],on_time -> on_time
IN:mom:Factory_Import_CN:EVmaker_Import,EVmaker_Import:BKK:2026-W14:00011,3,[3],[3],[3],[5],on_time -> on_time
IN:mom:Factory_Import_CN:EVmaker_Import,EVmaker_Import:BKK:2026-W14:00012,3,[3],[3],[3],[5],on_time -> on_time
IN:mom:Factory_Import_CN:EVmaker_Import,EVmaker_Import:BKK:2026-W14:00013,3,[3],[3],[3],[5],on_time -> on_time
IN:mom:Factory_Import_CN:EVmaker_Import,EVmaker_Import:BKK:2026-W14:00014,3,[3],[3],[3],[5],on_time -> on_time
IN:mom:Factory_Import_CN:EVmaker_Import,EVmaker_Import:BKK:2026-W14:00015,3,[3],[3],[3],[5],on_time -> on_time
IN:mom:Factory_Import_CN:EVmaker_Import,EVmaker_Import:BKK:2026-W14:00016,3,[3],[3],[3],[5],on_time -> on_time
IN:mom:Factory_Import_CN:EVmaker_Import,EVmaker_Import:BKK:2026-W14:00017,3,[3],[3],[3],[5],on_time -> on_time
IN:mom:Factory_Import_CN:EVmaker_Import,EVmaker_Import:BKK:2026-W14:00018,3,[3],[3],[3],[5],on_time -> on_time
IN:mom:Factory_Import_CN:EVmaker_Import,EVmaker_Import:BKK:2026-W14:00019,3,[3],[3],[3],[5],on_time -> on_time
IN:mom:Factory_Import_CN:EVmaker_Import,EVmaker_Import:BKK:2026-W14:00020,3,[3],[3],[3],[5],on_time -> on_time
IN:mom:Factory_Import_CN:EVmaker_Import,EVmaker_Import:BKK:2026-W14:00021,3,[3],[3],[3],[5],on_time -> on_time
IN:mom:Factory_Import_CN:EVmaker_Import,EVmaker_Import:BKK:2026-W14:00022,3,[3],[3],[3],[5],on_time -> on_time
IN:mom:Factory_Import_CN:EVmaker_Import,EVmaker_Import:BKK:2026-W14:00023,3,[3],[3],[3],[5],on_time -> on_time
IN:mom:Factory_Import_CN:EVmaker_Import,EVmaker_Import:BKK:2026-W14:00024,3,[3],[3],[3],[5],on_time -> on_time
IN:mom:Factory_Import_CN:EVmaker_Import,EVmaker_Import:BKK:2026-W14:00025,3,[3],[3],[3],[5],on_time -> on_time
IN:mom:Factory_Import_CN:EVmaker_Import,EVmaker_Import:BKK:2026-W14:00026,3,[3],[3],[3],[5],on_time -> on_time
IN:mom:Factory_Import_CN:EVmaker_Import,EVmaker_Import:BKK:2026-W14:00027,3,[3],[3],[3],[5],on_time -> on_time
IN:mom:Factory_Import_CN:EVmaker_Import,EVmaker_Import:BKK:2026-W14:00028,3,[3],[3],[3],[5],on_time -> on_time
IN:mom:Factory_Import_CN:EVmaker_Import,EVmaker_Import:BKK:2026-W14:00029,3,[3],[3],[3],[5],on_time -> on_time
IN:mom:Factory_Import_CN:EVmaker_Import,EVmaker_Import:BKK:2026-W14:00030,3,[3],[3],[3],[5],on_time -> on_time
IN:mom:Factory_Import_CN:EVmaker_Import,EVmaker_Import:BKK:2026-W14:00031,3,[3],[3],[3],[5],on_time -> on_time
IN:mom:Factory_Import_CN:EVmaker_Import,EVmaker_Import:BKK:2026-W14:00032,3,[3],[3],[3],[5],on_time -> on_time
IN:mom:Factory_Import_CN:EVmaker_Import,EVmaker_Import:BKK:2026-W14:00033,3,[3],[3],[3],[5],on_time -> on_time
IN:mom:Factory_Import_CN:EVmaker_Import,EVmaker_Import:BKK:2026-W14:00034,3,[3],[3],[3],[5],on_time -> on_time
IN:mom:Factory_Import_CN:EVmaker_Import,EVmaker_Import:BKK:2026-W14:00035,3,[3],[3],[3],[5],on_time -> on_time
IN:mom:Factory_Import_CN:EVmaker_Import,EVmaker_Import:BKK:2026-W14:00036,3,[3],[3],[3],[5],on_time -> on_time
IN:mom:Factory_Import_CN:EVmaker_Import,EVmaker_Import:BKK:2026-W14:00037,3,[3],[3],[3],[5],on_time -> on_time
IN:mom:Factory_Import_CN:EVmaker_Import,EVmaker_Import:BKK:2026-W14:00038,3,[3],[3],[3],[5],on_time -> on_time
IN:mom:Factory_Import_CN:EVmaker_Import,EVmaker_Import:BKK:2026-W14:00039,3,[3],[3],[3],[5],on_time -> on_time
IN:mom:Factory_Import_CN:EVmaker_Import,EVmaker_Import:BKK:2026-W14:00040,3,[3],[3],[3],[5],on_time -> on_time
IN:mom:Factory_Import_CN:EVmaker_Import,EVmaker_Import:ONL:2026-W14:00001,3,[3],[3],[3],[5],on_time -> on_time
IN:mom:Factory_Import_CN:EVmaker_Import,EVmaker_Import:ONL:2026-W14:00002,3,[3],[3],[3],[5],on_time -> on_time
IN:mom:Factory_Import_CN:EVmaker_Import,EVmaker_Import:ONL:2026-W14:00003,3,[3],[3],[3],[5],on_time -> on_time
IN:mom:Factory_Import_CN:EVmaker_Import,EVmaker_Import:ONL:2026-W14:00004,3,[3],[3],[3],[5],on_time -> on_time
IN:mom:Factory_Import_CN:EVmaker_Import,EVmaker_Import:ONL:2026-W14:00005,3,[3],[3],[3],[5],on_time -> on_time
IN:mom:Factory_Import_CN:EVmaker_Import,EVmaker_Import:ONL:2026-W14:00006,3,[3],[3],[3],[5],on_time -> on_time
IN:mom:Factory_Import_CN:EVmaker_Import,EVmaker_Import:ONL:2026-W14:00007,3,[3],[3],[3],[5],on_time -> on_time
IN:mom:Factory_Import_CN:EVmaker_Import,EVmaker_Import:ONL:2026-W14:00008,3,[3],[3],[3],[5],on_time -> on_time
IN:mom:Factory_Import_CN:EVmaker_Import,EVmaker_Import:PRO:2026-W15:00001,3,[3],[3],[3],[5],on_time -> on_time
IN:mom:Factory_Import_CN:EVmaker_Import,EVmaker_Import:PRO:2026-W15:00002,3,[3],[3],[3],[5],on_time -> on_time
IN:mom:Factory_Import_CN:EVmaker_Import,EVmaker_Import:PRO:2026-W15:00003,3,[3],[3],[3],[5],on_time -> on_time
IN:mom:Factory_Import_CN:EVmaker_Import,EVmaker_Import:PRO:2026-W15:00004,3,[3],[3],[3],[5],on_time -> on_time
IN:mom:Factory_Import_CN:EVmaker_Import,EVmaker_Import:PRO:2026-W15:00005,3,[3],[3],[3],[5],on_time -> on_time
IN:mom:Factory_Import_CN:EVmaker_Import,EVmaker_Import:PRO:2026-W15:00006,3,[3],[3],[3],[5],on_time -> on_time
IN:mom:Factory_Import_CN:EVmaker_Import,EVmaker_Import:PRO:2026-W15:00007,3,[3],[3],[3],[5],on_time -> on_time
IN:mom:Factory_Import_CN:EVmaker_Import,EVmaker_Import:PRO:2026-W15:00008,3,[3],[3],[3],[5],on_time -> on_time
IN:mom:Factory_Import_CN:EVmaker_Import,EVmaker_Import:PRO:2026-W15:00009,3,[3],[3],[3],[5],on_time -> on_time
IN:mom:Factory_Import_CN:EVmaker_Import,EVmaker_Import:PRO:2026-W15:00010,3,[3],[3],[3],[5],on_time -> on_time
IN:mom:Factory_Import_CN:EVmaker_Import,EVmaker_Import:PRO:2026-W15:00011,3,[3],[3],[3],[5],on_time -> on_time
IN:mom:Factory_Import_CN:EVmaker_Import,EVmaker_Import:PRO:2026-W15:00012,3,[3],[3],[3],[5],on_time -> on_time
IN:mom:Factory_Import_CN:EVmaker_Import,EVmaker_Import:PRO:2026-W15:00013,3,[3],[3],[3],[5],on_time -> on_time
IN:mom:Factory_Import_CN:EVmaker_Import,EVmaker_Import:PRO:2026-W15:00014,3,[3],[3],[3],[5],on_time -> on_time
IN:mom:Factory_Import_CN:EVmaker_Import,EVmaker_Import:PRO:2026-W15:00015,3,[3],[3],[3],[5],on_time -> on_time
IN:mom:Factory_Import_CN:EVmaker_Import,EVmaker_Import:PRO:2026-W15:00016,3,[3],[3],[3],[5],on_time -> on_time
IN:mom:Factory_Import_CN:EVmaker_Import,EVmaker_Import:PRO:2026-W15:00017,3,[3],[3],[3],[5],on_time -> on_time
IN:mom:Factory_Import_CN:EVmaker_Import,EVmaker_Import:PRO:2026-W15:00018,3,[3],[3],[3],[5],on_time -> on_time
IN:mom:Factory_Import_CN:EVmaker_Import,EVmaker_Import:PRO:2026-W15:00019,3,[3],[3],[3],[5],on_time -> on_time
IN:mom:Factory_Import_CN:EVmaker_Import,EVmaker_Import:PRO:2026-W15:00020,3,[3],[3],[3],[5],on_time -> on_time
IN:mom:Factory_Import_CN:EVmaker_Import,EVmaker_Import:PRO:2026-W15:00021,3,[3],[3],[3],[5],on_time -> on_time
IN:mom:Factory_Import_CN:EVmaker_Import,EVmaker_Import:PRO:2026-W15:00022,3,[3],[3],[3],[5],on_time -> on_time
IN:mom:Factory_Import_CN:EVmaker_Import,EVmaker_Import:PRO:2026-W15:00023,3,[3],[3],[3],[5],on_time -> on_time
IN:mom:Factory_Import_CN:EVmaker_Import,EVmaker_Import:PRO:2026-W15:00024,3,[3],[3],[3],[5],on_time -> on_time
IN:mom:Factory_Import_CN:EVmaker_Import,EVmaker_Import:PRO:2026-W15:00025,3,[3],[3],[3],[5],on_time -> on_time
IN:mom:Factory_Import_CN:EVmaker_Import,EVmaker_Import:PRO:2026-W15:00026,3,[3],[3],[3],[5],on_time -> on_time
IN:mom:Factory_Import_CN:EVmaker_Import,EVmaker_Import:PRO:2026-W15:00027,3,[3],[3],[3],[5],on_time -> on_time
IN:mom:Factory_Import_CN:EVmaker_Import,EVmaker_Import:PRO:2026-W15:00028,3,[3],[3],[3],[5],on_time -> on_time
IN:mom:Factory_Import_CN:EVmaker_Import,EVmaker_Import:PRO:2026-W15:00029,3,[3],[3],[3],[5],on_time -> on_time
IN:mom:Factory_Import_CN:EVmaker_Import,EVmaker_Import:PRO:2026-W15:00030,3,[3],[3],[3],[5],on_time -> on_time
IN:mom:Factory_Import_CN:EVmaker_Import,EVmaker_Import:PRO:2026-W15:00031,3,[3],[3],[3],[5],on_time -> on_time
IN:mom:Factory_Import_CN:EVmaker_Import,EVmaker_Import:PRO:2026-W15:00032,3,[3],[3],[3],[5],on_time -> on_time
OUT:leaf_out:BKK:EVmaker_Import,EVmaker_Import:BKK:2026-W05:00001,3,[3],[],[3],[],on_time -> backlog
OUT:leaf_out:BKK:EVmaker_Import,EVmaker_Import:BKK:2026-W05:00002,3,[3],[],[3],[],on_time -> backlog
OUT:leaf_out:BKK:EVmaker_Import,EVmaker_Import:BKK:2026-W05:00003,3,[3],[],[3],[],on_time -> backlog
OUT:leaf_out:BKK:EVmaker_Import,EVmaker_Import:BKK:2026-W05:00004,3,[3],[],[3],[],on_time -> backlog
OUT:leaf_out:BKK:EVmaker_Import,EVmaker_Import:BKK:2026-W05:00005,3,[3],[],[3],[],on_time -> backlog
OUT:leaf_out:BKK:EVmaker_Import,EVmaker_Import:BKK:2026-W05:00006,3,[3],[],[3],[],on_time -> backlog
OUT:leaf_out:BKK:EVmaker_Import,EVmaker_Import:BKK:2026-W05:00007,3,[3],[],[3],[],on_time -> backlog
OUT:leaf_out:BKK:EVmaker_Import,EVmaker_Import:BKK:2026-W05:00008,3,[3],[],[3],[],on_time -> backlog
OUT:leaf_out:BKK:EVmaker_Import,EVmaker_Import:BKK:2026-W05:00009,3,[3],[],[3],[],on_time -> backlog
OUT:leaf_out:BKK:EVmaker_Import,EVmaker_Import:BKK:2026-W05:00010,3,[3],[],[3],[],on_time -> backlog
OUT:leaf_out:BKK:EVmaker_Import,EVmaker_Import:BKK:2026-W05:00011,3,[3],[],[3],[],on_time -> backlog
OUT:leaf_out:BKK:EVmaker_Import,EVmaker_Import:BKK:2026-W05:00012,3,[3],[],[3],[],on_time -> backlog
OUT:leaf_out:BKK:EVmaker_Import,EVmaker_Import:BKK:2026-W05:00013,3,[3],[],[3],[],on_time -> backlog
OUT:leaf_out:BKK:EVmaker_Import,EVmaker_Import:BKK:2026-W05:00014,3,[3],[],[3],[],on_time -> backlog
OUT:leaf_out:BKK:EVmaker_Import,EVmaker_Import:BKK:2026-W05:00015,3,[3],[],[3],[],on_time -> backlog
OUT:leaf_out:BKK:EVmaker_Import,EVmaker_Import:BKK:2026-W05:00016,3,[3],[],[3],[],on_time -> backlog
OUT:leaf_out:BKK:EVmaker_Import,EVmaker_Import:BKK:2026-W05:00017,3,[3],[],[3],[],on_time -> backlog
OUT:leaf_out:BKK:EVmaker_Import,EVmaker_Import:BKK:2026-W05:00018,3,[3],[],[3],[],on_time -> backlog
OUT:leaf_out:BKK:EVmaker_Import,EVmaker_Import:BKK:2026-W05:00019,3,[3],[],[3],[],on_time -> backlog
OUT:leaf_out:BKK:EVmaker_Import,EVmaker_Import:BKK:2026-W05:00020,3,[3],[],[3],[],on_time -> backlog
OUT:leaf_out:BKK:EVmaker_Import,EVmaker_Import:BKK:2026-W05:00021,3,[3],[],[3],[],on_time -> backlog
OUT:leaf_out:BKK:EVmaker_Import,EVmaker_Import:BKK:2026-W05:00022,3,[3],[],[3],[],on_time -> backlog
OUT:leaf_out:BKK:EVmaker_Import,EVmaker_Import:BKK:2026-W05:00023,3,[3],[],[3],[],on_time -> backlog
OUT:leaf_out:BKK:EVmaker_Import,EVmaker_Import:BKK:2026-W05:00024,3,[3],[],[3],[],on_time -> backlog
OUT:leaf_out:BKK:EVmaker_Import,EVmaker_Import:BKK:2026-W05:00025,3,[3],[],[3],[],on_time -> backlog
OUT:leaf_out:BKK:EVmaker_Import,EVmaker_Import:BKK:2026-W05:00026,3,[3],[],[3],[],on_time -> backlog
OUT:leaf_out:BKK:EVmaker_Import,EVmaker_Import:BKK:2026-W05:00027,3,[3],[],[3],[],on_time -> backlog
OUT:leaf_out:BKK:EVmaker_Import,EVmaker_Import:BKK:2026-W05:00028,3,[3],[],[3],[],on_time -> backlog
OUT:leaf_out:BKK:EVmaker_Import,EVmaker_Import:BKK:2026-W05:00029,3,[3],[],[3],[],on_time -> backlog
OUT:leaf_out:BKK:EVmaker_Import,EVmaker_Import:BKK:2026-W05:00030,3,[3],[],[3],[],on_time -> backlog
OUT:leaf_out:BKK:EVmaker_Import,EVmaker_Import:BKK:2026-W05:00031,3,[3],[],[3],[],on_time -> backlog
OUT:leaf_out:BKK:EVmaker_Import,EVmaker_Import:BKK:2026-W05:00032,3,[3],[],[3],[],on_time -> backlog
OUT:leaf_out:BKK:EVmaker_Import,EVmaker_Import:BKK:2026-W05:00033,3,[3],[],[3],[],on_time -> backlog
OUT:leaf_out:BKK:EVmaker_Import,EVmaker_Import:BKK:2026-W05:00034,3,[3],[],[3],[],on_time -> backlog
OUT:leaf_out:BKK:EVmaker_Import,EVmaker_Import:BKK:2026-W05:00035,3,[3],[],[3],[],on_time -> backlog
OUT:leaf_out:BKK:EVmaker_Import,EVmaker_Import:BKK:2026-W05:00036,3,[3],[],[3],[],on_time -> backlog
OUT:leaf_out:BKK:EVmaker_Import,EVmaker_Import:BKK:2026-W05:00037,3,[3],[],[3],[],on_time -> backlog
OUT:leaf_out:BKK:EVmaker_Import,EVmaker_Import:BKK:2026-W05:00038,3,[3],[],[3],[],on_time -> backlog
OUT:leaf_out:BKK:EVmaker_Import,EVmaker_Import:BKK:2026-W05:00039,3,[3],[],[3],[],on_time -> backlog
OUT:leaf_out:BKK:EVmaker_Import,EVmaker_Import:BKK:2026-W05:00040,3,[3],[],[3],[],on_time -> backlog
OUT:leaf_out:BKK:EVmaker_Import,EVmaker_Import:BKK:2026-W05:00041,3,[3],[],[3],[],on_time -> backlog
OUT:leaf_out:BKK:EVmaker_Import,EVmaker_Import:BKK:2026-W05:00042,3,[3],[],[3],[],on_time -> backlog
OUT:leaf_out:BKK:EVmaker_Import,EVmaker_Import:BKK:2026-W05:00043,3,[3],[],[3],[],on_time -> backlog
OUT:leaf_out:BKK:EVmaker_Import,EVmaker_Import:BKK:2026-W05:00044,3,[3],[],[3],[],on_time -> backlog
OUT:leaf_out:BKK:EVmaker_Import,EVmaker_Import:BKK:2026-W05:00045,3,[3],[],[3],[],on_time -> backlog
OUT:leaf_out:BKK:EVmaker_Import,EVmaker_Import:BKK:2026-W05:00046,3,[3],[],[3],[],on_time -> backlog
OUT:leaf_out:BKK:EVmaker_Import,EVmaker_Import:BKK:2026-W05:00047,3,[3],[],[3],[],on_time -> backlog
OUT:leaf_out:BKK:EVmaker_Import,EVmaker_Import:BKK:2026-W05:00048,3,[3],[],[3],[],on_time -> backlog
OUT:leaf_out:BKK:EVmaker_Import,EVmaker_Import:BKK:2026-W05:00049,3,[3],[],[3],[],on_time -> backlog
OUT:leaf_out:BKK:EVmaker_Import,EVmaker_Import:BKK:2026-W05:00050,3,[3],[],[3],[],on_time -> backlog
OUT:leaf_out:BKK:EVmaker_Local,EVmaker_Local:BKK:2026-W05:00001,3,[3],[],[3],[],on_time -> backlog
OUT:leaf_out:BKK:EVmaker_Local,EVmaker_Local:BKK:2026-W05:00002,3,[3],[],[3],[],on_time -> backlog
OUT:leaf_out:BKK:EVmaker_Local,EVmaker_Local:BKK:2026-W05:00003,3,[3],[],[3],[],on_time -> backlog
OUT:leaf_out:BKK:EVmaker_Local,EVmaker_Local:BKK:2026-W05:00004,3,[3],[],[3],[],on_time -> backlog
OUT:leaf_out:BKK:EVmaker_Local,EVmaker_Local:BKK:2026-W05:00005,3,[3],[],[3],[],on_time -> backlog
OUT:leaf_out:BKK:EVmaker_Local,EVmaker_Local:BKK:2026-W05:00006,3,[3],[],[3],[],on_time -> backlog
OUT:leaf_out:BKK:EVmaker_Local,EVmaker_Local:BKK:2026-W05:00007,3,[3],[],[3],[],on_time -> backlog
OUT:leaf_out:BKK:EVmaker_Local,EVmaker_Local:BKK:2026-W05:00008,3,[3],[],[3],[],on_time -> backlog
OUT:leaf_out:BKK:EVmaker_Local,EVmaker_Local:BKK:2026-W05:00009,3,[3],[],[3],[],on_time -> backlog
OUT:leaf_out:BKK:EVmaker_Local,EVmaker_Local:BKK:2026-W05:00010,3,[3],[],[3],[],on_time -> backlog
OUT:leaf_out:BKK:EVmaker_Local,EVmaker_Local:BKK:2026-W05:00011,3,[3],[],[3],[],on_time -> backlog
OUT:leaf_out:BKK:EVmaker_Local,EVmaker_Local:BKK:2026-W05:00012,3,[3],[],[3],[],on_time -> backlog
OUT:leaf_out:BKK:EVmaker_Local,EVmaker_Local:BKK:2026-W05:00013,3,[3],[],[3],[],on_time -> backlog
OUT:leaf_out:BKK:EVmaker_Local,EVmaker_Local:BKK:2026-W05:00014,3,[3],[],[3],[],on_time -> backlog
OUT:leaf_out:BKK:EVmaker_Local,EVmaker_Local:BKK:2026-W05:00015,3,[3],[],[3],[],on_time -> backlog
OUT:leaf_out:BKK:EVmaker_Local,EVmaker_Local:BKK:2026-W05:00016,3,[3],[],[3],[],on_time -> backlog
OUT:leaf_out:BKK:EVmaker_Local,EVmaker_Local:BKK:2026-W05:00017,3,[3],[],[3],[],on_time -> backlog
OUT:leaf_out:BKK:EVmaker_Local,EVmaker_Local:BKK:2026-W05:00018,3,[3],[],[3],[],on_time -> backlog
OUT:leaf_out:BKK:EVmaker_Local,EVmaker_Local:BKK:2026-W05:00019,3,[3],[],[3],[],on_time -> backlog
OUT:leaf_out:BKK:EVmaker_Local,EVmaker_Local:BKK:2026-W05:00020,3,[3],[],[3],[],on_time -> backlog
OUT:leaf_out:BKK:EVmaker_Local,EVmaker_Local:BKK:2026-W05:00021,3,[3],[],[3],[],on_time -> backlog
OUT:leaf_out:BKK:EVmaker_Local,EVmaker_Local:BKK:2026-W05:00022,3,[3],[],[3],[],on_time -> backlog
OUT:leaf_out:BKK:EVmaker_Local,EVmaker_Local:BKK:2026-W05:00023,3,[3],[],[3],[],on_time -> backlog
OUT:leaf_out:BKK:EVmaker_Local,EVmaker_Local:BKK:2026-W05:00024,3,[3],[],[3],[],on_time -> backlog
OUT:leaf_out:BKK:EVmaker_Local,EVmaker_Local:BKK:2026-W05:00025,3,[3],[],[3],[],on_time -> backlog
OUT:leaf_out:BKK:EVmaker_Local,EVmaker_Local:BKK:2026-W05:00026,3,[3],[],[3],[],on_time -> backlog
OUT:leaf_out:BKK:EVmaker_Local,EVmaker_Local:BKK:2026-W05:00027,3,[3],[],[3],[],on_time -> backlog
OUT:leaf_out:BKK:EVmaker_Local,EVmaker_Local:BKK:2026-W05:00028,3,[3],[],[3],[],on_time -> backlog
OUT:leaf_out:BKK:EVmaker_Local,EVmaker_Local:BKK:2026-W05:00029,3,[3],[],[3],[],on_time -> backlog
OUT:leaf_out:BKK:EVmaker_Local,EVmaker_Local:BKK:2026-W05:00030,3,[3],[],[3],[],on_time -> backlog
OUT:leaf_out:BKK:EVmaker_Local,EVmaker_Local:BKK:2026-W05:00031,3,[3],[],[3],[],on_time -> backlog
OUT:leaf_out:BKK:EVmaker_Local,EVmaker_Local:BKK:2026-W05:00032,3,[3],[],[3],[],on_time -> backlog
OUT:leaf_out:BKK:EVmaker_Local,EVmaker_Local:BKK:2026-W05:00033,3,[3],[],[3],[],on_time -> backlog
OUT:leaf_out:BKK:EVmaker_Local,EVmaker_Local:BKK:2026-W05:00034,3,[3],[],[3],[],on_time -> backlog
OUT:leaf_out:BKK:EVmaker_Local,EVmaker_Local:BKK:2026-W05:00035,3,[3],[],[3],[],on_time -> backlog
OUT:leaf_out:BKK:EVmaker_Local,EVmaker_Local:BKK:2026-W05:00036,3,[3],[],[3],[],on_time -> backlog
OUT:leaf_out:BKK:EVmaker_Local,EVmaker_Local:BKK:2026-W05:00037,3,[3],[],[3],[],on_time -> backlog
OUT:leaf_out:BKK:EVmaker_Local,EVmaker_Local:BKK:2026-W05:00038,3,[3],[],[3],[],on_time -> backlog
OUT:leaf_out:BKK:EVmaker_Local,EVmaker_Local:BKK:2026-W05:00039,3,[3],[],[3],[],on_time -> backlog
OUT:leaf_out:BKK:EVmaker_Local,EVmaker_Local:BKK:2026-W05:00040,3,[3],[],[3],[],on_time -> backlog
OUT:leaf_out:BKK:EVmaker_Local,EVmaker_Local:BKK:2026-W05:00041,3,[3],[],[3],[],on_time -> backlog
OUT:leaf_out:BKK:EVmaker_Local,EVmaker_Local:BKK:2026-W05:00042,3,[3],[],[3],[],on_time -> backlog
OUT:leaf_out:BKK:EVmaker_Local,EVmaker_Local:BKK:2026-W05:00043,3,[3],[],[3],[],on_time -> backlog
OUT:leaf_out:BKK:EVmaker_Local,EVmaker_Local:BKK:2026-W05:00044,3,[3],[],[3],[],on_time -> backlog
OUT:leaf_out:BKK:EVmaker_Local,EVmaker_Local:BKK:2026-W05:00045,3,[3],[],[3],[],on_time -> backlog
OUT:leaf_out:BKK:EVmaker_Local,EVmaker_Local:BKK:2026-W05:00046,3,[3],[],[3],[],on_time -> backlog
OUT:leaf_out:BKK:EVmaker_Local,EVmaker_Local:BKK:2026-W05:00047,3,[3],[],[3],[],on_time -> backlog
OUT:leaf_out:BKK:EVmaker_Local,EVmaker_Local:BKK:2026-W05:00048,3,[3],[],[3],[],on_time -> backlog
OUT:leaf_out:BKK:EVmaker_Local,EVmaker_Local:BKK:2026-W05:00049,3,[3],[],[3],[],on_time -> backlog
OUT:leaf_out:BKK:EVmaker_Local,EVmaker_Local:BKK:2026-W05:00050,3,[3],[],[3],[],on_time -> backlog
OUT:leaf_out:BKK:EVmaker_Local,EVmaker_Local:BKK:2026-W05:00051,3,[3],[],[3],[],on_time -> backlog
OUT:leaf_out:BKK:EVmaker_Local,EVmaker_Local:BKK:2026-W05:00052,3,[3],[],[3],[],on_time -> backlog
OUT:leaf_out:BKK:EVmaker_Local,EVmaker_Local:BKK:2026-W05:00053,3,[3],[],[3],[],on_time -> backlog
OUT:leaf_out:BKK:EVmaker_Local,EVmaker_Local:BKK:2026-W05:00054,3,[3],[],[3],[],on_time -> backlog
OUT:leaf_out:BKK:EVmaker_Local,EVmaker_Local:BKK:2026-W05:00055,3,[3],[],[3],[],on_time -> backlog
OUT:leaf_out:BKK:EVmaker_Local,EVmaker_Local:BKK:2026-W05:00056,3,[3],[],[3],[],on_time -> backlog
OUT:leaf_out:BKK:EVmaker_Local,EVmaker_Local:BKK:2026-W05:00057,3,[3],[],[3],[],on_time -> backlog
OUT:leaf_out:BKK:EVmaker_Local,EVmaker_Local:BKK:2026-W05:00058,3,[3],[],[3],[],on_time -> backlog
OUT:leaf_out:BKK:EVmaker_Local,EVmaker_Local:BKK:2026-W05:00059,3,[3],[],[3],[],on_time -> backlog
OUT:leaf_out:BKK:EVmaker_Local,EVmaker_Local:BKK:2026-W05:00060,3,[3],[],[3],[],on_time -> backlog
OUT:leaf_out:BKK:EVmaker_Local,EVmaker_Local:BKK:2026-W05:00061,3,[3],[],[3],[],on_time -> backlog
OUT:leaf_out:BKK:EVmaker_Local,EVmaker_Local:BKK:2026-W05:00062,3,[3],[],[3],[],on_time -> backlog
OUT:leaf_out:BKK:EVmaker_Local,EVmaker_Local:BKK:2026-W05:00063,3,[3],[],[3],[],on_time -> backlog
OUT:leaf_out:BKK:EVmaker_Local,EVmaker_Local:BKK:2026-W05:00064,3,[3],[],[3],[],on_time -> backlog
OUT:leaf_out:BKK:EVmaker_Local,EVmaker_Local:BKK:2026-W05:00065,3,[3],[],[3],[],on_time -> backlog
OUT:leaf_out:BKK:EVmaker_Local,EVmaker_Local:BKK:2026-W05:00066,3,[3],[],[3],[],on_time -> backlog
OUT:leaf_out:BKK:EVmaker_Local,EVmaker_Local:BKK:2026-W05:00067,3,[3],[],[3],[],on_time -> backlog
OUT:leaf_out:BKK:EVmaker_Local,EVmaker_Local:BKK:2026-W05:00068,3,[3],[],[3],[],on_time -> backlog
OUT:leaf_out:BKK:EVmaker_Local,EVmaker_Local:BKK:2026-W05:00069,3,[3],[],[3],[],on_time -> backlog
OUT:leaf_out:BKK:EVmaker_Local,EVmaker_Local:BKK:2026-W05:00070,3,[3],[],[3],[],on_time -> backlog
OUT:leaf_out:BKK:EVmaker_Local,EVmaker_Local:BKK:2026-W05:00071,3,[3],[],[3],[],on_time -> backlog
OUT:leaf_out:BKK:EVmaker_Local,EVmaker_Local:BKK:2026-W05:00072,3,[3],[],[3],[],on_time -> backlog
OUT:leaf_out:BKK:EVmaker_Local,EVmaker_Local:BKK:2026-W05:00073,3,[3],[],[3],[],on_time -> backlog
OUT:leaf_out:BKK:EVmaker_Local,EVmaker_Local:BKK:2026-W05:00074,3,[3],[],[3],[],on_time -> backlog
OUT:leaf_out:BKK:EVmaker_Local,EVmaker_Local:BKK:2026-W05:00075,3,[3],[],[3],[],on_time -> backlog
OUT:leaf_out:BKK:EVmaker_Local,EVmaker_Local:BKK:2026-W05:00076,3,[3],[],[3],[],on_time -> backlog
OUT:leaf_out:BKK:EVmaker_Local,EVmaker_Local:BKK:2026-W05:00077,3,[3],[],[3],[],on_time -> backlog
OUT:leaf_out:BKK:EVmaker_Local,EVmaker_Local:BKK:2026-W05:00078,3,[3],[],[3],[],on_time -> backlog
OUT:leaf_out:BKK:EVmaker_Local,EVmaker_Local:BKK:2026-W05:00079,3,[3],[],[3],[],on_time -> backlog
OUT:leaf_out:BKK:EVmaker_Local,EVmaker_Local:BKK:2026-W05:00080,3,[3],[],[3],[],on_time -> backlog
OUT:leaf_out:BKK:EVmaker_Local,EVmaker_Local:BKK:2026-W05:00081,3,[3],[],[3],[],on_time -> backlog
OUT:leaf_out:BKK:EVmaker_Local,EVmaker_Local:BKK:2026-W05:00082,3,[3],[],[3],[],on_time -> backlog
OUT:leaf_out:BKK:EVmaker_Local,EVmaker_Local:BKK:2026-W05:00083,3,[3],[],[3],[],on_time -> backlog
OUT:leaf_out:BKK:EVmaker_Local,EVmaker_Local:BKK:2026-W05:00084,3,[3],[],[3],[],on_time -> backlog
OUT:leaf_out:BKK:EVmaker_Local,EVmaker_Local:BKK:2026-W05:00085,3,[3],[],[3],[],on_time -> backlog
OUT:leaf_out:BKK:EVmaker_Local,EVmaker_Local:BKK:2026-W05:00086,3,[3],[],[3],[],on_time -> backlog
OUT:leaf_out:BKK:EVmaker_Local,EVmaker_Local:BKK:2026-W05:00087,3,[3],[],[3],[],on_time -> backlog
OUT:leaf_out:BKK:EVmaker_Local,EVmaker_Local:BKK:2026-W05:00088,3,[3],[],[3],[],on_time -> backlog
OUT:leaf_out:BKK:EVmaker_Local,EVmaker_Local:BKK:2026-W05:00089,3,[3],[],[3],[],on_time -> backlog
OUT:leaf_out:BKK:EVmaker_Local,EVmaker_Local:BKK:2026-W05:00090,3,[3],[],[3],[],on_time -> backlog
OUT:leaf_out:BKK:EVmaker_Local,EVmaker_Local:BKK:2026-W05:00091,3,[3],[],[3],[],on_time -> backlog
OUT:leaf_out:BKK:EVmaker_Local,EVmaker_Local:BKK:2026-W05:00092,3,[3],[],[3],[],on_time -> backlog
OUT:leaf_out:BKK:EVmaker_Local,EVmaker_Local:BKK:2026-W05:00093,3,[3],[],[3],[],on_time -> backlog
OUT:leaf_out:BKK:EVmaker_Local,EVmaker_Local:BKK:2026-W05:00094,3,[3],[],[3],[],on_time -> backlog
OUT:leaf_out:BKK:EVmaker_Local,EVmaker_Local:BKK:2026-W05:00095,3,[3],[],[3],[],on_time -> backlog
OUT:leaf_out:BKK:EVmaker_Local,EVmaker_Local:BKK:2026-W05:00096,3,[3],[],[3],[],on_time -> backlog
OUT:leaf_out:BKK:EVmaker_Local,EVmaker_Local:BKK:2026-W05:00097,3,[3],[],[3],[],on_time -> backlog
OUT:leaf_out:BKK:EVmaker_Local,EVmaker_Local:BKK:2026-W05:00098,3,[3],[],[3],[],on_time -> backlog
OUT:leaf_out:BKK:EVmaker_Local,EVmaker_Local:BKK:2026-W05:00099,3,[3],[],[3],[],on_time -> backlog
OUT:leaf_out:BKK:EVmaker_Local,EVmaker_Local:BKK:2026-W05:00100,3,[3],[],[3],[],on_time -> backlog
OUT:leaf_out:BKK:EVmaker_Local,EVmaker_Local:BKK:2026-W05:00101,3,[3],[],[3],[],on_time -> backlog
OUT:leaf_out:BKK:EVmaker_Local,EVmaker_Local:BKK:2026-W05:00102,3,[3],[],[3],[],on_time -> backlog
OUT:leaf_out:BKK:EVmaker_Local,EVmaker_Local:BKK:2026-W05:00103,3,[3],[],[3],[],on_time -> backlog
OUT:leaf_out:BKK:EVmaker_Local,EVmaker_Local:BKK:2026-W05:00104,3,[3],[],[3],[],on_time -> backlog
OUT:leaf_out:BKK:EVmaker_Local,EVmaker_Local:BKK:2026-W05:00105,3,[3],[],[3],[],on_time -> backlog
OUT:leaf_out:BKK:EVmaker_Local,EVmaker_Local:BKK:2026-W05:00106,3,[3],[],[3],[],on_time -> backlog
OUT:leaf_out:BKK:EVmaker_Local,EVmaker_Local:BKK:2026-W05:00107,3,[3],[],[3],[],on_time -> backlog
OUT:leaf_out:BKK:EVmaker_Local,EVmaker_Local:BKK:2026-W05:00108,3,[3],[],[3],[],on_time -> backlog
OUT:leaf_out:BKK:EVmaker_Local,EVmaker_Local:BKK:2026-W05:00109,3,[3],[],[3],[],on_time -> backlog
OUT:leaf_out:BKK:EVmaker_Local,EVmaker_Local:BKK:2026-W05:00110,3,[3],[],[3],[],on_time -> backlog
OUT:leaf_out:BKK:EVmaker_Local,EVmaker_Local:BKK:2026-W05:00111,3,[3],[],[3],[],on_time -> backlog
OUT:leaf_out:BKK:EVmaker_Local,EVmaker_Local:BKK:2026-W05:00112,3,[3],[],[3],[],on_time -> backlog
OUT:leaf_out:BKK:EVmaker_Local,EVmaker_Local:BKK:2026-W05:00113,3,[3],[],[3],[],on_time -> backlog
OUT:leaf_out:BKK:EVmaker_Local,EVmaker_Local:BKK:2026-W05:00114,3,[3],[],[3],[],on_time -> backlog
OUT:leaf_out:BKK:EVmaker_Local,EVmaker_Local:BKK:2026-W05:00115,3,[3],[],[3],[],on_time -> backlog
OUT:leaf_out:BKK:EVmaker_Local,EVmaker_Local:BKK:2026-W05:00116,3,[3],[],[3],[],on_time -> backlog
OUT:leaf_out:BKK:EVmaker_Local,EVmaker_Local:BKK:2026-W05:00117,3,[3],[],[3],[],on_time -> backlog
OUT:leaf_out:BKK:EVmaker_Local,EVmaker_Local:BKK:2026-W05:00118,3,[3],[],[3],[],on_time -> backlog
OUT:leaf_out:BKK:EVmaker_Local,EVmaker_Local:BKK:2026-W05:00119,3,[3],[],[3],[],on_time -> backlog
OUT:leaf_out:BKK:EVmaker_Local,EVmaker_Local:BKK:2026-W05:00120,3,[3],[],[3],[],on_time -> backlog
OUT:leaf_out:BKK:EVmaker_Local,EVmaker_Local:BKK:2026-W05:00121,3,[3],[],[3],[],on_time -> backlog
OUT:leaf_out:BKK:EVmaker_Local,EVmaker_Local:BKK:2026-W05:00122,3,[3],[],[3],[],on_time -> backlog
OUT:leaf_out:BKK:EVmaker_Local,EVmaker_Local:BKK:2026-W05:00123,3,[3],[],[3],[],on_time -> backlog
OUT:leaf_out:BKK:EVmaker_Local,EVmaker_Local:BKK:2026-W05:00124,3,[3],[],[3],[],on_time -> backlog
OUT:leaf_out:BKK:EVmaker_Local,EVmaker_Local:BKK:2026-W05:00125,3,[3],[],[3],[],on_time -> backlog
OUT:leaf_out:BKK:EVmaker_Local,EVmaker_Local:BKK:2026-W05:00126,3,[3],[],[3],[],on_time -> backlog
OUT:leaf_out:BKK:EVmaker_Local,EVmaker_Local:BKK:2026-W05:00127,3,[3],[],[3],[],on_time -> backlog
OUT:leaf_out:BKK:EVmaker_Local,EVmaker_Local:BKK:2026-W05:00128,3,[3],[],[3],[],on_time -> backlog
OUT:leaf_out:BKK:EVmaker_Local,EVmaker_Local:BKK:2026-W05:00129,3,[3],[],[3],[],on_time -> backlog
OUT:leaf_out:BKK:EVmaker_Local,EVmaker_Local:BKK:2026-W05:00130,3,[3],[],[3],[],on_time -> backlog
OUT:leaf_out:BKK:EVmaker_Local,EVmaker_Local:BKK:2026-W05:00131,3,[3],[],[3],[],on_time -> backlog
OUT:leaf_out:BKK:EVmaker_Local,EVmaker_Local:BKK:2026-W05:00132,3,[3],[],[3],[],on_time -> backlog
OUT:leaf_out:BKK:EVmaker_Local,EVmaker_Local:BKK:2026-W05:00133,3,[3],[],[3],[],on_time -> backlog
OUT:leaf_out:BKK:EVmaker_Local,EVmaker_Local:BKK:2026-W05:00134,3,[3],[],[3],[],on_time -> backlog
OUT:leaf_out:BKK:EVmaker_Local,EVmaker_Local:BKK:2026-W05:00135,3,[3],[],[3],[],on_time -> backlog
OUT:leaf_out:BKK:EVmaker_Local,EVmaker_Local:BKK:2026-W05:00136,3,[3],[],[3],[],on_time -> backlog
OUT:leaf_out:BKK:EVmaker_Local,EVmaker_Local:BKK:2026-W05:00137,3,[3],[],[3],[],on_time -> backlog
OUT:leaf_out:BKK:EVmaker_Local,EVmaker_Local:BKK:2026-W05:00138,3,[3],[],[3],[],on_time -> backlog
OUT:leaf_out:BKK:EVmaker_Local,EVmaker_Local:BKK:2026-W05:00139,3,[3],[],[3],[],on_time -> backlog
OUT:leaf_out:BKK:EVmaker_Local,EVmaker_Local:BKK:2026-W05:00140,3,[3],[],[3],[],on_time -> backlog
OUT:leaf_out:BKK:EVmaker_Local,EVmaker_Local:BKK:2026-W05:00141,3,[3],[],[3],[],on_time -> backlog
OUT:leaf_out:BKK:EVmaker_Local,EVmaker_Local:BKK:2026-W05:00142,3,[3],[],[3],[],on_time -> backlog
OUT:leaf_out:BKK:EVmaker_Local,EVmaker_Local:BKK:2026-W05:00143,3,[3],[],[3],[],on_time -> backlog
OUT:leaf_out:BKK:EVmaker_Local,EVmaker_Local:BKK:2026-W05:00144,3,[3],[],[3],[],on_time -> backlog
OUT:leaf_out:BKK:EVmaker_Local,EVmaker_Local:BKK:2026-W05:00145,3,[3],[],[3],[],on_time -> backlog
OUT:leaf_out:BKK:EVmaker_Local,EVmaker_Local:BKK:2026-W05:00146,3,[3],[],[3],[],on_time -> backlog
OUT:leaf_out:BKK:EVmaker_Local,EVmaker_Local:BKK:2026-W05:00147,3,[3],[],[3],[],on_time -> backlog
OUT:leaf_out:BKK:EVmaker_Local,EVmaker_Local:BKK:2026-W05:00148,3,[3],[],[3],[],on_time -> backlog
OUT:leaf_out:BKK:EVmaker_Local,EVmaker_Local:BKK:2026-W05:00149,3,[3],[],[3],[],on_time -> backlog
OUT:leaf_out:BKK:EVmaker_Local,EVmaker_Local:BKK:2026-W05:00150,3,[3],[],[3],[],on_time -> backlog
OUT:leaf_out:BKK:EVmaker_Local,EVmaker_Local:BKK:2026-W05:00151,3,[3],[],[3],[],on_time -> backlog
OUT:leaf_out:BKK:EVmaker_Local,EVmaker_Local:BKK:2026-W05:00152,3,[3],[],[3],[],on_time -> backlog
OUT:leaf_out:BKK:EVmaker_Local,EVmaker_Local:BKK:2026-W05:00153,3,[3],[],[3],[],on_time -> backlog
OUT:leaf_out:BKK:EVmaker_Local,EVmaker_Local:BKK:2026-W05:00154,3,[3],[],[3],[],on_time -> backlog
OUT:leaf_out:BKK:EVmaker_Local,EVmaker_Local:BKK:2026-W05:00155,3,[3],[],[3],[],on_time -> backlog
OUT:leaf_out:BKK:EVmaker_Local,EVmaker_Local:BKK:2026-W05:00156,3,[3],[],[3],[],on_time -> backlog
OUT:leaf_out:BKK:EVmaker_Local,EVmaker_Local:BKK:2026-W05:00157,3,[3],[],[3],[],on_time -> backlog
OUT:leaf_out:BKK:EVmaker_Local,EVmaker_Local:BKK:2026-W05:00158,3,[3],[],[3],[],on_time -> backlog
OUT:leaf_out:BKK:EVmaker_Local,EVmaker_Local:BKK:2026-W05:00159,3,[3],[],[3],[],on_time -> backlog
OUT:leaf_out:BKK:EVmaker_Local,EVmaker_Local:BKK:2026-W05:00160,3,[3],[],[3],[],on_time -> backlog
OUT:leaf_out:BKK:EVmaker_Local,EVmaker_Local:BKK:2026-W05:00161,3,[3],[],[3],[],on_time -> backlog
OUT:leaf_out:BKK:EVmaker_Local,EVmaker_Local:BKK:2026-W05:00162,3,[3],[],[3],[],on_time -> backlog
OUT:leaf_out:BKK:EVmaker_Local,EVmaker_Local:BKK:2026-W05:00163,3,[3],[],[3],[],on_time -> backlog
OUT:leaf_out:BKK:EVmaker_Local,EVmaker_Local:BKK:2026-W05:00164,3,[3],[],[3],[],on_time -> backlog
OUT:leaf_out:BKK:EVmaker_Local,EVmaker_Local:BKK:2026-W05:00165,3,[3],[],[3],[],on_time -> backlog
OUT:leaf_out:BKK:EVmaker_Local,EVmaker_Local:BKK:2026-W05:00166,3,[3],[],[3],[],on_time -> backlog
OUT:leaf_out:BKK:EVmaker_Local,EVmaker_Local:BKK:2026-W05:00167,3,[3],[],[3],[],on_time -> backlog
OUT:leaf_out:BKK:EVmaker_Local,EVmaker_Local:BKK:2026-W05:00168,3,[3],[],[3],[],on_time -> backlog
OUT:leaf_out:BKK:EVmaker_Local,EVmaker_Local:BKK:2026-W05:00169,3,[3],[],[3],[],on_time -> backlog
OUT:leaf_out:BKK:EVmaker_Local,EVmaker_Local:BKK:2026-W05:00170,3,[3],[],[3],[],on_time -> backlog
OUT:leaf_out:BKK:EVmaker_Local,EVmaker_Local:BKK:2026-W05:00171,3,[3],[],[3],[],on_time -> backlog
OUT:leaf_out:BKK:EVmaker_Local,EVmaker_Local:BKK:2026-W05:00172,3,[3],[],[3],[],on_time -> backlog
OUT:leaf_out:BKK:EVmaker_Local,EVmaker_Local:BKK:2026-W05:00173,3,[3],[],[3],[],on_time -> backlog
OUT:leaf_out:BKK:EVmaker_Local,EVmaker_Local:BKK:2026-W05:00174,3,[3],[],[3],[],on_time -> backlog
OUT:leaf_out:BKK:EVmaker_Local,EVmaker_Local:BKK:2026-W05:00175,3,[3],[],[3],[],on_time -> backlog
OUT:leaf_out:BKK:EVmaker_Local,EVmaker_Local:BKK:2026-W05:00176,3,[3],[],[3],[],on_time -> backlog
OUT:leaf_out:BKK:EVmaker_Local,EVmaker_Local:BKK:2026-W05:00177,3,[3],[],[3],[],on_time -> backlog
OUT:leaf_out:BKK:EVmaker_Local,EVmaker_Local:BKK:2026-W05:00178,3,[3],[],[3],[],on_time -> backlog
OUT:leaf_out:BKK:EVmaker_Local,EVmaker_Local:BKK:2026-W05:00179,3,[3],[],[3],[],on_time -> backlog
OUT:leaf_out:BKK:EVmaker_Local,EVmaker_Local:BKK:2026-W05:00180,3,[3],[],[3],[],on_time -> backlog
OUT:leaf_out:BKK:EVmaker_Local,EVmaker_Local:BKK:2026-W05:00181,3,[3],[],[3],[],on_time -> backlog
OUT:leaf_out:BKK:EVmaker_Local,EVmaker_Local:BKK:2026-W05:00182,3,[3],[],[3],[],on_time -> backlog
OUT:leaf_out:BKK:EVmaker_Local,EVmaker_Local:BKK:2026-W05:00183,3,[3],[],[3],[],on_time -> backlog
OUT:leaf_out:BKK:EVmaker_Local,EVmaker_Local:BKK:2026-W05:00184,3,[3],[],[3],[],on_time -> backlog
OUT:leaf_out:BKK:EVmaker_Local,EVmaker_Local:BKK:2026-W05:00185,3,[3],[],[3],[],on_time -> backlog
OUT:leaf_out:BKK:EVmaker_Local,EVmaker_Local:BKK:2026-W05:00186,3,[3],[],[3],[],on_time -> backlog
OUT:leaf_out:BKK:EVmaker_Local,EVmaker_Local:BKK:2026-W05:00187,3,[3],[],[3],[],on_time -> backlog
OUT:leaf_out:BKK:EVmaker_Local,EVmaker_Local:BKK:2026-W05:00188,3,[3],[],[3],[],on_time -> backlog
OUT:leaf_out:BKK:EVmaker_Local,EVmaker_Local:BKK:2026-W05:00189,3,[3],[],[3],[],on_time -> backlog
OUT:leaf_out:BKK:EVmaker_Local,EVmaker_Local:BKK:2026-W05:00190,3,[3],[],[3],[],on_time -> backlog
OUT:leaf_out:BKK:EVmaker_Local,EVmaker_Local:BKK:2026-W05:00191,3,[3],[],[3],[],on_time -> backlog
OUT:leaf_out:BKK:EVmaker_Local,EVmaker_Local:BKK:2026-W05:00192,3,[3],[],[3],[],on_time -> backlog
OUT:leaf_out:BKK:EVmaker_Local,EVmaker_Local:BKK:2026-W05:00193,3,[3],[],[3],[],on_time -> backlog
OUT:leaf_out:BKK:EVmaker_Local,EVmaker_Local:BKK:2026-W05:00194,3,[3],[],[3],[],on_time -> backlog
OUT:leaf_out:BKK:EVmaker_Local,EVmaker_Local:BKK:2026-W05:00195,3,[3],[],[3],[],on_time -> backlog
OUT:leaf_out:BKK:EVmaker_Local,EVmaker_Local:BKK:2026-W05:00196,3,[3],[],[3],[],on_time -> backlog
OUT:leaf_out:BKK:EVmaker_Local,EVmaker_Local:BKK:2026-W05:00197,3,[3],[],[3],[],on_time -> backlog
OUT:leaf_out:BKK:EVmaker_Local,EVmaker_Local:BKK:2026-W05:00198,3,[3],[],[3],[],on_time -> backlog
OUT:leaf_out:BKK:EVmaker_Local,EVmaker_Local:BKK:2026-W05:00199,3,[3],[],[3],[],on_time -> backlog
OUT:leaf_out:BKK:EVmaker_Local,EVmaker_Local:BKK:2026-W05:00200,3,[3],[],[3],[],on_time -> backlog
OUT:leaf_out:BKK:EVmaker_Local,EVmaker_Local:BKK:2026-W05:00201,3,[3],[],[3],[],on_time -> backlog
OUT:leaf_out:BKK:EVmaker_Local,EVmaker_Local:BKK:2026-W05:00202,3,[3],[],[3],[],on_time -> backlog
OUT:leaf_out:BKK:EVmaker_Local,EVmaker_Local:BKK:2026-W05:00203,3,[3],[],[3],[],on_time -> backlog
OUT:leaf_out:BKK:EVmaker_Local,EVmaker_Local:BKK:2026-W05:00204,3,[3],[],[3],[],on_time -> backlog
OUT:leaf_out:BKK:EVmaker_Local,EVmaker_Local:BKK:2026-W05:00205,3,[3],[],[3],[],on_time -> backlog
OUT:leaf_out:BKK:EVmaker_Local,EVmaker_Local:BKK:2026-W05:00206,3,[3],[],[3],[],on_time -> backlog
OUT:leaf_out:BKK:EVmaker_Local,EVmaker_Local:BKK:2026-W05:00207,3,[3],[],[3],[],on_time -> backlog
OUT:leaf_out:BKK:EVmaker_Local,EVmaker_Local:BKK:2026-W05:00208,3,[3],[],[3],[],on_time -> backlog
OUT:leaf_out:BKK:EVmaker_Local,EVmaker_Local:BKK:2026-W05:00209,3,[3],[],[3],[],on_time -> backlog
OUT:leaf_out:BKK:EVmaker_Local,EVmaker_Local:BKK:2026-W05:00210,3,[3],[],[3],[],on_time -> backlog
OUT:leaf_out:BKK:EVmaker_Local,EVmaker_Local:BKK:2026-W05:00211,3,[3],[],[3],[],on_time -> backlog
OUT:leaf_out:BKK:EVmaker_Local,EVmaker_Local:BKK:2026-W05:00212,3,[3],[],[3],[],on_time -> backlog
OUT:leaf_out:BKK:EVmaker_Local,EVmaker_Local:BKK:2026-W05:00213,3,[3],[],[3],[],on_time -> backlog
OUT:leaf_out:BKK:EVmaker_Local,EVmaker_Local:BKK:2026-W05:00214,3,[3],[],[3],[],on_time -> backlog
OUT:leaf_out:BKK:EVmaker_Local,EVmaker_Local:BKK:2026-W05:00215,3,[3],[],[3],[],on_time -> backlog
OUT:leaf_out:BKK:EVmaker_Local,EVmaker_Local:BKK:2026-W05:00216,3,[3],[],[3],[],on_time -> backlog
OUT:leaf_out:BKK:EVmaker_Local,EVmaker_Local:BKK:2026-W05:00217,3,[3],[],[3],[],on_time -> backlog
OUT:leaf_out:BKK:EVmaker_Local,EVmaker_Local:BKK:2026-W05:00218,3,[3],[],[3],[],on_time -> backlog
OUT:leaf_out:BKK:EVmaker_Local,EVmaker_Local:BKK:2026-W05:00219,3,[3],[],[3],[],on_time -> backlog
OUT:leaf_out:BKK:EVmaker_Local,EVmaker_Local:BKK:2026-W05:00220,3,[3],[],[3],[],on_time -> backlog
OUT:leaf_out:BKK:EVmaker_Local,EVmaker_Local:BKK:2026-W05:00221,3,[3],[],[3],[],on_time -> backlog
OUT:leaf_out:BKK:EVmaker_Local,EVmaker_Local:BKK:2026-W05:00222,3,[3],[],[3],[],on_time -> backlog
OUT:leaf_out:BKK:EVmaker_Local,EVmaker_Local:BKK:2026-W05:00223,3,[3],[],[3],[],on_time -> backlog
OUT:leaf_out:BKK:EVmaker_Local,EVmaker_Local:BKK:2026-W05:00224,3,[3],[],[3],[],on_time -> backlog
OUT:leaf_out:BKK:EVmaker_Local,EVmaker_Local:BKK:2026-W05:00225,3,[3],[],[3],[],on_time -> backlog
OUT:leaf_out:BKK:EVmaker_Local,EVmaker_Local:BKK:2026-W05:00226,3,[3],[],[3],[],on_time -> backlog
OUT:leaf_out:BKK:EVmaker_Local,EVmaker_Local:BKK:2026-W05:00227,3,[3],[],[3],[],on_time -> backlog
OUT:leaf_out:BKK:EVmaker_Local,EVmaker_Local:BKK:2026-W05:00228,3,[3],[],[3],[],on_time -> backlog
OUT:leaf_out:BKK:EVmaker_Local,EVmaker_Local:BKK:2026-W05:00229,3,[3],[],[3],[],on_time -> backlog
OUT:leaf_out:BKK:EVmaker_Local,EVmaker_Local:BKK:2026-W05:00230,3,[3],[],[3],[],on_time -> backlog
OUT:leaf_out:BKK:EVmaker_Local,EVmaker_Local:BKK:2026-W05:00231,3,[3],[],[3],[],on_time -> backlog
OUT:leaf_out:BKK:EVmaker_Local,EVmaker_Local:BKK:2026-W05:00232,3,[3],[],[3],[],on_time -> backlog
OUT:leaf_out:BKK:EVmaker_Local,EVmaker_Local:BKK:2026-W05:00233,3,[3],[],[3],[],on_time -> backlog
OUT:leaf_out:BKK:EVmaker_Local,EVmaker_Local:BKK:2026-W05:00234,3,[3],[],[3],[],on_time -> backlog
OUT:leaf_out:BKK:EVmaker_Local,EVmaker_Local:BKK:2026-W05:00235,3,[3],[],[3],[],on_time -> backlog
OUT:leaf_out:BKK:EVmaker_Local,EVmaker_Local:BKK:2026-W05:00236,3,[3],[],[3],[],on_time -> backlog
OUT:leaf_out:BKK:EVmaker_Local,EVmaker_Local:BKK:2026-W05:00237,3,[3],[],[3],[],on_time -> backlog
OUT:leaf_out:BKK:EVmaker_Local,EVmaker_Local:BKK:2026-W05:00238,3,[3],[],[3],[],on_time -> backlog
OUT:leaf_out:BKK:EVmaker_Local,EVmaker_Local:BKK:2026-W05:00239,3,[3],[],[3],[],on_time -> backlog
OUT:leaf_out:BKK:EVmaker_Local,EVmaker_Local:BKK:2026-W05:00240,3,[3],[],[3],[],on_time -> backlog
OUT:leaf_out:BKK:EVmaker_Local,EVmaker_Local:BKK:2026-W05:00241,3,[3],[],[3],[],on_time -> backlog
OUT:leaf_out:BKK:EVmaker_Local,EVmaker_Local:BKK:2026-W05:00242,3,[3],[],[3],[],on_time -> backlog
OUT:leaf_out:BKK:EVmaker_Local,EVmaker_Local:BKK:2026-W05:00243,3,[3],[],[3],[],on_time -> backlog
OUT:leaf_out:BKK:EVmaker_Local,EVmaker_Local:BKK:2026-W05:00244,3,[3],[],[3],[],on_time -> backlog
OUT:leaf_out:BKK:EVmaker_Local,EVmaker_Local:BKK:2026-W05:00245,3,[3],[],[3],[],on_time -> backlog
OUT:leaf_out:BKK:EVmaker_Local,EVmaker_Local:BKK:2026-W05:00246,3,[3],[],[3],[],on_time -> backlog
OUT:leaf_out:BKK:EVmaker_Local,EVmaker_Local:BKK:2026-W05:00247,3,[3],[],[3],[],on_time -> backlog
OUT:leaf_out:BKK:EVmaker_Local,EVmaker_Local:BKK:2026-W05:00248,3,[3],[],[3],[],on_time -> backlog
OUT:leaf_out:BKK:EVmaker_Local,EVmaker_Local:BKK:2026-W05:00249,3,[3],[],[3],[],on_time -> backlog
OUT:leaf_out:BKK:EVmaker_Local,EVmaker_Local:BKK:2026-W05:00250,3,[3],[],[3],[],on_time -> backlog
OUT:leaf_out:ONL:EVmaker_Import,EVmaker_Import:ONL:2026-W05:00001,3,[3],[],[3],[],on_time -> backlog
OUT:leaf_out:ONL:EVmaker_Import,EVmaker_Import:ONL:2026-W05:00002,3,[3],[],[3],[],on_time -> backlog
OUT:leaf_out:ONL:EVmaker_Import,EVmaker_Import:ONL:2026-W05:00003,3,[3],[],[3],[],on_time -> backlog
OUT:leaf_out:ONL:EVmaker_Import,EVmaker_Import:ONL:2026-W05:00004,3,[3],[],[3],[],on_time -> backlog
OUT:leaf_out:ONL:EVmaker_Import,EVmaker_Import:ONL:2026-W05:00005,3,[3],[],[3],[],on_time -> backlog
OUT:leaf_out:ONL:EVmaker_Import,EVmaker_Import:ONL:2026-W05:00006,3,[3],[],[3],[],on_time -> backlog
OUT:leaf_out:ONL:EVmaker_Import,EVmaker_Import:ONL:2026-W05:00007,3,[3],[],[3],[],on_time -> backlog
OUT:leaf_out:ONL:EVmaker_Import,EVmaker_Import:ONL:2026-W05:00008,3,[3],[],[3],[],on_time -> backlog
OUT:leaf_out:ONL:EVmaker_Import,EVmaker_Import:ONL:2026-W05:00009,3,[3],[],[3],[],on_time -> backlog
OUT:leaf_out:ONL:EVmaker_Import,EVmaker_Import:ONL:2026-W05:00010,3,[3],[],[3],[],on_time -> backlog
OUT:leaf_out:ONL:EVmaker_Local,EVmaker_Local:ONL:2026-W05:00001,3,[3],[],[3],[],on_time -> backlog
OUT:leaf_out:ONL:EVmaker_Local,EVmaker_Local:ONL:2026-W05:00002,3,[3],[],[3],[],on_time -> backlog
OUT:leaf_out:ONL:EVmaker_Local,EVmaker_Local:ONL:2026-W05:00003,3,[3],[],[3],[],on_time -> backlog
OUT:leaf_out:ONL:EVmaker_Local,EVmaker_Local:ONL:2026-W05:00004,3,[3],[],[3],[],on_time -> backlog
OUT:leaf_out:ONL:EVmaker_Local,EVmaker_Local:ONL:2026-W05:00005,3,[3],[],[3],[],on_time -> backlog
OUT:leaf_out:ONL:EVmaker_Local,EVmaker_Local:ONL:2026-W05:00006,3,[3],[],[3],[],on_time -> backlog
OUT:leaf_out:ONL:EVmaker_Local,EVmaker_Local:ONL:2026-W05:00007,3,[3],[],[3],[],on_time -> backlog
OUT:leaf_out:ONL:EVmaker_Local,EVmaker_Local:ONL:2026-W05:00008,3,[3],[],[3],[],on_time -> backlog
OUT:leaf_out:ONL:EVmaker_Local,EVmaker_Local:ONL:2026-W05:00009,3,[3],[],[3],[],on_time -> backlog
OUT:leaf_out:ONL:EVmaker_Local,EVmaker_Local:ONL:2026-W05:00010,3,[3],[],[3],[],on_time -> backlog
OUT:leaf_out:ONL:EVmaker_Local,EVmaker_Local:ONL:2026-W05:00011,3,[3],[],[3],[],on_time -> backlog
OUT:leaf_out:ONL:EVmaker_Local,EVmaker_Local:ONL:2026-W05:00012,3,[3],[],[3],[],on_time -> backlog
OUT:leaf_out:ONL:EVmaker_Local,EVmaker_Local:ONL:2026-W05:00013,3,[3],[],[3],[],on_time -> backlog
OUT:leaf_out:ONL:EVmaker_Local,EVmaker_Local:ONL:2026-W05:00014,3,[3],[],[3],[],on_time -> backlog
OUT:leaf_out:ONL:EVmaker_Local,EVmaker_Local:ONL:2026-W05:00015,3,[3],[],[3],[],on_time -> backlog
OUT:leaf_out:ONL:EVmaker_Local,EVmaker_Local:ONL:2026-W05:00016,3,[3],[],[3],[],on_time -> backlog
OUT:leaf_out:ONL:EVmaker_Local,EVmaker_Local:ONL:2026-W05:00017,3,[3],[],[3],[],on_time -> backlog
OUT:leaf_out:ONL:EVmaker_Local,EVmaker_Local:ONL:2026-W05:00018,3,[3],[],[3],[],on_time -> backlog
OUT:leaf_out:ONL:EVmaker_Local,EVmaker_Local:ONL:2026-W05:00019,3,[3],[],[3],[],on_time -> backlog
OUT:leaf_out:ONL:EVmaker_Local,EVmaker_Local:ONL:2026-W05:00020,3,[3],[],[3],[],on_time -> backlog
OUT:leaf_out:ONL:EVmaker_Local,EVmaker_Local:ONL:2026-W05:00021,3,[3],[],[3],[],on_time -> backlog
OUT:leaf_out:ONL:EVmaker_Local,EVmaker_Local:ONL:2026-W05:00022,3,[3],[],[3],[],on_time -> backlog
OUT:leaf_out:ONL:EVmaker_Local,EVmaker_Local:ONL:2026-W05:00023,3,[3],[],[3],[],on_time -> backlog
OUT:leaf_out:ONL:EVmaker_Local,EVmaker_Local:ONL:2026-W05:00024,3,[3],[],[3],[],on_time -> backlog
OUT:leaf_out:ONL:EVmaker_Local,EVmaker_Local:ONL:2026-W05:00025,3,[3],[],[3],[],on_time -> backlog
OUT:leaf_out:ONL:EVmaker_Local,EVmaker_Local:ONL:2026-W05:00026,3,[3],[],[3],[],on_time -> backlog
OUT:leaf_out:ONL:EVmaker_Local,EVmaker_Local:ONL:2026-W05:00027,3,[3],[],[3],[],on_time -> backlog
OUT:leaf_out:ONL:EVmaker_Local,EVmaker_Local:ONL:2026-W05:00028,3,[3],[],[3],[],on_time -> backlog
OUT:leaf_out:ONL:EVmaker_Local,EVmaker_Local:ONL:2026-W05:00029,3,[3],[],[3],[],on_time -> backlog
OUT:leaf_out:ONL:EVmaker_Local,EVmaker_Local:ONL:2026-W05:00030,3,[3],[],[3],[],on_time -> backlog
OUT:leaf_out:ONL:EVmaker_Local,EVmaker_Local:ONL:2026-W05:00031,3,[3],[],[3],[],on_time -> backlog
OUT:leaf_out:ONL:EVmaker_Local,EVmaker_Local:ONL:2026-W05:00032,3,[3],[],[3],[],on_time -> backlog
OUT:leaf_out:ONL:EVmaker_Local,EVmaker_Local:ONL:2026-W05:00033,3,[3],[],[3],[],on_time -> backlog
OUT:leaf_out:ONL:EVmaker_Local,EVmaker_Local:ONL:2026-W05:00034,3,[3],[],[3],[],on_time -> backlog
OUT:leaf_out:ONL:EVmaker_Local,EVmaker_Local:ONL:2026-W05:00035,3,[3],[],[3],[],on_time -> backlog
OUT:leaf_out:ONL:EVmaker_Local,EVmaker_Local:ONL:2026-W05:00036,3,[3],[],[3],[],on_time -> backlog
OUT:leaf_out:ONL:EVmaker_Local,EVmaker_Local:ONL:2026-W05:00037,3,[3],[],[3],[],on_time -> backlog
OUT:leaf_out:ONL:EVmaker_Local,EVmaker_Local:ONL:2026-W05:00038,3,[3],[],[3],[],on_time -> backlog
OUT:leaf_out:ONL:EVmaker_Local,EVmaker_Local:ONL:2026-W05:00039,3,[3],[],[3],[],on_time -> backlog
OUT:leaf_out:ONL:EVmaker_Local,EVmaker_Local:ONL:2026-W05:00040,3,[3],[],[3],[],on_time -> backlog
OUT:leaf_out:ONL:EVmaker_Local,EVmaker_Local:ONL:2026-W05:00041,3,[3],[],[3],[],on_time -> backlog
OUT:leaf_out:ONL:EVmaker_Local,EVmaker_Local:ONL:2026-W05:00042,3,[3],[],[3],[],on_time -> backlog
OUT:leaf_out:ONL:EVmaker_Local,EVmaker_Local:ONL:2026-W05:00043,3,[3],[],[3],[],on_time -> backlog
OUT:leaf_out:ONL:EVmaker_Local,EVmaker_Local:ONL:2026-W05:00044,3,[3],[],[3],[],on_time -> backlog
OUT:leaf_out:ONL:EVmaker_Local,EVmaker_Local:ONL:2026-W05:00045,3,[3],[],[3],[],on_time -> backlog
OUT:leaf_out:ONL:EVmaker_Local,EVmaker_Local:ONL:2026-W05:00046,3,[3],[],[3],[],on_time -> backlog
OUT:leaf_out:ONL:EVmaker_Local,EVmaker_Local:ONL:2026-W05:00047,3,[3],[],[3],[],on_time -> backlog
OUT:leaf_out:ONL:EVmaker_Local,EVmaker_Local:ONL:2026-W05:00048,3,[3],[],[3],[],on_time -> backlog
OUT:leaf_out:ONL:EVmaker_Local,EVmaker_Local:ONL:2026-W05:00049,3,[3],[],[3],[],on_time -> backlog
OUT:leaf_out:ONL:EVmaker_Local,EVmaker_Local:ONL:2026-W05:00050,3,[3],[],[3],[],on_time -> backlog
OUT:leaf_out:PRO:EVmaker_Import,EVmaker_Import:PRO:2026-W05:00001,3,[3],[],[3],[],on_time -> backlog
OUT:leaf_out:PRO:EVmaker_Import,EVmaker_Import:PRO:2026-W05:00002,3,[3],[],[3],[],on_time -> backlog
OUT:leaf_out:PRO:EVmaker_Import,EVmaker_Import:PRO:2026-W05:00003,3,[3],[],[3],[],on_time -> backlog
OUT:leaf_out:PRO:EVmaker_Import,EVmaker_Import:PRO:2026-W05:00004,3,[3],[],[3],[],on_time -> backlog
OUT:leaf_out:PRO:EVmaker_Import,EVmaker_Import:PRO:2026-W05:00005,3,[3],[],[3],[],on_time -> backlog
OUT:leaf_out:PRO:EVmaker_Import,EVmaker_Import:PRO:2026-W05:00006,3,[3],[],[3],[],on_time -> backlog
OUT:leaf_out:PRO:EVmaker_Import,EVmaker_Import:PRO:2026-W05:00007,3,[3],[],[3],[],on_time -> backlog
OUT:leaf_out:PRO:EVmaker_Import,EVmaker_Import:PRO:2026-W05:00008,3,[3],[],[3],[],on_time -> backlog
OUT:leaf_out:PRO:EVmaker_Import,EVmaker_Import:PRO:2026-W05:00009,3,[3],[],[3],[],on_time -> backlog
OUT:leaf_out:PRO:EVmaker_Import,EVmaker_Import:PRO:2026-W05:00010,3,[3],[],[3],[],on_time -> backlog
OUT:leaf_out:PRO:EVmaker_Import,EVmaker_Import:PRO:2026-W05:00011,3,[3],[],[3],[],on_time -> backlog
OUT:leaf_out:PRO:EVmaker_Import,EVmaker_Import:PRO:2026-W05:00012,3,[3],[],[3],[],on_time -> backlog
OUT:leaf_out:PRO:EVmaker_Import,EVmaker_Import:PRO:2026-W05:00013,3,[3],[],[3],[],on_time -> backlog
OUT:leaf_out:PRO:EVmaker_Import,EVmaker_Import:PRO:2026-W05:00014,3,[3],[],[3],[],on_time -> backlog
OUT:leaf_out:PRO:EVmaker_Import,EVmaker_Import:PRO:2026-W05:00015,3,[3],[],[3],[],on_time -> backlog
OUT:leaf_out:PRO:EVmaker_Import,EVmaker_Import:PRO:2026-W05:00016,3,[3],[],[3],[],on_time -> backlog
OUT:leaf_out:PRO:EVmaker_Import,EVmaker_Import:PRO:2026-W05:00017,3,[3],[],[3],[],on_time -> backlog
OUT:leaf_out:PRO:EVmaker_Import,EVmaker_Import:PRO:2026-W05:00018,3,[3],[],[3],[],on_time -> backlog
OUT:leaf_out:PRO:EVmaker_Import,EVmaker_Import:PRO:2026-W05:00019,3,[3],[],[3],[],on_time -> backlog
OUT:leaf_out:PRO:EVmaker_Import,EVmaker_Import:PRO:2026-W05:00020,3,[3],[],[3],[],on_time -> backlog
OUT:leaf_out:PRO:EVmaker_Import,EVmaker_Import:PRO:2026-W05:00021,3,[3],[],[3],[],on_time -> backlog
OUT:leaf_out:PRO:EVmaker_Import,EVmaker_Import:PRO:2026-W05:00022,3,[3],[],[3],[],on_time -> backlog
OUT:leaf_out:PRO:EVmaker_Import,EVmaker_Import:PRO:2026-W05:00023,3,[3],[],[3],[],on_time -> backlog
OUT:leaf_out:PRO:EVmaker_Import,EVmaker_Import:PRO:2026-W05:00024,3,[3],[],[3],[],on_time -> backlog
OUT:leaf_out:PRO:EVmaker_Import,EVmaker_Import:PRO:2026-W05:00025,3,[3],[],[3],[],on_time -> backlog
OUT:leaf_out:PRO:EVmaker_Import,EVmaker_Import:PRO:2026-W05:00026,3,[3],[],[3],[],on_time -> backlog
OUT:leaf_out:PRO:EVmaker_Import,EVmaker_Import:PRO:2026-W05:00027,3,[3],[],[3],[],on_time -> backlog
OUT:leaf_out:PRO:EVmaker_Import,EVmaker_Import:PRO:2026-W05:00028,3,[3],[],[3],[],on_time -> backlog
OUT:leaf_out:PRO:EVmaker_Import,EVmaker_Import:PRO:2026-W05:00029,3,[3],[],[3],[],on_time -> backlog
OUT:leaf_out:PRO:EVmaker_Import,EVmaker_Import:PRO:2026-W05:00030,3,[3],[],[3],[],on_time -> backlog
OUT:leaf_out:PRO:EVmaker_Import,EVmaker_Import:PRO:2026-W05:00031,3,[3],[],[3],[],on_time -> backlog
OUT:leaf_out:PRO:EVmaker_Import,EVmaker_Import:PRO:2026-W05:00032,3,[3],[],[3],[],on_time -> backlog
OUT:leaf_out:PRO:EVmaker_Import,EVmaker_Import:PRO:2026-W05:00033,3,[3],[],[3],[],on_time -> backlog
OUT:leaf_out:PRO:EVmaker_Import,EVmaker_Import:PRO:2026-W05:00034,3,[3],[],[3],[],on_time -> backlog
OUT:leaf_out:PRO:EVmaker_Import,EVmaker_Import:PRO:2026-W05:00035,3,[3],[],[3],[],on_time -> backlog
OUT:leaf_out:PRO:EVmaker_Import,EVmaker_Import:PRO:2026-W05:00036,3,[3],[],[3],[],on_time -> backlog
OUT:leaf_out:PRO:EVmaker_Import,EVmaker_Import:PRO:2026-W05:00037,3,[3],[],[3],[],on_time -> backlog
OUT:leaf_out:PRO:EVmaker_Import,EVmaker_Import:PRO:2026-W05:00038,3,[3],[],[3],[],on_time -> backlog
OUT:leaf_out:PRO:EVmaker_Import,EVmaker_Import:PRO:2026-W05:00039,3,[3],[],[3],[],on_time -> backlog
OUT:leaf_out:PRO:EVmaker_Import,EVmaker_Import:PRO:2026-W05:00040,3,[3],[],[3],[],on_time -> backlog
OUT:leaf_out:PRO:EVmaker_Local,EVmaker_Local:PRO:2026-W05:00001,3,[3],[],[3],[],on_time -> backlog
OUT:leaf_out:PRO:EVmaker_Local,EVmaker_Local:PRO:2026-W05:00002,3,[3],[],[3],[],on_time -> backlog
OUT:leaf_out:PRO:EVmaker_Local,EVmaker_Local:PRO:2026-W05:00003,3,[3],[],[3],[],on_time -> backlog
OUT:leaf_out:PRO:EVmaker_Local,EVmaker_Local:PRO:2026-W05:00004,3,[3],[],[3],[],on_time -> backlog
OUT:leaf_out:PRO:EVmaker_Local,EVmaker_Local:PRO:2026-W05:00005,3,[3],[],[3],[],on_time -> backlog
OUT:leaf_out:PRO:EVmaker_Local,EVmaker_Local:PRO:2026-W05:00006,3,[3],[],[3],[],on_time -> backlog
OUT:leaf_out:PRO:EVmaker_Local,EVmaker_Local:PRO:2026-W05:00007,3,[3],[],[3],[],on_time -> backlog
OUT:leaf_out:PRO:EVmaker_Local,EVmaker_Local:PRO:2026-W05:00008,3,[3],[],[3],[],on_time -> backlog
OUT:leaf_out:PRO:EVmaker_Local,EVmaker_Local:PRO:2026-W05:00009,3,[3],[],[3],[],on_time -> backlog
OUT:leaf_out:PRO:EVmaker_Local,EVmaker_Local:PRO:2026-W05:00010,3,[3],[],[3],[],on_time -> backlog
OUT:leaf_out:PRO:EVmaker_Local,EVmaker_Local:PRO:2026-W05:00011,3,[3],[],[3],[],on_time -> backlog
OUT:leaf_out:PRO:EVmaker_Local,EVmaker_Local:PRO:2026-W05:00012,3,[3],[],[3],[],on_time -> backlog
OUT:leaf_out:PRO:EVmaker_Local,EVmaker_Local:PRO:2026-W05:00013,3,[3],[],[3],[],on_time -> backlog
OUT:leaf_out:PRO:EVmaker_Local,EVmaker_Local:PRO:2026-W05:00014,3,[3],[],[3],[],on_time -> backlog
OUT:leaf_out:PRO:EVmaker_Local,EVmaker_Local:PRO:2026-W05:00015,3,[3],[],[3],[],on_time -> backlog
OUT:leaf_out:PRO:EVmaker_Local,EVmaker_Local:PRO:2026-W05:00016,3,[3],[],[3],[],on_time -> backlog
OUT:leaf_out:PRO:EVmaker_Local,EVmaker_Local:PRO:2026-W05:00017,3,[3],[],[3],[],on_time -> backlog
OUT:leaf_out:PRO:EVmaker_Local,EVmaker_Local:PRO:2026-W05:00018,3,[3],[],[3],[],on_time -> backlog
OUT:leaf_out:PRO:EVmaker_Local,EVmaker_Local:PRO:2026-W05:00019,3,[3],[],[3],[],on_time -> backlog
OUT:leaf_out:PRO:EVmaker_Local,EVmaker_Local:PRO:2026-W05:00020,3,[3],[],[3],[],on_time -> backlog
OUT:leaf_out:PRO:EVmaker_Local,EVmaker_Local:PRO:2026-W05:00021,3,[3],[],[3],[],on_time -> backlog
OUT:leaf_out:PRO:EVmaker_Local,EVmaker_Local:PRO:2026-W05:00022,3,[3],[],[3],[],on_time -> backlog
OUT:leaf_out:PRO:EVmaker_Local,EVmaker_Local:PRO:2026-W05:00023,3,[3],[],[3],[],on_time -> backlog
OUT:leaf_out:PRO:EVmaker_Local,EVmaker_Local:PRO:2026-W05:00024,3,[3],[],[3],[],on_time -> backlog
OUT:leaf_out:PRO:EVmaker_Local,EVmaker_Local:PRO:2026-W05:00025,3,[3],[],[3],[],on_time -> backlog
OUT:leaf_out:PRO:EVmaker_Local,EVmaker_Local:PRO:2026-W05:00026,3,[3],[],[3],[],on_time -> backlog
OUT:leaf_out:PRO:EVmaker_Local,EVmaker_Local:PRO:2026-W05:00027,3,[3],[],[3],[],on_time -> backlog
OUT:leaf_out:PRO:EVmaker_Local,EVmaker_Local:PRO:2026-W05:00028,3,[3],[],[3],[],on_time -> backlog
OUT:leaf_out:PRO:EVmaker_Local,EVmaker_Local:PRO:2026-W05:00029,3,[3],[],[3],[],on_time -> backlog
OUT:leaf_out:PRO:EVmaker_Local,EVmaker_Local:PRO:2026-W05:00030,3,[3],[],[3],[],on_time -> backlog
OUT:leaf_out:PRO:EVmaker_Local,EVmaker_Local:PRO:2026-W05:00031,3,[3],[],[3],[],on_time -> backlog
OUT:leaf_out:PRO:EVmaker_Local,EVmaker_Local:PRO:2026-W05:00032,3,[3],[],[3],[],on_time -> backlog
OUT:leaf_out:PRO:EVmaker_Local,EVmaker_Local:PRO:2026-W05:00033,3,[3],[],[3],[],on_time -> backlog
OUT:leaf_out:PRO:EVmaker_Local,EVmaker_Local:PRO:2026-W05:00034,3,[3],[],[3],[],on_time -> backlog
OUT:leaf_out:PRO:EVmaker_Local,EVmaker_Local:PRO:2026-W05:00035,3,[3],[],[3],[],on_time -> backlog
OUT:leaf_out:PRO:EVmaker_Local,EVmaker_Local:PRO:2026-W05:00036,3,[3],[],[3],[],on_time -> backlog
OUT:leaf_out:PRO:EVmaker_Local,EVmaker_Local:PRO:2026-W05:00037,3,[3],[],[3],[],on_time -> backlog
OUT:leaf_out:PRO:EVmaker_Local,EVmaker_Local:PRO:2026-W05:00038,3,[3],[],[3],[],on_time -> backlog
OUT:leaf_out:PRO:EVmaker_Local,EVmaker_Local:PRO:2026-W05:00039,3,[3],[],[3],[],on_time -> backlog
OUT:leaf_out:PRO:EVmaker_Local,EVmaker_Local:PRO:2026-W05:00040,3,[3],[],[3],[],on_time -> backlog
OUT:leaf_out:PRO:EVmaker_Local,EVmaker_Local:PRO:2026-W05:00041,3,[3],[],[3],[],on_time -> backlog
OUT:leaf_out:PRO:EVmaker_Local,EVmaker_Local:PRO:2026-W05:00042,3,[3],[],[3],[],on_time -> backlog
OUT:leaf_out:PRO:EVmaker_Local,EVmaker_Local:PRO:2026-W05:00043,3,[3],[],[3],[],on_time -> backlog
OUT:leaf_out:PRO:EVmaker_Local,EVmaker_Local:PRO:2026-W05:00044,3,[3],[],[3],[],on_time -> backlog
OUT:leaf_out:PRO:EVmaker_Local,EVmaker_Local:PRO:2026-W05:00045,3,[3],[],[3],[],on_time -> backlog
OUT:leaf_out:PRO:EVmaker_Local,EVmaker_Local:PRO:2026-W05:00046,3,[3],[],[3],[],on_time -> backlog
OUT:leaf_out:PRO:EVmaker_Local,EVmaker_Local:PRO:2026-W05:00047,3,[3],[],[3],[],on_time -> backlog
OUT:leaf_out:PRO:EVmaker_Local,EVmaker_Local:PRO:2026-W05:00048,3,[3],[],[3],[],on_time -> backlog
OUT:leaf_out:PRO:EVmaker_Local,EVmaker_Local:PRO:2026-W05:00049,3,[3],[],[3],[],on_time -> backlog
OUT:leaf_out:PRO:EVmaker_Local,EVmaker_Local:PRO:2026-W05:00050,3,[3],[],[3],[],on_time -> backlog
OUT:leaf_out:PRO:EVmaker_Local,EVmaker_Local:PRO:2026-W05:00051,3,[3],[],[3],[],on_time -> backlog
OUT:leaf_out:PRO:EVmaker_Local,EVmaker_Local:PRO:2026-W05:00052,3,[3],[],[3],[],on_time -> backlog
OUT:leaf_out:PRO:EVmaker_Local,EVmaker_Local:PRO:2026-W05:00053,3,[3],[],[3],[],on_time -> backlog
OUT:leaf_out:PRO:EVmaker_Local,EVmaker_Local:PRO:2026-W05:00054,3,[3],[],[3],[],on_time -> backlog
OUT:leaf_out:PRO:EVmaker_Local,EVmaker_Local:PRO:2026-W05:00055,3,[3],[],[3],[],on_time -> backlog
OUT:leaf_out:PRO:EVmaker_Local,EVmaker_Local:PRO:2026-W05:00056,3,[3],[],[3],[],on_time -> backlog
OUT:leaf_out:PRO:EVmaker_Local,EVmaker_Local:PRO:2026-W05:00057,3,[3],[],[3],[],on_time -> backlog
OUT:leaf_out:PRO:EVmaker_Local,EVmaker_Local:PRO:2026-W05:00058,3,[3],[],[3],[],on_time -> backlog
OUT:leaf_out:PRO:EVmaker_Local,EVmaker_Local:PRO:2026-W05:00059,3,[3],[],[3],[],on_time -> backlog
OUT:leaf_out:PRO:EVmaker_Local,EVmaker_Local:PRO:2026-W05:00060,3,[3],[],[3],[],on_time -> backlog
OUT:leaf_out:PRO:EVmaker_Local,EVmaker_Local:PRO:2026-W05:00061,3,[3],[],[3],[],on_time -> backlog
OUT:leaf_out:PRO:EVmaker_Local,EVmaker_Local:PRO:2026-W05:00062,3,[3],[],[3],[],on_time -> backlog
OUT:leaf_out:PRO:EVmaker_Local,EVmaker_Local:PRO:2026-W05:00063,3,[3],[],[3],[],on_time -> backlog
OUT:leaf_out:PRO:EVmaker_Local,EVmaker_Local:PRO:2026-W05:00064,3,[3],[],[3],[],on_time -> backlog
OUT:leaf_out:PRO:EVmaker_Local,EVmaker_Local:PRO:2026-W05:00065,3,[3],[],[3],[],on_time -> backlog
OUT:leaf_out:PRO:EVmaker_Local,EVmaker_Local:PRO:2026-W05:00066,3,[3],[],[3],[],on_time -> backlog
OUT:leaf_out:PRO:EVmaker_Local,EVmaker_Local:PRO:2026-W05:00067,3,[3],[],[3],[],on_time -> backlog
OUT:leaf_out:PRO:EVmaker_Local,EVmaker_Local:PRO:2026-W05:00068,3,[3],[],[3],[],on_time -> backlog
OUT:leaf_out:PRO:EVmaker_Local,EVmaker_Local:PRO:2026-W05:00069,3,[3],[],[3],[],on_time -> backlog
OUT:leaf_out:PRO:EVmaker_Local,EVmaker_Local:PRO:2026-W05:00070,3,[3],[],[3],[],on_time -> backlog
OUT:leaf_out:PRO:EVmaker_Local,EVmaker_Local:PRO:2026-W05:00071,3,[3],[],[3],[],on_time -> backlog
OUT:leaf_out:PRO:EVmaker_Local,EVmaker_Local:PRO:2026-W05:00072,3,[3],[],[3],[],on_time -> backlog
OUT:leaf_out:PRO:EVmaker_Local,EVmaker_Local:PRO:2026-W05:00073,3,[3],[],[3],[],on_time -> backlog
OUT:leaf_out:PRO:EVmaker_Local,EVmaker_Local:PRO:2026-W05:00074,3,[3],[],[3],[],on_time -> backlog
OUT:leaf_out:PRO:EVmaker_Local,EVmaker_Local:PRO:2026-W05:00075,3,[3],[],[3],[],on_time -> backlog
OUT:leaf_out:PRO:EVmaker_Local,EVmaker_Local:PRO:2026-W05:00076,3,[3],[],[3],[],on_time -> backlog
OUT:leaf_out:PRO:EVmaker_Local,EVmaker_Local:PRO:2026-W05:00077,3,[3],[],[3],[],on_time -> backlog
OUT:leaf_out:PRO:EVmaker_Local,EVmaker_Local:PRO:2026-W05:00078,3,[3],[],[3],[],on_time -> backlog
OUT:leaf_out:PRO:EVmaker_Local,EVmaker_Local:PRO:2026-W05:00079,3,[3],[],[3],[],on_time -> backlog
OUT:leaf_out:PRO:EVmaker_Local,EVmaker_Local:PRO:2026-W05:00080,3,[3],[],[3],[],on_time -> backlog
OUT:leaf_out:PRO:EVmaker_Local,EVmaker_Local:PRO:2026-W05:00081,3,[3],[],[3],[],on_time -> backlog
OUT:leaf_out:PRO:EVmaker_Local,EVmaker_Local:PRO:2026-W05:00082,3,[3],[],[3],[],on_time -> backlog
OUT:leaf_out:PRO:EVmaker_Local,EVmaker_Local:PRO:2026-W05:00083,3,[3],[],[3],[],on_time -> backlog
OUT:leaf_out:PRO:EVmaker_Local,EVmaker_Local:PRO:2026-W05:00084,3,[3],[],[3],[],on_time -> backlog
OUT:leaf_out:PRO:EVmaker_Local,EVmaker_Local:PRO:2026-W05:00085,3,[3],[],[3],[],on_time -> backlog
OUT:leaf_out:PRO:EVmaker_Local,EVmaker_Local:PRO:2026-W05:00086,3,[3],[],[3],[],on_time -> backlog
OUT:leaf_out:PRO:EVmaker_Local,EVmaker_Local:PRO:2026-W05:00087,3,[3],[],[3],[],on_time -> backlog
OUT:leaf_out:PRO:EVmaker_Local,EVmaker_Local:PRO:2026-W05:00088,3,[3],[],[3],[],on_time -> backlog
OUT:leaf_out:PRO:EVmaker_Local,EVmaker_Local:PRO:2026-W05:00089,3,[3],[],[3],[],on_time -> backlog
OUT:leaf_out:PRO:EVmaker_Local,EVmaker_Local:PRO:2026-W05:00090,3,[3],[],[3],[],on_time -> backlog
OUT:leaf_out:PRO:EVmaker_Local,EVmaker_Local:PRO:2026-W05:00091,3,[3],[],[3],[],on_time -> backlog
OUT:leaf_out:PRO:EVmaker_Local,EVmaker_Local:PRO:2026-W05:00092,3,[3],[],[3],[],on_time -> backlog
OUT:leaf_out:PRO:EVmaker_Local,EVmaker_Local:PRO:2026-W05:00093,3,[3],[],[3],[],on_time -> backlog
OUT:leaf_out:PRO:EVmaker_Local,EVmaker_Local:PRO:2026-W05:00094,3,[3],[],[3],[],on_time -> backlog
OUT:leaf_out:PRO:EVmaker_Local,EVmaker_Local:PRO:2026-W05:00095,3,[3],[],[3],[],on_time -> backlog
OUT:leaf_out:PRO:EVmaker_Local,EVmaker_Local:PRO:2026-W05:00096,3,[3],[],[3],[],on_time -> backlog
OUT:leaf_out:PRO:EVmaker_Local,EVmaker_Local:PRO:2026-W05:00097,3,[3],[],[3],[],on_time -> backlog
OUT:leaf_out:PRO:EVmaker_Local,EVmaker_Local:PRO:2026-W05:00098,3,[3],[],[3],[],on_time -> backlog
OUT:leaf_out:PRO:EVmaker_Local,EVmaker_Local:PRO:2026-W05:00099,3,[3],[],[3],[],on_time -> backlog
OUT:leaf_out:PRO:EVmaker_Local,EVmaker_Local:PRO:2026-W05:00100,3,[3],[],[3],[],on_time -> backlog
OUT:leaf_out:PRO:EVmaker_Local,EVmaker_Local:PRO:2026-W05:00101,3,[3],[],[3],[],on_time -> backlog
OUT:leaf_out:PRO:EVmaker_Local,EVmaker_Local:PRO:2026-W05:00102,3,[3],[],[3],[],on_time -> backlog
OUT:leaf_out:PRO:EVmaker_Local,EVmaker_Local:PRO:2026-W05:00103,3,[3],[],[3],[],on_time -> backlog
OUT:leaf_out:PRO:EVmaker_Local,EVmaker_Local:PRO:2026-W05:00104,3,[3],[],[3],[],on_time -> backlog
OUT:leaf_out:PRO:EVmaker_Local,EVmaker_Local:PRO:2026-W05:00105,3,[3],[],[3],[],on_time -> backlog
OUT:leaf_out:PRO:EVmaker_Local,EVmaker_Local:PRO:2026-W05:00106,3,[3],[],[3],[],on_time -> backlog
OUT:leaf_out:PRO:EVmaker_Local,EVmaker_Local:PRO:2026-W05:00107,3,[3],[],[3],[],on_time -> backlog
OUT:leaf_out:PRO:EVmaker_Local,EVmaker_Local:PRO:2026-W05:00108,3,[3],[],[3],[],on_time -> backlog
OUT:leaf_out:PRO:EVmaker_Local,EVmaker_Local:PRO:2026-W05:00109,3,[3],[],[3],[],on_time -> backlog
OUT:leaf_out:PRO:EVmaker_Local,EVmaker_Local:PRO:2026-W05:00110,3,[3],[],[3],[],on_time -> backlog
OUT:leaf_out:PRO:EVmaker_Local,EVmaker_Local:PRO:2026-W05:00111,3,[3],[],[3],[],on_time -> backlog
OUT:leaf_out:PRO:EVmaker_Local,EVmaker_Local:PRO:2026-W05:00112,3,[3],[],[3],[],on_time -> backlog
OUT:leaf_out:PRO:EVmaker_Local,EVmaker_Local:PRO:2026-W05:00113,3,[3],[],[3],[],on_time -> backlog
OUT:leaf_out:PRO:EVmaker_Local,EVmaker_Local:PRO:2026-W05:00114,3,[3],[],[3],[],on_time -> backlog
OUT:leaf_out:PRO:EVmaker_Local,EVmaker_Local:PRO:2026-W05:00115,3,[3],[],[3],[],on_time -> backlog
OUT:leaf_out:PRO:EVmaker_Local,EVmaker_Local:PRO:2026-W05:00116,3,[3],[],[3],[],on_time -> backlog
OUT:leaf_out:PRO:EVmaker_Local,EVmaker_Local:PRO:2026-W05:00117,3,[3],[],[3],[],on_time -> backlog
OUT:leaf_out:PRO:EVmaker_Local,EVmaker_Local:PRO:2026-W05:00118,3,[3],[],[3],[],on_time -> backlog
OUT:leaf_out:PRO:EVmaker_Local,EVmaker_Local:PRO:2026-W05:00119,3,[3],[],[3],[],on_time -> backlog
OUT:leaf_out:PRO:EVmaker_Local,EVmaker_Local:PRO:2026-W05:00120,3,[3],[],[3],[],on_time -> backlog
OUT:leaf_out:PRO:EVmaker_Local,EVmaker_Local:PRO:2026-W05:00121,3,[3],[],[3],[],on_time -> backlog
OUT:leaf_out:PRO:EVmaker_Local,EVmaker_Local:PRO:2026-W05:00122,3,[3],[],[3],[],on_time -> backlog
OUT:leaf_out:PRO:EVmaker_Local,EVmaker_Local:PRO:2026-W05:00123,3,[3],[],[3],[],on_time -> backlog
OUT:leaf_out:PRO:EVmaker_Local,EVmaker_Local:PRO:2026-W05:00124,3,[3],[],[3],[],on_time -> backlog
OUT:leaf_out:PRO:EVmaker_Local,EVmaker_Local:PRO:2026-W05:00125,3,[3],[],[3],[],on_time -> backlog
OUT:leaf_out:PRO:EVmaker_Local,EVmaker_Local:PRO:2026-W05:00126,3,[3],[],[3],[],on_time -> backlog
OUT:leaf_out:PRO:EVmaker_Local,EVmaker_Local:PRO:2026-W05:00127,3,[3],[],[3],[],on_time -> backlog
OUT:leaf_out:PRO:EVmaker_Local,EVmaker_Local:PRO:2026-W05:00128,3,[3],[],[3],[],on_time -> backlog
OUT:leaf_out:PRO:EVmaker_Local,EVmaker_Local:PRO:2026-W05:00129,3,[3],[],[3],[],on_time -> backlog
OUT:leaf_out:PRO:EVmaker_Local,EVmaker_Local:PRO:2026-W05:00130,3,[3],[],[3],[],on_time -> backlog
OUT:leaf_out:PRO:EVmaker_Local,EVmaker_Local:PRO:2026-W05:00131,3,[3],[],[3],[],on_time -> backlog
OUT:leaf_out:PRO:EVmaker_Local,EVmaker_Local:PRO:2026-W05:00132,3,[3],[],[3],[],on_time -> backlog
OUT:leaf_out:PRO:EVmaker_Local,EVmaker_Local:PRO:2026-W05:00133,3,[3],[],[3],[],on_time -> backlog
OUT:leaf_out:PRO:EVmaker_Local,EVmaker_Local:PRO:2026-W05:00134,3,[3],[],[3],[],on_time -> backlog
OUT:leaf_out:PRO:EVmaker_Local,EVmaker_Local:PRO:2026-W05:00135,3,[3],[],[3],[],on_time -> backlog
OUT:leaf_out:PRO:EVmaker_Local,EVmaker_Local:PRO:2026-W05:00136,3,[3],[],[3],[],on_time -> backlog
OUT:leaf_out:PRO:EVmaker_Local,EVmaker_Local:PRO:2026-W05:00137,3,[3],[],[3],[],on_time -> backlog
OUT:leaf_out:PRO:EVmaker_Local,EVmaker_Local:PRO:2026-W05:00138,3,[3],[],[3],[],on_time -> backlog
OUT:leaf_out:PRO:EVmaker_Local,EVmaker_Local:PRO:2026-W05:00139,3,[3],[],[3],[],on_time -> backlog
OUT:leaf_out:PRO:EVmaker_Local,EVmaker_Local:PRO:2026-W05:00140,3,[3],[],[3],[],on_time -> backlog
OUT:leaf_out:PRO:EVmaker_Local,EVmaker_Local:PRO:2026-W05:00141,3,[3],[],[3],[],on_time -> backlog
OUT:leaf_out:PRO:EVmaker_Local,EVmaker_Local:PRO:2026-W05:00142,3,[3],[],[3],[],on_time -> backlog
OUT:leaf_out:PRO:EVmaker_Local,EVmaker_Local:PRO:2026-W05:00143,3,[3],[],[3],[],on_time -> backlog
OUT:leaf_out:PRO:EVmaker_Local,EVmaker_Local:PRO:2026-W05:00144,3,[3],[],[3],[],on_time -> backlog
OUT:leaf_out:PRO:EVmaker_Local,EVmaker_Local:PRO:2026-W05:00145,3,[3],[],[3],[],on_time -> backlog
OUT:leaf_out:PRO:EVmaker_Local,EVmaker_Local:PRO:2026-W05:00146,3,[3],[],[3],[],on_time -> backlog
OUT:leaf_out:PRO:EVmaker_Local,EVmaker_Local:PRO:2026-W05:00147,3,[3],[],[3],[],on_time -> backlog
OUT:leaf_out:PRO:EVmaker_Local,EVmaker_Local:PRO:2026-W05:00148,3,[3],[],[3],[],on_time -> backlog
OUT:leaf_out:PRO:EVmaker_Local,EVmaker_Local:PRO:2026-W05:00149,3,[3],[],[3],[],on_time -> backlog
OUT:leaf_out:PRO:EVmaker_Local,EVmaker_Local:PRO:2026-W05:00150,3,[3],[],[3],[],on_time -> backlog
OUT:leaf_out:PRO:EVmaker_Local,EVmaker_Local:PRO:2026-W05:00151,3,[3],[],[3],[],on_time -> backlog
OUT:leaf_out:PRO:EVmaker_Local,EVmaker_Local:PRO:2026-W05:00152,3,[3],[],[3],[],on_time -> backlog
OUT:leaf_out:PRO:EVmaker_Local,EVmaker_Local:PRO:2026-W05:00153,3,[3],[],[3],[],on_time -> backlog
OUT:leaf_out:PRO:EVmaker_Local,EVmaker_Local:PRO:2026-W05:00154,3,[3],[],[3],[],on_time -> backlog
OUT:leaf_out:PRO:EVmaker_Local,EVmaker_Local:PRO:2026-W05:00155,3,[3],[],[3],[],on_time -> backlog
OUT:leaf_out:PRO:EVmaker_Local,EVmaker_Local:PRO:2026-W05:00156,3,[3],[],[3],[],on_time -> backlog
OUT:leaf_out:PRO:EVmaker_Local,EVmaker_Local:PRO:2026-W05:00157,3,[3],[],[3],[],on_time -> backlog
OUT:leaf_out:PRO:EVmaker_Local,EVmaker_Local:PRO:2026-W05:00158,3,[3],[],[3],[],on_time -> backlog
OUT:leaf_out:PRO:EVmaker_Local,EVmaker_Local:PRO:2026-W05:00159,3,[3],[],[3],[],on_time -> backlog
OUT:leaf_out:PRO:EVmaker_Local,EVmaker_Local:PRO:2026-W05:00160,3,[3],[],[3],[],on_time -> backlog
OUT:leaf_out:PRO:EVmaker_Local,EVmaker_Local:PRO:2026-W05:00161,3,[3],[],[3],[],on_time -> backlog
OUT:leaf_out:PRO:EVmaker_Local,EVmaker_Local:PRO:2026-W05:00162,3,[3],[],[3],[],on_time -> backlog
OUT:leaf_out:PRO:EVmaker_Local,EVmaker_Local:PRO:2026-W05:00163,3,[3],[],[3],[],on_time -> backlog
OUT:leaf_out:PRO:EVmaker_Local,EVmaker_Local:PRO:2026-W05:00164,3,[3],[],[3],[],on_time -> backlog
OUT:leaf_out:PRO:EVmaker_Local,EVmaker_Local:PRO:2026-W05:00165,3,[3],[],[3],[],on_time -> backlog
OUT:leaf_out:PRO:EVmaker_Local,EVmaker_Local:PRO:2026-W05:00166,3,[3],[],[3],[],on_time -> backlog
OUT:leaf_out:PRO:EVmaker_Local,EVmaker_Local:PRO:2026-W05:00167,3,[3],[],[3],[],on_time -> backlog
OUT:leaf_out:PRO:EVmaker_Local,EVmaker_Local:PRO:2026-W05:00168,3,[3],[],[3],[],on_time -> backlog
OUT:leaf_out:PRO:EVmaker_Local,EVmaker_Local:PRO:2026-W05:00169,3,[3],[],[3],[],on_time -> backlog
OUT:leaf_out:PRO:EVmaker_Local,EVmaker_Local:PRO:2026-W05:00170,3,[3],[],[3],[],on_time -> backlog
OUT:leaf_out:PRO:EVmaker_Local,EVmaker_Local:PRO:2026-W05:00171,3,[3],[],[3],[],on_time -> backlog
OUT:leaf_out:PRO:EVmaker_Local,EVmaker_Local:PRO:2026-W05:00172,3,[3],[],[3],[],on_time -> backlog
OUT:leaf_out:PRO:EVmaker_Local,EVmaker_Local:PRO:2026-W05:00173,3,[3],[],[3],[],on_time -> backlog
OUT:leaf_out:PRO:EVmaker_Local,EVmaker_Local:PRO:2026-W05:00174,3,[3],[],[3],[],on_time -> backlog
OUT:leaf_out:PRO:EVmaker_Local,EVmaker_Local:PRO:2026-W05:00175,3,[3],[],[3],[],on_time -> backlog
OUT:leaf_out:PRO:EVmaker_Local,EVmaker_Local:PRO:2026-W05:00176,3,[3],[],[3],[],on_time -> backlog
OUT:leaf_out:PRO:EVmaker_Local,EVmaker_Local:PRO:2026-W05:00177,3,[3],[],[3],[],on_time -> backlog
OUT:leaf_out:PRO:EVmaker_Local,EVmaker_Local:PRO:2026-W05:00178,3,[3],[],[3],[],on_time -> backlog
OUT:leaf_out:PRO:EVmaker_Local,EVmaker_Local:PRO:2026-W05:00179,3,[3],[],[3],[],on_time -> backlog
OUT:leaf_out:PRO:EVmaker_Local,EVmaker_Local:PRO:2026-W05:00180,3,[3],[],[3],[],on_time -> backlog
OUT:leaf_out:PRO:EVmaker_Local,EVmaker_Local:PRO:2026-W05:00181,3,[3],[],[3],[],on_time -> backlog
OUT:leaf_out:PRO:EVmaker_Local,EVmaker_Local:PRO:2026-W05:00182,3,[3],[],[3],[],on_time -> backlog
OUT:leaf_out:PRO:EVmaker_Local,EVmaker_Local:PRO:2026-W05:00183,3,[3],[],[3],[],on_time -> backlog
OUT:leaf_out:PRO:EVmaker_Local,EVmaker_Local:PRO:2026-W05:00184,3,[3],[],[3],[],on_time -> backlog
OUT:leaf_out:PRO:EVmaker_Local,EVmaker_Local:PRO:2026-W05:00185,3,[3],[],[3],[],on_time -> backlog
OUT:leaf_out:PRO:EVmaker_Local,EVmaker_Local:PRO:2026-W05:00186,3,[3],[],[3],[],on_time -> backlog
OUT:leaf_out:PRO:EVmaker_Local,EVmaker_Local:PRO:2026-W05:00187,3,[3],[],[3],[],on_time -> backlog
OUT:leaf_out:PRO:EVmaker_Local,EVmaker_Local:PRO:2026-W05:00188,3,[3],[],[3],[],on_time -> backlog
OUT:leaf_out:PRO:EVmaker_Local,EVmaker_Local:PRO:2026-W05:00189,3,[3],[],[3],[],on_time -> backlog
OUT:leaf_out:PRO:EVmaker_Local,EVmaker_Local:PRO:2026-W05:00190,3,[3],[],[3],[],on_time -> backlog
OUT:leaf_out:PRO:EVmaker_Local,EVmaker_Local:PRO:2026-W05:00191,3,[3],[],[3],[],on_time -> backlog
OUT:leaf_out:PRO:EVmaker_Local,EVmaker_Local:PRO:2026-W05:00192,3,[3],[],[3],[],on_time -> backlog
OUT:leaf_out:PRO:EVmaker_Local,EVmaker_Local:PRO:2026-W05:00193,3,[3],[],[3],[],on_time -> backlog
OUT:leaf_out:PRO:EVmaker_Local,EVmaker_Local:PRO:2026-W05:00194,3,[3],[],[3],[],on_time -> backlog
OUT:leaf_out:PRO:EVmaker_Local,EVmaker_Local:PRO:2026-W05:00195,3,[3],[],[3],[],on_time -> backlog
OUT:leaf_out:PRO:EVmaker_Local,EVmaker_Local:PRO:2026-W05:00196,3,[3],[],[3],[],on_time -> backlog
OUT:leaf_out:PRO:EVmaker_Local,EVmaker_Local:PRO:2026-W05:00197,3,[3],[],[3],[],on_time -> backlog
OUT:leaf_out:PRO:EVmaker_Local,EVmaker_Local:PRO:2026-W05:00198,3,[3],[],[3],[],on_time -> backlog
OUT:leaf_out:PRO:EVmaker_Local,EVmaker_Local:PRO:2026-W05:00199,3,[3],[],[3],[],on_time -> backlog
OUT:leaf_out:PRO:EVmaker_Local,EVmaker_Local:PRO:2026-W05:00200,3,[3],[],[3],[],on_time -> backlog
IN:mom:Factory_Import_CN:EVmaker_Import,EVmaker_Import:BKK:2026-W15:00001,4,[4],[4],[4],[6],on_time -> on_time
IN:mom:Factory_Import_CN:EVmaker_Import,EVmaker_Import:BKK:2026-W15:00002,4,[4],[4],[4],[6],on_time -> on_time
IN:mom:Factory_Import_CN:EVmaker_Import,EVmaker_Import:BKK:2026-W15:00003,4,[4],[4],[4],[6],on_time -> on_time
IN:mom:Factory_Import_CN:EVmaker_Import,EVmaker_Import:BKK:2026-W15:00004,4,[4],[4],[4],[6],on_time -> on_time
IN:mom:Factory_Import_CN:EVmaker_Import,EVmaker_Import:BKK:2026-W15:00005,4,[4],[4],[4],[6],on_time -> on_time
IN:mom:Factory_Import_CN:EVmaker_Import,EVmaker_Import:BKK:2026-W15:00006,4,[4],[4],[4],[6],on_time -> on_time
IN:mom:Factory_Import_CN:EVmaker_Import,EVmaker_Import:BKK:2026-W15:00007,4,[4],[4],[4],[6],on_time -> on_time
IN:mom:Factory_Import_CN:EVmaker_Import,EVmaker_Import:BKK:2026-W15:00008,4,[4],[4],[4],[6],on_time -> on_time
IN:mom:Factory_Import_CN:EVmaker_Import,EVmaker_Import:BKK:2026-W15:00009,4,[4],[4],[4],[6],on_time -> on_time
IN:mom:Factory_Import_CN:EVmaker_Import,EVmaker_Import:BKK:2026-W15:00010,4,[4],[4],[4],[6],on_time -> on_time
IN:mom:Factory_Import_CN:EVmaker_Import,EVmaker_Import:BKK:2026-W15:00011,4,[4],[4],[4],[6],on_time -> on_time
IN:mom:Factory_Import_CN:EVmaker_Import,EVmaker_Import:BKK:2026-W15:00012,4,[4],[4],[4],[6],on_time -> on_time
IN:mom:Factory_Import_CN:EVmaker_Import,EVmaker_Import:BKK:2026-W15:00013,4,[4],[4],[4],[6],on_time -> on_time
IN:mom:Factory_Import_CN:EVmaker_Import,EVmaker_Import:BKK:2026-W15:00014,4,[4],[4],[4],[6],on_time -> on_time
IN:mom:Factory_Import_CN:EVmaker_Import,EVmaker_Import:BKK:2026-W15:00015,4,[4],[4],[4],[6],on_time -> on_time
IN:mom:Factory_Import_CN:EVmaker_Import,EVmaker_Import:BKK:2026-W15:00016,4,[4],[4],[4],[6],on_time -> on_time
IN:mom:Factory_Import_CN:EVmaker_Import,EVmaker_Import:BKK:2026-W15:00017,4,[4],[4],[4],[6],on_time -> on_time
IN:mom:Factory_Import_CN:EVmaker_Import,EVmaker_Import:BKK:2026-W15:00018,4,[4],[4],[4],[6],on_time -> on_time
IN:mom:Factory_Import_CN:EVmaker_Import,EVmaker_Import:BKK:2026-W15:00019,4,[4],[4],[4],[6],on_time -> on_time
IN:mom:Factory_Import_CN:EVmaker_Import,EVmaker_Import:BKK:2026-W15:00020,4,[4],[4],[4],[6],on_time -> on_time
IN:mom:Factory_Import_CN:EVmaker_Import,EVmaker_Import:BKK:2026-W15:00021,4,[4],[4],[4],[6],on_time -> on_time
IN:mom:Factory_Import_CN:EVmaker_Import,EVmaker_Import:BKK:2026-W15:00022,4,[4],[4],[4],[6],on_time -> on_time
IN:mom:Factory_Import_CN:EVmaker_Import,EVmaker_Import:BKK:2026-W15:00023,4,[4],[4],[4],[6],on_time -> on_time
IN:mom:Factory_Import_CN:EVmaker_Import,EVmaker_Import:BKK:2026-W15:00024,4,[4],[4],[4],[6],on_time -> on_time
IN:mom:Factory_Import_CN:EVmaker_Import,EVmaker_Import:BKK:2026-W15:00025,4,[4],[4],[4],[6],on_time -> on_time
IN:mom:Factory_Import_CN:EVmaker_Import,EVmaker_Import:BKK:2026-W15:00026,4,[4],[4],[4],[6],on_time -> on_time
IN:mom:Factory_Import_CN:EVmaker_Import,EVmaker_Import:BKK:2026-W15:00027,4,[4],[4],[4],[6],on_time -> on_time
IN:mom:Factory_Import_CN:EVmaker_Import,EVmaker_Import:BKK:2026-W15:00028,4,[4],[4],[4],[6],on_time -> on_time
IN:mom:Factory_Import_CN:EVmaker_Import,EVmaker_Import:BKK:2026-W15:00029,4,[4],[4],[4],[6],on_time -> on_time
IN:mom:Factory_Import_CN:EVmaker_Import,EVmaker_Import:BKK:2026-W15:00030,4,[4],[4],[4],[6],on_time -> on_time
IN:mom:Factory_Import_CN:EVmaker_Import,EVmaker_Import:BKK:2026-W15:00031,4,[4],[4],[4],[6],on_time -> on_time
IN:mom:Factory_Import_CN:EVmaker_Import,EVmaker_Import:BKK:2026-W15:00032,4,[4],[4],[4],[6],on_time -> on_time
IN:mom:Factory_Import_CN:EVmaker_Import,EVmaker_Import:BKK:2026-W15:00033,4,[4],[4],[4],[6],on_time -> on_time
IN:mom:Factory_Import_CN:EVmaker_Import,EVmaker_Import:BKK:2026-W15:00034,4,[4],[4],[4],[6],on_time -> on_time
IN:mom:Factory_Import_CN:EVmaker_Import,EVmaker_Import:BKK:2026-W15:00035,4,[4],[4],[4],[6],on_time -> on_time
IN:mom:Factory_Import_CN:EVmaker_Import,EVmaker_Import:BKK:2026-W15:00036,4,[4],[4],[4],[6],on_time -> on_time
IN:mom:Factory_Import_CN:EVmaker_Import,EVmaker_Import:BKK:2026-W15:00037,4,[4],[4],[4],[6],on_time -> on_time
IN:mom:Factory_Import_CN:EVmaker_Import,EVmaker_Import:BKK:2026-W15:00038,4,[4],[4],[4],[6],on_time -> on_time
IN:mom:Factory_Import_CN:EVmaker_Import,EVmaker_Import:BKK:2026-W15:00039,4,[4],[4],[4],[6],on_time -> on_time
IN:mom:Factory_Import_CN:EVmaker_Import,EVmaker_Import:BKK:2026-W15:00040,4,[4],[4],[4],[6],on_time -> on_time
IN:mom:Factory_Import_CN:EVmaker_Import,EVmaker_Import:ONL:2026-W15:00001,4,[4],[4],[4],[6],on_time -> on_time
IN:mom:Factory_Import_CN:EVmaker_Import,EVmaker_Import:ONL:2026-W15:00002,4,[4],[4],[4],[6],on_time -> on_time
IN:mom:Factory_Import_CN:EVmaker_Import,EVmaker_Import:ONL:2026-W15:00003,4,[4],[4],[4],[6],on_time -> on_time
IN:mom:Factory_Import_CN:EVmaker_Import,EVmaker_Import:ONL:2026-W15:00004,4,[4],[4],[4],[6],on_time -> on_time
IN:mom:Factory_Import_CN:EVmaker_Import,EVmaker_Import:ONL:2026-W15:00005,4,[4],[4],[4],[6],on_time -> on_time
IN:mom:Factory_Import_CN:EVmaker_Import,EVmaker_Import:ONL:2026-W15:00006,4,[4],[4],[4],[6],on_time -> on_time
IN:mom:Factory_Import_CN:EVmaker_Import,EVmaker_Import:ONL:2026-W15:00007,4,[4],[4],[4],[6],on_time -> on_time
IN:mom:Factory_Import_CN:EVmaker_Import,EVmaker_Import:ONL:2026-W15:00008,4,[4],[4],[4],[6],on_time -> on_time
IN:mom:Factory_Import_CN:EVmaker_Import,EVmaker_Import:PRO:2026-W16:00001,4,[4],[4],[4],[6],on_time -> on_time
IN:mom:Factory_Import_CN:EVmaker_Import,EVmaker_Import:PRO:2026-W16:00002,4,[4],[4],[4],[6],on_time -> on_time
IN:mom:Factory_Import_CN:EVmaker_Import,EVmaker_Import:PRO:2026-W16:00003,4,[4],[4],[4],[6],on_time -> on_time
IN:mom:Factory_Import_CN:EVmaker_Import,EVmaker_Import:PRO:2026-W16:00004,4,[4],[4],[4],[6],on_time -> on_time
IN:mom:Factory_Import_CN:EVmaker_Import,EVmaker_Import:PRO:2026-W16:00005,4,[4],[4],[4],[6],on_time -> on_time
IN:mom:Factory_Import_CN:EVmaker_Import,EVmaker_Import:PRO:2026-W16:00006,4,[4],[4],[4],[6],on_time -> on_time
IN:mom:Factory_Import_CN:EVmaker_Import,EVmaker_Import:PRO:2026-W16:00007,4,[4],[4],[4],[6],on_time -> on_time
IN:mom:Factory_Import_CN:EVmaker_Import,EVmaker_Import:PRO:2026-W16:00008,4,[4],[4],[4],[6],on_time -> on_time
IN:mom:Factory_Import_CN:EVmaker_Import,EVmaker_Import:PRO:2026-W16:00009,4,[4],[4],[4],[6],on_time -> on_time
IN:mom:Factory_Import_CN:EVmaker_Import,EVmaker_Import:PRO:2026-W16:00010,4,[4],[4],[4],[6],on_time -> on_time
IN:mom:Factory_Import_CN:EVmaker_Import,EVmaker_Import:PRO:2026-W16:00011,4,[4],[4],[4],[6],on_time -> on_time
IN:mom:Factory_Import_CN:EVmaker_Import,EVmaker_Import:PRO:2026-W16:00012,4,[4],[4],[4],[6],on_time -> on_time
IN:mom:Factory_Import_CN:EVmaker_Import,EVmaker_Import:PRO:2026-W16:00013,4,[4],[4],[4],[6],on_time -> on_time
IN:mom:Factory_Import_CN:EVmaker_Import,EVmaker_Import:PRO:2026-W16:00014,4,[4],[4],[4],[6],on_time -> on_time
IN:mom:Factory_Import_CN:EVmaker_Import,EVmaker_Import:PRO:2026-W16:00015,4,[4],[4],[4],[6],on_time -> on_time
IN:mom:Factory_Import_CN:EVmaker_Import,EVmaker_Import:PRO:2026-W16:00016,4,[4],[4],[4],[6],on_time -> on_time
IN:mom:Factory_Import_CN:EVmaker_Import,EVmaker_Import:PRO:2026-W16:00017,4,[4],[4],[4],[6],on_time -> on_time
IN:mom:Factory_Import_CN:EVmaker_Import,EVmaker_Import:PRO:2026-W16:00018,4,[4],[4],[4],[6],on_time -> on_time
IN:mom:Factory_Import_CN:EVmaker_Import,EVmaker_Import:PRO:2026-W16:00019,4,[4],[4],[4],[6],on_time -> on_time
IN:mom:Factory_Import_CN:EVmaker_Import,EVmaker_Import:PRO:2026-W16:00020,4,[4],[4],[4],[6],on_time -> on_time
IN:mom:Factory_Import_CN:EVmaker_Import,EVmaker_Import:PRO:2026-W16:00021,4,[4],[4],[4],[6],on_time -> on_time
IN:mom:Factory_Import_CN:EVmaker_Import,EVmaker_Import:PRO:2026-W16:00022,4,[4],[4],[4],[6],on_time -> on_time
IN:mom:Factory_Import_CN:EVmaker_Import,EVmaker_Import:PRO:2026-W16:00023,4,[4],[4],[4],[6],on_time -> on_time
IN:mom:Factory_Import_CN:EVmaker_Import,EVmaker_Import:PRO:2026-W16:00024,4,[4],[4],[4],[6],on_time -> on_time
IN:mom:Factory_Import_CN:EVmaker_Import,EVmaker_Import:PRO:2026-W16:00025,4,[4],[4],[4],[6],on_time -> on_time
IN:mom:Factory_Import_CN:EVmaker_Import,EVmaker_Import:PRO:2026-W16:00026,4,[4],[4],[4],[6],on_time -> on_time
IN:mom:Factory_Import_CN:EVmaker_Import,EVmaker_Import:PRO:2026-W16:00027,4,[4],[4],[4],[6],on_time -> on_time
IN:mom:Factory_Import_CN:EVmaker_Import,EVmaker_Import:PRO:2026-W16:00028,4,[4],[4],[4],[6],on_time -> on_time
IN:mom:Factory_Import_CN:EVmaker_Import,EVmaker_Import:PRO:2026-W16:00029,4,[4],[4],[4],[6],on_time -> on_time
IN:mom:Factory_Import_CN:EVmaker_Import,EVmaker_Import:PRO:2026-W16:00030,4,[4],[4],[4],[6],on_time -> on_time
IN:mom:Factory_Import_CN:EVmaker_Import,EVmaker_Import:PRO:2026-W16:00031,4,[4],[4],[4],[6],on_time -> on_time
IN:mom:Factory_Import_CN:EVmaker_Import,EVmaker_Import:PRO:2026-W16:00032,4,[4],[4],[4],[6],on_time -> on_time
IN:mom:Factory_Import_CN:EVmaker_Import,EVmaker_Import:PRO:2026-W16:00033,4,[4],[4],[4],[6],on_time -> on_time
IN:mom:Factory_Import_CN:EVmaker_Import,EVmaker_Import:PRO:2026-W16:00034,4,[4],[4],[4],[6],on_time -> on_time
IN:mom:Factory_Import_CN:EVmaker_Import,EVmaker_Import:PRO:2026-W16:00035,4,[4],[4],[4],[6],on_time -> on_time
IN:mom:Factory_Import_CN:EVmaker_Import,EVmaker_Import:PRO:2026-W16:00036,4,[4],[4],[4],[6],on_time -> on_time
IN:mom:Factory_Import_CN:EVmaker_Import,EVmaker_Import:PRO:2026-W16:00037,4,[4],[4],[4],[6],on_time -> on_time
IN:mom:Factory_Import_CN:EVmaker_Import,EVmaker_Import:PRO:2026-W16:00038,4,[4],[4],[4],[6],on_time -> on_time
IN:mom:Factory_Import_CN:EVmaker_Import,EVmaker_Import:PRO:2026-W16:00039,4,[4],[4],[4],[6],on_time -> on_time
IN:mom:Factory_Import_CN:EVmaker_Import,EVmaker_Import:PRO:2026-W16:00040,4,[4],[4],[4],[6],on_time -> on_time
OUT:leaf_out:BKK:EVmaker_Import,EVmaker_Import:BKK:2026-W06:00001,4,[4],[],[4],[],on_time -> backlog
OUT:leaf_out:BKK:EVmaker_Import,EVmaker_Import:BKK:2026-W06:00002,4,[4],[],[4],[],on_time -> backlog
OUT:leaf_out:BKK:EVmaker_Import,EVmaker_Import:BKK:2026-W06:00003,4,[4],[],[4],[],on_time -> backlog
OUT:leaf_out:BKK:EVmaker_Import,EVmaker_Import:BKK:2026-W06:00004,4,[4],[],[4],[],on_time -> backlog
OUT:leaf_out:BKK:EVmaker_Import,EVmaker_Import:BKK:2026-W06:00005,4,[4],[],[4],[],on_time -> backlog
OUT:leaf_out:BKK:EVmaker_Import,EVmaker_Import:BKK:2026-W06:00006,4,[4],[],[4],[],on_time -> backlog
OUT:leaf_out:BKK:EVmaker_Import,EVmaker_Import:BKK:2026-W06:00007,4,[4],[],[4],[],on_time -> backlog
OUT:leaf_out:BKK:EVmaker_Import,EVmaker_Import:BKK:2026-W06:00008,4,[4],[],[4],[],on_time -> backlog
OUT:leaf_out:BKK:EVmaker_Import,EVmaker_Import:BKK:2026-W06:00009,4,[4],[],[4],[],on_time -> backlog
OUT:leaf_out:BKK:EVmaker_Import,EVmaker_Import:BKK:2026-W06:00010,4,[4],[],[4],[],on_time -> backlog
OUT:leaf_out:BKK:EVmaker_Import,EVmaker_Import:BKK:2026-W06:00011,4,[4],[],[4],[],on_time -> backlog
OUT:leaf_out:BKK:EVmaker_Import,EVmaker_Import:BKK:2026-W06:00012,4,[4],[],[4],[],on_time -> backlog
OUT:leaf_out:BKK:EVmaker_Import,EVmaker_Import:BKK:2026-W06:00013,4,[4],[],[4],[],on_time -> backlog
OUT:leaf_out:BKK:EVmaker_Import,EVmaker_Import:BKK:2026-W06:00014,4,[4],[],[4],[],on_time -> backlog
OUT:leaf_out:BKK:EVmaker_Import,EVmaker_Import:BKK:2026-W06:00015,4,[4],[],[4],[],on_time -> backlog
OUT:leaf_out:BKK:EVmaker_Import,EVmaker_Import:BKK:2026-W06:00016,4,[4],[],[4],[],on_time -> backlog
OUT:leaf_out:BKK:EVmaker_Import,EVmaker_Import:BKK:2026-W06:00017,4,[4],[],[4],[],on_time -> backlog
OUT:leaf_out:BKK:EVmaker_Import,EVmaker_Import:BKK:2026-W06:00018,4,[4],[],[4],[],on_time -> backlog
OUT:leaf_out:BKK:EVmaker_Import,EVmaker_Import:BKK:2026-W06:00019,4,[4],[],[4],[],on_time -> backlog
OUT:leaf_out:BKK:EVmaker_Import,EVmaker_Import:BKK:2026-W06:00020,4,[4],[],[4],[],on_time -> backlog
OUT:leaf_out:BKK:EVmaker_Import,EVmaker_Import:BKK:2026-W06:00021,4,[4],[],[4],[],on_time -> backlog
OUT:leaf_out:BKK:EVmaker_Import,EVmaker_Import:BKK:2026-W06:00022,4,[4],[],[4],[],on_time -> backlog
OUT:leaf_out:BKK:EVmaker_Import,EVmaker_Import:BKK:2026-W06:00023,4,[4],[],[4],[],on_time -> backlog
OUT:leaf_out:BKK:EVmaker_Import,EVmaker_Import:BKK:2026-W06:00024,4,[4],[],[4],[],on_time -> backlog
OUT:leaf_out:BKK:EVmaker_Import,EVmaker_Import:BKK:2026-W06:00025,4,[4],[],[4],[],on_time -> backlog
OUT:leaf_out:BKK:EVmaker_Import,EVmaker_Import:BKK:2026-W06:00026,4,[4],[],[4],[],on_time -> backlog
OUT:leaf_out:BKK:EVmaker_Import,EVmaker_Import:BKK:2026-W06:00027,4,[4],[],[4],[],on_time -> backlog
OUT:leaf_out:BKK:EVmaker_Import,EVmaker_Import:BKK:2026-W06:00028,4,[4],[],[4],[],on_time -> backlog
OUT:leaf_out:BKK:EVmaker_Import,EVmaker_Import:BKK:2026-W06:00029,4,[4],[],[4],[],on_time -> backlog
OUT:leaf_out:BKK:EVmaker_Import,EVmaker_Import:BKK:2026-W06:00030,4,[4],[],[4],[],on_time -> backlog
OUT:leaf_out:BKK:EVmaker_Import,EVmaker_Import:BKK:2026-W06:00031,4,[4],[],[4],[],on_time -> backlog
OUT:leaf_out:BKK:EVmaker_Import,EVmaker_Import:BKK:2026-W06:00032,4,[4],[],[4],[],on_time -> backlog
OUT:leaf_out:BKK:EVmaker_Import,EVmaker_Import:BKK:2026-W06:00033,4,[4],[],[4],[],on_time -> backlog
OUT:leaf_out:BKK:EVmaker_Import,EVmaker_Import:BKK:2026-W06:00034,4,[4],[],[4],[],on_time -> backlog
OUT:leaf_out:BKK:EVmaker_Import,EVmaker_Import:BKK:2026-W06:00035,4,[4],[],[4],[],on_time -> backlog
OUT:leaf_out:BKK:EVmaker_Import,EVmaker_Import:BKK:2026-W06:00036,4,[4],[],[4],[],on_time -> backlog
OUT:leaf_out:BKK:EVmaker_Import,EVmaker_Import:BKK:2026-W06:00037,4,[4],[],[4],[],on_time -> backlog
OUT:leaf_out:BKK:EVmaker_Import,EVmaker_Import:BKK:2026-W06:00038,4,[4],[],[4],[],on_time -> backlog
OUT:leaf_out:BKK:EVmaker_Import,EVmaker_Import:BKK:2026-W06:00039,4,[4],[],[4],[],on_time -> backlog
OUT:leaf_out:BKK:EVmaker_Import,EVmaker_Import:BKK:2026-W06:00040,4,[4],[],[4],[],on_time -> backlog
OUT:leaf_out:BKK:EVmaker_Import,EVmaker_Import:BKK:2026-W06:00041,4,[4],[],[4],[],on_time -> backlog
OUT:leaf_out:BKK:EVmaker_Import,EVmaker_Import:BKK:2026-W06:00042,4,[4],[],[4],[],on_time -> backlog
OUT:leaf_out:BKK:EVmaker_Import,EVmaker_Import:BKK:2026-W06:00043,4,[4],[],[4],[],on_time -> backlog
OUT:leaf_out:BKK:EVmaker_Import,EVmaker_Import:BKK:2026-W06:00044,4,[4],[],[4],[],on_time -> backlog
OUT:leaf_out:BKK:EVmaker_Import,EVmaker_Import:BKK:2026-W06:00045,4,[4],[],[4],[],on_time -> backlog
OUT:leaf_out:BKK:EVmaker_Import,EVmaker_Import:BKK:2026-W06:00046,4,[4],[],[4],[],on_time -> backlog
OUT:leaf_out:BKK:EVmaker_Import,EVmaker_Import:BKK:2026-W06:00047,4,[4],[],[4],[],on_time -> backlog
OUT:leaf_out:BKK:EVmaker_Import,EVmaker_Import:BKK:2026-W06:00048,4,[4],[],[4],[],on_time -> backlog
OUT:leaf_out:BKK:EVmaker_Import,EVmaker_Import:BKK:2026-W06:00049,4,[4],[],[4],[],on_time -> backlog
OUT:leaf_out:BKK:EVmaker_Import,EVmaker_Import:BKK:2026-W06:00050,4,[4],[],[4],[],on_time -> backlog
OUT:leaf_out:BKK:EVmaker_Local,EVmaker_Local:BKK:2026-W06:00001,4,[4],[],[4],[],on_time -> backlog
OUT:leaf_out:BKK:EVmaker_Local,EVmaker_Local:BKK:2026-W06:00002,4,[4],[],[4],[],on_time -> backlog
OUT:leaf_out:BKK:EVmaker_Local,EVmaker_Local:BKK:2026-W06:00003,4,[4],[],[4],[],on_time -> backlog
OUT:leaf_out:BKK:EVmaker_Local,EVmaker_Local:BKK:2026-W06:00004,4,[4],[],[4],[],on_time -> backlog
OUT:leaf_out:BKK:EVmaker_Local,EVmaker_Local:BKK:2026-W06:00005,4,[4],[],[4],[],on_time -> backlog
OUT:leaf_out:BKK:EVmaker_Local,EVmaker_Local:BKK:2026-W06:00006,4,[4],[],[4],[],on_time -> backlog
OUT:leaf_out:BKK:EVmaker_Local,EVmaker_Local:BKK:2026-W06:00007,4,[4],[],[4],[],on_time -> backlog
OUT:leaf_out:BKK:EVmaker_Local,EVmaker_Local:BKK:2026-W06:00008,4,[4],[],[4],[],on_time -> backlog
OUT:leaf_out:BKK:EVmaker_Local,EVmaker_Local:BKK:2026-W06:00009,4,[4],[],[4],[],on_time -> backlog
OUT:leaf_out:BKK:EVmaker_Local,EVmaker_Local:BKK:2026-W06:00010,4,[4],[],[4],[],on_time -> backlog
OUT:leaf_out:BKK:EVmaker_Local,EVmaker_Local:BKK:2026-W06:00011,4,[4],[],[4],[],on_time -> backlog
OUT:leaf_out:BKK:EVmaker_Local,EVmaker_Local:BKK:2026-W06:00012,4,[4],[],[4],[],on_time -> backlog
OUT:leaf_out:BKK:EVmaker_Local,EVmaker_Local:BKK:2026-W06:00013,4,[4],[],[4],[],on_time -> backlog
OUT:leaf_out:BKK:EVmaker_Local,EVmaker_Local:BKK:2026-W06:00014,4,[4],[],[4],[],on_time -> backlog
OUT:leaf_out:BKK:EVmaker_Local,EVmaker_Local:BKK:2026-W06:00015,4,[4],[],[4],[],on_time -> backlog
OUT:leaf_out:BKK:EVmaker_Local,EVmaker_Local:BKK:2026-W06:00016,4,[4],[],[4],[],on_time -> backlog
OUT:leaf_out:BKK:EVmaker_Local,EVmaker_Local:BKK:2026-W06:00017,4,[4],[],[4],[],on_time -> backlog
OUT:leaf_out:BKK:EVmaker_Local,EVmaker_Local:BKK:2026-W06:00018,4,[4],[],[4],[],on_time -> backlog
OUT:leaf_out:BKK:EVmaker_Local,EVmaker_Local:BKK:2026-W06:00019,4,[4],[],[4],[],on_time -> backlog
OUT:leaf_out:BKK:EVmaker_Local,EVmaker_Local:BKK:2026-W06:00020,4,[4],[],[4],[],on_time -> backlog
OUT:leaf_out:BKK:EVmaker_Local,EVmaker_Local:BKK:2026-W06:00021,4,[4],[],[4],[],on_time -> backlog
OUT:leaf_out:BKK:EVmaker_Local,EVmaker_Local:BKK:2026-W06:00022,4,[4],[],[4],[],on_time -> backlog
OUT:leaf_out:BKK:EVmaker_Local,EVmaker_Local:BKK:2026-W06:00023,4,[4],[],[4],[],on_time -> backlog
OUT:leaf_out:BKK:EVmaker_Local,EVmaker_Local:BKK:2026-W06:00024,4,[4],[],[4],[],on_time -> backlog
OUT:leaf_out:BKK:EVmaker_Local,EVmaker_Local:BKK:2026-W06:00025,4,[4],[],[4],[],on_time -> backlog
OUT:leaf_out:BKK:EVmaker_Local,EVmaker_Local:BKK:2026-W06:00026,4,[4],[],[4],[],on_time -> backlog
OUT:leaf_out:BKK:EVmaker_Local,EVmaker_Local:BKK:2026-W06:00027,4,[4],[],[4],[],on_time -> backlog
OUT:leaf_out:BKK:EVmaker_Local,EVmaker_Local:BKK:2026-W06:00028,4,[4],[],[4],[],on_time -> backlog
OUT:leaf_out:BKK:EVmaker_Local,EVmaker_Local:BKK:2026-W06:00029,4,[4],[],[4],[],on_time -> backlog
OUT:leaf_out:BKK:EVmaker_Local,EVmaker_Local:BKK:2026-W06:00030,4,[4],[],[4],[],on_time -> backlog
OUT:leaf_out:BKK:EVmaker_Local,EVmaker_Local:BKK:2026-W06:00031,4,[4],[],[4],[],on_time -> backlog
OUT:leaf_out:BKK:EVmaker_Local,EVmaker_Local:BKK:2026-W06:00032,4,[4],[],[4],[],on_time -> backlog
OUT:leaf_out:BKK:EVmaker_Local,EVmaker_Local:BKK:2026-W06:00033,4,[4],[],[4],[],on_time -> backlog
OUT:leaf_out:BKK:EVmaker_Local,EVmaker_Local:BKK:2026-W06:00034,4,[4],[],[4],[],on_time -> backlog
OUT:leaf_out:BKK:EVmaker_Local,EVmaker_Local:BKK:2026-W06:00035,4,[4],[],[4],[],on_time -> backlog
OUT:leaf_out:BKK:EVmaker_Local,EVmaker_Local:BKK:2026-W06:00036,4,[4],[],[4],[],on_time -> backlog
OUT:leaf_out:BKK:EVmaker_Local,EVmaker_Local:BKK:2026-W06:00037,4,[4],[],[4],[],on_time -> backlog
OUT:leaf_out:BKK:EVmaker_Local,EVmaker_Local:BKK:2026-W06:00038,4,[4],[],[4],[],on_time -> backlog
OUT:leaf_out:BKK:EVmaker_Local,EVmaker_Local:BKK:2026-W06:00039,4,[4],[],[4],[],on_time -> backlog
OUT:leaf_out:BKK:EVmaker_Local,EVmaker_Local:BKK:2026-W06:00040,4,[4],[],[4],[],on_time -> backlog
OUT:leaf_out:BKK:EVmaker_Local,EVmaker_Local:BKK:2026-W06:00041,4,[4],[],[4],[],on_time -> backlog
OUT:leaf_out:BKK:EVmaker_Local,EVmaker_Local:BKK:2026-W06:00042,4,[4],[],[4],[],on_time -> backlog
OUT:leaf_out:BKK:EVmaker_Local,EVmaker_Local:BKK:2026-W06:00043,4,[4],[],[4],[],on_time -> backlog
OUT:leaf_out:BKK:EVmaker_Local,EVmaker_Local:BKK:2026-W06:00044,4,[4],[],[4],[],on_time -> backlog
OUT:leaf_out:BKK:EVmaker_Local,EVmaker_Local:BKK:2026-W06:00045,4,[4],[],[4],[],on_time -> backlog
OUT:leaf_out:BKK:EVmaker_Local,EVmaker_Local:BKK:2026-W06:00046,4,[4],[],[4],[],on_time -> backlog
OUT:leaf_out:BKK:EVmaker_Local,EVmaker_Local:BKK:2026-W06:00047,4,[4],[],[4],[],on_time -> backlog
OUT:leaf_out:BKK:EVmaker_Local,EVmaker_Local:BKK:2026-W06:00048,4,[4],[],[4],[],on_time -> backlog
OUT:leaf_out:BKK:EVmaker_Local,EVmaker_Local:BKK:2026-W06:00049,4,[4],[],[4],[],on_time -> backlog
OUT:leaf_out:BKK:EVmaker_Local,EVmaker_Local:BKK:2026-W06:00050,4,[4],[],[4],[],on_time -> backlog
OUT:leaf_out:BKK:EVmaker_Local,EVmaker_Local:BKK:2026-W06:00051,4,[4],[],[4],[],on_time -> backlog
OUT:leaf_out:BKK:EVmaker_Local,EVmaker_Local:BKK:2026-W06:00052,4,[4],[],[4],[],on_time -> backlog
OUT:leaf_out:BKK:EVmaker_Local,EVmaker_Local:BKK:2026-W06:00053,4,[4],[],[4],[],on_time -> backlog
OUT:leaf_out:BKK:EVmaker_Local,EVmaker_Local:BKK:2026-W06:00054,4,[4],[],[4],[],on_time -> backlog
OUT:leaf_out:BKK:EVmaker_Local,EVmaker_Local:BKK:2026-W06:00055,4,[4],[],[4],[],on_time -> backlog
OUT:leaf_out:BKK:EVmaker_Local,EVmaker_Local:BKK:2026-W06:00056,4,[4],[],[4],[],on_time -> backlog
OUT:leaf_out:BKK:EVmaker_Local,EVmaker_Local:BKK:2026-W06:00057,4,[4],[],[4],[],on_time -> backlog
OUT:leaf_out:BKK:EVmaker_Local,EVmaker_Local:BKK:2026-W06:00058,4,[4],[],[4],[],on_time -> backlog
OUT:leaf_out:BKK:EVmaker_Local,EVmaker_Local:BKK:2026-W06:00059,4,[4],[],[4],[],on_time -> backlog
OUT:leaf_out:BKK:EVmaker_Local,EVmaker_Local:BKK:2026-W06:00060,4,[4],[],[4],[],on_time -> backlog
OUT:leaf_out:BKK:EVmaker_Local,EVmaker_Local:BKK:2026-W06:00061,4,[4],[],[4],[],on_time -> backlog
OUT:leaf_out:BKK:EVmaker_Local,EVmaker_Local:BKK:2026-W06:00062,4,[4],[],[4],[],on_time -> backlog
OUT:leaf_out:BKK:EVmaker_Local,EVmaker_Local:BKK:2026-W06:00063,4,[4],[],[4],[],on_time -> backlog
OUT:leaf_out:BKK:EVmaker_Local,EVmaker_Local:BKK:2026-W06:00064,4,[4],[],[4],[],on_time -> backlog
OUT:leaf_out:BKK:EVmaker_Local,EVmaker_Local:BKK:2026-W06:00065,4,[4],[],[4],[],on_time -> backlog
OUT:leaf_out:BKK:EVmaker_Local,EVmaker_Local:BKK:2026-W06:00066,4,[4],[],[4],[],on_time -> backlog
OUT:leaf_out:BKK:EVmaker_Local,EVmaker_Local:BKK:2026-W06:00067,4,[4],[],[4],[],on_time -> backlog
OUT:leaf_out:BKK:EVmaker_Local,EVmaker_Local:BKK:2026-W06:00068,4,[4],[],[4],[],on_time -> backlog
OUT:leaf_out:BKK:EVmaker_Local,EVmaker_Local:BKK:2026-W06:00069,4,[4],[],[4],[],on_time -> backlog
OUT:leaf_out:BKK:EVmaker_Local,EVmaker_Local:BKK:2026-W06:00070,4,[4],[],[4],[],on_time -> backlog
OUT:leaf_out:BKK:EVmaker_Local,EVmaker_Local:BKK:2026-W06:00071,4,[4],[],[4],[],on_time -> backlog
OUT:leaf_out:BKK:EVmaker_Local,EVmaker_Local:BKK:2026-W06:00072,4,[4],[],[4],[],on_time -> backlog
OUT:leaf_out:BKK:EVmaker_Local,EVmaker_Local:BKK:2026-W06:00073,4,[4],[],[4],[],on_time -> backlog
OUT:leaf_out:BKK:EVmaker_Local,EVmaker_Local:BKK:2026-W06:00074,4,[4],[],[4],[],on_time -> backlog
OUT:leaf_out:BKK:EVmaker_Local,EVmaker_Local:BKK:2026-W06:00075,4,[4],[],[4],[],on_time -> backlog
OUT:leaf_out:BKK:EVmaker_Local,EVmaker_Local:BKK:2026-W06:00076,4,[4],[],[4],[],on_time -> backlog
OUT:leaf_out:BKK:EVmaker_Local,EVmaker_Local:BKK:2026-W06:00077,4,[4],[],[4],[],on_time -> backlog
OUT:leaf_out:BKK:EVmaker_Local,EVmaker_Local:BKK:2026-W06:00078,4,[4],[],[4],[],on_time -> backlog
OUT:leaf_out:BKK:EVmaker_Local,EVmaker_Local:BKK:2026-W06:00079,4,[4],[],[4],[],on_time -> backlog
OUT:leaf_out:BKK:EVmaker_Local,EVmaker_Local:BKK:2026-W06:00080,4,[4],[],[4],[],on_time -> backlog
OUT:leaf_out:BKK:EVmaker_Local,EVmaker_Local:BKK:2026-W06:00081,4,[4],[],[4],[],on_time -> backlog
OUT:leaf_out:BKK:EVmaker_Local,EVmaker_Local:BKK:2026-W06:00082,4,[4],[],[4],[],on_time -> backlog
OUT:leaf_out:BKK:EVmaker_Local,EVmaker_Local:BKK:2026-W06:00083,4,[4],[],[4],[],on_time -> backlog
OUT:leaf_out:BKK:EVmaker_Local,EVmaker_Local:BKK:2026-W06:00084,4,[4],[],[4],[],on_time -> backlog
OUT:leaf_out:BKK:EVmaker_Local,EVmaker_Local:BKK:2026-W06:00085,4,[4],[],[4],[],on_time -> backlog
OUT:leaf_out:BKK:EVmaker_Local,EVmaker_Local:BKK:2026-W06:00086,4,[4],[],[4],[],on_time -> backlog
OUT:leaf_out:BKK:EVmaker_Local,EVmaker_Local:BKK:2026-W06:00087,4,[4],[],[4],[],on_time -> backlog
OUT:leaf_out:BKK:EVmaker_Local,EVmaker_Local:BKK:2026-W06:00088,4,[4],[],[4],[],on_time -> backlog
OUT:leaf_out:BKK:EVmaker_Local,EVmaker_Local:BKK:2026-W06:00089,4,[4],[],[4],[],on_time -> backlog
OUT:leaf_out:BKK:EVmaker_Local,EVmaker_Local:BKK:2026-W06:00090,4,[4],[],[4],[],on_time -> backlog
OUT:leaf_out:BKK:EVmaker_Local,EVmaker_Local:BKK:2026-W06:00091,4,[4],[],[4],[],on_time -> backlog
OUT:leaf_out:BKK:EVmaker_Local,EVmaker_Local:BKK:2026-W06:00092,4,[4],[],[4],[],on_time -> backlog
OUT:leaf_out:BKK:EVmaker_Local,EVmaker_Local:BKK:2026-W06:00093,4,[4],[],[4],[],on_time -> backlog
OUT:leaf_out:BKK:EVmaker_Local,EVmaker_Local:BKK:2026-W06:00094,4,[4],[],[4],[],on_time -> backlog
OUT:leaf_out:BKK:EVmaker_Local,EVmaker_Local:BKK:2026-W06:00095,4,[4],[],[4],[],on_time -> backlog
OUT:leaf_out:BKK:EVmaker_Local,EVmaker_Local:BKK:2026-W06:00096,4,[4],[],[4],[],on_time -> backlog
OUT:leaf_out:BKK:EVmaker_Local,EVmaker_Local:BKK:2026-W06:00097,4,[4],[],[4],[],on_time -> backlog
OUT:leaf_out:BKK:EVmaker_Local,EVmaker_Local:BKK:2026-W06:00098,4,[4],[],[4],[],on_time -> backlog
OUT:leaf_out:BKK:EVmaker_Local,EVmaker_Local:BKK:2026-W06:00099,4,[4],[],[4],[],on_time -> backlog
OUT:leaf_out:BKK:EVmaker_Local,EVmaker_Local:BKK:2026-W06:00100,4,[4],[],[4],[],on_time -> backlog
OUT:leaf_out:BKK:EVmaker_Local,EVmaker_Local:BKK:2026-W06:00101,4,[4],[],[4],[],on_time -> backlog
OUT:leaf_out:BKK:EVmaker_Local,EVmaker_Local:BKK:2026-W06:00102,4,[4],[],[4],[],on_time -> backlog
OUT:leaf_out:BKK:EVmaker_Local,EVmaker_Local:BKK:2026-W06:00103,4,[4],[],[4],[],on_time -> backlog
OUT:leaf_out:BKK:EVmaker_Local,EVmaker_Local:BKK:2026-W06:00104,4,[4],[],[4],[],on_time -> backlog
OUT:leaf_out:BKK:EVmaker_Local,EVmaker_Local:BKK:2026-W06:00105,4,[4],[],[4],[],on_time -> backlog
OUT:leaf_out:BKK:EVmaker_Local,EVmaker_Local:BKK:2026-W06:00106,4,[4],[],[4],[],on_time -> backlog
OUT:leaf_out:BKK:EVmaker_Local,EVmaker_Local:BKK:2026-W06:00107,4,[4],[],[4],[],on_time -> backlog
OUT:leaf_out:BKK:EVmaker_Local,EVmaker_Local:BKK:2026-W06:00108,4,[4],[],[4],[],on_time -> backlog
OUT:leaf_out:BKK:EVmaker_Local,EVmaker_Local:BKK:2026-W06:00109,4,[4],[],[4],[],on_time -> backlog
OUT:leaf_out:BKK:EVmaker_Local,EVmaker_Local:BKK:2026-W06:00110,4,[4],[],[4],[],on_time -> backlog
OUT:leaf_out:BKK:EVmaker_Local,EVmaker_Local:BKK:2026-W06:00111,4,[4],[],[4],[],on_time -> backlog
OUT:leaf_out:BKK:EVmaker_Local,EVmaker_Local:BKK:2026-W06:00112,4,[4],[],[4],[],on_time -> backlog
OUT:leaf_out:BKK:EVmaker_Local,EVmaker_Local:BKK:2026-W06:00113,4,[4],[],[4],[],on_time -> backlog
OUT:leaf_out:BKK:EVmaker_Local,EVmaker_Local:BKK:2026-W06:00114,4,[4],[],[4],[],on_time -> backlog
OUT:leaf_out:BKK:EVmaker_Local,EVmaker_Local:BKK:2026-W06:00115,4,[4],[],[4],[],on_time -> backlog
OUT:leaf_out:BKK:EVmaker_Local,EVmaker_Local:BKK:2026-W06:00116,4,[4],[],[4],[],on_time -> backlog
OUT:leaf_out:BKK:EVmaker_Local,EVmaker_Local:BKK:2026-W06:00117,4,[4],[],[4],[],on_time -> backlog
OUT:leaf_out:BKK:EVmaker_Local,EVmaker_Local:BKK:2026-W06:00118,4,[4],[],[4],[],on_time -> backlog
OUT:leaf_out:BKK:EVmaker_Local,EVmaker_Local:BKK:2026-W06:00119,4,[4],[],[4],[],on_time -> backlog
OUT:leaf_out:BKK:EVmaker_Local,EVmaker_Local:BKK:2026-W06:00120,4,[4],[],[4],[],on_time -> backlog
OUT:leaf_out:BKK:EVmaker_Local,EVmaker_Local:BKK:2026-W06:00121,4,[4],[],[4],[],on_time -> backlog
OUT:leaf_out:BKK:EVmaker_Local,EVmaker_Local:BKK:2026-W06:00122,4,[4],[],[4],[],on_time -> backlog
OUT:leaf_out:BKK:EVmaker_Local,EVmaker_Local:BKK:2026-W06:00123,4,[4],[],[4],[],on_time -> backlog
OUT:leaf_out:BKK:EVmaker_Local,EVmaker_Local:BKK:2026-W06:00124,4,[4],[],[4],[],on_time -> backlog
OUT:leaf_out:BKK:EVmaker_Local,EVmaker_Local:BKK:2026-W06:00125,4,[4],[],[4],[],on_time -> backlog
OUT:leaf_out:BKK:EVmaker_Local,EVmaker_Local:BKK:2026-W06:00126,4,[4],[],[4],[],on_time -> backlog
OUT:leaf_out:BKK:EVmaker_Local,EVmaker_Local:BKK:2026-W06:00127,4,[4],[],[4],[],on_time -> backlog
OUT:leaf_out:BKK:EVmaker_Local,EVmaker_Local:BKK:2026-W06:00128,4,[4],[],[4],[],on_time -> backlog
OUT:leaf_out:BKK:EVmaker_Local,EVmaker_Local:BKK:2026-W06:00129,4,[4],[],[4],[],on_time -> backlog
OUT:leaf_out:BKK:EVmaker_Local,EVmaker_Local:BKK:2026-W06:00130,4,[4],[],[4],[],on_time -> backlog
OUT:leaf_out:BKK:EVmaker_Local,EVmaker_Local:BKK:2026-W06:00131,4,[4],[],[4],[],on_time -> backlog
OUT:leaf_out:BKK:EVmaker_Local,EVmaker_Local:BKK:2026-W06:00132,4,[4],[],[4],[],on_time -> backlog
OUT:leaf_out:BKK:EVmaker_Local,EVmaker_Local:BKK:2026-W06:00133,4,[4],[],[4],[],on_time -> backlog
OUT:leaf_out:BKK:EVmaker_Local,EVmaker_Local:BKK:2026-W06:00134,4,[4],[],[4],[],on_time -> backlog
OUT:leaf_out:BKK:EVmaker_Local,EVmaker_Local:BKK:2026-W06:00135,4,[4],[],[4],[],on_time -> backlog
OUT:leaf_out:BKK:EVmaker_Local,EVmaker_Local:BKK:2026-W06:00136,4,[4],[],[4],[],on_time -> backlog
OUT:leaf_out:BKK:EVmaker_Local,EVmaker_Local:BKK:2026-W06:00137,4,[4],[],[4],[],on_time -> backlog
OUT:leaf_out:BKK:EVmaker_Local,EVmaker_Local:BKK:2026-W06:00138,4,[4],[],[4],[],on_time -> backlog
OUT:leaf_out:BKK:EVmaker_Local,EVmaker_Local:BKK:2026-W06:00139,4,[4],[],[4],[],on_time -> backlog
OUT:leaf_out:BKK:EVmaker_Local,EVmaker_Local:BKK:2026-W06:00140,4,[4],[],[4],[],on_time -> backlog
OUT:leaf_out:BKK:EVmaker_Local,EVmaker_Local:BKK:2026-W06:00141,4,[4],[],[4],[],on_time -> backlog
OUT:leaf_out:BKK:EVmaker_Local,EVmaker_Local:BKK:2026-W06:00142,4,[4],[],[4],[],on_time -> backlog
OUT:leaf_out:BKK:EVmaker_Local,EVmaker_Local:BKK:2026-W06:00143,4,[4],[],[4],[],on_time -> backlog
OUT:leaf_out:BKK:EVmaker_Local,EVmaker_Local:BKK:2026-W06:00144,4,[4],[],[4],[],on_time -> backlog
OUT:leaf_out:BKK:EVmaker_Local,EVmaker_Local:BKK:2026-W06:00145,4,[4],[],[4],[],on_time -> backlog
OUT:leaf_out:BKK:EVmaker_Local,EVmaker_Local:BKK:2026-W06:00146,4,[4],[],[4],[],on_time -> backlog
OUT:leaf_out:BKK:EVmaker_Local,EVmaker_Local:BKK:2026-W06:00147,4,[4],[],[4],[],on_time -> backlog
OUT:leaf_out:BKK:EVmaker_Local,EVmaker_Local:BKK:2026-W06:00148,4,[4],[],[4],[],on_time -> backlog
OUT:leaf_out:BKK:EVmaker_Local,EVmaker_Local:BKK:2026-W06:00149,4,[4],[],[4],[],on_time -> backlog
OUT:leaf_out:BKK:EVmaker_Local,EVmaker_Local:BKK:2026-W06:00150,4,[4],[],[4],[],on_time -> backlog
OUT:leaf_out:BKK:EVmaker_Local,EVmaker_Local:BKK:2026-W06:00151,4,[4],[],[4],[],on_time -> backlog
OUT:leaf_out:BKK:EVmaker_Local,EVmaker_Local:BKK:2026-W06:00152,4,[4],[],[4],[],on_time -> backlog
OUT:leaf_out:BKK:EVmaker_Local,EVmaker_Local:BKK:2026-W06:00153,4,[4],[],[4],[],on_time -> backlog
OUT:leaf_out:BKK:EVmaker_Local,EVmaker_Local:BKK:2026-W06:00154,4,[4],[],[4],[],on_time -> backlog
OUT:leaf_out:BKK:EVmaker_Local,EVmaker_Local:BKK:2026-W06:00155,4,[4],[],[4],[],on_time -> backlog
OUT:leaf_out:BKK:EVmaker_Local,EVmaker_Local:BKK:2026-W06:00156,4,[4],[],[4],[],on_time -> backlog
OUT:leaf_out:BKK:EVmaker_Local,EVmaker_Local:BKK:2026-W06:00157,4,[4],[],[4],[],on_time -> backlog
OUT:leaf_out:BKK:EVmaker_Local,EVmaker_Local:BKK:2026-W06:00158,4,[4],[],[4],[],on_time -> backlog
OUT:leaf_out:BKK:EVmaker_Local,EVmaker_Local:BKK:2026-W06:00159,4,[4],[],[4],[],on_time -> backlog
OUT:leaf_out:BKK:EVmaker_Local,EVmaker_Local:BKK:2026-W06:00160,4,[4],[],[4],[],on_time -> backlog
OUT:leaf_out:BKK:EVmaker_Local,EVmaker_Local:BKK:2026-W06:00161,4,[4],[],[4],[],on_time -> backlog
OUT:leaf_out:BKK:EVmaker_Local,EVmaker_Local:BKK:2026-W06:00162,4,[4],[],[4],[],on_time -> backlog
OUT:leaf_out:BKK:EVmaker_Local,EVmaker_Local:BKK:2026-W06:00163,4,[4],[],[4],[],on_time -> backlog
OUT:leaf_out:BKK:EVmaker_Local,EVmaker_Local:BKK:2026-W06:00164,4,[4],[],[4],[],on_time -> backlog
OUT:leaf_out:BKK:EVmaker_Local,EVmaker_Local:BKK:2026-W06:00165,4,[4],[],[4],[],on_time -> backlog
OUT:leaf_out:BKK:EVmaker_Local,EVmaker_Local:BKK:2026-W06:00166,4,[4],[],[4],[],on_time -> backlog
OUT:leaf_out:BKK:EVmaker_Local,EVmaker_Local:BKK:2026-W06:00167,4,[4],[],[4],[],on_time -> backlog
OUT:leaf_out:BKK:EVmaker_Local,EVmaker_Local:BKK:2026-W06:00168,4,[4],[],[4],[],on_time -> backlog
OUT:leaf_out:BKK:EVmaker_Local,EVmaker_Local:BKK:2026-W06:00169,4,[4],[],[4],[],on_time -> backlog
OUT:leaf_out:BKK:EVmaker_Local,EVmaker_Local:BKK:2026-W06:00170,4,[4],[],[4],[],on_time -> backlog
OUT:leaf_out:BKK:EVmaker_Local,EVmaker_Local:BKK:2026-W06:00171,4,[4],[],[4],[],on_time -> backlog
OUT:leaf_out:BKK:EVmaker_Local,EVmaker_Local:BKK:2026-W06:00172,4,[4],[],[4],[],on_time -> backlog
OUT:leaf_out:BKK:EVmaker_Local,EVmaker_Local:BKK:2026-W06:00173,4,[4],[],[4],[],on_time -> backlog
OUT:leaf_out:BKK:EVmaker_Local,EVmaker_Local:BKK:2026-W06:00174,4,[4],[],[4],[],on_time -> backlog
OUT:leaf_out:BKK:EVmaker_Local,EVmaker_Local:BKK:2026-W06:00175,4,[4],[],[4],[],on_time -> backlog
OUT:leaf_out:BKK:EVmaker_Local,EVmaker_Local:BKK:2026-W06:00176,4,[4],[],[4],[],on_time -> backlog
OUT:leaf_out:BKK:EVmaker_Local,EVmaker_Local:BKK:2026-W06:00177,4,[4],[],[4],[],on_time -> backlog
OUT:leaf_out:BKK:EVmaker_Local,EVmaker_Local:BKK:2026-W06:00178,4,[4],[],[4],[],on_time -> backlog
OUT:leaf_out:BKK:EVmaker_Local,EVmaker_Local:BKK:2026-W06:00179,4,[4],[],[4],[],on_time -> backlog
OUT:leaf_out:BKK:EVmaker_Local,EVmaker_Local:BKK:2026-W06:00180,4,[4],[],[4],[],on_time -> backlog
OUT:leaf_out:BKK:EVmaker_Local,EVmaker_Local:BKK:2026-W06:00181,4,[4],[],[4],[],on_time -> backlog
OUT:leaf_out:BKK:EVmaker_Local,EVmaker_Local:BKK:2026-W06:00182,4,[4],[],[4],[],on_time -> backlog
OUT:leaf_out:BKK:EVmaker_Local,EVmaker_Local:BKK:2026-W06:00183,4,[4],[],[4],[],on_time -> backlog
OUT:leaf_out:BKK:EVmaker_Local,EVmaker_Local:BKK:2026-W06:00184,4,[4],[],[4],[],on_time -> backlog
OUT:leaf_out:BKK:EVmaker_Local,EVmaker_Local:BKK:2026-W06:00185,4,[4],[],[4],[],on_time -> backlog
OUT:leaf_out:BKK:EVmaker_Local,EVmaker_Local:BKK:2026-W06:00186,4,[4],[],[4],[],on_time -> backlog
OUT:leaf_out:BKK:EVmaker_Local,EVmaker_Local:BKK:2026-W06:00187,4,[4],[],[4],[],on_time -> backlog
OUT:leaf_out:BKK:EVmaker_Local,EVmaker_Local:BKK:2026-W06:00188,4,[4],[],[4],[],on_time -> backlog
OUT:leaf_out:BKK:EVmaker_Local,EVmaker_Local:BKK:2026-W06:00189,4,[4],[],[4],[],on_time -> backlog
OUT:leaf_out:BKK:EVmaker_Local,EVmaker_Local:BKK:2026-W06:00190,4,[4],[],[4],[],on_time -> backlog
OUT:leaf_out:BKK:EVmaker_Local,EVmaker_Local:BKK:2026-W06:00191,4,[4],[],[4],[],on_time -> backlog
OUT:leaf_out:BKK:EVmaker_Local,EVmaker_Local:BKK:2026-W06:00192,4,[4],[],[4],[],on_time -> backlog
OUT:leaf_out:BKK:EVmaker_Local,EVmaker_Local:BKK:2026-W06:00193,4,[4],[],[4],[],on_time -> backlog
OUT:leaf_out:BKK:EVmaker_Local,EVmaker_Local:BKK:2026-W06:00194,4,[4],[],[4],[],on_time -> backlog
OUT:leaf_out:BKK:EVmaker_Local,EVmaker_Local:BKK:2026-W06:00195,4,[4],[],[4],[],on_time -> backlog
OUT:leaf_out:BKK:EVmaker_Local,EVmaker_Local:BKK:2026-W06:00196,4,[4],[],[4],[],on_time -> backlog
OUT:leaf_out:BKK:EVmaker_Local,EVmaker_Local:BKK:2026-W06:00197,4,[4],[],[4],[],on_time -> backlog
OUT:leaf_out:BKK:EVmaker_Local,EVmaker_Local:BKK:2026-W06:00198,4,[4],[],[4],[],on_time -> backlog
OUT:leaf_out:BKK:EVmaker_Local,EVmaker_Local:BKK:2026-W06:00199,4,[4],[],[4],[],on_time -> backlog
OUT:leaf_out:BKK:EVmaker_Local,EVmaker_Local:BKK:2026-W06:00200,4,[4],[],[4],[],on_time -> backlog
OUT:leaf_out:BKK:EVmaker_Local,EVmaker_Local:BKK:2026-W06:00201,4,[4],[],[4],[],on_time -> backlog
OUT:leaf_out:BKK:EVmaker_Local,EVmaker_Local:BKK:2026-W06:00202,4,[4],[],[4],[],on_time -> backlog
OUT:leaf_out:BKK:EVmaker_Local,EVmaker_Local:BKK:2026-W06:00203,4,[4],[],[4],[],on_time -> backlog
OUT:leaf_out:BKK:EVmaker_Local,EVmaker_Local:BKK:2026-W06:00204,4,[4],[],[4],[],on_time -> backlog
OUT:leaf_out:BKK:EVmaker_Local,EVmaker_Local:BKK:2026-W06:00205,4,[4],[],[4],[],on_time -> backlog
OUT:leaf_out:BKK:EVmaker_Local,EVmaker_Local:BKK:2026-W06:00206,4,[4],[],[4],[],on_time -> backlog
OUT:leaf_out:BKK:EVmaker_Local,EVmaker_Local:BKK:2026-W06:00207,4,[4],[],[4],[],on_time -> backlog
OUT:leaf_out:BKK:EVmaker_Local,EVmaker_Local:BKK:2026-W06:00208,4,[4],[],[4],[],on_time -> backlog
OUT:leaf_out:BKK:EVmaker_Local,EVmaker_Local:BKK:2026-W06:00209,4,[4],[],[4],[],on_time -> backlog
OUT:leaf_out:BKK:EVmaker_Local,EVmaker_Local:BKK:2026-W06:00210,4,[4],[],[4],[],on_time -> backlog
OUT:leaf_out:BKK:EVmaker_Local,EVmaker_Local:BKK:2026-W06:00211,4,[4],[],[4],[],on_time -> backlog
OUT:leaf_out:BKK:EVmaker_Local,EVmaker_Local:BKK:2026-W06:00212,4,[4],[],[4],[],on_time -> backlog
OUT:leaf_out:BKK:EVmaker_Local,EVmaker_Local:BKK:2026-W06:00213,4,[4],[],[4],[],on_time -> backlog
OUT:leaf_out:BKK:EVmaker_Local,EVmaker_Local:BKK:2026-W06:00214,4,[4],[],[4],[],on_time -> backlog
OUT:leaf_out:BKK:EVmaker_Local,EVmaker_Local:BKK:2026-W06:00215,4,[4],[],[4],[],on_time -> backlog
OUT:leaf_out:BKK:EVmaker_Local,EVmaker_Local:BKK:2026-W06:00216,4,[4],[],[4],[],on_time -> backlog
OUT:leaf_out:BKK:EVmaker_Local,EVmaker_Local:BKK:2026-W06:00217,4,[4],[],[4],[],on_time -> backlog
OUT:leaf_out:BKK:EVmaker_Local,EVmaker_Local:BKK:2026-W06:00218,4,[4],[],[4],[],on_time -> backlog
OUT:leaf_out:BKK:EVmaker_Local,EVmaker_Local:BKK:2026-W06:00219,4,[4],[],[4],[],on_time -> backlog
OUT:leaf_out:BKK:EVmaker_Local,EVmaker_Local:BKK:2026-W06:00220,4,[4],[],[4],[],on_time -> backlog
OUT:leaf_out:BKK:EVmaker_Local,EVmaker_Local:BKK:2026-W06:00221,4,[4],[],[4],[],on_time -> backlog
OUT:leaf_out:BKK:EVmaker_Local,EVmaker_Local:BKK:2026-W06:00222,4,[4],[],[4],[],on_time -> backlog
OUT:leaf_out:BKK:EVmaker_Local,EVmaker_Local:BKK:2026-W06:00223,4,[4],[],[4],[],on_time -> backlog
OUT:leaf_out:BKK:EVmaker_Local,EVmaker_Local:BKK:2026-W06:00224,4,[4],[],[4],[],on_time -> backlog
OUT:leaf_out:BKK:EVmaker_Local,EVmaker_Local:BKK:2026-W06:00225,4,[4],[],[4],[],on_time -> backlog
OUT:leaf_out:BKK:EVmaker_Local,EVmaker_Local:BKK:2026-W06:00226,4,[4],[],[4],[],on_time -> backlog
OUT:leaf_out:BKK:EVmaker_Local,EVmaker_Local:BKK:2026-W06:00227,4,[4],[],[4],[],on_time -> backlog
OUT:leaf_out:BKK:EVmaker_Local,EVmaker_Local:BKK:2026-W06:00228,4,[4],[],[4],[],on_time -> backlog
OUT:leaf_out:BKK:EVmaker_Local,EVmaker_Local:BKK:2026-W06:00229,4,[4],[],[4],[],on_time -> backlog
OUT:leaf_out:BKK:EVmaker_Local,EVmaker_Local:BKK:2026-W06:00230,4,[4],[],[4],[],on_time -> backlog
OUT:leaf_out:BKK:EVmaker_Local,EVmaker_Local:BKK:2026-W06:00231,4,[4],[],[4],[],on_time -> backlog
OUT:leaf_out:BKK:EVmaker_Local,EVmaker_Local:BKK:2026-W06:00232,4,[4],[],[4],[],on_time -> backlog
OUT:leaf_out:BKK:EVmaker_Local,EVmaker_Local:BKK:2026-W06:00233,4,[4],[],[4],[],on_time -> backlog
OUT:leaf_out:BKK:EVmaker_Local,EVmaker_Local:BKK:2026-W06:00234,4,[4],[],[4],[],on_time -> backlog
OUT:leaf_out:BKK:EVmaker_Local,EVmaker_Local:BKK:2026-W06:00235,4,[4],[],[4],[],on_time -> backlog
OUT:leaf_out:BKK:EVmaker_Local,EVmaker_Local:BKK:2026-W06:00236,4,[4],[],[4],[],on_time -> backlog
OUT:leaf_out:BKK:EVmaker_Local,EVmaker_Local:BKK:2026-W06:00237,4,[4],[],[4],[],on_time -> backlog
OUT:leaf_out:BKK:EVmaker_Local,EVmaker_Local:BKK:2026-W06:00238,4,[4],[],[4],[],on_time -> backlog
OUT:leaf_out:BKK:EVmaker_Local,EVmaker_Local:BKK:2026-W06:00239,4,[4],[],[4],[],on_time -> backlog
OUT:leaf_out:BKK:EVmaker_Local,EVmaker_Local:BKK:2026-W06:00240,4,[4],[],[4],[],on_time -> backlog
OUT:leaf_out:BKK:EVmaker_Local,EVmaker_Local:BKK:2026-W06:00241,4,[4],[],[4],[],on_time -> backlog
OUT:leaf_out:BKK:EVmaker_Local,EVmaker_Local:BKK:2026-W06:00242,4,[4],[],[4],[],on_time -> backlog
OUT:leaf_out:BKK:EVmaker_Local,EVmaker_Local:BKK:2026-W06:00243,4,[4],[],[4],[],on_time -> backlog
OUT:leaf_out:BKK:EVmaker_Local,EVmaker_Local:BKK:2026-W06:00244,4,[4],[],[4],[],on_time -> backlog
OUT:leaf_out:BKK:EVmaker_Local,EVmaker_Local:BKK:2026-W06:00245,4,[4],[],[4],[],on_time -> backlog
OUT:leaf_out:BKK:EVmaker_Local,EVmaker_Local:BKK:2026-W06:00246,4,[4],[],[4],[],on_time -> backlog
OUT:leaf_out:BKK:EVmaker_Local,EVmaker_Local:BKK:2026-W06:00247,4,[4],[],[4],[],on_time -> backlog
OUT:leaf_out:BKK:EVmaker_Local,EVmaker_Local:BKK:2026-W06:00248,4,[4],[],[4],[],on_time -> backlog
OUT:leaf_out:BKK:EVmaker_Local,EVmaker_Local:BKK:2026-W06:00249,4,[4],[],[4],[],on_time -> backlog
OUT:leaf_out:BKK:EVmaker_Local,EVmaker_Local:BKK:2026-W06:00250,4,[4],[],[4],[],on_time -> backlog
OUT:leaf_out:ONL:EVmaker_Import,EVmaker_Import:ONL:2026-W06:00001,4,[4],[],[4],[],on_time -> backlog
OUT:leaf_out:ONL:EVmaker_Import,EVmaker_Import:ONL:2026-W06:00002,4,[4],[],[4],[],on_time -> backlog
OUT:leaf_out:ONL:EVmaker_Import,EVmaker_Import:ONL:2026-W06:00003,4,[4],[],[4],[],on_time -> backlog
OUT:leaf_out:ONL:EVmaker_Import,EVmaker_Import:ONL:2026-W06:00004,4,[4],[],[4],[],on_time -> backlog
OUT:leaf_out:ONL:EVmaker_Import,EVmaker_Import:ONL:2026-W06:00005,4,[4],[],[4],[],on_time -> backlog
OUT:leaf_out:ONL:EVmaker_Import,EVmaker_Import:ONL:2026-W06:00006,4,[4],[],[4],[],on_time -> backlog
OUT:leaf_out:ONL:EVmaker_Import,EVmaker_Import:ONL:2026-W06:00007,4,[4],[],[4],[],on_time -> backlog
OUT:leaf_out:ONL:EVmaker_Import,EVmaker_Import:ONL:2026-W06:00008,4,[4],[],[4],[],on_time -> backlog
OUT:leaf_out:ONL:EVmaker_Import,EVmaker_Import:ONL:2026-W06:00009,4,[4],[],[4],[],on_time -> backlog
OUT:leaf_out:ONL:EVmaker_Import,EVmaker_Import:ONL:2026-W06:00010,4,[4],[],[4],[],on_time -> backlog
OUT:leaf_out:ONL:EVmaker_Local,EVmaker_Local:ONL:2026-W06:00001,4,[4],[],[4],[],on_time -> backlog
OUT:leaf_out:ONL:EVmaker_Local,EVmaker_Local:ONL:2026-W06:00002,4,[4],[],[4],[],on_time -> backlog
OUT:leaf_out:ONL:EVmaker_Local,EVmaker_Local:ONL:2026-W06:00003,4,[4],[],[4],[],on_time -> backlog
OUT:leaf_out:ONL:EVmaker_Local,EVmaker_Local:ONL:2026-W06:00004,4,[4],[],[4],[],on_time -> backlog
OUT:leaf_out:ONL:EVmaker_Local,EVmaker_Local:ONL:2026-W06:00005,4,[4],[],[4],[],on_time -> backlog
OUT:leaf_out:ONL:EVmaker_Local,EVmaker_Local:ONL:2026-W06:00006,4,[4],[],[4],[],on_time -> backlog
OUT:leaf_out:ONL:EVmaker_Local,EVmaker_Local:ONL:2026-W06:00007,4,[4],[],[4],[],on_time -> backlog
OUT:leaf_out:ONL:EVmaker_Local,EVmaker_Local:ONL:2026-W06:00008,4,[4],[],[4],[],on_time -> backlog
OUT:leaf_out:ONL:EVmaker_Local,EVmaker_Local:ONL:2026-W06:00009,4,[4],[],[4],[],on_time -> backlog
OUT:leaf_out:ONL:EVmaker_Local,EVmaker_Local:ONL:2026-W06:00010,4,[4],[],[4],[],on_time -> backlog
OUT:leaf_out:ONL:EVmaker_Local,EVmaker_Local:ONL:2026-W06:00011,4,[4],[],[4],[],on_time -> backlog
OUT:leaf_out:ONL:EVmaker_Local,EVmaker_Local:ONL:2026-W06:00012,4,[4],[],[4],[],on_time -> backlog
OUT:leaf_out:ONL:EVmaker_Local,EVmaker_Local:ONL:2026-W06:00013,4,[4],[],[4],[],on_time -> backlog
OUT:leaf_out:ONL:EVmaker_Local,EVmaker_Local:ONL:2026-W06:00014,4,[4],[],[4],[],on_time -> backlog
OUT:leaf_out:ONL:EVmaker_Local,EVmaker_Local:ONL:2026-W06:00015,4,[4],[],[4],[],on_time -> backlog
OUT:leaf_out:ONL:EVmaker_Local,EVmaker_Local:ONL:2026-W06:00016,4,[4],[],[4],[],on_time -> backlog
OUT:leaf_out:ONL:EVmaker_Local,EVmaker_Local:ONL:2026-W06:00017,4,[4],[],[4],[],on_time -> backlog
OUT:leaf_out:ONL:EVmaker_Local,EVmaker_Local:ONL:2026-W06:00018,4,[4],[],[4],[],on_time -> backlog
OUT:leaf_out:ONL:EVmaker_Local,EVmaker_Local:ONL:2026-W06:00019,4,[4],[],[4],[],on_time -> backlog
OUT:leaf_out:ONL:EVmaker_Local,EVmaker_Local:ONL:2026-W06:00020,4,[4],[],[4],[],on_time -> backlog
OUT:leaf_out:ONL:EVmaker_Local,EVmaker_Local:ONL:2026-W06:00021,4,[4],[],[4],[],on_time -> backlog
OUT:leaf_out:ONL:EVmaker_Local,EVmaker_Local:ONL:2026-W06:00022,4,[4],[],[4],[],on_time -> backlog
OUT:leaf_out:ONL:EVmaker_Local,EVmaker_Local:ONL:2026-W06:00023,4,[4],[],[4],[],on_time -> backlog
OUT:leaf_out:ONL:EVmaker_Local,EVmaker_Local:ONL:2026-W06:00024,4,[4],[],[4],[],on_time -> backlog
OUT:leaf_out:ONL:EVmaker_Local,EVmaker_Local:ONL:2026-W06:00025,4,[4],[],[4],[],on_time -> backlog
OUT:leaf_out:ONL:EVmaker_Local,EVmaker_Local:ONL:2026-W06:00026,4,[4],[],[4],[],on_time -> backlog
OUT:leaf_out:ONL:EVmaker_Local,EVmaker_Local:ONL:2026-W06:00027,4,[4],[],[4],[],on_time -> backlog
OUT:leaf_out:ONL:EVmaker_Local,EVmaker_Local:ONL:2026-W06:00028,4,[4],[],[4],[],on_time -> backlog
OUT:leaf_out:ONL:EVmaker_Local,EVmaker_Local:ONL:2026-W06:00029,4,[4],[],[4],[],on_time -> backlog
OUT:leaf_out:ONL:EVmaker_Local,EVmaker_Local:ONL:2026-W06:00030,4,[4],[],[4],[],on_time -> backlog
OUT:leaf_out:ONL:EVmaker_Local,EVmaker_Local:ONL:2026-W06:00031,4,[4],[],[4],[],on_time -> backlog
OUT:leaf_out:ONL:EVmaker_Local,EVmaker_Local:ONL:2026-W06:00032,4,[4],[],[4],[],on_time -> backlog
OUT:leaf_out:ONL:EVmaker_Local,EVmaker_Local:ONL:2026-W06:00033,4,[4],[],[4],[],on_time -> backlog
OUT:leaf_out:ONL:EVmaker_Local,EVmaker_Local:ONL:2026-W06:00034,4,[4],[],[4],[],on_time -> backlog
OUT:leaf_out:ONL:EVmaker_Local,EVmaker_Local:ONL:2026-W06:00035,4,[4],[],[4],[],on_time -> backlog
OUT:leaf_out:ONL:EVmaker_Local,EVmaker_Local:ONL:2026-W06:00036,4,[4],[],[4],[],on_time -> backlog
OUT:leaf_out:ONL:EVmaker_Local,EVmaker_Local:ONL:2026-W06:00037,4,[4],[],[4],[],on_time -> backlog
OUT:leaf_out:ONL:EVmaker_Local,EVmaker_Local:ONL:2026-W06:00038,4,[4],[],[4],[],on_time -> backlog
OUT:leaf_out:ONL:EVmaker_Local,EVmaker_Local:ONL:2026-W06:00039,4,[4],[],[4],[],on_time -> backlog
OUT:leaf_out:ONL:EVmaker_Local,EVmaker_Local:ONL:2026-W06:00040,4,[4],[],[4],[],on_time -> backlog
OUT:leaf_out:ONL:EVmaker_Local,EVmaker_Local:ONL:2026-W06:00041,4,[4],[],[4],[],on_time -> backlog
OUT:leaf_out:ONL:EVmaker_Local,EVmaker_Local:ONL:2026-W06:00042,4,[4],[],[4],[],on_time -> backlog
OUT:leaf_out:ONL:EVmaker_Local,EVmaker_Local:ONL:2026-W06:00043,4,[4],[],[4],[],on_time -> backlog
OUT:leaf_out:ONL:EVmaker_Local,EVmaker_Local:ONL:2026-W06:00044,4,[4],[],[4],[],on_time -> backlog
OUT:leaf_out:ONL:EVmaker_Local,EVmaker_Local:ONL:2026-W06:00045,4,[4],[],[4],[],on_time -> backlog
OUT:leaf_out:ONL:EVmaker_Local,EVmaker_Local:ONL:2026-W06:00046,4,[4],[],[4],[],on_time -> backlog
OUT:leaf_out:ONL:EVmaker_Local,EVmaker_Local:ONL:2026-W06:00047,4,[4],[],[4],[],on_time -> backlog
OUT:leaf_out:ONL:EVmaker_Local,EVmaker_Local:ONL:2026-W06:00048,4,[4],[],[4],[],on_time -> backlog
OUT:leaf_out:ONL:EVmaker_Local,EVmaker_Local:ONL:2026-W06:00049,4,[4],[],[4],[],on_time -> backlog
OUT:leaf_out:ONL:EVmaker_Local,EVmaker_Local:ONL:2026-W06:00050,4,[4],[],[4],[],on_time -> backlog
OUT:leaf_out:PRO:EVmaker_Import,EVmaker_Import:PRO:2026-W06:00001,4,[4],[],[4],[],on_time -> backlog
OUT:leaf_out:PRO:EVmaker_Import,EVmaker_Import:PRO:2026-W06:00002,4,[4],[],[4],[],on_time -> backlog
OUT:leaf_out:PRO:EVmaker_Import,EVmaker_Import:PRO:2026-W06:00003,4,[4],[],[4],[],on_time -> backlog
OUT:leaf_out:PRO:EVmaker_Import,EVmaker_Import:PRO:2026-W06:00004,4,[4],[],[4],[],on_time -> backlog
OUT:leaf_out:PRO:EVmaker_Import,EVmaker_Import:PRO:2026-W06:00005,4,[4],[],[4],[],on_time -> backlog
OUT:leaf_out:PRO:EVmaker_Import,EVmaker_Import:PRO:2026-W06:00006,4,[4],[],[4],[],on_time -> backlog
OUT:leaf_out:PRO:EVmaker_Import,EVmaker_Import:PRO:2026-W06:00007,4,[4],[],[4],[],on_time -> backlog
OUT:leaf_out:PRO:EVmaker_Import,EVmaker_Import:PRO:2026-W06:00008,4,[4],[],[4],[],on_time -> backlog
OUT:leaf_out:PRO:EVmaker_Import,EVmaker_Import:PRO:2026-W06:00009,4,[4],[],[4],[],on_time -> backlog
OUT:leaf_out:PRO:EVmaker_Import,EVmaker_Import:PRO:2026-W06:00010,4,[4],[],[4],[],on_time -> backlog
OUT:leaf_out:PRO:EVmaker_Import,EVmaker_Import:PRO:2026-W06:00011,4,[4],[],[4],[],on_time -> backlog
OUT:leaf_out:PRO:EVmaker_Import,EVmaker_Import:PRO:2026-W06:00012,4,[4],[],[4],[],on_time -> backlog
OUT:leaf_out:PRO:EVmaker_Import,EVmaker_Import:PRO:2026-W06:00013,4,[4],[],[4],[],on_time -> backlog
OUT:leaf_out:PRO:EVmaker_Import,EVmaker_Import:PRO:2026-W06:00014,4,[4],[],[4],[],on_time -> backlog
OUT:leaf_out:PRO:EVmaker_Import,EVmaker_Import:PRO:2026-W06:00015,4,[4],[],[4],[],on_time -> backlog
OUT:leaf_out:PRO:EVmaker_Import,EVmaker_Import:PRO:2026-W06:00016,4,[4],[],[4],[],on_time -> backlog
OUT:leaf_out:PRO:EVmaker_Import,EVmaker_Import:PRO:2026-W06:00017,4,[4],[],[4],[],on_time -> backlog
OUT:leaf_out:PRO:EVmaker_Import,EVmaker_Import:PRO:2026-W06:00018,4,[4],[],[4],[],on_time -> backlog
OUT:leaf_out:PRO:EVmaker_Import,EVmaker_Import:PRO:2026-W06:00019,4,[4],[],[4],[],on_time -> backlog
OUT:leaf_out:PRO:EVmaker_Import,EVmaker_Import:PRO:2026-W06:00020,4,[4],[],[4],[],on_time -> backlog
OUT:leaf_out:PRO:EVmaker_Import,EVmaker_Import:PRO:2026-W06:00021,4,[4],[],[4],[],on_time -> backlog
OUT:leaf_out:PRO:EVmaker_Import,EVmaker_Import:PRO:2026-W06:00022,4,[4],[],[4],[],on_time -> backlog
OUT:leaf_out:PRO:EVmaker_Import,EVmaker_Import:PRO:2026-W06:00023,4,[4],[],[4],[],on_time -> backlog
OUT:leaf_out:PRO:EVmaker_Import,EVmaker_Import:PRO:2026-W06:00024,4,[4],[],[4],[],on_time -> backlog
OUT:leaf_out:PRO:EVmaker_Import,EVmaker_Import:PRO:2026-W06:00025,4,[4],[],[4],[],on_time -> backlog
OUT:leaf_out:PRO:EVmaker_Import,EVmaker_Import:PRO:2026-W06:00026,4,[4],[],[4],[],on_time -> backlog
OUT:leaf_out:PRO:EVmaker_Import,EVmaker_Import:PRO:2026-W06:00027,4,[4],[],[4],[],on_time -> backlog
OUT:leaf_out:PRO:EVmaker_Import,EVmaker_Import:PRO:2026-W06:00028,4,[4],[],[4],[],on_time -> backlog
OUT:leaf_out:PRO:EVmaker_Import,EVmaker_Import:PRO:2026-W06:00029,4,[4],[],[4],[],on_time -> backlog
OUT:leaf_out:PRO:EVmaker_Import,EVmaker_Import:PRO:2026-W06:00030,4,[4],[],[4],[],on_time -> backlog
OUT:leaf_out:PRO:EVmaker_Import,EVmaker_Import:PRO:2026-W06:00031,4,[4],[],[4],[],on_time -> backlog
OUT:leaf_out:PRO:EVmaker_Import,EVmaker_Import:PRO:2026-W06:00032,4,[4],[],[4],[],on_time -> backlog
OUT:leaf_out:PRO:EVmaker_Import,EVmaker_Import:PRO:2026-W06:00033,4,[4],[],[4],[],on_time -> backlog
OUT:leaf_out:PRO:EVmaker_Import,EVmaker_Import:PRO:2026-W06:00034,4,[4],[],[4],[],on_time -> backlog
OUT:leaf_out:PRO:EVmaker_Import,EVmaker_Import:PRO:2026-W06:00035,4,[4],[],[4],[],on_time -> backlog
OUT:leaf_out:PRO:EVmaker_Import,EVmaker_Import:PRO:2026-W06:00036,4,[4],[],[4],[],on_time -> backlog
OUT:leaf_out:PRO:EVmaker_Import,EVmaker_Import:PRO:2026-W06:00037,4,[4],[],[4],[],on_time -> backlog
OUT:leaf_out:PRO:EVmaker_Import,EVmaker_Import:PRO:2026-W06:00038,4,[4],[],[4],[],on_time -> backlog
OUT:leaf_out:PRO:EVmaker_Import,EVmaker_Import:PRO:2026-W06:00039,4,[4],[],[4],[],on_time -> backlog
OUT:leaf_out:PRO:EVmaker_Import,EVmaker_Import:PRO:2026-W06:00040,4,[4],[],[4],[],on_time -> backlog
OUT:leaf_out:PRO:EVmaker_Local,EVmaker_Local:PRO:2026-W06:00001,4,[4],[],[4],[],on_time -> backlog
OUT:leaf_out:PRO:EVmaker_Local,EVmaker_Local:PRO:2026-W06:00002,4,[4],[],[4],[],on_time -> backlog
OUT:leaf_out:PRO:EVmaker_Local,EVmaker_Local:PRO:2026-W06:00003,4,[4],[],[4],[],on_time -> backlog
OUT:leaf_out:PRO:EVmaker_Local,EVmaker_Local:PRO:2026-W06:00004,4,[4],[],[4],[],on_time -> backlog
OUT:leaf_out:PRO:EVmaker_Local,EVmaker_Local:PRO:2026-W06:00005,4,[4],[],[4],[],on_time -> backlog
OUT:leaf_out:PRO:EVmaker_Local,EVmaker_Local:PRO:2026-W06:00006,4,[4],[],[4],[],on_time -> backlog
OUT:leaf_out:PRO:EVmaker_Local,EVmaker_Local:PRO:2026-W06:00007,4,[4],[],[4],[],on_time -> backlog
OUT:leaf_out:PRO:EVmaker_Local,EVmaker_Local:PRO:2026-W06:00008,4,[4],[],[4],[],on_time -> backlog
OUT:leaf_out:PRO:EVmaker_Local,EVmaker_Local:PRO:2026-W06:00009,4,[4],[],[4],[],on_time -> backlog
OUT:leaf_out:PRO:EVmaker_Local,EVmaker_Local:PRO:2026-W06:00010,4,[4],[],[4],[],on_time -> backlog
OUT:leaf_out:PRO:EVmaker_Local,EVmaker_Local:PRO:2026-W06:00011,4,[4],[],[4],[],on_time -> backlog
OUT:leaf_out:PRO:EVmaker_Local,EVmaker_Local:PRO:2026-W06:00012,4,[4],[],[4],[],on_time -> backlog
OUT:leaf_out:PRO:EVmaker_Local,EVmaker_Local:PRO:2026-W06:00013,4,[4],[],[4],[],on_time -> backlog
OUT:leaf_out:PRO:EVmaker_Local,EVmaker_Local:PRO:2026-W06:00014,4,[4],[],[4],[],on_time -> backlog
OUT:leaf_out:PRO:EVmaker_Local,EVmaker_Local:PRO:2026-W06:00015,4,[4],[],[4],[],on_time -> backlog
OUT:leaf_out:PRO:EVmaker_Local,EVmaker_Local:PRO:2026-W06:00016,4,[4],[],[4],[],on_time -> backlog
OUT:leaf_out:PRO:EVmaker_Local,EVmaker_Local:PRO:2026-W06:00017,4,[4],[],[4],[],on_time -> backlog
OUT:leaf_out:PRO:EVmaker_Local,EVmaker_Local:PRO:2026-W06:00018,4,[4],[],[4],[],on_time -> backlog
OUT:leaf_out:PRO:EVmaker_Local,EVmaker_Local:PRO:2026-W06:00019,4,[4],[],[4],[],on_time -> backlog
OUT:leaf_out:PRO:EVmaker_Local,EVmaker_Local:PRO:2026-W06:00020,4,[4],[],[4],[],on_time -> backlog
OUT:leaf_out:PRO:EVmaker_Local,EVmaker_Local:PRO:2026-W06:00021,4,[4],[],[4],[],on_time -> backlog
OUT:leaf_out:PRO:EVmaker_Local,EVmaker_Local:PRO:2026-W06:00022,4,[4],[],[4],[],on_time -> backlog
OUT:leaf_out:PRO:EVmaker_Local,EVmaker_Local:PRO:2026-W06:00023,4,[4],[],[4],[],on_time -> backlog
OUT:leaf_out:PRO:EVmaker_Local,EVmaker_Local:PRO:2026-W06:00024,4,[4],[],[4],[],on_time -> backlog
OUT:leaf_out:PRO:EVmaker_Local,EVmaker_Local:PRO:2026-W06:00025,4,[4],[],[4],[],on_time -> backlog
OUT:leaf_out:PRO:EVmaker_Local,EVmaker_Local:PRO:2026-W06:00026,4,[4],[],[4],[],on_time -> backlog
OUT:leaf_out:PRO:EVmaker_Local,EVmaker_Local:PRO:2026-W06:00027,4,[4],[],[4],[],on_time -> backlog
OUT:leaf_out:PRO:EVmaker_Local,EVmaker_Local:PRO:2026-W06:00028,4,[4],[],[4],[],on_time -> backlog
OUT:leaf_out:PRO:EVmaker_Local,EVmaker_Local:PRO:2026-W06:00029,4,[4],[],[4],[],on_time -> backlog
OUT:leaf_out:PRO:EVmaker_Local,EVmaker_Local:PRO:2026-W06:00030,4,[4],[],[4],[],on_time -> backlog
OUT:leaf_out:PRO:EVmaker_Local,EVmaker_Local:PRO:2026-W06:00031,4,[4],[],[4],[],on_time -> backlog
OUT:leaf_out:PRO:EVmaker_Local,EVmaker_Local:PRO:2026-W06:00032,4,[4],[],[4],[],on_time -> backlog
OUT:leaf_out:PRO:EVmaker_Local,EVmaker_Local:PRO:2026-W06:00033,4,[4],[],[4],[],on_time -> backlog
OUT:leaf_out:PRO:EVmaker_Local,EVmaker_Local:PRO:2026-W06:00034,4,[4],[],[4],[],on_time -> backlog
OUT:leaf_out:PRO:EVmaker_Local,EVmaker_Local:PRO:2026-W06:00035,4,[4],[],[4],[],on_time -> backlog
OUT:leaf_out:PRO:EVmaker_Local,EVmaker_Local:PRO:2026-W06:00036,4,[4],[],[4],[],on_time -> backlog
OUT:leaf_out:PRO:EVmaker_Local,EVmaker_Local:PRO:2026-W06:00037,4,[4],[],[4],[],on_time -> backlog
OUT:leaf_out:PRO:EVmaker_Local,EVmaker_Local:PRO:2026-W06:00038,4,[4],[],[4],[],on_time -> backlog
OUT:leaf_out:PRO:EVmaker_Local,EVmaker_Local:PRO:2026-W06:00039,4,[4],[],[4],[],on_time -> backlog
OUT:leaf_out:PRO:EVmaker_Local,EVmaker_Local:PRO:2026-W06:00040,4,[4],[],[4],[],on_time -> backlog
OUT:leaf_out:PRO:EVmaker_Local,EVmaker_Local:PRO:2026-W06:00041,4,[4],[],[4],[],on_time -> backlog
OUT:leaf_out:PRO:EVmaker_Local,EVmaker_Local:PRO:2026-W06:00042,4,[4],[],[4],[],on_time -> backlog
OUT:leaf_out:PRO:EVmaker_Local,EVmaker_Local:PRO:2026-W06:00043,4,[4],[],[4],[],on_time -> backlog
OUT:leaf_out:PRO:EVmaker_Local,EVmaker_Local:PRO:2026-W06:00044,4,[4],[],[4],[],on_time -> backlog
OUT:leaf_out:PRO:EVmaker_Local,EVmaker_Local:PRO:2026-W06:00045,4,[4],[],[4],[],on_time -> backlog
OUT:leaf_out:PRO:EVmaker_Local,EVmaker_Local:PRO:2026-W06:00046,4,[4],[],[4],[],on_time -> backlog
OUT:leaf_out:PRO:EVmaker_Local,EVmaker_Local:PRO:2026-W06:00047,4,[4],[],[4],[],on_time -> backlog
OUT:leaf_out:PRO:EVmaker_Local,EVmaker_Local:PRO:2026-W06:00048,4,[4],[],[4],[],on_time -> backlog
OUT:leaf_out:PRO:EVmaker_Local,EVmaker_Local:PRO:2026-W06:00049,4,[4],[],[4],[],on_time -> backlog
OUT:leaf_out:PRO:EVmaker_Local,EVmaker_Local:PRO:2026-W06:00050,4,[4],[],[4],[],on_time -> backlog
OUT:leaf_out:PRO:EVmaker_Local,EVmaker_Local:PRO:2026-W06:00051,4,[4],[],[4],[],on_time -> backlog
OUT:leaf_out:PRO:EVmaker_Local,EVmaker_Local:PRO:2026-W06:00052,4,[4],[],[4],[],on_time -> backlog
OUT:leaf_out:PRO:EVmaker_Local,EVmaker_Local:PRO:2026-W06:00053,4,[4],[],[4],[],on_time -> backlog
OUT:leaf_out:PRO:EVmaker_Local,EVmaker_Local:PRO:2026-W06:00054,4,[4],[],[4],[],on_time -> backlog
OUT:leaf_out:PRO:EVmaker_Local,EVmaker_Local:PRO:2026-W06:00055,4,[4],[],[4],[],on_time -> backlog
OUT:leaf_out:PRO:EVmaker_Local,EVmaker_Local:PRO:2026-W06:00056,4,[4],[],[4],[],on_time -> backlog
OUT:leaf_out:PRO:EVmaker_Local,EVmaker_Local:PRO:2026-W06:00057,4,[4],[],[4],[],on_time -> backlog
OUT:leaf_out:PRO:EVmaker_Local,EVmaker_Local:PRO:2026-W06:00058,4,[4],[],[4],[],on_time -> backlog
OUT:leaf_out:PRO:EVmaker_Local,EVmaker_Local:PRO:2026-W06:00059,4,[4],[],[4],[],on_time -> backlog
OUT:leaf_out:PRO:EVmaker_Local,EVmaker_Local:PRO:2026-W06:00060,4,[4],[],[4],[],on_time -> backlog
OUT:leaf_out:PRO:EVmaker_Local,EVmaker_Local:PRO:2026-W06:00061,4,[4],[],[4],[],on_time -> backlog
OUT:leaf_out:PRO:EVmaker_Local,EVmaker_Local:PRO:2026-W06:00062,4,[4],[],[4],[],on_time -> backlog
OUT:leaf_out:PRO:EVmaker_Local,EVmaker_Local:PRO:2026-W06:00063,4,[4],[],[4],[],on_time -> backlog
OUT:leaf_out:PRO:EVmaker_Local,EVmaker_Local:PRO:2026-W06:00064,4,[4],[],[4],[],on_time -> backlog
OUT:leaf_out:PRO:EVmaker_Local,EVmaker_Local:PRO:2026-W06:00065,4,[4],[],[4],[],on_time -> backlog
OUT:leaf_out:PRO:EVmaker_Local,EVmaker_Local:PRO:2026-W06:00066,4,[4],[],[4],[],on_time -> backlog
OUT:leaf_out:PRO:EVmaker_Local,EVmaker_Local:PRO:2026-W06:00067,4,[4],[],[4],[],on_time -> backlog
OUT:leaf_out:PRO:EVmaker_Local,EVmaker_Local:PRO:2026-W06:00068,4,[4],[],[4],[],on_time -> backlog
OUT:leaf_out:PRO:EVmaker_Local,EVmaker_Local:PRO:2026-W06:00069,4,[4],[],[4],[],on_time -> backlog
OUT:leaf_out:PRO:EVmaker_Local,EVmaker_Local:PRO:2026-W06:00070,4,[4],[],[4],[],on_time -> backlog
OUT:leaf_out:PRO:EVmaker_Local,EVmaker_Local:PRO:2026-W06:00071,4,[4],[],[4],[],on_time -> backlog
OUT:leaf_out:PRO:EVmaker_Local,EVmaker_Local:PRO:2026-W06:00072,4,[4],[],[4],[],on_time -> backlog
OUT:leaf_out:PRO:EVmaker_Local,EVmaker_Local:PRO:2026-W06:00073,4,[4],[],[4],[],on_time -> backlog
OUT:leaf_out:PRO:EVmaker_Local,EVmaker_Local:PRO:2026-W06:00074,4,[4],[],[4],[],on_time -> backlog
OUT:leaf_out:PRO:EVmaker_Local,EVmaker_Local:PRO:2026-W06:00075,4,[4],[],[4],[],on_time -> backlog
OUT:leaf_out:PRO:EVmaker_Local,EVmaker_Local:PRO:2026-W06:00076,4,[4],[],[4],[],on_time -> backlog
OUT:leaf_out:PRO:EVmaker_Local,EVmaker_Local:PRO:2026-W06:00077,4,[4],[],[4],[],on_time -> backlog
OUT:leaf_out:PRO:EVmaker_Local,EVmaker_Local:PRO:2026-W06:00078,4,[4],[],[4],[],on_time -> backlog
OUT:leaf_out:PRO:EVmaker_Local,EVmaker_Local:PRO:2026-W06:00079,4,[4],[],[4],[],on_time -> backlog
OUT:leaf_out:PRO:EVmaker_Local,EVmaker_Local:PRO:2026-W06:00080,4,[4],[],[4],[],on_time -> backlog
OUT:leaf_out:PRO:EVmaker_Local,EVmaker_Local:PRO:2026-W06:00081,4,[4],[],[4],[],on_time -> backlog
OUT:leaf_out:PRO:EVmaker_Local,EVmaker_Local:PRO:2026-W06:00082,4,[4],[],[4],[],on_time -> backlog
OUT:leaf_out:PRO:EVmaker_Local,EVmaker_Local:PRO:2026-W06:00083,4,[4],[],[4],[],on_time -> backlog
OUT:leaf_out:PRO:EVmaker_Local,EVmaker_Local:PRO:2026-W06:00084,4,[4],[],[4],[],on_time -> backlog
OUT:leaf_out:PRO:EVmaker_Local,EVmaker_Local:PRO:2026-W06:00085,4,[4],[],[4],[],on_time -> backlog
OUT:leaf_out:PRO:EVmaker_Local,EVmaker_Local:PRO:2026-W06:00086,4,[4],[],[4],[],on_time -> backlog
OUT:leaf_out:PRO:EVmaker_Local,EVmaker_Local:PRO:2026-W06:00087,4,[4],[],[4],[],on_time -> backlog
OUT:leaf_out:PRO:EVmaker_Local,EVmaker_Local:PRO:2026-W06:00088,4,[4],[],[4],[],on_time -> backlog
OUT:leaf_out:PRO:EVmaker_Local,EVmaker_Local:PRO:2026-W06:00089,4,[4],[],[4],[],on_time -> backlog
OUT:leaf_out:PRO:EVmaker_Local,EVmaker_Local:PRO:2026-W06:00090,4,[4],[],[4],[],on_time -> backlog
OUT:leaf_out:PRO:EVmaker_Local,EVmaker_Local:PRO:2026-W06:00091,4,[4],[],[4],[],on_time -> backlog
OUT:leaf_out:PRO:EVmaker_Local,EVmaker_Local:PRO:2026-W06:00092,4,[4],[],[4],[],on_time -> backlog
OUT:leaf_out:PRO:EVmaker_Local,EVmaker_Local:PRO:2026-W06:00093,4,[4],[],[4],[],on_time -> backlog
OUT:leaf_out:PRO:EVmaker_Local,EVmaker_Local:PRO:2026-W06:00094,4,[4],[],[4],[],on_time -> backlog
OUT:leaf_out:PRO:EVmaker_Local,EVmaker_Local:PRO:2026-W06:00095,4,[4],[],[4],[],on_time -> backlog
OUT:leaf_out:PRO:EVmaker_Local,EVmaker_Local:PRO:2026-W06:00096,4,[4],[],[4],[],on_time -> backlog
OUT:leaf_out:PRO:EVmaker_Local,EVmaker_Local:PRO:2026-W06:00097,4,[4],[],[4],[],on_time -> backlog
OUT:leaf_out:PRO:EVmaker_Local,EVmaker_Local:PRO:2026-W06:00098,4,[4],[],[4],[],on_time -> backlog
OUT:leaf_out:PRO:EVmaker_Local,EVmaker_Local:PRO:2026-W06:00099,4,[4],[],[4],[],on_time -> backlog
OUT:leaf_out:PRO:EVmaker_Local,EVmaker_Local:PRO:2026-W06:00100,4,[4],[],[4],[],on_time -> backlog
OUT:leaf_out:PRO:EVmaker_Local,EVmaker_Local:PRO:2026-W06:00101,4,[4],[],[4],[],on_time -> backlog
OUT:leaf_out:PRO:EVmaker_Local,EVmaker_Local:PRO:2026-W06:00102,4,[4],[],[4],[],on_time -> backlog
OUT:leaf_out:PRO:EVmaker_Local,EVmaker_Local:PRO:2026-W06:00103,4,[4],[],[4],[],on_time -> backlog
OUT:leaf_out:PRO:EVmaker_Local,EVmaker_Local:PRO:2026-W06:00104,4,[4],[],[4],[],on_time -> backlog
OUT:leaf_out:PRO:EVmaker_Local,EVmaker_Local:PRO:2026-W06:00105,4,[4],[],[4],[],on_time -> backlog
OUT:leaf_out:PRO:EVmaker_Local,EVmaker_Local:PRO:2026-W06:00106,4,[4],[],[4],[],on_time -> backlog
OUT:leaf_out:PRO:EVmaker_Local,EVmaker_Local:PRO:2026-W06:00107,4,[4],[],[4],[],on_time -> backlog
OUT:leaf_out:PRO:EVmaker_Local,EVmaker_Local:PRO:2026-W06:00108,4,[4],[],[4],[],on_time -> backlog
OUT:leaf_out:PRO:EVmaker_Local,EVmaker_Local:PRO:2026-W06:00109,4,[4],[],[4],[],on_time -> backlog
OUT:leaf_out:PRO:EVmaker_Local,EVmaker_Local:PRO:2026-W06:00110,4,[4],[],[4],[],on_time -> backlog
OUT:leaf_out:PRO:EVmaker_Local,EVmaker_Local:PRO:2026-W06:00111,4,[4],[],[4],[],on_time -> backlog
OUT:leaf_out:PRO:EVmaker_Local,EVmaker_Local:PRO:2026-W06:00112,4,[4],[],[4],[],on_time -> backlog
OUT:leaf_out:PRO:EVmaker_Local,EVmaker_Local:PRO:2026-W06:00113,4,[4],[],[4],[],on_time -> backlog
OUT:leaf_out:PRO:EVmaker_Local,EVmaker_Local:PRO:2026-W06:00114,4,[4],[],[4],[],on_time -> backlog
OUT:leaf_out:PRO:EVmaker_Local,EVmaker_Local:PRO:2026-W06:00115,4,[4],[],[4],[],on_time -> backlog
OUT:leaf_out:PRO:EVmaker_Local,EVmaker_Local:PRO:2026-W06:00116,4,[4],[],[4],[],on_time -> backlog
OUT:leaf_out:PRO:EVmaker_Local,EVmaker_Local:PRO:2026-W06:00117,4,[4],[],[4],[],on_time -> backlog
OUT:leaf_out:PRO:EVmaker_Local,EVmaker_Local:PRO:2026-W06:00118,4,[4],[],[4],[],on_time -> backlog
OUT:leaf_out:PRO:EVmaker_Local,EVmaker_Local:PRO:2026-W06:00119,4,[4],[],[4],[],on_time -> backlog
OUT:leaf_out:PRO:EVmaker_Local,EVmaker_Local:PRO:2026-W06:00120,4,[4],[],[4],[],on_time -> backlog
OUT:leaf_out:PRO:EVmaker_Local,EVmaker_Local:PRO:2026-W06:00121,4,[4],[],[4],[],on_time -> backlog
OUT:leaf_out:PRO:EVmaker_Local,EVmaker_Local:PRO:2026-W06:00122,4,[4],[],[4],[],on_time -> backlog
OUT:leaf_out:PRO:EVmaker_Local,EVmaker_Local:PRO:2026-W06:00123,4,[4],[],[4],[],on_time -> backlog
OUT:leaf_out:PRO:EVmaker_Local,EVmaker_Local:PRO:2026-W06:00124,4,[4],[],[4],[],on_time -> backlog
OUT:leaf_out:PRO:EVmaker_Local,EVmaker_Local:PRO:2026-W06:00125,4,[4],[],[4],[],on_time -> backlog
OUT:leaf_out:PRO:EVmaker_Local,EVmaker_Local:PRO:2026-W06:00126,4,[4],[],[4],[],on_time -> backlog
OUT:leaf_out:PRO:EVmaker_Local,EVmaker_Local:PRO:2026-W06:00127,4,[4],[],[4],[],on_time -> backlog
OUT:leaf_out:PRO:EVmaker_Local,EVmaker_Local:PRO:2026-W06:00128,4,[4],[],[4],[],on_time -> backlog
OUT:leaf_out:PRO:EVmaker_Local,EVmaker_Local:PRO:2026-W06:00129,4,[4],[],[4],[],on_time -> backlog
OUT:leaf_out:PRO:EVmaker_Local,EVmaker_Local:PRO:2026-W06:00130,4,[4],[],[4],[],on_time -> backlog
OUT:leaf_out:PRO:EVmaker_Local,EVmaker_Local:PRO:2026-W06:00131,4,[4],[],[4],[],on_time -> backlog
OUT:leaf_out:PRO:EVmaker_Local,EVmaker_Local:PRO:2026-W06:00132,4,[4],[],[4],[],on_time -> backlog
OUT:leaf_out:PRO:EVmaker_Local,EVmaker_Local:PRO:2026-W06:00133,4,[4],[],[4],[],on_time -> backlog
OUT:leaf_out:PRO:EVmaker_Local,EVmaker_Local:PRO:2026-W06:00134,4,[4],[],[4],[],on_time -> backlog
OUT:leaf_out:PRO:EVmaker_Local,EVmaker_Local:PRO:2026-W06:00135,4,[4],[],[4],[],on_time -> backlog
OUT:leaf_out:PRO:EVmaker_Local,EVmaker_Local:PRO:2026-W06:00136,4,[4],[],[4],[],on_time -> backlog
OUT:leaf_out:PRO:EVmaker_Local,EVmaker_Local:PRO:2026-W06:00137,4,[4],[],[4],[],on_time -> backlog
OUT:leaf_out:PRO:EVmaker_Local,EVmaker_Local:PRO:2026-W06:00138,4,[4],[],[4],[],on_time -> backlog
OUT:leaf_out:PRO:EVmaker_Local,EVmaker_Local:PRO:2026-W06:00139,4,[4],[],[4],[],on_time -> backlog
OUT:leaf_out:PRO:EVmaker_Local,EVmaker_Local:PRO:2026-W06:00140,4,[4],[],[4],[],on_time -> backlog
OUT:leaf_out:PRO:EVmaker_Local,EVmaker_Local:PRO:2026-W06:00141,4,[4],[],[4],[],on_time -> backlog
OUT:leaf_out:PRO:EVmaker_Local,EVmaker_Local:PRO:2026-W06:00142,4,[4],[],[4],[],on_time -> backlog
OUT:leaf_out:PRO:EVmaker_Local,EVmaker_Local:PRO:2026-W06:00143,4,[4],[],[4],[],on_time -> backlog
OUT:leaf_out:PRO:EVmaker_Local,EVmaker_Local:PRO:2026-W06:00144,4,[4],[],[4],[],on_time -> backlog
OUT:leaf_out:PRO:EVmaker_Local,EVmaker_Local:PRO:2026-W06:00145,4,[4],[],[4],[],on_time -> backlog
OUT:leaf_out:PRO:EVmaker_Local,EVmaker_Local:PRO:2026-W06:00146,4,[4],[],[4],[],on_time -> backlog
OUT:leaf_out:PRO:EVmaker_Local,EVmaker_Local:PRO:2026-W06:00147,4,[4],[],[4],[],on_time -> backlog
OUT:leaf_out:PRO:EVmaker_Local,EVmaker_Local:PRO:2026-W06:00148,4,[4],[],[4],[],on_time -> backlog
OUT:leaf_out:PRO:EVmaker_Local,EVmaker_Local:PRO:2026-W06:00149,4,[4],[],[4],[],on_time -> backlog
OUT:leaf_out:PRO:EVmaker_Local,EVmaker_Local:PRO:2026-W06:00150,4,[4],[],[4],[],on_time -> backlog
OUT:leaf_out:PRO:EVmaker_Local,EVmaker_Local:PRO:2026-W06:00151,4,[4],[],[4],[],on_time -> backlog
OUT:leaf_out:PRO:EVmaker_Local,EVmaker_Local:PRO:2026-W06:00152,4,[4],[],[4],[],on_time -> backlog
OUT:leaf_out:PRO:EVmaker_Local,EVmaker_Local:PRO:2026-W06:00153,4,[4],[],[4],[],on_time -> backlog
OUT:leaf_out:PRO:EVmaker_Local,EVmaker_Local:PRO:2026-W06:00154,4,[4],[],[4],[],on_time -> backlog
OUT:leaf_out:PRO:EVmaker_Local,EVmaker_Local:PRO:2026-W06:00155,4,[4],[],[4],[],on_time -> backlog
OUT:leaf_out:PRO:EVmaker_Local,EVmaker_Local:PRO:2026-W06:00156,4,[4],[],[4],[],on_time -> backlog
OUT:leaf_out:PRO:EVmaker_Local,EVmaker_Local:PRO:2026-W06:00157,4,[4],[],[4],[],on_time -> backlog
OUT:leaf_out:PRO:EVmaker_Local,EVmaker_Local:PRO:2026-W06:00158,4,[4],[],[4],[],on_time -> backlog
OUT:leaf_out:PRO:EVmaker_Local,EVmaker_Local:PRO:2026-W06:00159,4,[4],[],[4],[],on_time -> backlog
OUT:leaf_out:PRO:EVmaker_Local,EVmaker_Local:PRO:2026-W06:00160,4,[4],[],[4],[],on_time -> backlog
OUT:leaf_out:PRO:EVmaker_Local,EVmaker_Local:PRO:2026-W06:00161,4,[4],[],[4],[],on_time -> backlog
OUT:leaf_out:PRO:EVmaker_Local,EVmaker_Local:PRO:2026-W06:00162,4,[4],[],[4],[],on_time -> backlog
OUT:leaf_out:PRO:EVmaker_Local,EVmaker_Local:PRO:2026-W06:00163,4,[4],[],[4],[],on_time -> backlog
OUT:leaf_out:PRO:EVmaker_Local,EVmaker_Local:PRO:2026-W06:00164,4,[4],[],[4],[],on_time -> backlog
OUT:leaf_out:PRO:EVmaker_Local,EVmaker_Local:PRO:2026-W06:00165,4,[4],[],[4],[],on_time -> backlog
OUT:leaf_out:PRO:EVmaker_Local,EVmaker_Local:PRO:2026-W06:00166,4,[4],[],[4],[],on_time -> backlog
OUT:leaf_out:PRO:EVmaker_Local,EVmaker_Local:PRO:2026-W06:00167,4,[4],[],[4],[],on_time -> backlog
OUT:leaf_out:PRO:EVmaker_Local,EVmaker_Local:PRO:2026-W06:00168,4,[4],[],[4],[],on_time -> backlog
OUT:leaf_out:PRO:EVmaker_Local,EVmaker_Local:PRO:2026-W06:00169,4,[4],[],[4],[],on_time -> backlog
OUT:leaf_out:PRO:EVmaker_Local,EVmaker_Local:PRO:2026-W06:00170,4,[4],[],[4],[],on_time -> backlog
OUT:leaf_out:PRO:EVmaker_Local,EVmaker_Local:PRO:2026-W06:00171,4,[4],[],[4],[],on_time -> backlog
OUT:leaf_out:PRO:EVmaker_Local,EVmaker_Local:PRO:2026-W06:00172,4,[4],[],[4],[],on_time -> backlog
OUT:leaf_out:PRO:EVmaker_Local,EVmaker_Local:PRO:2026-W06:00173,4,[4],[],[4],[],on_time -> backlog
OUT:leaf_out:PRO:EVmaker_Local,EVmaker_Local:PRO:2026-W06:00174,4,[4],[],[4],[],on_time -> backlog
OUT:leaf_out:PRO:EVmaker_Local,EVmaker_Local:PRO:2026-W06:00175,4,[4],[],[4],[],on_time -> backlog
OUT:leaf_out:PRO:EVmaker_Local,EVmaker_Local:PRO:2026-W06:00176,4,[4],[],[4],[],on_time -> backlog
OUT:leaf_out:PRO:EVmaker_Local,EVmaker_Local:PRO:2026-W06:00177,4,[4],[],[4],[],on_time -> backlog
OUT:leaf_out:PRO:EVmaker_Local,EVmaker_Local:PRO:2026-W06:00178,4,[4],[],[4],[],on_time -> backlog
OUT:leaf_out:PRO:EVmaker_Local,EVmaker_Local:PRO:2026-W06:00179,4,[4],[],[4],[],on_time -> backlog
OUT:leaf_out:PRO:EVmaker_Local,EVmaker_Local:PRO:2026-W06:00180,4,[4],[],[4],[],on_time -> backlog
OUT:leaf_out:PRO:EVmaker_Local,EVmaker_Local:PRO:2026-W06:00181,4,[4],[],[4],[],on_time -> backlog
OUT:leaf_out:PRO:EVmaker_Local,EVmaker_Local:PRO:2026-W06:00182,4,[4],[],[4],[],on_time -> backlog
OUT:leaf_out:PRO:EVmaker_Local,EVmaker_Local:PRO:2026-W06:00183,4,[4],[],[4],[],on_time -> backlog
OUT:leaf_out:PRO:EVmaker_Local,EVmaker_Local:PRO:2026-W06:00184,4,[4],[],[4],[],on_time -> backlog
OUT:leaf_out:PRO:EVmaker_Local,EVmaker_Local:PRO:2026-W06:00185,4,[4],[],[4],[],on_time -> backlog
OUT:leaf_out:PRO:EVmaker_Local,EVmaker_Local:PRO:2026-W06:00186,4,[4],[],[4],[],on_time -> backlog
OUT:leaf_out:PRO:EVmaker_Local,EVmaker_Local:PRO:2026-W06:00187,4,[4],[],[4],[],on_time -> backlog
OUT:leaf_out:PRO:EVmaker_Local,EVmaker_Local:PRO:2026-W06:00188,4,[4],[],[4],[],on_time -> backlog
OUT:leaf_out:PRO:EVmaker_Local,EVmaker_Local:PRO:2026-W06:00189,4,[4],[],[4],[],on_time -> backlog
OUT:leaf_out:PRO:EVmaker_Local,EVmaker_Local:PRO:2026-W06:00190,4,[4],[],[4],[],on_time -> backlog
OUT:leaf_out:PRO:EVmaker_Local,EVmaker_Local:PRO:2026-W06:00191,4,[4],[],[4],[],on_time -> backlog
OUT:leaf_out:PRO:EVmaker_Local,EVmaker_Local:PRO:2026-W06:00192,4,[4],[],[4],[],on_time -> backlog
OUT:leaf_out:PRO:EVmaker_Local,EVmaker_Local:PRO:2026-W06:00193,4,[4],[],[4],[],on_time -> backlog
OUT:leaf_out:PRO:EVmaker_Local,EVmaker_Local:PRO:2026-W06:00194,4,[4],[],[4],[],on_time -> backlog
OUT:leaf_out:PRO:EVmaker_Local,EVmaker_Local:PRO:2026-W06:00195,4,[4],[],[4],[],on_time -> backlog
OUT:leaf_out:PRO:EVmaker_Local,EVmaker_Local:PRO:2026-W06:00196,4,[4],[],[4],[],on_time -> backlog
OUT:leaf_out:PRO:EVmaker_Local,EVmaker_Local:PRO:2026-W06:00197,4,[4],[],[4],[],on_time -> backlog
OUT:leaf_out:PRO:EVmaker_Local,EVmaker_Local:PRO:2026-W06:00198,4,[4],[],[4],[],on_time -> backlog
OUT:leaf_out:PRO:EVmaker_Local,EVmaker_Local:PRO:2026-W06:00199,4,[4],[],[4],[],on_time -> backlog
OUT:leaf_out:PRO:EVmaker_Local,EVmaker_Local:PRO:2026-W06:00200,4,[4],[],[4],[],on_time -> backlog
IN:mom:Factory_Import_CN:EVmaker_Import,EVmaker_Import:BKK:2026-W16:00001,5,[5],[5],[5],[7],on_time -> on_time
IN:mom:Factory_Import_CN:EVmaker_Import,EVmaker_Import:BKK:2026-W16:00002,5,[5],[5],[5],[7],on_time -> on_time
IN:mom:Factory_Import_CN:EVmaker_Import,EVmaker_Import:BKK:2026-W16:00003,5,[5],[5],[5],[7],on_time -> on_time
IN:mom:Factory_Import_CN:EVmaker_Import,EVmaker_Import:BKK:2026-W16:00004,5,[5],[5],[5],[7],on_time -> on_time
IN:mom:Factory_Import_CN:EVmaker_Import,EVmaker_Import:BKK:2026-W16:00005,5,[5],[5],[5],[7],on_time -> on_time
IN:mom:Factory_Import_CN:EVmaker_Import,EVmaker_Import:BKK:2026-W16:00006,5,[5],[5],[5],[7],on_time -> on_time
IN:mom:Factory_Import_CN:EVmaker_Import,EVmaker_Import:BKK:2026-W16:00007,5,[5],[5],[5],[7],on_time -> on_time
IN:mom:Factory_Import_CN:EVmaker_Import,EVmaker_Import:BKK:2026-W16:00008,5,[5],[5],[5],[7],on_time -> on_time
IN:mom:Factory_Import_CN:EVmaker_Import,EVmaker_Import:BKK:2026-W16:00009,5,[5],[5],[5],[7],on_time -> on_time
IN:mom:Factory_Import_CN:EVmaker_Import,EVmaker_Import:BKK:2026-W16:00010,5,[5],[5],[5],[7],on_time -> on_time
IN:mom:Factory_Import_CN:EVmaker_Import,EVmaker_Import:BKK:2026-W16:00011,5,[5],[5],[5],[7],on_time -> on_time
IN:mom:Factory_Import_CN:EVmaker_Import,EVmaker_Import:BKK:2026-W16:00012,5,[5],[5],[5],[7],on_time -> on_time
IN:mom:Factory_Import_CN:EVmaker_Import,EVmaker_Import:BKK:2026-W16:00013,5,[5],[5],[5],[7],on_time -> on_time
IN:mom:Factory_Import_CN:EVmaker_Import,EVmaker_Import:BKK:2026-W16:00014,5,[5],[5],[5],[7],on_time -> on_time
IN:mom:Factory_Import_CN:EVmaker_Import,EVmaker_Import:BKK:2026-W16:00015,5,[5],[5],[5],[7],on_time -> on_time
IN:mom:Factory_Import_CN:EVmaker_Import,EVmaker_Import:BKK:2026-W16:00016,5,[5],[5],[5],[7],on_time -> on_time
IN:mom:Factory_Import_CN:EVmaker_Import,EVmaker_Import:BKK:2026-W16:00017,5,[5],[5],[5],[7],on_time -> on_time
IN:mom:Factory_Import_CN:EVmaker_Import,EVmaker_Import:BKK:2026-W16:00018,5,[5],[5],[5],[7],on_time -> on_time
IN:mom:Factory_Import_CN:EVmaker_Import,EVmaker_Import:BKK:2026-W16:00019,5,[5],[5],[5],[7],on_time -> on_time
IN:mom:Factory_Import_CN:EVmaker_Import,EVmaker_Import:BKK:2026-W16:00020,5,[5],[5],[5],[7],on_time -> on_time
IN:mom:Factory_Import_CN:EVmaker_Import,EVmaker_Import:BKK:2026-W16:00021,5,[5],[5],[5],[7],on_time -> on_time
IN:mom:Factory_Import_CN:EVmaker_Import,EVmaker_Import:BKK:2026-W16:00022,5,[5],[5],[5],[7],on_time -> on_time
IN:mom:Factory_Import_CN:EVmaker_Import,EVmaker_Import:BKK:2026-W16:00023,5,[5],[5],[5],[7],on_time -> on_time
IN:mom:Factory_Import_CN:EVmaker_Import,EVmaker_Import:BKK:2026-W16:00024,5,[5],[5],[5],[7],on_time -> on_time
IN:mom:Factory_Import_CN:EVmaker_Import,EVmaker_Import:BKK:2026-W16:00025,5,[5],[5],[5],[7],on_time -> on_time
IN:mom:Factory_Import_CN:EVmaker_Import,EVmaker_Import:BKK:2026-W16:00026,5,[5],[5],[5],[7],on_time -> on_time
IN:mom:Factory_Import_CN:EVmaker_Import,EVmaker_Import:BKK:2026-W16:00027,5,[5],[5],[5],[7],on_time -> on_time
IN:mom:Factory_Import_CN:EVmaker_Import,EVmaker_Import:BKK:2026-W16:00028,5,[5],[5],[5],[7],on_time -> on_time
IN:mom:Factory_Import_CN:EVmaker_Import,EVmaker_Import:BKK:2026-W16:00029,5,[5],[5],[5],[7],on_time -> on_time
IN:mom:Factory_Import_CN:EVmaker_Import,EVmaker_Import:BKK:2026-W16:00030,5,[5],[5],[5],[7],on_time -> on_time
IN:mom:Factory_Import_CN:EVmaker_Import,EVmaker_Import:BKK:2026-W16:00031,5,[5],[5],[5],[7],on_time -> on_time
IN:mom:Factory_Import_CN:EVmaker_Import,EVmaker_Import:BKK:2026-W16:00032,5,[5],[5],[5],[7],on_time -> on_time
IN:mom:Factory_Import_CN:EVmaker_Import,EVmaker_Import:BKK:2026-W16:00033,5,[5],[5],[5],[7],on_time -> on_time
IN:mom:Factory_Import_CN:EVmaker_Import,EVmaker_Import:BKK:2026-W16:00034,5,[5],[5],[5],[7],on_time -> on_time
IN:mom:Factory_Import_CN:EVmaker_Import,EVmaker_Import:BKK:2026-W16:00035,5,[5],[5],[5],[7],on_time -> on_time
IN:mom:Factory_Import_CN:EVmaker_Import,EVmaker_Import:BKK:2026-W16:00036,5,[5],[5],[5],[7],on_time -> on_time
IN:mom:Factory_Import_CN:EVmaker_Import,EVmaker_Import:BKK:2026-W16:00037,5,[5],[5],[5],[7],on_time -> on_time
IN:mom:Factory_Import_CN:EVmaker_Import,EVmaker_Import:BKK:2026-W16:00038,5,[5],[5],[5],[7],on_time -> on_time
IN:mom:Factory_Import_CN:EVmaker_Import,EVmaker_Import:BKK:2026-W16:00039,5,[5],[5],[5],[7],on_time -> on_time
IN:mom:Factory_Import_CN:EVmaker_Import,EVmaker_Import:BKK:2026-W16:00040,5,[5],[5],[5],[7],on_time -> on_time
IN:mom:Factory_Import_CN:EVmaker_Import,EVmaker_Import:BKK:2026-W16:00041,5,[5],[5],[5],[7],on_time -> on_time
IN:mom:Factory_Import_CN:EVmaker_Import,EVmaker_Import:BKK:2026-W16:00042,5,[5],[5],[5],[7],on_time -> on_time
IN:mom:Factory_Import_CN:EVmaker_Import,EVmaker_Import:BKK:2026-W16:00043,5,[5],[5],[5],[7],on_time -> on_time
IN:mom:Factory_Import_CN:EVmaker_Import,EVmaker_Import:BKK:2026-W16:00044,5,[5],[5],[5],[7],on_time -> on_time
IN:mom:Factory_Import_CN:EVmaker_Import,EVmaker_Import:BKK:2026-W16:00045,5,[5],[5],[5],[7],on_time -> on_time
IN:mom:Factory_Import_CN:EVmaker_Import,EVmaker_Import:BKK:2026-W16:00046,5,[5],[5],[5],[7],on_time -> on_time
IN:mom:Factory_Import_CN:EVmaker_Import,EVmaker_Import:BKK:2026-W16:00047,5,[5],[5],[5],[7],on_time -> on_time
IN:mom:Factory_Import_CN:EVmaker_Import,EVmaker_Import:BKK:2026-W16:00048,5,[5],[5],[5],[7],on_time -> on_time
IN:mom:Factory_Import_CN:EVmaker_Import,EVmaker_Import:BKK:2026-W16:00049,5,[5],[5],[5],[7],on_time -> on_time
IN:mom:Factory_Import_CN:EVmaker_Import,EVmaker_Import:BKK:2026-W16:00050,5,[5],[5],[5],[7],on_time -> on_time
IN:mom:Factory_Import_CN:EVmaker_Import,EVmaker_Import:PRO:2026-W17:00001,5,[5],[5],[5],[7],on_time -> on_time
IN:mom:Factory_Import_CN:EVmaker_Import,EVmaker_Import:PRO:2026-W17:00002,5,[5],[5],[5],[7],on_time -> on_time
IN:mom:Factory_Import_CN:EVmaker_Import,EVmaker_Import:PRO:2026-W17:00003,5,[5],[5],[5],[7],on_time -> on_time
IN:mom:Factory_Import_CN:EVmaker_Import,EVmaker_Import:PRO:2026-W17:00004,5,[5],[5],[5],[7],on_time -> on_time
IN:mom:Factory_Import_CN:EVmaker_Import,EVmaker_Import:PRO:2026-W17:00005,5,[5],[5],[5],[7],on_time -> on_time
IN:mom:Factory_Import_CN:EVmaker_Import,EVmaker_Import:PRO:2026-W17:00006,5,[5],[5],[5],[7],on_time -> on_time
IN:mom:Factory_Import_CN:EVmaker_Import,EVmaker_Import:PRO:2026-W17:00007,5,[5],[5],[5],[7],on_time -> on_time
IN:mom:Factory_Import_CN:EVmaker_Import,EVmaker_Import:PRO:2026-W17:00008,5,[5],[5],[5],[7],on_time -> on_time
IN:mom:Factory_Import_CN:EVmaker_Import,EVmaker_Import:PRO:2026-W17:00009,5,[5],[5],[5],[7],on_time -> on_time
IN:mom:Factory_Import_CN:EVmaker_Import,EVmaker_Import:PRO:2026-W17:00010,5,[5],[5],[5],[7],on_time -> on_time
IN:mom:Factory_Import_CN:EVmaker_Import,EVmaker_Import:PRO:2026-W17:00011,5,[5],[5],[5],[7],on_time -> on_time
IN:mom:Factory_Import_CN:EVmaker_Import,EVmaker_Import:PRO:2026-W17:00012,5,[5],[5],[5],[7],on_time -> on_time
IN:mom:Factory_Import_CN:EVmaker_Import,EVmaker_Import:PRO:2026-W17:00013,5,[5],[5],[5],[7],on_time -> on_time
IN:mom:Factory_Import_CN:EVmaker_Import,EVmaker_Import:PRO:2026-W17:00014,5,[5],[5],[5],[7],on_time -> on_time
IN:mom:Factory_Import_CN:EVmaker_Import,EVmaker_Import:PRO:2026-W17:00015,5,[5],[5],[5],[7],on_time -> on_time
IN:mom:Factory_Import_CN:EVmaker_Import,EVmaker_Import:PRO:2026-W17:00016,5,[5],[5],[5],[7],on_time -> on_time
IN:mom:Factory_Import_CN:EVmaker_Import,EVmaker_Import:PRO:2026-W17:00017,5,[5],[5],[5],[7],on_time -> on_time
IN:mom:Factory_Import_CN:EVmaker_Import,EVmaker_Import:PRO:2026-W17:00018,5,[5],[5],[5],[7],on_time -> on_time
IN:mom:Factory_Import_CN:EVmaker_Import,EVmaker_Import:PRO:2026-W17:00019,5,[5],[5],[5],[7],on_time -> on_time
IN:mom:Factory_Import_CN:EVmaker_Import,EVmaker_Import:PRO:2026-W17:00020,5,[5],[5],[5],[7],on_time -> on_time
IN:mom:Factory_Import_CN:EVmaker_Import,EVmaker_Import:PRO:2026-W17:00021,5,[5],[5],[5],[7],on_time -> on_time
IN:mom:Factory_Import_CN:EVmaker_Import,EVmaker_Import:PRO:2026-W17:00022,5,[5],[5],[5],[7],on_time -> on_time
IN:mom:Factory_Import_CN:EVmaker_Import,EVmaker_Import:PRO:2026-W17:00023,5,[5],[5],[5],[7],on_time -> on_time
IN:mom:Factory_Import_CN:EVmaker_Import,EVmaker_Import:PRO:2026-W17:00024,5,[5],[5],[5],[7],on_time -> on_time
IN:mom:Factory_Import_CN:EVmaker_Import,EVmaker_Import:PRO:2026-W17:00025,5,[5],[5],[5],[7],on_time -> on_time
IN:mom:Factory_Import_CN:EVmaker_Import,EVmaker_Import:PRO:2026-W17:00026,5,[5],[5],[5],[7],on_time -> on_time
IN:mom:Factory_Import_CN:EVmaker_Import,EVmaker_Import:PRO:2026-W17:00027,5,[5],[5],[5],[7],on_time -> on_time
IN:mom:Factory_Import_CN:EVmaker_Import,EVmaker_Import:PRO:2026-W17:00028,5,[5],[5],[5],[7],on_time -> on_time
IN:mom:Factory_Import_CN:EVmaker_Import,EVmaker_Import:PRO:2026-W17:00029,5,[5],[5],[5],[7],on_time -> on_time
IN:mom:Factory_Import_CN:EVmaker_Import,EVmaker_Import:PRO:2026-W17:00030,5,[5],[5],[5],[7],on_time -> on_time
OUT:leaf_out:BKK:EVmaker_Import,EVmaker_Import:BKK:2026-W07:00001,5,[5],[],[5],[],on_time -> backlog
OUT:leaf_out:BKK:EVmaker_Import,EVmaker_Import:BKK:2026-W07:00002,5,[5],[],[5],[],on_time -> backlog
OUT:leaf_out:BKK:EVmaker_Import,EVmaker_Import:BKK:2026-W07:00003,5,[5],[],[5],[],on_time -> backlog
OUT:leaf_out:BKK:EVmaker_Import,EVmaker_Import:BKK:2026-W07:00004,5,[5],[],[5],[],on_time -> backlog
OUT:leaf_out:BKK:EVmaker_Import,EVmaker_Import:BKK:2026-W07:00005,5,[5],[],[5],[],on_time -> backlog
OUT:leaf_out:BKK:EVmaker_Import,EVmaker_Import:BKK:2026-W07:00006,5,[5],[],[5],[],on_time -> backlog
OUT:leaf_out:BKK:EVmaker_Import,EVmaker_Import:BKK:2026-W07:00007,5,[5],[],[5],[],on_time -> backlog
OUT:leaf_out:BKK:EVmaker_Import,EVmaker_Import:BKK:2026-W07:00008,5,[5],[],[5],[],on_time -> backlog
OUT:leaf_out:BKK:EVmaker_Import,EVmaker_Import:BKK:2026-W07:00009,5,[5],[],[5],[],on_time -> backlog
OUT:leaf_out:BKK:EVmaker_Import,EVmaker_Import:BKK:2026-W07:00010,5,[5],[],[5],[],on_time -> backlog
OUT:leaf_out:BKK:EVmaker_Import,EVmaker_Import:BKK:2026-W07:00011,5,[5],[],[5],[],on_time -> backlog
OUT:leaf_out:BKK:EVmaker_Import,EVmaker_Import:BKK:2026-W07:00012,5,[5],[],[5],[],on_time -> backlog
OUT:leaf_out:BKK:EVmaker_Import,EVmaker_Import:BKK:2026-W07:00013,5,[5],[],[5],[],on_time -> backlog
OUT:leaf_out:BKK:EVmaker_Import,EVmaker_Import:BKK:2026-W07:00014,5,[5],[],[5],[],on_time -> backlog
OUT:leaf_out:BKK:EVmaker_Import,EVmaker_Import:BKK:2026-W07:00015,5,[5],[],[5],[],on_time -> backlog
OUT:leaf_out:BKK:EVmaker_Import,EVmaker_Import:BKK:2026-W07:00016,5,[5],[],[5],[],on_time -> backlog
OUT:leaf_out:BKK:EVmaker_Import,EVmaker_Import:BKK:2026-W07:00017,5,[5],[],[5],[],on_time -> backlog
OUT:leaf_out:BKK:EVmaker_Import,EVmaker_Import:BKK:2026-W07:00018,5,[5],[],[5],[],on_time -> backlog
OUT:leaf_out:BKK:EVmaker_Import,EVmaker_Import:BKK:2026-W07:00019,5,[5],[],[5],[],on_time -> backlog
OUT:leaf_out:BKK:EVmaker_Import,EVmaker_Import:BKK:2026-W07:00020,5,[5],[],[5],[],on_time -> backlog
OUT:leaf_out:BKK:EVmaker_Import,EVmaker_Import:BKK:2026-W07:00021,5,[5],[],[5],[],on_time -> backlog
OUT:leaf_out:BKK:EVmaker_Import,EVmaker_Import:BKK:2026-W07:00022,5,[5],[],[5],[],on_time -> backlog
OUT:leaf_out:BKK:EVmaker_Import,EVmaker_Import:BKK:2026-W07:00023,5,[5],[],[5],[],on_time -> backlog
OUT:leaf_out:BKK:EVmaker_Import,EVmaker_Import:BKK:2026-W07:00024,5,[5],[],[5],[],on_time -> backlog
OUT:leaf_out:BKK:EVmaker_Import,EVmaker_Import:BKK:2026-W07:00025,5,[5],[],[5],[],on_time -> backlog
OUT:leaf_out:BKK:EVmaker_Import,EVmaker_Import:BKK:2026-W07:00026,5,[5],[],[5],[],on_time -> backlog
OUT:leaf_out:BKK:EVmaker_Import,EVmaker_Import:BKK:2026-W07:00027,5,[5],[],[5],[],on_time -> backlog
OUT:leaf_out:BKK:EVmaker_Import,EVmaker_Import:BKK:2026-W07:00028,5,[5],[],[5],[],on_time -> backlog
OUT:leaf_out:BKK:EVmaker_Import,EVmaker_Import:BKK:2026-W07:00029,5,[5],[],[5],[],on_time -> backlog
OUT:leaf_out:BKK:EVmaker_Import,EVmaker_Import:BKK:2026-W07:00030,5,[5],[],[5],[],on_time -> backlog
OUT:leaf_out:BKK:EVmaker_Import,EVmaker_Import:BKK:2026-W07:00031,5,[5],[],[5],[],on_time -> backlog
OUT:leaf_out:BKK:EVmaker_Import,EVmaker_Import:BKK:2026-W07:00032,5,[5],[],[5],[],on_time -> backlog
OUT:leaf_out:BKK:EVmaker_Import,EVmaker_Import:BKK:2026-W07:00033,5,[5],[],[5],[],on_time -> backlog
OUT:leaf_out:BKK:EVmaker_Import,EVmaker_Import:BKK:2026-W07:00034,5,[5],[],[5],[],on_time -> backlog
OUT:leaf_out:BKK:EVmaker_Import,EVmaker_Import:BKK:2026-W07:00035,5,[5],[],[5],[],on_time -> backlog
OUT:leaf_out:BKK:EVmaker_Import,EVmaker_Import:BKK:2026-W07:00036,5,[5],[],[5],[],on_time -> backlog
OUT:leaf_out:BKK:EVmaker_Import,EVmaker_Import:BKK:2026-W07:00037,5,[5],[],[5],[],on_time -> backlog
OUT:leaf_out:BKK:EVmaker_Import,EVmaker_Import:BKK:2026-W07:00038,5,[5],[],[5],[],on_time -> backlog
OUT:leaf_out:BKK:EVmaker_Import,EVmaker_Import:BKK:2026-W07:00039,5,[5],[],[5],[],on_time -> backlog
OUT:leaf_out:BKK:EVmaker_Import,EVmaker_Import:BKK:2026-W07:00040,5,[5],[],[5],[],on_time -> backlog
OUT:leaf_out:BKK:EVmaker_Import,EVmaker_Import:BKK:2026-W07:00041,5,[5],[],[5],[],on_time -> backlog
OUT:leaf_out:BKK:EVmaker_Import,EVmaker_Import:BKK:2026-W07:00042,5,[5],[],[5],[],on_time -> backlog
OUT:leaf_out:BKK:EVmaker_Import,EVmaker_Import:BKK:2026-W07:00043,5,[5],[],[5],[],on_time -> backlog
OUT:leaf_out:BKK:EVmaker_Import,EVmaker_Import:BKK:2026-W07:00044,5,[5],[],[5],[],on_time -> backlog
OUT:leaf_out:BKK:EVmaker_Import,EVmaker_Import:BKK:2026-W07:00045,5,[5],[],[5],[],on_time -> backlog
OUT:leaf_out:BKK:EVmaker_Import,EVmaker_Import:BKK:2026-W07:00046,5,[5],[],[5],[],on_time -> backlog
OUT:leaf_out:BKK:EVmaker_Import,EVmaker_Import:BKK:2026-W07:00047,5,[5],[],[5],[],on_time -> backlog
OUT:leaf_out:BKK:EVmaker_Import,EVmaker_Import:BKK:2026-W07:00048,5,[5],[],[5],[],on_time -> backlog
OUT:leaf_out:BKK:EVmaker_Import,EVmaker_Import:BKK:2026-W07:00049,5,[5],[],[5],[],on_time -> backlog
OUT:leaf_out:BKK:EVmaker_Import,EVmaker_Import:BKK:2026-W07:00050,5,[5],[],[5],[],on_time -> backlog
OUT:leaf_out:BKK:EVmaker_Local,EVmaker_Local:BKK:2026-W07:00001,5,[5],[],[5],[],on_time -> backlog
OUT:leaf_out:BKK:EVmaker_Local,EVmaker_Local:BKK:2026-W07:00002,5,[5],[],[5],[],on_time -> backlog
OUT:leaf_out:BKK:EVmaker_Local,EVmaker_Local:BKK:2026-W07:00003,5,[5],[],[5],[],on_time -> backlog
OUT:leaf_out:BKK:EVmaker_Local,EVmaker_Local:BKK:2026-W07:00004,5,[5],[],[5],[],on_time -> backlog
OUT:leaf_out:BKK:EVmaker_Local,EVmaker_Local:BKK:2026-W07:00005,5,[5],[],[5],[],on_time -> backlog
OUT:leaf_out:BKK:EVmaker_Local,EVmaker_Local:BKK:2026-W07:00006,5,[5],[],[5],[],on_time -> backlog
OUT:leaf_out:BKK:EVmaker_Local,EVmaker_Local:BKK:2026-W07:00007,5,[5],[],[5],[],on_time -> backlog
OUT:leaf_out:BKK:EVmaker_Local,EVmaker_Local:BKK:2026-W07:00008,5,[5],[],[5],[],on_time -> backlog
OUT:leaf_out:BKK:EVmaker_Local,EVmaker_Local:BKK:2026-W07:00009,5,[5],[],[5],[],on_time -> backlog
OUT:leaf_out:BKK:EVmaker_Local,EVmaker_Local:BKK:2026-W07:00010,5,[5],[],[5],[],on_time -> backlog
OUT:leaf_out:BKK:EVmaker_Local,EVmaker_Local:BKK:2026-W07:00011,5,[5],[],[5],[],on_time -> backlog
OUT:leaf_out:BKK:EVmaker_Local,EVmaker_Local:BKK:2026-W07:00012,5,[5],[],[5],[],on_time -> backlog
OUT:leaf_out:BKK:EVmaker_Local,EVmaker_Local:BKK:2026-W07:00013,5,[5],[],[5],[],on_time -> backlog
OUT:leaf_out:BKK:EVmaker_Local,EVmaker_Local:BKK:2026-W07:00014,5,[5],[],[5],[],on_time -> backlog
OUT:leaf_out:BKK:EVmaker_Local,EVmaker_Local:BKK:2026-W07:00015,5,[5],[],[5],[],on_time -> backlog
OUT:leaf_out:BKK:EVmaker_Local,EVmaker_Local:BKK:2026-W07:00016,5,[5],[],[5],[],on_time -> backlog
OUT:leaf_out:BKK:EVmaker_Local,EVmaker_Local:BKK:2026-W07:00017,5,[5],[],[5],[],on_time -> backlog
OUT:leaf_out:BKK:EVmaker_Local,EVmaker_Local:BKK:2026-W07:00018,5,[5],[],[5],[],on_time -> backlog
OUT:leaf_out:BKK:EVmaker_Local,EVmaker_Local:BKK:2026-W07:00019,5,[5],[],[5],[],on_time -> backlog
OUT:leaf_out:BKK:EVmaker_Local,EVmaker_Local:BKK:2026-W07:00020,5,[5],[],[5],[],on_time -> backlog
OUT:leaf_out:BKK:EVmaker_Local,EVmaker_Local:BKK:2026-W07:00021,5,[5],[],[5],[],on_time -> backlog
OUT:leaf_out:BKK:EVmaker_Local,EVmaker_Local:BKK:2026-W07:00022,5,[5],[],[5],[],on_time -> backlog
OUT:leaf_out:BKK:EVmaker_Local,EVmaker_Local:BKK:2026-W07:00023,5,[5],[],[5],[],on_time -> backlog
OUT:leaf_out:BKK:EVmaker_Local,EVmaker_Local:BKK:2026-W07:00024,5,[5],[],[5],[],on_time -> backlog
OUT:leaf_out:BKK:EVmaker_Local,EVmaker_Local:BKK:2026-W07:00025,5,[5],[],[5],[],on_time -> backlog
OUT:leaf_out:BKK:EVmaker_Local,EVmaker_Local:BKK:2026-W07:00026,5,[5],[],[5],[],on_time -> backlog
OUT:leaf_out:BKK:EVmaker_Local,EVmaker_Local:BKK:2026-W07:00027,5,[5],[],[5],[],on_time -> backlog
OUT:leaf_out:BKK:EVmaker_Local,EVmaker_Local:BKK:2026-W07:00028,5,[5],[],[5],[],on_time -> backlog
OUT:leaf_out:BKK:EVmaker_Local,EVmaker_Local:BKK:2026-W07:00029,5,[5],[],[5],[],on_time -> backlog
OUT:leaf_out:BKK:EVmaker_Local,EVmaker_Local:BKK:2026-W07:00030,5,[5],[],[5],[],on_time -> backlog
OUT:leaf_out:BKK:EVmaker_Local,EVmaker_Local:BKK:2026-W07:00031,5,[5],[],[5],[],on_time -> backlog
OUT:leaf_out:BKK:EVmaker_Local,EVmaker_Local:BKK:2026-W07:00032,5,[5],[],[5],[],on_time -> backlog
OUT:leaf_out:BKK:EVmaker_Local,EVmaker_Local:BKK:2026-W07:00033,5,[5],[],[5],[],on_time -> backlog
OUT:leaf_out:BKK:EVmaker_Local,EVmaker_Local:BKK:2026-W07:00034,5,[5],[],[5],[],on_time -> backlog
OUT:leaf_out:BKK:EVmaker_Local,EVmaker_Local:BKK:2026-W07:00035,5,[5],[],[5],[],on_time -> backlog
OUT:leaf_out:BKK:EVmaker_Local,EVmaker_Local:BKK:2026-W07:00036,5,[5],[],[5],[],on_time -> backlog
OUT:leaf_out:BKK:EVmaker_Local,EVmaker_Local:BKK:2026-W07:00037,5,[5],[],[5],[],on_time -> backlog
OUT:leaf_out:BKK:EVmaker_Local,EVmaker_Local:BKK:2026-W07:00038,5,[5],[],[5],[],on_time -> backlog
OUT:leaf_out:BKK:EVmaker_Local,EVmaker_Local:BKK:2026-W07:00039,5,[5],[],[5],[],on_time -> backlog
OUT:leaf_out:BKK:EVmaker_Local,EVmaker_Local:BKK:2026-W07:00040,5,[5],[],[5],[],on_time -> backlog
OUT:leaf_out:BKK:EVmaker_Local,EVmaker_Local:BKK:2026-W07:00041,5,[5],[],[5],[],on_time -> backlog
OUT:leaf_out:BKK:EVmaker_Local,EVmaker_Local:BKK:2026-W07:00042,5,[5],[],[5],[],on_time -> backlog
OUT:leaf_out:BKK:EVmaker_Local,EVmaker_Local:BKK:2026-W07:00043,5,[5],[],[5],[],on_time -> backlog
OUT:leaf_out:BKK:EVmaker_Local,EVmaker_Local:BKK:2026-W07:00044,5,[5],[],[5],[],on_time -> backlog
OUT:leaf_out:BKK:EVmaker_Local,EVmaker_Local:BKK:2026-W07:00045,5,[5],[],[5],[],on_time -> backlog
OUT:leaf_out:BKK:EVmaker_Local,EVmaker_Local:BKK:2026-W07:00046,5,[5],[],[5],[],on_time -> backlog
OUT:leaf_out:BKK:EVmaker_Local,EVmaker_Local:BKK:2026-W07:00047,5,[5],[],[5],[],on_time -> backlog
OUT:leaf_out:BKK:EVmaker_Local,EVmaker_Local:BKK:2026-W07:00048,5,[5],[],[5],[],on_time -> backlog
OUT:leaf_out:BKK:EVmaker_Local,EVmaker_Local:BKK:2026-W07:00049,5,[5],[],[5],[],on_time -> backlog
OUT:leaf_out:BKK:EVmaker_Local,EVmaker_Local:BKK:2026-W07:00050,5,[5],[],[5],[],on_time -> backlog
OUT:leaf_out:BKK:EVmaker_Local,EVmaker_Local:BKK:2026-W07:00051,5,[5],[],[5],[],on_time -> backlog
OUT:leaf_out:BKK:EVmaker_Local,EVmaker_Local:BKK:2026-W07:00052,5,[5],[],[5],[],on_time -> backlog
OUT:leaf_out:BKK:EVmaker_Local,EVmaker_Local:BKK:2026-W07:00053,5,[5],[],[5],[],on_time -> backlog
OUT:leaf_out:BKK:EVmaker_Local,EVmaker_Local:BKK:2026-W07:00054,5,[5],[],[5],[],on_time -> backlog
OUT:leaf_out:BKK:EVmaker_Local,EVmaker_Local:BKK:2026-W07:00055,5,[5],[],[5],[],on_time -> backlog
OUT:leaf_out:BKK:EVmaker_Local,EVmaker_Local:BKK:2026-W07:00056,5,[5],[],[5],[],on_time -> backlog
OUT:leaf_out:BKK:EVmaker_Local,EVmaker_Local:BKK:2026-W07:00057,5,[5],[],[5],[],on_time -> backlog
OUT:leaf_out:BKK:EVmaker_Local,EVmaker_Local:BKK:2026-W07:00058,5,[5],[],[5],[],on_time -> backlog
OUT:leaf_out:BKK:EVmaker_Local,EVmaker_Local:BKK:2026-W07:00059,5,[5],[],[5],[],on_time -> backlog
OUT:leaf_out:BKK:EVmaker_Local,EVmaker_Local:BKK:2026-W07:00060,5,[5],[],[5],[],on_time -> backlog
OUT:leaf_out:BKK:EVmaker_Local,EVmaker_Local:BKK:2026-W07:00061,5,[5],[],[5],[],on_time -> backlog
OUT:leaf_out:BKK:EVmaker_Local,EVmaker_Local:BKK:2026-W07:00062,5,[5],[],[5],[],on_time -> backlog
OUT:leaf_out:BKK:EVmaker_Local,EVmaker_Local:BKK:2026-W07:00063,5,[5],[],[5],[],on_time -> backlog
OUT:leaf_out:BKK:EVmaker_Local,EVmaker_Local:BKK:2026-W07:00064,5,[5],[],[5],[],on_time -> backlog
OUT:leaf_out:BKK:EVmaker_Local,EVmaker_Local:BKK:2026-W07:00065,5,[5],[],[5],[],on_time -> backlog
OUT:leaf_out:BKK:EVmaker_Local,EVmaker_Local:BKK:2026-W07:00066,5,[5],[],[5],[],on_time -> backlog
OUT:leaf_out:BKK:EVmaker_Local,EVmaker_Local:BKK:2026-W07:00067,5,[5],[],[5],[],on_time -> backlog
OUT:leaf_out:BKK:EVmaker_Local,EVmaker_Local:BKK:2026-W07:00068,5,[5],[],[5],[],on_time -> backlog
OUT:leaf_out:BKK:EVmaker_Local,EVmaker_Local:BKK:2026-W07:00069,5,[5],[],[5],[],on_time -> backlog
OUT:leaf_out:BKK:EVmaker_Local,EVmaker_Local:BKK:2026-W07:00070,5,[5],[],[5],[],on_time -> backlog
OUT:leaf_out:BKK:EVmaker_Local,EVmaker_Local:BKK:2026-W07:00071,5,[5],[],[5],[],on_time -> backlog
OUT:leaf_out:BKK:EVmaker_Local,EVmaker_Local:BKK:2026-W07:00072,5,[5],[],[5],[],on_time -> backlog
OUT:leaf_out:BKK:EVmaker_Local,EVmaker_Local:BKK:2026-W07:00073,5,[5],[],[5],[],on_time -> backlog
OUT:leaf_out:BKK:EVmaker_Local,EVmaker_Local:BKK:2026-W07:00074,5,[5],[],[5],[],on_time -> backlog
OUT:leaf_out:BKK:EVmaker_Local,EVmaker_Local:BKK:2026-W07:00075,5,[5],[],[5],[],on_time -> backlog
OUT:leaf_out:BKK:EVmaker_Local,EVmaker_Local:BKK:2026-W07:00076,5,[5],[],[5],[],on_time -> backlog
OUT:leaf_out:BKK:EVmaker_Local,EVmaker_Local:BKK:2026-W07:00077,5,[5],[],[5],[],on_time -> backlog
OUT:leaf_out:BKK:EVmaker_Local,EVmaker_Local:BKK:2026-W07:00078,5,[5],[],[5],[],on_time -> backlog
OUT:leaf_out:BKK:EVmaker_Local,EVmaker_Local:BKK:2026-W07:00079,5,[5],[],[5],[],on_time -> backlog
OUT:leaf_out:BKK:EVmaker_Local,EVmaker_Local:BKK:2026-W07:00080,5,[5],[],[5],[],on_time -> backlog
OUT:leaf_out:BKK:EVmaker_Local,EVmaker_Local:BKK:2026-W07:00081,5,[5],[],[5],[],on_time -> backlog
OUT:leaf_out:BKK:EVmaker_Local,EVmaker_Local:BKK:2026-W07:00082,5,[5],[],[5],[],on_time -> backlog
OUT:leaf_out:BKK:EVmaker_Local,EVmaker_Local:BKK:2026-W07:00083,5,[5],[],[5],[],on_time -> backlog
OUT:leaf_out:BKK:EVmaker_Local,EVmaker_Local:BKK:2026-W07:00084,5,[5],[],[5],[],on_time -> backlog
OUT:leaf_out:BKK:EVmaker_Local,EVmaker_Local:BKK:2026-W07:00085,5,[5],[],[5],[],on_time -> backlog
OUT:leaf_out:BKK:EVmaker_Local,EVmaker_Local:BKK:2026-W07:00086,5,[5],[],[5],[],on_time -> backlog
OUT:leaf_out:BKK:EVmaker_Local,EVmaker_Local:BKK:2026-W07:00087,5,[5],[],[5],[],on_time -> backlog
OUT:leaf_out:BKK:EVmaker_Local,EVmaker_Local:BKK:2026-W07:00088,5,[5],[],[5],[],on_time -> backlog
OUT:leaf_out:BKK:EVmaker_Local,EVmaker_Local:BKK:2026-W07:00089,5,[5],[],[5],[],on_time -> backlog
OUT:leaf_out:BKK:EVmaker_Local,EVmaker_Local:BKK:2026-W07:00090,5,[5],[],[5],[],on_time -> backlog
OUT:leaf_out:BKK:EVmaker_Local,EVmaker_Local:BKK:2026-W07:00091,5,[5],[],[5],[],on_time -> backlog
OUT:leaf_out:BKK:EVmaker_Local,EVmaker_Local:BKK:2026-W07:00092,5,[5],[],[5],[],on_time -> backlog
OUT:leaf_out:BKK:EVmaker_Local,EVmaker_Local:BKK:2026-W07:00093,5,[5],[],[5],[],on_time -> backlog
OUT:leaf_out:BKK:EVmaker_Local,EVmaker_Local:BKK:2026-W07:00094,5,[5],[],[5],[],on_time -> backlog
OUT:leaf_out:BKK:EVmaker_Local,EVmaker_Local:BKK:2026-W07:00095,5,[5],[],[5],[],on_time -> backlog
OUT:leaf_out:BKK:EVmaker_Local,EVmaker_Local:BKK:2026-W07:00096,5,[5],[],[5],[],on_time -> backlog
OUT:leaf_out:BKK:EVmaker_Local,EVmaker_Local:BKK:2026-W07:00097,5,[5],[],[5],[],on_time -> backlog
OUT:leaf_out:BKK:EVmaker_Local,EVmaker_Local:BKK:2026-W07:00098,5,[5],[],[5],[],on_time -> backlog
OUT:leaf_out:BKK:EVmaker_Local,EVmaker_Local:BKK:2026-W07:00099,5,[5],[],[5],[],on_time -> backlog
OUT:leaf_out:BKK:EVmaker_Local,EVmaker_Local:BKK:2026-W07:00100,5,[5],[],[5],[],on_time -> backlog
OUT:leaf_out:BKK:EVmaker_Local,EVmaker_Local:BKK:2026-W07:00101,5,[5],[],[5],[],on_time -> backlog
OUT:leaf_out:BKK:EVmaker_Local,EVmaker_Local:BKK:2026-W07:00102,5,[5],[],[5],[],on_time -> backlog
OUT:leaf_out:BKK:EVmaker_Local,EVmaker_Local:BKK:2026-W07:00103,5,[5],[],[5],[],on_time -> backlog
OUT:leaf_out:BKK:EVmaker_Local,EVmaker_Local:BKK:2026-W07:00104,5,[5],[],[5],[],on_time -> backlog
OUT:leaf_out:BKK:EVmaker_Local,EVmaker_Local:BKK:2026-W07:00105,5,[5],[],[5],[],on_time -> backlog
OUT:leaf_out:BKK:EVmaker_Local,EVmaker_Local:BKK:2026-W07:00106,5,[5],[],[5],[],on_time -> backlog
OUT:leaf_out:BKK:EVmaker_Local,EVmaker_Local:BKK:2026-W07:00107,5,[5],[],[5],[],on_time -> backlog
OUT:leaf_out:BKK:EVmaker_Local,EVmaker_Local:BKK:2026-W07:00108,5,[5],[],[5],[],on_time -> backlog
OUT:leaf_out:BKK:EVmaker_Local,EVmaker_Local:BKK:2026-W07:00109,5,[5],[],[5],[],on_time -> backlog
OUT:leaf_out:BKK:EVmaker_Local,EVmaker_Local:BKK:2026-W07:00110,5,[5],[],[5],[],on_time -> backlog
OUT:leaf_out:BKK:EVmaker_Local,EVmaker_Local:BKK:2026-W07:00111,5,[5],[],[5],[],on_time -> backlog
OUT:leaf_out:BKK:EVmaker_Local,EVmaker_Local:BKK:2026-W07:00112,5,[5],[],[5],[],on_time -> backlog
OUT:leaf_out:BKK:EVmaker_Local,EVmaker_Local:BKK:2026-W07:00113,5,[5],[],[5],[],on_time -> backlog
OUT:leaf_out:BKK:EVmaker_Local,EVmaker_Local:BKK:2026-W07:00114,5,[5],[],[5],[],on_time -> backlog
OUT:leaf_out:BKK:EVmaker_Local,EVmaker_Local:BKK:2026-W07:00115,5,[5],[],[5],[],on_time -> backlog
OUT:leaf_out:BKK:EVmaker_Local,EVmaker_Local:BKK:2026-W07:00116,5,[5],[],[5],[],on_time -> backlog
OUT:leaf_out:BKK:EVmaker_Local,EVmaker_Local:BKK:2026-W07:00117,5,[5],[],[5],[],on_time -> backlog
OUT:leaf_out:BKK:EVmaker_Local,EVmaker_Local:BKK:2026-W07:00118,5,[5],[],[5],[],on_time -> backlog
OUT:leaf_out:BKK:EVmaker_Local,EVmaker_Local:BKK:2026-W07:00119,5,[5],[],[5],[],on_time -> backlog
OUT:leaf_out:BKK:EVmaker_Local,EVmaker_Local:BKK:2026-W07:00120,5,[5],[],[5],[],on_time -> backlog
OUT:leaf_out:BKK:EVmaker_Local,EVmaker_Local:BKK:2026-W07:00121,5,[5],[],[5],[],on_time -> backlog
OUT:leaf_out:BKK:EVmaker_Local,EVmaker_Local:BKK:2026-W07:00122,5,[5],[],[5],[],on_time -> backlog
OUT:leaf_out:BKK:EVmaker_Local,EVmaker_Local:BKK:2026-W07:00123,5,[5],[],[5],[],on_time -> backlog
OUT:leaf_out:BKK:EVmaker_Local,EVmaker_Local:BKK:2026-W07:00124,5,[5],[],[5],[],on_time -> backlog
OUT:leaf_out:BKK:EVmaker_Local,EVmaker_Local:BKK:2026-W07:00125,5,[5],[],[5],[],on_time -> backlog
OUT:leaf_out:BKK:EVmaker_Local,EVmaker_Local:BKK:2026-W07:00126,5,[5],[],[5],[],on_time -> backlog
OUT:leaf_out:BKK:EVmaker_Local,EVmaker_Local:BKK:2026-W07:00127,5,[5],[],[5],[],on_time -> backlog
OUT:leaf_out:BKK:EVmaker_Local,EVmaker_Local:BKK:2026-W07:00128,5,[5],[],[5],[],on_time -> backlog
OUT:leaf_out:BKK:EVmaker_Local,EVmaker_Local:BKK:2026-W07:00129,5,[5],[],[5],[],on_time -> backlog
OUT:leaf_out:BKK:EVmaker_Local,EVmaker_Local:BKK:2026-W07:00130,5,[5],[],[5],[],on_time -> backlog
OUT:leaf_out:BKK:EVmaker_Local,EVmaker_Local:BKK:2026-W07:00131,5,[5],[],[5],[],on_time -> backlog
OUT:leaf_out:BKK:EVmaker_Local,EVmaker_Local:BKK:2026-W07:00132,5,[5],[],[5],[],on_time -> backlog
OUT:leaf_out:BKK:EVmaker_Local,EVmaker_Local:BKK:2026-W07:00133,5,[5],[],[5],[],on_time -> backlog
OUT:leaf_out:BKK:EVmaker_Local,EVmaker_Local:BKK:2026-W07:00134,5,[5],[],[5],[],on_time -> backlog
OUT:leaf_out:BKK:EVmaker_Local,EVmaker_Local:BKK:2026-W07:00135,5,[5],[],[5],[],on_time -> backlog
OUT:leaf_out:BKK:EVmaker_Local,EVmaker_Local:BKK:2026-W07:00136,5,[5],[],[5],[],on_time -> backlog
OUT:leaf_out:BKK:EVmaker_Local,EVmaker_Local:BKK:2026-W07:00137,5,[5],[],[5],[],on_time -> backlog
OUT:leaf_out:BKK:EVmaker_Local,EVmaker_Local:BKK:2026-W07:00138,5,[5],[],[5],[],on_time -> backlog
OUT:leaf_out:BKK:EVmaker_Local,EVmaker_Local:BKK:2026-W07:00139,5,[5],[],[5],[],on_time -> backlog
OUT:leaf_out:BKK:EVmaker_Local,EVmaker_Local:BKK:2026-W07:00140,5,[5],[],[5],[],on_time -> backlog
OUT:leaf_out:BKK:EVmaker_Local,EVmaker_Local:BKK:2026-W07:00141,5,[5],[],[5],[],on_time -> backlog
OUT:leaf_out:BKK:EVmaker_Local,EVmaker_Local:BKK:2026-W07:00142,5,[5],[],[5],[],on_time -> backlog
OUT:leaf_out:BKK:EVmaker_Local,EVmaker_Local:BKK:2026-W07:00143,5,[5],[],[5],[],on_time -> backlog
OUT:leaf_out:BKK:EVmaker_Local,EVmaker_Local:BKK:2026-W07:00144,5,[5],[],[5],[],on_time -> backlog
OUT:leaf_out:BKK:EVmaker_Local,EVmaker_Local:BKK:2026-W07:00145,5,[5],[],[5],[],on_time -> backlog
OUT:leaf_out:BKK:EVmaker_Local,EVmaker_Local:BKK:2026-W07:00146,5,[5],[],[5],[],on_time -> backlog
OUT:leaf_out:BKK:EVmaker_Local,EVmaker_Local:BKK:2026-W07:00147,5,[5],[],[5],[],on_time -> backlog
OUT:leaf_out:BKK:EVmaker_Local,EVmaker_Local:BKK:2026-W07:00148,5,[5],[],[5],[],on_time -> backlog
OUT:leaf_out:BKK:EVmaker_Local,EVmaker_Local:BKK:2026-W07:00149,5,[5],[],[5],[],on_time -> backlog
OUT:leaf_out:BKK:EVmaker_Local,EVmaker_Local:BKK:2026-W07:00150,5,[5],[],[5],[],on_time -> backlog
OUT:leaf_out:BKK:EVmaker_Local,EVmaker_Local:BKK:2026-W07:00151,5,[5],[],[5],[],on_time -> backlog
OUT:leaf_out:BKK:EVmaker_Local,EVmaker_Local:BKK:2026-W07:00152,5,[5],[],[5],[],on_time -> backlog
OUT:leaf_out:BKK:EVmaker_Local,EVmaker_Local:BKK:2026-W07:00153,5,[5],[],[5],[],on_time -> backlog
OUT:leaf_out:BKK:EVmaker_Local,EVmaker_Local:BKK:2026-W07:00154,5,[5],[],[5],[],on_time -> backlog
OUT:leaf_out:BKK:EVmaker_Local,EVmaker_Local:BKK:2026-W07:00155,5,[5],[],[5],[],on_time -> backlog
OUT:leaf_out:BKK:EVmaker_Local,EVmaker_Local:BKK:2026-W07:00156,5,[5],[],[5],[],on_time -> backlog
OUT:leaf_out:BKK:EVmaker_Local,EVmaker_Local:BKK:2026-W07:00157,5,[5],[],[5],[],on_time -> backlog
OUT:leaf_out:BKK:EVmaker_Local,EVmaker_Local:BKK:2026-W07:00158,5,[5],[],[5],[],on_time -> backlog
OUT:leaf_out:BKK:EVmaker_Local,EVmaker_Local:BKK:2026-W07:00159,5,[5],[],[5],[],on_time -> backlog
OUT:leaf_out:BKK:EVmaker_Local,EVmaker_Local:BKK:2026-W07:00160,5,[5],[],[5],[],on_time -> backlog
OUT:leaf_out:BKK:EVmaker_Local,EVmaker_Local:BKK:2026-W07:00161,5,[5],[],[5],[],on_time -> backlog
OUT:leaf_out:BKK:EVmaker_Local,EVmaker_Local:BKK:2026-W07:00162,5,[5],[],[5],[],on_time -> backlog
OUT:leaf_out:BKK:EVmaker_Local,EVmaker_Local:BKK:2026-W07:00163,5,[5],[],[5],[],on_time -> backlog
OUT:leaf_out:BKK:EVmaker_Local,EVmaker_Local:BKK:2026-W07:00164,5,[5],[],[5],[],on_time -> backlog
OUT:leaf_out:BKK:EVmaker_Local,EVmaker_Local:BKK:2026-W07:00165,5,[5],[],[5],[],on_time -> backlog
OUT:leaf_out:BKK:EVmaker_Local,EVmaker_Local:BKK:2026-W07:00166,5,[5],[],[5],[],on_time -> backlog
OUT:leaf_out:BKK:EVmaker_Local,EVmaker_Local:BKK:2026-W07:00167,5,[5],[],[5],[],on_time -> backlog
OUT:leaf_out:BKK:EVmaker_Local,EVmaker_Local:BKK:2026-W07:00168,5,[5],[],[5],[],on_time -> backlog
OUT:leaf_out:BKK:EVmaker_Local,EVmaker_Local:BKK:2026-W07:00169,5,[5],[],[5],[],on_time -> backlog
OUT:leaf_out:BKK:EVmaker_Local,EVmaker_Local:BKK:2026-W07:00170,5,[5],[],[5],[],on_time -> backlog
OUT:leaf_out:BKK:EVmaker_Local,EVmaker_Local:BKK:2026-W07:00171,5,[5],[],[5],[],on_time -> backlog
OUT:leaf_out:BKK:EVmaker_Local,EVmaker_Local:BKK:2026-W07:00172,5,[5],[],[5],[],on_time -> backlog
OUT:leaf_out:BKK:EVmaker_Local,EVmaker_Local:BKK:2026-W07:00173,5,[5],[],[5],[],on_time -> backlog
OUT:leaf_out:BKK:EVmaker_Local,EVmaker_Local:BKK:2026-W07:00174,5,[5],[],[5],[],on_time -> backlog
OUT:leaf_out:BKK:EVmaker_Local,EVmaker_Local:BKK:2026-W07:00175,5,[5],[],[5],[],on_time -> backlog
OUT:leaf_out:BKK:EVmaker_Local,EVmaker_Local:BKK:2026-W07:00176,5,[5],[],[5],[],on_time -> backlog
OUT:leaf_out:BKK:EVmaker_Local,EVmaker_Local:BKK:2026-W07:00177,5,[5],[],[5],[],on_time -> backlog
OUT:leaf_out:BKK:EVmaker_Local,EVmaker_Local:BKK:2026-W07:00178,5,[5],[],[5],[],on_time -> backlog
OUT:leaf_out:BKK:EVmaker_Local,EVmaker_Local:BKK:2026-W07:00179,5,[5],[],[5],[],on_time -> backlog
OUT:leaf_out:BKK:EVmaker_Local,EVmaker_Local:BKK:2026-W07:00180,5,[5],[],[5],[],on_time -> backlog
OUT:leaf_out:BKK:EVmaker_Local,EVmaker_Local:BKK:2026-W07:00181,5,[5],[],[5],[],on_time -> backlog
OUT:leaf_out:BKK:EVmaker_Local,EVmaker_Local:BKK:2026-W07:00182,5,[5],[],[5],[],on_time -> backlog
OUT:leaf_out:BKK:EVmaker_Local,EVmaker_Local:BKK:2026-W07:00183,5,[5],[],[5],[],on_time -> backlog
OUT:leaf_out:BKK:EVmaker_Local,EVmaker_Local:BKK:2026-W07:00184,5,[5],[],[5],[],on_time -> backlog
OUT:leaf_out:BKK:EVmaker_Local,EVmaker_Local:BKK:2026-W07:00185,5,[5],[],[5],[],on_time -> backlog
OUT:leaf_out:BKK:EVmaker_Local,EVmaker_Local:BKK:2026-W07:00186,5,[5],[],[5],[],on_time -> backlog
OUT:leaf_out:BKK:EVmaker_Local,EVmaker_Local:BKK:2026-W07:00187,5,[5],[],[5],[],on_time -> backlog
OUT:leaf_out:BKK:EVmaker_Local,EVmaker_Local:BKK:2026-W07:00188,5,[5],[],[5],[],on_time -> backlog
OUT:leaf_out:BKK:EVmaker_Local,EVmaker_Local:BKK:2026-W07:00189,5,[5],[],[5],[],on_time -> backlog
OUT:leaf_out:BKK:EVmaker_Local,EVmaker_Local:BKK:2026-W07:00190,5,[5],[],[5],[],on_time -> backlog
OUT:leaf_out:BKK:EVmaker_Local,EVmaker_Local:BKK:2026-W07:00191,5,[5],[],[5],[],on_time -> backlog
OUT:leaf_out:BKK:EVmaker_Local,EVmaker_Local:BKK:2026-W07:00192,5,[5],[],[5],[],on_time -> backlog
OUT:leaf_out:BKK:EVmaker_Local,EVmaker_Local:BKK:2026-W07:00193,5,[5],[],[5],[],on_time -> backlog
OUT:leaf_out:BKK:EVmaker_Local,EVmaker_Local:BKK:2026-W07:00194,5,[5],[],[5],[],on_time -> backlog
OUT:leaf_out:BKK:EVmaker_Local,EVmaker_Local:BKK:2026-W07:00195,5,[5],[],[5],[],on_time -> backlog
OUT:leaf_out:BKK:EVmaker_Local,EVmaker_Local:BKK:2026-W07:00196,5,[5],[],[5],[],on_time -> backlog
OUT:leaf_out:BKK:EVmaker_Local,EVmaker_Local:BKK:2026-W07:00197,5,[5],[],[5],[],on_time -> backlog
OUT:leaf_out:BKK:EVmaker_Local,EVmaker_Local:BKK:2026-W07:00198,5,[5],[],[5],[],on_time -> backlog
OUT:leaf_out:BKK:EVmaker_Local,EVmaker_Local:BKK:2026-W07:00199,5,[5],[],[5],[],on_time -> backlog
OUT:leaf_out:BKK:EVmaker_Local,EVmaker_Local:BKK:2026-W07:00200,5,[5],[],[5],[],on_time -> backlog
OUT:leaf_out:BKK:EVmaker_Local,EVmaker_Local:BKK:2026-W07:00201,5,[5],[],[5],[],on_time -> backlog
OUT:leaf_out:BKK:EVmaker_Local,EVmaker_Local:BKK:2026-W07:00202,5,[5],[],[5],[],on_time -> backlog
OUT:leaf_out:BKK:EVmaker_Local,EVmaker_Local:BKK:2026-W07:00203,5,[5],[],[5],[],on_time -> backlog
OUT:leaf_out:BKK:EVmaker_Local,EVmaker_Local:BKK:2026-W07:00204,5,[5],[],[5],[],on_time -> backlog
OUT:leaf_out:BKK:EVmaker_Local,EVmaker_Local:BKK:2026-W07:00205,5,[5],[],[5],[],on_time -> backlog
OUT:leaf_out:BKK:EVmaker_Local,EVmaker_Local:BKK:2026-W07:00206,5,[5],[],[5],[],on_time -> backlog
OUT:leaf_out:BKK:EVmaker_Local,EVmaker_Local:BKK:2026-W07:00207,5,[5],[],[5],[],on_time -> backlog
OUT:leaf_out:BKK:EVmaker_Local,EVmaker_Local:BKK:2026-W07:00208,5,[5],[],[5],[],on_time -> backlog
OUT:leaf_out:BKK:EVmaker_Local,EVmaker_Local:BKK:2026-W07:00209,5,[5],[],[5],[],on_time -> backlog
OUT:leaf_out:BKK:EVmaker_Local,EVmaker_Local:BKK:2026-W07:00210,5,[5],[],[5],[],on_time -> backlog
OUT:leaf_out:BKK:EVmaker_Local,EVmaker_Local:BKK:2026-W07:00211,5,[5],[],[5],[],on_time -> backlog
OUT:leaf_out:BKK:EVmaker_Local,EVmaker_Local:BKK:2026-W07:00212,5,[5],[],[5],[],on_time -> backlog
OUT:leaf_out:BKK:EVmaker_Local,EVmaker_Local:BKK:2026-W07:00213,5,[5],[],[5],[],on_time -> backlog
OUT:leaf_out:BKK:EVmaker_Local,EVmaker_Local:BKK:2026-W07:00214,5,[5],[],[5],[],on_time -> backlog
OUT:leaf_out:BKK:EVmaker_Local,EVmaker_Local:BKK:2026-W07:00215,5,[5],[],[5],[],on_time -> backlog
OUT:leaf_out:BKK:EVmaker_Local,EVmaker_Local:BKK:2026-W07:00216,5,[5],[],[5],[],on_time -> backlog
OUT:leaf_out:BKK:EVmaker_Local,EVmaker_Local:BKK:2026-W07:00217,5,[5],[],[5],[],on_time -> backlog
OUT:leaf_out:BKK:EVmaker_Local,EVmaker_Local:BKK:2026-W07:00218,5,[5],[],[5],[],on_time -> backlog
OUT:leaf_out:BKK:EVmaker_Local,EVmaker_Local:BKK:2026-W07:00219,5,[5],[],[5],[],on_time -> backlog
OUT:leaf_out:BKK:EVmaker_Local,EVmaker_Local:BKK:2026-W07:00220,5,[5],[],[5],[],on_time -> backlog
OUT:leaf_out:BKK:EVmaker_Local,EVmaker_Local:BKK:2026-W07:00221,5,[5],[],[5],[],on_time -> backlog
OUT:leaf_out:BKK:EVmaker_Local,EVmaker_Local:BKK:2026-W07:00222,5,[5],[],[5],[],on_time -> backlog
OUT:leaf_out:BKK:EVmaker_Local,EVmaker_Local:BKK:2026-W07:00223,5,[5],[],[5],[],on_time -> backlog
OUT:leaf_out:BKK:EVmaker_Local,EVmaker_Local:BKK:2026-W07:00224,5,[5],[],[5],[],on_time -> backlog
OUT:leaf_out:BKK:EVmaker_Local,EVmaker_Local:BKK:2026-W07:00225,5,[5],[],[5],[],on_time -> backlog
OUT:leaf_out:BKK:EVmaker_Local,EVmaker_Local:BKK:2026-W07:00226,5,[5],[],[5],[],on_time -> backlog
OUT:leaf_out:BKK:EVmaker_Local,EVmaker_Local:BKK:2026-W07:00227,5,[5],[],[5],[],on_time -> backlog
OUT:leaf_out:BKK:EVmaker_Local,EVmaker_Local:BKK:2026-W07:00228,5,[5],[],[5],[],on_time -> backlog
OUT:leaf_out:BKK:EVmaker_Local,EVmaker_Local:BKK:2026-W07:00229,5,[5],[],[5],[],on_time -> backlog
OUT:leaf_out:BKK:EVmaker_Local,EVmaker_Local:BKK:2026-W07:00230,5,[5],[],[5],[],on_time -> backlog
OUT:leaf_out:BKK:EVmaker_Local,EVmaker_Local:BKK:2026-W07:00231,5,[5],[],[5],[],on_time -> backlog
OUT:leaf_out:BKK:EVmaker_Local,EVmaker_Local:BKK:2026-W07:00232,5,[5],[],[5],[],on_time -> backlog
OUT:leaf_out:BKK:EVmaker_Local,EVmaker_Local:BKK:2026-W07:00233,5,[5],[],[5],[],on_time -> backlog
OUT:leaf_out:BKK:EVmaker_Local,EVmaker_Local:BKK:2026-W07:00234,5,[5],[],[5],[],on_time -> backlog
OUT:leaf_out:BKK:EVmaker_Local,EVmaker_Local:BKK:2026-W07:00235,5,[5],[],[5],[],on_time -> backlog
OUT:leaf_out:BKK:EVmaker_Local,EVmaker_Local:BKK:2026-W07:00236,5,[5],[],[5],[],on_time -> backlog
OUT:leaf_out:BKK:EVmaker_Local,EVmaker_Local:BKK:2026-W07:00237,5,[5],[],[5],[],on_time -> backlog
OUT:leaf_out:BKK:EVmaker_Local,EVmaker_Local:BKK:2026-W07:00238,5,[5],[],[5],[],on_time -> backlog
OUT:leaf_out:BKK:EVmaker_Local,EVmaker_Local:BKK:2026-W07:00239,5,[5],[],[5],[],on_time -> backlog
OUT:leaf_out:BKK:EVmaker_Local,EVmaker_Local:BKK:2026-W07:00240,5,[5],[],[5],[],on_time -> backlog
OUT:leaf_out:BKK:EVmaker_Local,EVmaker_Local:BKK:2026-W07:00241,5,[5],[],[5],[],on_time -> backlog
OUT:leaf_out:BKK:EVmaker_Local,EVmaker_Local:BKK:2026-W07:00242,5,[5],[],[5],[],on_time -> backlog
OUT:leaf_out:BKK:EVmaker_Local,EVmaker_Local:BKK:2026-W07:00243,5,[5],[],[5],[],on_time -> backlog
OUT:leaf_out:BKK:EVmaker_Local,EVmaker_Local:BKK:2026-W07:00244,5,[5],[],[5],[],on_time -> backlog
OUT:leaf_out:BKK:EVmaker_Local,EVmaker_Local:BKK:2026-W07:00245,5,[5],[],[5],[],on_time -> backlog
OUT:leaf_out:BKK:EVmaker_Local,EVmaker_Local:BKK:2026-W07:00246,5,[5],[],[5],[],on_time -> backlog
OUT:leaf_out:BKK:EVmaker_Local,EVmaker_Local:BKK:2026-W07:00247,5,[5],[],[5],[],on_time -> backlog
OUT:leaf_out:BKK:EVmaker_Local,EVmaker_Local:BKK:2026-W07:00248,5,[5],[],[5],[],on_time -> backlog
OUT:leaf_out:BKK:EVmaker_Local,EVmaker_Local:BKK:2026-W07:00249,5,[5],[],[5],[],on_time -> backlog
OUT:leaf_out:BKK:EVmaker_Local,EVmaker_Local:BKK:2026-W07:00250,5,[5],[],[5],[],on_time -> backlog
OUT:leaf_out:ONL:EVmaker_Import,EVmaker_Import:ONL:2026-W07:00001,5,[5],[],[5],[],on_time -> backlog
OUT:leaf_out:ONL:EVmaker_Import,EVmaker_Import:ONL:2026-W07:00002,5,[5],[],[5],[],on_time -> backlog
OUT:leaf_out:ONL:EVmaker_Import,EVmaker_Import:ONL:2026-W07:00003,5,[5],[],[5],[],on_time -> backlog
OUT:leaf_out:ONL:EVmaker_Import,EVmaker_Import:ONL:2026-W07:00004,5,[5],[],[5],[],on_time -> backlog
OUT:leaf_out:ONL:EVmaker_Import,EVmaker_Import:ONL:2026-W07:00005,5,[5],[],[5],[],on_time -> backlog
OUT:leaf_out:ONL:EVmaker_Import,EVmaker_Import:ONL:2026-W07:00006,5,[5],[],[5],[],on_time -> backlog
OUT:leaf_out:ONL:EVmaker_Import,EVmaker_Import:ONL:2026-W07:00007,5,[5],[],[5],[],on_time -> backlog
OUT:leaf_out:ONL:EVmaker_Import,EVmaker_Import:ONL:2026-W07:00008,5,[5],[],[5],[],on_time -> backlog
OUT:leaf_out:ONL:EVmaker_Import,EVmaker_Import:ONL:2026-W07:00009,5,[5],[],[5],[],on_time -> backlog
OUT:leaf_out:ONL:EVmaker_Import,EVmaker_Import:ONL:2026-W07:00010,5,[5],[],[5],[],on_time -> backlog
OUT:leaf_out:ONL:EVmaker_Local,EVmaker_Local:ONL:2026-W07:00001,5,[5],[],[5],[],on_time -> backlog
OUT:leaf_out:ONL:EVmaker_Local,EVmaker_Local:ONL:2026-W07:00002,5,[5],[],[5],[],on_time -> backlog
OUT:leaf_out:ONL:EVmaker_Local,EVmaker_Local:ONL:2026-W07:00003,5,[5],[],[5],[],on_time -> backlog
OUT:leaf_out:ONL:EVmaker_Local,EVmaker_Local:ONL:2026-W07:00004,5,[5],[],[5],[],on_time -> backlog
OUT:leaf_out:ONL:EVmaker_Local,EVmaker_Local:ONL:2026-W07:00005,5,[5],[],[5],[],on_time -> backlog
OUT:leaf_out:ONL:EVmaker_Local,EVmaker_Local:ONL:2026-W07:00006,5,[5],[],[5],[],on_time -> backlog
OUT:leaf_out:ONL:EVmaker_Local,EVmaker_Local:ONL:2026-W07:00007,5,[5],[],[5],[],on_time -> backlog
OUT:leaf_out:ONL:EVmaker_Local,EVmaker_Local:ONL:2026-W07:00008,5,[5],[],[5],[],on_time -> backlog
OUT:leaf_out:ONL:EVmaker_Local,EVmaker_Local:ONL:2026-W07:00009,5,[5],[],[5],[],on_time -> backlog
OUT:leaf_out:ONL:EVmaker_Local,EVmaker_Local:ONL:2026-W07:00010,5,[5],[],[5],[],on_time -> backlog
OUT:leaf_out:ONL:EVmaker_Local,EVmaker_Local:ONL:2026-W07:00011,5,[5],[],[5],[],on_time -> backlog
OUT:leaf_out:ONL:EVmaker_Local,EVmaker_Local:ONL:2026-W07:00012,5,[5],[],[5],[],on_time -> backlog
OUT:leaf_out:ONL:EVmaker_Local,EVmaker_Local:ONL:2026-W07:00013,5,[5],[],[5],[],on_time -> backlog
OUT:leaf_out:ONL:EVmaker_Local,EVmaker_Local:ONL:2026-W07:00014,5,[5],[],[5],[],on_time -> backlog
OUT:leaf_out:ONL:EVmaker_Local,EVmaker_Local:ONL:2026-W07:00015,5,[5],[],[5],[],on_time -> backlog
OUT:leaf_out:ONL:EVmaker_Local,EVmaker_Local:ONL:2026-W07:00016,5,[5],[],[5],[],on_time -> backlog
OUT:leaf_out:ONL:EVmaker_Local,EVmaker_Local:ONL:2026-W07:00017,5,[5],[],[5],[],on_time -> backlog
OUT:leaf_out:ONL:EVmaker_Local,EVmaker_Local:ONL:2026-W07:00018,5,[5],[],[5],[],on_time -> backlog
OUT:leaf_out:ONL:EVmaker_Local,EVmaker_Local:ONL:2026-W07:00019,5,[5],[],[5],[],on_time -> backlog
OUT:leaf_out:ONL:EVmaker_Local,EVmaker_Local:ONL:2026-W07:00020,5,[5],[],[5],[],on_time -> backlog
OUT:leaf_out:ONL:EVmaker_Local,EVmaker_Local:ONL:2026-W07:00021,5,[5],[],[5],[],on_time -> backlog
OUT:leaf_out:ONL:EVmaker_Local,EVmaker_Local:ONL:2026-W07:00022,5,[5],[],[5],[],on_time -> backlog
OUT:leaf_out:ONL:EVmaker_Local,EVmaker_Local:ONL:2026-W07:00023,5,[5],[],[5],[],on_time -> backlog
OUT:leaf_out:ONL:EVmaker_Local,EVmaker_Local:ONL:2026-W07:00024,5,[5],[],[5],[],on_time -> backlog
OUT:leaf_out:ONL:EVmaker_Local,EVmaker_Local:ONL:2026-W07:00025,5,[5],[],[5],[],on_time -> backlog
OUT:leaf_out:ONL:EVmaker_Local,EVmaker_Local:ONL:2026-W07:00026,5,[5],[],[5],[],on_time -> backlog
OUT:leaf_out:ONL:EVmaker_Local,EVmaker_Local:ONL:2026-W07:00027,5,[5],[],[5],[],on_time -> backlog
OUT:leaf_out:ONL:EVmaker_Local,EVmaker_Local:ONL:2026-W07:00028,5,[5],[],[5],[],on_time -> backlog
OUT:leaf_out:ONL:EVmaker_Local,EVmaker_Local:ONL:2026-W07:00029,5,[5],[],[5],[],on_time -> backlog
OUT:leaf_out:ONL:EVmaker_Local,EVmaker_Local:ONL:2026-W07:00030,5,[5],[],[5],[],on_time -> backlog
OUT:leaf_out:ONL:EVmaker_Local,EVmaker_Local:ONL:2026-W07:00031,5,[5],[],[5],[],on_time -> backlog
OUT:leaf_out:ONL:EVmaker_Local,EVmaker_Local:ONL:2026-W07:00032,5,[5],[],[5],[],on_time -> backlog
OUT:leaf_out:ONL:EVmaker_Local,EVmaker_Local:ONL:2026-W07:00033,5,[5],[],[5],[],on_time -> backlog
OUT:leaf_out:ONL:EVmaker_Local,EVmaker_Local:ONL:2026-W07:00034,5,[5],[],[5],[],on_time -> backlog
OUT:leaf_out:ONL:EVmaker_Local,EVmaker_Local:ONL:2026-W07:00035,5,[5],[],[5],[],on_time -> backlog
OUT:leaf_out:ONL:EVmaker_Local,EVmaker_Local:ONL:2026-W07:00036,5,[5],[],[5],[],on_time -> backlog
OUT:leaf_out:ONL:EVmaker_Local,EVmaker_Local:ONL:2026-W07:00037,5,[5],[],[5],[],on_time -> backlog
OUT:leaf_out:ONL:EVmaker_Local,EVmaker_Local:ONL:2026-W07:00038,5,[5],[],[5],[],on_time -> backlog
OUT:leaf_out:ONL:EVmaker_Local,EVmaker_Local:ONL:2026-W07:00039,5,[5],[],[5],[],on_time -> backlog
OUT:leaf_out:ONL:EVmaker_Local,EVmaker_Local:ONL:2026-W07:00040,5,[5],[],[5],[],on_time -> backlog
OUT:leaf_out:ONL:EVmaker_Local,EVmaker_Local:ONL:2026-W07:00041,5,[5],[],[5],[],on_time -> backlog
OUT:leaf_out:ONL:EVmaker_Local,EVmaker_Local:ONL:2026-W07:00042,5,[5],[],[5],[],on_time -> backlog
OUT:leaf_out:ONL:EVmaker_Local,EVmaker_Local:ONL:2026-W07:00043,5,[5],[],[5],[],on_time -> backlog
OUT:leaf_out:ONL:EVmaker_Local,EVmaker_Local:ONL:2026-W07:00044,5,[5],[],[5],[],on_time -> backlog
OUT:leaf_out:ONL:EVmaker_Local,EVmaker_Local:ONL:2026-W07:00045,5,[5],[],[5],[],on_time -> backlog
OUT:leaf_out:ONL:EVmaker_Local,EVmaker_Local:ONL:2026-W07:00046,5,[5],[],[5],[],on_time -> backlog
OUT:leaf_out:ONL:EVmaker_Local,EVmaker_Local:ONL:2026-W07:00047,5,[5],[],[5],[],on_time -> backlog
OUT:leaf_out:ONL:EVmaker_Local,EVmaker_Local:ONL:2026-W07:00048,5,[5],[],[5],[],on_time -> backlog
OUT:leaf_out:ONL:EVmaker_Local,EVmaker_Local:ONL:2026-W07:00049,5,[5],[],[5],[],on_time -> backlog
OUT:leaf_out:ONL:EVmaker_Local,EVmaker_Local:ONL:2026-W07:00050,5,[5],[],[5],[],on_time -> backlog
OUT:leaf_out:PRO:EVmaker_Import,EVmaker_Import:PRO:2026-W07:00001,5,[5],[],[5],[],on_time -> backlog
OUT:leaf_out:PRO:EVmaker_Import,EVmaker_Import:PRO:2026-W07:00002,5,[5],[],[5],[],on_time -> backlog
OUT:leaf_out:PRO:EVmaker_Import,EVmaker_Import:PRO:2026-W07:00003,5,[5],[],[5],[],on_time -> backlog
OUT:leaf_out:PRO:EVmaker_Import,EVmaker_Import:PRO:2026-W07:00004,5,[5],[],[5],[],on_time -> backlog
OUT:leaf_out:PRO:EVmaker_Import,EVmaker_Import:PRO:2026-W07:00005,5,[5],[],[5],[],on_time -> backlog
OUT:leaf_out:PRO:EVmaker_Import,EVmaker_Import:PRO:2026-W07:00006,5,[5],[],[5],[],on_time -> backlog
OUT:leaf_out:PRO:EVmaker_Import,EVmaker_Import:PRO:2026-W07:00007,5,[5],[],[5],[],on_time -> backlog
OUT:leaf_out:PRO:EVmaker_Import,EVmaker_Import:PRO:2026-W07:00008,5,[5],[],[5],[],on_time -> backlog
OUT:leaf_out:PRO:EVmaker_Import,EVmaker_Import:PRO:2026-W07:00009,5,[5],[],[5],[],on_time -> backlog
OUT:leaf_out:PRO:EVmaker_Import,EVmaker_Import:PRO:2026-W07:00010,5,[5],[],[5],[],on_time -> backlog
OUT:leaf_out:PRO:EVmaker_Import,EVmaker_Import:PRO:2026-W07:00011,5,[5],[],[5],[],on_time -> backlog
OUT:leaf_out:PRO:EVmaker_Import,EVmaker_Import:PRO:2026-W07:00012,5,[5],[],[5],[],on_time -> backlog
OUT:leaf_out:PRO:EVmaker_Import,EVmaker_Import:PRO:2026-W07:00013,5,[5],[],[5],[],on_time -> backlog
OUT:leaf_out:PRO:EVmaker_Import,EVmaker_Import:PRO:2026-W07:00014,5,[5],[],[5],[],on_time -> backlog
OUT:leaf_out:PRO:EVmaker_Import,EVmaker_Import:PRO:2026-W07:00015,5,[5],[],[5],[],on_time -> backlog
OUT:leaf_out:PRO:EVmaker_Import,EVmaker_Import:PRO:2026-W07:00016,5,[5],[],[5],[],on_time -> backlog
OUT:leaf_out:PRO:EVmaker_Import,EVmaker_Import:PRO:2026-W07:00017,5,[5],[],[5],[],on_time -> backlog
OUT:leaf_out:PRO:EVmaker_Import,EVmaker_Import:PRO:2026-W07:00018,5,[5],[],[5],[],on_time -> backlog
OUT:leaf_out:PRO:EVmaker_Import,EVmaker_Import:PRO:2026-W07:00019,5,[5],[],[5],[],on_time -> backlog
OUT:leaf_out:PRO:EVmaker_Import,EVmaker_Import:PRO:2026-W07:00020,5,[5],[],[5],[],on_time -> backlog
OUT:leaf_out:PRO:EVmaker_Import,EVmaker_Import:PRO:2026-W07:00021,5,[5],[],[5],[],on_time -> backlog
OUT:leaf_out:PRO:EVmaker_Import,EVmaker_Import:PRO:2026-W07:00022,5,[5],[],[5],[],on_time -> backlog
OUT:leaf_out:PRO:EVmaker_Import,EVmaker_Import:PRO:2026-W07:00023,5,[5],[],[5],[],on_time -> backlog
OUT:leaf_out:PRO:EVmaker_Import,EVmaker_Import:PRO:2026-W07:00024,5,[5],[],[5],[],on_time -> backlog
OUT:leaf_out:PRO:EVmaker_Import,EVmaker_Import:PRO:2026-W07:00025,5,[5],[],[5],[],on_time -> backlog
OUT:leaf_out:PRO:EVmaker_Import,EVmaker_Import:PRO:2026-W07:00026,5,[5],[],[5],[],on_time -> backlog
OUT:leaf_out:PRO:EVmaker_Import,EVmaker_Import:PRO:2026-W07:00027,5,[5],[],[5],[],on_time -> backlog
OUT:leaf_out:PRO:EVmaker_Import,EVmaker_Import:PRO:2026-W07:00028,5,[5],[],[5],[],on_time -> backlog
OUT:leaf_out:PRO:EVmaker_Import,EVmaker_Import:PRO:2026-W07:00029,5,[5],[],[5],[],on_time -> backlog
OUT:leaf_out:PRO:EVmaker_Import,EVmaker_Import:PRO:2026-W07:00030,5,[5],[],[5],[],on_time -> backlog
OUT:leaf_out:PRO:EVmaker_Import,EVmaker_Import:PRO:2026-W07:00031,5,[5],[],[5],[],on_time -> backlog
OUT:leaf_out:PRO:EVmaker_Import,EVmaker_Import:PRO:2026-W07:00032,5,[5],[],[5],[],on_time -> backlog
OUT:leaf_out:PRO:EVmaker_Import,EVmaker_Import:PRO:2026-W07:00033,5,[5],[],[5],[],on_time -> backlog
OUT:leaf_out:PRO:EVmaker_Import,EVmaker_Import:PRO:2026-W07:00034,5,[5],[],[5],[],on_time -> backlog
OUT:leaf_out:PRO:EVmaker_Import,EVmaker_Import:PRO:2026-W07:00035,5,[5],[],[5],[],on_time -> backlog
OUT:leaf_out:PRO:EVmaker_Import,EVmaker_Import:PRO:2026-W07:00036,5,[5],[],[5],[],on_time -> backlog
OUT:leaf_out:PRO:EVmaker_Import,EVmaker_Import:PRO:2026-W07:00037,5,[5],[],[5],[],on_time -> backlog
OUT:leaf_out:PRO:EVmaker_Import,EVmaker_Import:PRO:2026-W07:00038,5,[5],[],[5],[],on_time -> backlog
OUT:leaf_out:PRO:EVmaker_Import,EVmaker_Import:PRO:2026-W07:00039,5,[5],[],[5],[],on_time -> backlog
OUT:leaf_out:PRO:EVmaker_Import,EVmaker_Import:PRO:2026-W07:00040,5,[5],[],[5],[],on_time -> backlog
OUT:leaf_out:PRO:EVmaker_Local,EVmaker_Local:PRO:2026-W07:00001,5,[5],[],[5],[],on_time -> backlog
OUT:leaf_out:PRO:EVmaker_Local,EVmaker_Local:PRO:2026-W07:00002,5,[5],[],[5],[],on_time -> backlog
OUT:leaf_out:PRO:EVmaker_Local,EVmaker_Local:PRO:2026-W07:00003,5,[5],[],[5],[],on_time -> backlog
OUT:leaf_out:PRO:EVmaker_Local,EVmaker_Local:PRO:2026-W07:00004,5,[5],[],[5],[],on_time -> backlog
OUT:leaf_out:PRO:EVmaker_Local,EVmaker_Local:PRO:2026-W07:00005,5,[5],[],[5],[],on_time -> backlog
OUT:leaf_out:PRO:EVmaker_Local,EVmaker_Local:PRO:2026-W07:00006,5,[5],[],[5],[],on_time -> backlog
OUT:leaf_out:PRO:EVmaker_Local,EVmaker_Local:PRO:2026-W07:00007,5,[5],[],[5],[],on_time -> backlog
OUT:leaf_out:PRO:EVmaker_Local,EVmaker_Local:PRO:2026-W07:00008,5,[5],[],[5],[],on_time -> backlog
OUT:leaf_out:PRO:EVmaker_Local,EVmaker_Local:PRO:2026-W07:00009,5,[5],[],[5],[],on_time -> backlog
OUT:leaf_out:PRO:EVmaker_Local,EVmaker_Local:PRO:2026-W07:00010,5,[5],[],[5],[],on_time -> backlog
OUT:leaf_out:PRO:EVmaker_Local,EVmaker_Local:PRO:2026-W07:00011,5,[5],[],[5],[],on_time -> backlog
OUT:leaf_out:PRO:EVmaker_Local,EVmaker_Local:PRO:2026-W07:00012,5,[5],[],[5],[],on_time -> backlog
OUT:leaf_out:PRO:EVmaker_Local,EVmaker_Local:PRO:2026-W07:00013,5,[5],[],[5],[],on_time -> backlog
OUT:leaf_out:PRO:EVmaker_Local,EVmaker_Local:PRO:2026-W07:00014,5,[5],[],[5],[],on_time -> backlog
OUT:leaf_out:PRO:EVmaker_Local,EVmaker_Local:PRO:2026-W07:00015,5,[5],[],[5],[],on_time -> backlog
OUT:leaf_out:PRO:EVmaker_Local,EVmaker_Local:PRO:2026-W07:00016,5,[5],[],[5],[],on_time -> backlog
OUT:leaf_out:PRO:EVmaker_Local,EVmaker_Local:PRO:2026-W07:00017,5,[5],[],[5],[],on_time -> backlog
OUT:leaf_out:PRO:EVmaker_Local,EVmaker_Local:PRO:2026-W07:00018,5,[5],[],[5],[],on_time -> backlog
OUT:leaf_out:PRO:EVmaker_Local,EVmaker_Local:PRO:2026-W07:00019,5,[5],[],[5],[],on_time -> backlog
OUT:leaf_out:PRO:EVmaker_Local,EVmaker_Local:PRO:2026-W07:00020,5,[5],[],[5],[],on_time -> backlog
OUT:leaf_out:PRO:EVmaker_Local,EVmaker_Local:PRO:2026-W07:00021,5,[5],[],[5],[],on_time -> backlog
OUT:leaf_out:PRO:EVmaker_Local,EVmaker_Local:PRO:2026-W07:00022,5,[5],[],[5],[],on_time -> backlog
OUT:leaf_out:PRO:EVmaker_Local,EVmaker_Local:PRO:2026-W07:00023,5,[5],[],[5],[],on_time -> backlog
OUT:leaf_out:PRO:EVmaker_Local,EVmaker_Local:PRO:2026-W07:00024,5,[5],[],[5],[],on_time -> backlog
OUT:leaf_out:PRO:EVmaker_Local,EVmaker_Local:PRO:2026-W07:00025,5,[5],[],[5],[],on_time -> backlog
OUT:leaf_out:PRO:EVmaker_Local,EVmaker_Local:PRO:2026-W07:00026,5,[5],[],[5],[],on_time -> backlog
OUT:leaf_out:PRO:EVmaker_Local,EVmaker_Local:PRO:2026-W07:00027,5,[5],[],[5],[],on_time -> backlog
OUT:leaf_out:PRO:EVmaker_Local,EVmaker_Local:PRO:2026-W07:00028,5,[5],[],[5],[],on_time -> backlog
OUT:leaf_out:PRO:EVmaker_Local,EVmaker_Local:PRO:2026-W07:00029,5,[5],[],[5],[],on_time -> backlog
OUT:leaf_out:PRO:EVmaker_Local,EVmaker_Local:PRO:2026-W07:00030,5,[5],[],[5],[],on_time -> backlog
OUT:leaf_out:PRO:EVmaker_Local,EVmaker_Local:PRO:2026-W07:00031,5,[5],[],[5],[],on_time -> backlog
OUT:leaf_out:PRO:EVmaker_Local,EVmaker_Local:PRO:2026-W07:00032,5,[5],[],[5],[],on_time -> backlog
OUT:leaf_out:PRO:EVmaker_Local,EVmaker_Local:PRO:2026-W07:00033,5,[5],[],[5],[],on_time -> backlog
OUT:leaf_out:PRO:EVmaker_Local,EVmaker_Local:PRO:2026-W07:00034,5,[5],[],[5],[],on_time -> backlog
OUT:leaf_out:PRO:EVmaker_Local,EVmaker_Local:PRO:2026-W07:00035,5,[5],[],[5],[],on_time -> backlog
OUT:leaf_out:PRO:EVmaker_Local,EVmaker_Local:PRO:2026-W07:00036,5,[5],[],[5],[],on_time -> backlog
OUT:leaf_out:PRO:EVmaker_Local,EVmaker_Local:PRO:2026-W07:00037,5,[5],[],[5],[],on_time -> backlog
OUT:leaf_out:PRO:EVmaker_Local,EVmaker_Local:PRO:2026-W07:00038,5,[5],[],[5],[],on_time -> backlog
OUT:leaf_out:PRO:EVmaker_Local,EVmaker_Local:PRO:2026-W07:00039,5,[5],[],[5],[],on_time -> backlog
OUT:leaf_out:PRO:EVmaker_Local,EVmaker_Local:PRO:2026-W07:00040,5,[5],[],[5],[],on_time -> backlog
OUT:leaf_out:PRO:EVmaker_Local,EVmaker_Local:PRO:2026-W07:00041,5,[5],[],[5],[],on_time -> backlog
OUT:leaf_out:PRO:EVmaker_Local,EVmaker_Local:PRO:2026-W07:00042,5,[5],[],[5],[],on_time -> backlog
OUT:leaf_out:PRO:EVmaker_Local,EVmaker_Local:PRO:2026-W07:00043,5,[5],[],[5],[],on_time -> backlog
OUT:leaf_out:PRO:EVmaker_Local,EVmaker_Local:PRO:2026-W07:00044,5,[5],[],[5],[],on_time -> backlog
OUT:leaf_out:PRO:EVmaker_Local,EVmaker_Local:PRO:2026-W07:00045,5,[5],[],[5],[],on_time -> backlog
OUT:leaf_out:PRO:EVmaker_Local,EVmaker_Local:PRO:2026-W07:00046,5,[5],[],[5],[],on_time -> backlog
OUT:leaf_out:PRO:EVmaker_Local,EVmaker_Local:PRO:2026-W07:00047,5,[5],[],[5],[],on_time -> backlog
OUT:leaf_out:PRO:EVmaker_Local,EVmaker_Local:PRO:2026-W07:00048,5,[5],[],[5],[],on_time -> backlog
OUT:leaf_out:PRO:EVmaker_Local,EVmaker_Local:PRO:2026-W07:00049,5,[5],[],[5],[],on_time -> backlog
OUT:leaf_out:PRO:EVmaker_Local,EVmaker_Local:PRO:2026-W07:00050,5,[5],[],[5],[],on_time -> backlog
OUT:leaf_out:PRO:EVmaker_Local,EVmaker_Local:PRO:2026-W07:00051,5,[5],[],[5],[],on_time -> backlog
OUT:leaf_out:PRO:EVmaker_Local,EVmaker_Local:PRO:2026-W07:00052,5,[5],[],[5],[],on_time -> backlog
OUT:leaf_out:PRO:EVmaker_Local,EVmaker_Local:PRO:2026-W07:00053,5,[5],[],[5],[],on_time -> backlog
OUT:leaf_out:PRO:EVmaker_Local,EVmaker_Local:PRO:2026-W07:00054,5,[5],[],[5],[],on_time -> backlog
OUT:leaf_out:PRO:EVmaker_Local,EVmaker_Local:PRO:2026-W07:00055,5,[5],[],[5],[],on_time -> backlog
OUT:leaf_out:PRO:EVmaker_Local,EVmaker_Local:PRO:2026-W07:00056,5,[5],[],[5],[],on_time -> backlog
OUT:leaf_out:PRO:EVmaker_Local,EVmaker_Local:PRO:2026-W07:00057,5,[5],[],[5],[],on_time -> backlog
OUT:leaf_out:PRO:EVmaker_Local,EVmaker_Local:PRO:2026-W07:00058,5,[5],[],[5],[],on_time -> backlog
OUT:leaf_out:PRO:EVmaker_Local,EVmaker_Local:PRO:2026-W07:00059,5,[5],[],[5],[],on_time -> backlog
OUT:leaf_out:PRO:EVmaker_Local,EVmaker_Local:PRO:2026-W07:00060,5,[5],[],[5],[],on_time -> backlog
OUT:leaf_out:PRO:EVmaker_Local,EVmaker_Local:PRO:2026-W07:00061,5,[5],[],[5],[],on_time -> backlog
OUT:leaf_out:PRO:EVmaker_Local,EVmaker_Local:PRO:2026-W07:00062,5,[5],[],[5],[],on_time -> backlog
OUT:leaf_out:PRO:EVmaker_Local,EVmaker_Local:PRO:2026-W07:00063,5,[5],[],[5],[],on_time -> backlog
OUT:leaf_out:PRO:EVmaker_Local,EVmaker_Local:PRO:2026-W07:00064,5,[5],[],[5],[],on_time -> backlog
OUT:leaf_out:PRO:EVmaker_Local,EVmaker_Local:PRO:2026-W07:00065,5,[5],[],[5],[],on_time -> backlog
OUT:leaf_out:PRO:EVmaker_Local,EVmaker_Local:PRO:2026-W07:00066,5,[5],[],[5],[],on_time -> backlog
OUT:leaf_out:PRO:EVmaker_Local,EVmaker_Local:PRO:2026-W07:00067,5,[5],[],[5],[],on_time -> backlog
OUT:leaf_out:PRO:EVmaker_Local,EVmaker_Local:PRO:2026-W07:00068,5,[5],[],[5],[],on_time -> backlog
OUT:leaf_out:PRO:EVmaker_Local,EVmaker_Local:PRO:2026-W07:00069,5,[5],[],[5],[],on_time -> backlog
OUT:leaf_out:PRO:EVmaker_Local,EVmaker_Local:PRO:2026-W07:00070,5,[5],[],[5],[],on_time -> backlog
OUT:leaf_out:PRO:EVmaker_Local,EVmaker_Local:PRO:2026-W07:00071,5,[5],[],[5],[],on_time -> backlog
OUT:leaf_out:PRO:EVmaker_Local,EVmaker_Local:PRO:2026-W07:00072,5,[5],[],[5],[],on_time -> backlog
OUT:leaf_out:PRO:EVmaker_Local,EVmaker_Local:PRO:2026-W07:00073,5,[5],[],[5],[],on_time -> backlog
OUT:leaf_out:PRO:EVmaker_Local,EVmaker_Local:PRO:2026-W07:00074,5,[5],[],[5],[],on_time -> backlog
OUT:leaf_out:PRO:EVmaker_Local,EVmaker_Local:PRO:2026-W07:00075,5,[5],[],[5],[],on_time -> backlog
OUT:leaf_out:PRO:EVmaker_Local,EVmaker_Local:PRO:2026-W07:00076,5,[5],[],[5],[],on_time -> backlog
OUT:leaf_out:PRO:EVmaker_Local,EVmaker_Local:PRO:2026-W07:00077,5,[5],[],[5],[],on_time -> backlog
OUT:leaf_out:PRO:EVmaker_Local,EVmaker_Local:PRO:2026-W07:00078,5,[5],[],[5],[],on_time -> backlog
OUT:leaf_out:PRO:EVmaker_Local,EVmaker_Local:PRO:2026-W07:00079,5,[5],[],[5],[],on_time -> backlog
OUT:leaf_out:PRO:EVmaker_Local,EVmaker_Local:PRO:2026-W07:00080,5,[5],[],[5],[],on_time -> backlog
OUT:leaf_out:PRO:EVmaker_Local,EVmaker_Local:PRO:2026-W07:00081,5,[5],[],[5],[],on_time -> backlog
OUT:leaf_out:PRO:EVmaker_Local,EVmaker_Local:PRO:2026-W07:00082,5,[5],[],[5],[],on_time -> backlog
OUT:leaf_out:PRO:EVmaker_Local,EVmaker_Local:PRO:2026-W07:00083,5,[5],[],[5],[],on_time -> backlog
OUT:leaf_out:PRO:EVmaker_Local,EVmaker_Local:PRO:2026-W07:00084,5,[5],[],[5],[],on_time -> backlog
OUT:leaf_out:PRO:EVmaker_Local,EVmaker_Local:PRO:2026-W07:00085,5,[5],[],[5],[],on_time -> backlog
OUT:leaf_out:PRO:EVmaker_Local,EVmaker_Local:PRO:2026-W07:00086,5,[5],[],[5],[],on_time -> backlog
OUT:leaf_out:PRO:EVmaker_Local,EVmaker_Local:PRO:2026-W07:00087,5,[5],[],[5],[],on_time -> backlog
OUT:leaf_out:PRO:EVmaker_Local,EVmaker_Local:PRO:2026-W07:00088,5,[5],[],[5],[],on_time -> backlog
OUT:leaf_out:PRO:EVmaker_Local,EVmaker_Local:PRO:2026-W07:00089,5,[5],[],[5],[],on_time -> backlog
OUT:leaf_out:PRO:EVmaker_Local,EVmaker_Local:PRO:2026-W07:00090,5,[5],[],[5],[],on_time -> backlog
OUT:leaf_out:PRO:EVmaker_Local,EVmaker_Local:PRO:2026-W07:00091,5,[5],[],[5],[],on_time -> backlog
OUT:leaf_out:PRO:EVmaker_Local,EVmaker_Local:PRO:2026-W07:00092,5,[5],[],[5],[],on_time -> backlog
OUT:leaf_out:PRO:EVmaker_Local,EVmaker_Local:PRO:2026-W07:00093,5,[5],[],[5],[],on_time -> backlog
OUT:leaf_out:PRO:EVmaker_Local,EVmaker_Local:PRO:2026-W07:00094,5,[5],[],[5],[],on_time -> backlog
OUT:leaf_out:PRO:EVmaker_Local,EVmaker_Local:PRO:2026-W07:00095,5,[5],[],[5],[],on_time -> backlog
OUT:leaf_out:PRO:EVmaker_Local,EVmaker_Local:PRO:2026-W07:00096,5,[5],[],[5],[],on_time -> backlog
OUT:leaf_out:PRO:EVmaker_Local,EVmaker_Local:PRO:2026-W07:00097,5,[5],[],[5],[],on_time -> backlog
OUT:leaf_out:PRO:EVmaker_Local,EVmaker_Local:PRO:2026-W07:00098,5,[5],[],[5],[],on_time -> backlog
OUT:leaf_out:PRO:EVmaker_Local,EVmaker_Local:PRO:2026-W07:00099,5,[5],[],[5],[],on_time -> backlog
OUT:leaf_out:PRO:EVmaker_Local,EVmaker_Local:PRO:2026-W07:00100,5,[5],[],[5],[],on_time -> backlog
OUT:leaf_out:PRO:EVmaker_Local,EVmaker_Local:PRO:2026-W07:00101,5,[5],[],[5],[],on_time -> backlog
OUT:leaf_out:PRO:EVmaker_Local,EVmaker_Local:PRO:2026-W07:00102,5,[5],[],[5],[],on_time -> backlog
OUT:leaf_out:PRO:EVmaker_Local,EVmaker_Local:PRO:2026-W07:00103,5,[5],[],[5],[],on_time -> backlog
OUT:leaf_out:PRO:EVmaker_Local,EVmaker_Local:PRO:2026-W07:00104,5,[5],[],[5],[],on_time -> backlog
OUT:leaf_out:PRO:EVmaker_Local,EVmaker_Local:PRO:2026-W07:00105,5,[5],[],[5],[],on_time -> backlog
OUT:leaf_out:PRO:EVmaker_Local,EVmaker_Local:PRO:2026-W07:00106,5,[5],[],[5],[],on_time -> backlog
OUT:leaf_out:PRO:EVmaker_Local,EVmaker_Local:PRO:2026-W07:00107,5,[5],[],[5],[],on_time -> backlog
OUT:leaf_out:PRO:EVmaker_Local,EVmaker_Local:PRO:2026-W07:00108,5,[5],[],[5],[],on_time -> backlog
OUT:leaf_out:PRO:EVmaker_Local,EVmaker_Local:PRO:2026-W07:00109,5,[5],[],[5],[],on_time -> backlog
OUT:leaf_out:PRO:EVmaker_Local,EVmaker_Local:PRO:2026-W07:00110,5,[5],[],[5],[],on_time -> backlog
OUT:leaf_out:PRO:EVmaker_Local,EVmaker_Local:PRO:2026-W07:00111,5,[5],[],[5],[],on_time -> backlog
OUT:leaf_out:PRO:EVmaker_Local,EVmaker_Local:PRO:2026-W07:00112,5,[5],[],[5],[],on_time -> backlog
OUT:leaf_out:PRO:EVmaker_Local,EVmaker_Local:PRO:2026-W07:00113,5,[5],[],[5],[],on_time -> backlog
OUT:leaf_out:PRO:EVmaker_Local,EVmaker_Local:PRO:2026-W07:00114,5,[5],[],[5],[],on_time -> backlog
OUT:leaf_out:PRO:EVmaker_Local,EVmaker_Local:PRO:2026-W07:00115,5,[5],[],[5],[],on_time -> backlog
OUT:leaf_out:PRO:EVmaker_Local,EVmaker_Local:PRO:2026-W07:00116,5,[5],[],[5],[],on_time -> backlog
OUT:leaf_out:PRO:EVmaker_Local,EVmaker_Local:PRO:2026-W07:00117,5,[5],[],[5],[],on_time -> backlog
OUT:leaf_out:PRO:EVmaker_Local,EVmaker_Local:PRO:2026-W07:00118,5,[5],[],[5],[],on_time -> backlog
OUT:leaf_out:PRO:EVmaker_Local,EVmaker_Local:PRO:2026-W07:00119,5,[5],[],[5],[],on_time -> backlog
OUT:leaf_out:PRO:EVmaker_Local,EVmaker_Local:PRO:2026-W07:00120,5,[5],[],[5],[],on_time -> backlog
OUT:leaf_out:PRO:EVmaker_Local,EVmaker_Local:PRO:2026-W07:00121,5,[5],[],[5],[],on_time -> backlog
OUT:leaf_out:PRO:EVmaker_Local,EVmaker_Local:PRO:2026-W07:00122,5,[5],[],[5],[],on_time -> backlog
OUT:leaf_out:PRO:EVmaker_Local,EVmaker_Local:PRO:2026-W07:00123,5,[5],[],[5],[],on_time -> backlog
OUT:leaf_out:PRO:EVmaker_Local,EVmaker_Local:PRO:2026-W07:00124,5,[5],[],[5],[],on_time -> backlog
OUT:leaf_out:PRO:EVmaker_Local,EVmaker_Local:PRO:2026-W07:00125,5,[5],[],[5],[],on_time -> backlog
OUT:leaf_out:PRO:EVmaker_Local,EVmaker_Local:PRO:2026-W07:00126,5,[5],[],[5],[],on_time -> backlog
OUT:leaf_out:PRO:EVmaker_Local,EVmaker_Local:PRO:2026-W07:00127,5,[5],[],[5],[],on_time -> backlog
OUT:leaf_out:PRO:EVmaker_Local,EVmaker_Local:PRO:2026-W07:00128,5,[5],[],[5],[],on_time -> backlog
OUT:leaf_out:PRO:EVmaker_Local,EVmaker_Local:PRO:2026-W07:00129,5,[5],[],[5],[],on_time -> backlog
OUT:leaf_out:PRO:EVmaker_Local,EVmaker_Local:PRO:2026-W07:00130,5,[5],[],[5],[],on_time -> backlog
OUT:leaf_out:PRO:EVmaker_Local,EVmaker_Local:PRO:2026-W07:00131,5,[5],[],[5],[],on_time -> backlog
OUT:leaf_out:PRO:EVmaker_Local,EVmaker_Local:PRO:2026-W07:00132,5,[5],[],[5],[],on_time -> backlog
OUT:leaf_out:PRO:EVmaker_Local,EVmaker_Local:PRO:2026-W07:00133,5,[5],[],[5],[],on_time -> backlog
OUT:leaf_out:PRO:EVmaker_Local,EVmaker_Local:PRO:2026-W07:00134,5,[5],[],[5],[],on_time -> backlog
OUT:leaf_out:PRO:EVmaker_Local,EVmaker_Local:PRO:2026-W07:00135,5,[5],[],[5],[],on_time -> backlog
OUT:leaf_out:PRO:EVmaker_Local,EVmaker_Local:PRO:2026-W07:00136,5,[5],[],[5],[],on_time -> backlog
OUT:leaf_out:PRO:EVmaker_Local,EVmaker_Local:PRO:2026-W07:00137,5,[5],[],[5],[],on_time -> backlog
OUT:leaf_out:PRO:EVmaker_Local,EVmaker_Local:PRO:2026-W07:00138,5,[5],[],[5],[],on_time -> backlog
OUT:leaf_out:PRO:EVmaker_Local,EVmaker_Local:PRO:2026-W07:00139,5,[5],[],[5],[],on_time -> backlog
OUT:leaf_out:PRO:EVmaker_Local,EVmaker_Local:PRO:2026-W07:00140,5,[5],[],[5],[],on_time -> backlog
OUT:leaf_out:PRO:EVmaker_Local,EVmaker_Local:PRO:2026-W07:00141,5,[5],[],[5],[],on_time -> backlog
OUT:leaf_out:PRO:EVmaker_Local,EVmaker_Local:PRO:2026-W07:00142,5,[5],[],[5],[],on_time -> backlog
OUT:leaf_out:PRO:EVmaker_Local,EVmaker_Local:PRO:2026-W07:00143,5,[5],[],[5],[],on_time -> backlog
OUT:leaf_out:PRO:EVmaker_Local,EVmaker_Local:PRO:2026-W07:00144,5,[5],[],[5],[],on_time -> backlog
OUT:leaf_out:PRO:EVmaker_Local,EVmaker_Local:PRO:2026-W07:00145,5,[5],[],[5],[],on_time -> backlog
OUT:leaf_out:PRO:EVmaker_Local,EVmaker_Local:PRO:2026-W07:00146,5,[5],[],[5],[],on_time -> backlog
OUT:leaf_out:PRO:EVmaker_Local,EVmaker_Local:PRO:2026-W07:00147,5,[5],[],[5],[],on_time -> backlog
OUT:leaf_out:PRO:EVmaker_Local,EVmaker_Local:PRO:2026-W07:00148,5,[5],[],[5],[],on_time -> backlog
OUT:leaf_out:PRO:EVmaker_Local,EVmaker_Local:PRO:2026-W07:00149,5,[5],[],[5],[],on_time -> backlog
OUT:leaf_out:PRO:EVmaker_Local,EVmaker_Local:PRO:2026-W07:00150,5,[5],[],[5],[],on_time -> backlog
OUT:leaf_out:PRO:EVmaker_Local,EVmaker_Local:PRO:2026-W07:00151,5,[5],[],[5],[],on_time -> backlog
OUT:leaf_out:PRO:EVmaker_Local,EVmaker_Local:PRO:2026-W07:00152,5,[5],[],[5],[],on_time -> backlog
OUT:leaf_out:PRO:EVmaker_Local,EVmaker_Local:PRO:2026-W07:00153,5,[5],[],[5],[],on_time -> backlog
OUT:leaf_out:PRO:EVmaker_Local,EVmaker_Local:PRO:2026-W07:00154,5,[5],[],[5],[],on_time -> backlog
OUT:leaf_out:PRO:EVmaker_Local,EVmaker_Local:PRO:2026-W07:00155,5,[5],[],[5],[],on_time -> backlog
OUT:leaf_out:PRO:EVmaker_Local,EVmaker_Local:PRO:2026-W07:00156,5,[5],[],[5],[],on_time -> backlog
OUT:leaf_out:PRO:EVmaker_Local,EVmaker_Local:PRO:2026-W07:00157,5,[5],[],[5],[],on_time -> backlog
OUT:leaf_out:PRO:EVmaker_Local,EVmaker_Local:PRO:2026-W07:00158,5,[5],[],[5],[],on_time -> backlog
OUT:leaf_out:PRO:EVmaker_Local,EVmaker_Local:PRO:2026-W07:00159,5,[5],[],[5],[],on_time -> backlog
OUT:leaf_out:PRO:EVmaker_Local,EVmaker_Local:PRO:2026-W07:00160,5,[5],[],[5],[],on_time -> backlog
OUT:leaf_out:PRO:EVmaker_Local,EVmaker_Local:PRO:2026-W07:00161,5,[5],[],[5],[],on_time -> backlog
OUT:leaf_out:PRO:EVmaker_Local,EVmaker_Local:PRO:2026-W07:00162,5,[5],[],[5],[],on_time -> backlog
OUT:leaf_out:PRO:EVmaker_Local,EVmaker_Local:PRO:2026-W07:00163,5,[5],[],[5],[],on_time -> backlog
OUT:leaf_out:PRO:EVmaker_Local,EVmaker_Local:PRO:2026-W07:00164,5,[5],[],[5],[],on_time -> backlog
OUT:leaf_out:PRO:EVmaker_Local,EVmaker_Local:PRO:2026-W07:00165,5,[5],[],[5],[],on_time -> backlog
OUT:leaf_out:PRO:EVmaker_Local,EVmaker_Local:PRO:2026-W07:00166,5,[5],[],[5],[],on_time -> backlog
OUT:leaf_out:PRO:EVmaker_Local,EVmaker_Local:PRO:2026-W07:00167,5,[5],[],[5],[],on_time -> backlog
OUT:leaf_out:PRO:EVmaker_Local,EVmaker_Local:PRO:2026-W07:00168,5,[5],[],[5],[],on_time -> backlog
OUT:leaf_out:PRO:EVmaker_Local,EVmaker_Local:PRO:2026-W07:00169,5,[5],[],[5],[],on_time -> backlog
OUT:leaf_out:PRO:EVmaker_Local,EVmaker_Local:PRO:2026-W07:00170,5,[5],[],[5],[],on_time -> backlog
OUT:leaf_out:PRO:EVmaker_Local,EVmaker_Local:PRO:2026-W07:00171,5,[5],[],[5],[],on_time -> backlog
OUT:leaf_out:PRO:EVmaker_Local,EVmaker_Local:PRO:2026-W07:00172,5,[5],[],[5],[],on_time -> backlog
OUT:leaf_out:PRO:EVmaker_Local,EVmaker_Local:PRO:2026-W07:00173,5,[5],[],[5],[],on_time -> backlog
OUT:leaf_out:PRO:EVmaker_Local,EVmaker_Local:PRO:2026-W07:00174,5,[5],[],[5],[],on_time -> backlog
OUT:leaf_out:PRO:EVmaker_Local,EVmaker_Local:PRO:2026-W07:00175,5,[5],[],[5],[],on_time -> backlog
OUT:leaf_out:PRO:EVmaker_Local,EVmaker_Local:PRO:2026-W07:00176,5,[5],[],[5],[],on_time -> backlog
OUT:leaf_out:PRO:EVmaker_Local,EVmaker_Local:PRO:2026-W07:00177,5,[5],[],[5],[],on_time -> backlog
OUT:leaf_out:PRO:EVmaker_Local,EVmaker_Local:PRO:2026-W07:00178,5,[5],[],[5],[],on_time -> backlog
OUT:leaf_out:PRO:EVmaker_Local,EVmaker_Local:PRO:2026-W07:00179,5,[5],[],[5],[],on_time -> backlog
OUT:leaf_out:PRO:EVmaker_Local,EVmaker_Local:PRO:2026-W07:00180,5,[5],[],[5],[],on_time -> backlog
OUT:leaf_out:PRO:EVmaker_Local,EVmaker_Local:PRO:2026-W07:00181,5,[5],[],[5],[],on_time -> backlog
OUT:leaf_out:PRO:EVmaker_Local,EVmaker_Local:PRO:2026-W07:00182,5,[5],[],[5],[],on_time -> backlog
OUT:leaf_out:PRO:EVmaker_Local,EVmaker_Local:PRO:2026-W07:00183,5,[5],[],[5],[],on_time -> backlog
OUT:leaf_out:PRO:EVmaker_Local,EVmaker_Local:PRO:2026-W07:00184,5,[5],[],[5],[],on_time -> backlog
OUT:leaf_out:PRO:EVmaker_Local,EVmaker_Local:PRO:2026-W07:00185,5,[5],[],[5],[],on_time -> backlog
OUT:leaf_out:PRO:EVmaker_Local,EVmaker_Local:PRO:2026-W07:00186,5,[5],[],[5],[],on_time -> backlog
OUT:leaf_out:PRO:EVmaker_Local,EVmaker_Local:PRO:2026-W07:00187,5,[5],[],[5],[],on_time -> backlog
OUT:leaf_out:PRO:EVmaker_Local,EVmaker_Local:PRO:2026-W07:00188,5,[5],[],[5],[],on_time -> backlog
OUT:leaf_out:PRO:EVmaker_Local,EVmaker_Local:PRO:2026-W07:00189,5,[5],[],[5],[],on_time -> backlog
OUT:leaf_out:PRO:EVmaker_Local,EVmaker_Local:PRO:2026-W07:00190,5,[5],[],[5],[],on_time -> backlog
OUT:leaf_out:PRO:EVmaker_Local,EVmaker_Local:PRO:2026-W07:00191,5,[5],[],[5],[],on_time -> backlog
OUT:leaf_out:PRO:EVmaker_Local,EVmaker_Local:PRO:2026-W07:00192,5,[5],[],[5],[],on_time -> backlog
OUT:leaf_out:PRO:EVmaker_Local,EVmaker_Local:PRO:2026-W07:00193,5,[5],[],[5],[],on_time -> backlog
OUT:leaf_out:PRO:EVmaker_Local,EVmaker_Local:PRO:2026-W07:00194,5,[5],[],[5],[],on_time -> backlog
OUT:leaf_out:PRO:EVmaker_Local,EVmaker_Local:PRO:2026-W07:00195,5,[5],[],[5],[],on_time -> backlog
OUT:leaf_out:PRO:EVmaker_Local,EVmaker_Local:PRO:2026-W07:00196,5,[5],[],[5],[],on_time -> backlog
OUT:leaf_out:PRO:EVmaker_Local,EVmaker_Local:PRO:2026-W07:00197,5,[5],[],[5],[],on_time -> backlog
OUT:leaf_out:PRO:EVmaker_Local,EVmaker_Local:PRO:2026-W07:00198,5,[5],[],[5],[],on_time -> backlog
OUT:leaf_out:PRO:EVmaker_Local,EVmaker_Local:PRO:2026-W07:00199,5,[5],[],[5],[],on_time -> backlog
OUT:leaf_out:PRO:EVmaker_Local,EVmaker_Local:PRO:2026-W07:00200,5,[5],[],[5],[],on_time -> backlog
IN:mom:Factory_Import_CN:EVmaker_Import,EVmaker_Import:BKK:2026-W17:00001,6,[6],[6],[6],[8],on_time -> on_time
IN:mom:Factory_Import_CN:EVmaker_Import,EVmaker_Import:BKK:2026-W17:00002,6,[6],[6],[6],[8],on_time -> on_time
IN:mom:Factory_Import_CN:EVmaker_Import,EVmaker_Import:BKK:2026-W17:00003,6,[6],[6],[6],[8],on_time -> on_time
IN:mom:Factory_Import_CN:EVmaker_Import,EVmaker_Import:BKK:2026-W17:00004,6,[6],[6],[6],[8],on_time -> on_time
IN:mom:Factory_Import_CN:EVmaker_Import,EVmaker_Import:BKK:2026-W17:00005,6,[6],[6],[6],[8],on_time -> on_time
IN:mom:Factory_Import_CN:EVmaker_Import,EVmaker_Import:BKK:2026-W17:00006,6,[6],[6],[6],[8],on_time -> on_time
IN:mom:Factory_Import_CN:EVmaker_Import,EVmaker_Import:BKK:2026-W17:00007,6,[6],[6],[6],[8],on_time -> on_time
IN:mom:Factory_Import_CN:EVmaker_Import,EVmaker_Import:BKK:2026-W17:00008,6,[6],[6],[6],[8],on_time -> on_time
IN:mom:Factory_Import_CN:EVmaker_Import,EVmaker_Import:BKK:2026-W17:00009,6,[6],[6],[6],[8],on_time -> on_time
IN:mom:Factory_Import_CN:EVmaker_Import,EVmaker_Import:BKK:2026-W17:00010,6,[6],[6],[6],[8],on_time -> on_time
IN:mom:Factory_Import_CN:EVmaker_Import,EVmaker_Import:BKK:2026-W17:00011,6,[6],[6],[6],[8],on_time -> on_time
IN:mom:Factory_Import_CN:EVmaker_Import,EVmaker_Import:BKK:2026-W17:00012,6,[6],[6],[6],[8],on_time -> on_time
IN:mom:Factory_Import_CN:EVmaker_Import,EVmaker_Import:BKK:2026-W17:00013,6,[6],[6],[6],[8],on_time -> on_time
IN:mom:Factory_Import_CN:EVmaker_Import,EVmaker_Import:BKK:2026-W17:00014,6,[6],[6],[6],[8],on_time -> on_time
IN:mom:Factory_Import_CN:EVmaker_Import,EVmaker_Import:BKK:2026-W17:00015,6,[6],[6],[6],[8],on_time -> on_time
IN:mom:Factory_Import_CN:EVmaker_Import,EVmaker_Import:BKK:2026-W17:00016,6,[6],[6],[6],[8],on_time -> on_time
IN:mom:Factory_Import_CN:EVmaker_Import,EVmaker_Import:BKK:2026-W17:00017,6,[6],[6],[6],[8],on_time -> on_time
IN:mom:Factory_Import_CN:EVmaker_Import,EVmaker_Import:BKK:2026-W17:00018,6,[6],[6],[6],[8],on_time -> on_time
IN:mom:Factory_Import_CN:EVmaker_Import,EVmaker_Import:BKK:2026-W17:00019,6,[6],[6],[6],[8],on_time -> on_time
IN:mom:Factory_Import_CN:EVmaker_Import,EVmaker_Import:BKK:2026-W17:00020,6,[6],[6],[6],[8],on_time -> on_time
IN:mom:Factory_Import_CN:EVmaker_Import,EVmaker_Import:BKK:2026-W17:00021,6,[6],[6],[6],[8],on_time -> on_time
IN:mom:Factory_Import_CN:EVmaker_Import,EVmaker_Import:BKK:2026-W17:00022,6,[6],[6],[6],[8],on_time -> on_time
IN:mom:Factory_Import_CN:EVmaker_Import,EVmaker_Import:BKK:2026-W17:00023,6,[6],[6],[6],[8],on_time -> on_time
IN:mom:Factory_Import_CN:EVmaker_Import,EVmaker_Import:BKK:2026-W17:00024,6,[6],[6],[6],[8],on_time -> on_time
IN:mom:Factory_Import_CN:EVmaker_Import,EVmaker_Import:BKK:2026-W17:00025,6,[6],[6],[6],[8],on_time -> on_time
IN:mom:Factory_Import_CN:EVmaker_Import,EVmaker_Import:BKK:2026-W17:00026,6,[6],[6],[6],[8],on_time -> on_time
IN:mom:Factory_Import_CN:EVmaker_Import,EVmaker_Import:BKK:2026-W17:00027,6,[6],[6],[6],[8],on_time -> on_time
IN:mom:Factory_Import_CN:EVmaker_Import,EVmaker_Import:BKK:2026-W17:00028,6,[6],[6],[6],[8],on_time -> on_time
IN:mom:Factory_Import_CN:EVmaker_Import,EVmaker_Import:BKK:2026-W17:00029,6,[6],[6],[6],[8],on_time -> on_time
IN:mom:Factory_Import_CN:EVmaker_Import,EVmaker_Import:BKK:2026-W17:00030,6,[6],[6],[6],[8],on_time -> on_time
IN:mom:Factory_Import_CN:EVmaker_Import,EVmaker_Import:BKK:2026-W17:00031,6,[6],[6],[6],[8],on_time -> on_time
IN:mom:Factory_Import_CN:EVmaker_Import,EVmaker_Import:BKK:2026-W17:00032,6,[6],[6],[6],[8],on_time -> on_time
IN:mom:Factory_Import_CN:EVmaker_Import,EVmaker_Import:BKK:2026-W17:00033,6,[6],[6],[6],[8],on_time -> on_time
IN:mom:Factory_Import_CN:EVmaker_Import,EVmaker_Import:BKK:2026-W17:00034,6,[6],[6],[6],[8],on_time -> on_time
IN:mom:Factory_Import_CN:EVmaker_Import,EVmaker_Import:BKK:2026-W17:00035,6,[6],[6],[6],[8],on_time -> on_time
IN:mom:Factory_Import_CN:EVmaker_Import,EVmaker_Import:BKK:2026-W17:00036,6,[6],[6],[6],[8],on_time -> on_time
IN:mom:Factory_Import_CN:EVmaker_Import,EVmaker_Import:BKK:2026-W17:00037,6,[6],[6],[6],[8],on_time -> on_time
IN:mom:Factory_Import_CN:EVmaker_Import,EVmaker_Import:BKK:2026-W17:00038,6,[6],[6],[6],[8],on_time -> on_time
IN:mom:Factory_Import_CN:EVmaker_Import,EVmaker_Import:BKK:2026-W17:00039,6,[6],[6],[6],[8],on_time -> on_time
IN:mom:Factory_Import_CN:EVmaker_Import,EVmaker_Import:BKK:2026-W17:00040,6,[6],[6],[6],[8],on_time -> on_time
IN:mom:Factory_Import_CN:EVmaker_Import,EVmaker_Import:BKK:2026-W17:00041,6,[6],[6],[6],[8],on_time -> on_time
IN:mom:Factory_Import_CN:EVmaker_Import,EVmaker_Import:BKK:2026-W17:00042,6,[6],[6],[6],[8],on_time -> on_time
IN:mom:Factory_Import_CN:EVmaker_Import,EVmaker_Import:BKK:2026-W17:00043,6,[6],[6],[6],[8],on_time -> on_time
IN:mom:Factory_Import_CN:EVmaker_Import,EVmaker_Import:BKK:2026-W17:00044,6,[6],[6],[6],[8],on_time -> on_time
IN:mom:Factory_Import_CN:EVmaker_Import,EVmaker_Import:BKK:2026-W17:00045,6,[6],[6],[6],[8],on_time -> on_time
IN:mom:Factory_Import_CN:EVmaker_Import,EVmaker_Import:BKK:2026-W17:00046,6,[6],[6],[6],[8],on_time -> on_time
IN:mom:Factory_Import_CN:EVmaker_Import,EVmaker_Import:BKK:2026-W17:00047,6,[6],[6],[6],[8],on_time -> on_time
IN:mom:Factory_Import_CN:EVmaker_Import,EVmaker_Import:BKK:2026-W17:00048,6,[6],[6],[6],[8],on_time -> on_time
IN:mom:Factory_Import_CN:EVmaker_Import,EVmaker_Import:BKK:2026-W17:00049,6,[6],[6],[6],[8],on_time -> on_time
IN:mom:Factory_Import_CN:EVmaker_Import,EVmaker_Import:BKK:2026-W17:00050,6,[6],[6],[6],[8],on_time -> on_time
IN:mom:Factory_Import_CN:EVmaker_Import,EVmaker_Import:ONL:2026-W16:00001,6,[5],[5],[6],[7],on_time -> on_time
IN:mom:Factory_Import_CN:EVmaker_Import,EVmaker_Import:ONL:2026-W16:00002,6,[5],[5],[6],[7],on_time -> on_time
IN:mom:Factory_Import_CN:EVmaker_Import,EVmaker_Import:ONL:2026-W16:00003,6,[5],[5],[6],[7],on_time -> on_time
IN:mom:Factory_Import_CN:EVmaker_Import,EVmaker_Import:ONL:2026-W16:00004,6,[5],[5],[6],[7],on_time -> on_time
IN:mom:Factory_Import_CN:EVmaker_Import,EVmaker_Import:ONL:2026-W16:00005,6,[5],[5],[6],[7],on_time -> on_time
IN:mom:Factory_Import_CN:EVmaker_Import,EVmaker_Import:ONL:2026-W16:00006,6,[5],[5],[6],[7],on_time -> on_time
IN:mom:Factory_Import_CN:EVmaker_Import,EVmaker_Import:ONL:2026-W16:00007,6,[5],[5],[6],[7],on_time -> on_time
IN:mom:Factory_Import_CN:EVmaker_Import,EVmaker_Import:ONL:2026-W16:00008,6,[5],[5],[6],[7],on_time -> on_time
IN:mom:Factory_Import_CN:EVmaker_Import,EVmaker_Import:ONL:2026-W16:00009,6,[5],[5],[6],[7],on_time -> on_time
IN:mom:Factory_Import_CN:EVmaker_Import,EVmaker_Import:ONL:2026-W16:00010,6,[5],[5],[6],[7],on_time -> on_time
IN:mom:Factory_Import_CN:EVmaker_Import,EVmaker_Import:PRO:2026-W17:00031,6,[5],[5],[6],[7],on_time -> on_time
IN:mom:Factory_Import_CN:EVmaker_Import,EVmaker_Import:PRO:2026-W17:00032,6,[5],[5],[6],[7],on_time -> on_time
IN:mom:Factory_Import_CN:EVmaker_Import,EVmaker_Import:PRO:2026-W17:00033,6,[5],[5],[6],[7],on_time -> on_time
IN:mom:Factory_Import_CN:EVmaker_Import,EVmaker_Import:PRO:2026-W17:00034,6,[5],[5],[6],[7],on_time -> on_time
IN:mom:Factory_Import_CN:EVmaker_Import,EVmaker_Import:PRO:2026-W17:00035,6,[5],[5],[6],[7],on_time -> on_time
IN:mom:Factory_Import_CN:EVmaker_Import,EVmaker_Import:PRO:2026-W17:00036,6,[5],[5],[6],[7],on_time -> on_time
IN:mom:Factory_Import_CN:EVmaker_Import,EVmaker_Import:PRO:2026-W17:00037,6,[5],[5],[6],[7],on_time -> on_time
IN:mom:Factory_Import_CN:EVmaker_Import,EVmaker_Import:PRO:2026-W17:00038,6,[5],[5],[6],[7],on_time -> on_time
IN:mom:Factory_Import_CN:EVmaker_Import,EVmaker_Import:PRO:2026-W17:00039,6,[5],[5],[6],[7],on_time -> on_time
IN:mom:Factory_Import_CN:EVmaker_Import,EVmaker_Import:PRO:2026-W17:00040,6,[5],[5],[6],[7],on_time -> on_time
IN:mom:Factory_Import_CN:EVmaker_Import,EVmaker_Import:PRO:2026-W18:00001,6,[6],[6],[6],[8],on_time -> on_time
IN:mom:Factory_Import_CN:EVmaker_Import,EVmaker_Import:PRO:2026-W18:00002,6,[6],[6],[6],[8],on_time -> on_time
IN:mom:Factory_Import_CN:EVmaker_Import,EVmaker_Import:PRO:2026-W18:00003,6,[6],[6],[6],[8],on_time -> on_time
IN:mom:Factory_Import_CN:EVmaker_Import,EVmaker_Import:PRO:2026-W18:00004,6,[6],[6],[6],[8],on_time -> on_time
IN:mom:Factory_Import_CN:EVmaker_Import,EVmaker_Import:PRO:2026-W18:00005,6,[6],[6],[6],[8],on_time -> on_time
IN:mom:Factory_Import_CN:EVmaker_Import,EVmaker_Import:PRO:2026-W18:00006,6,[6],[6],[6],[8],on_time -> on_time
IN:mom:Factory_Import_CN:EVmaker_Import,EVmaker_Import:PRO:2026-W18:00007,6,[6],[6],[6],[8],on_time -> on_time
IN:mom:Factory_Import_CN:EVmaker_Import,EVmaker_Import:PRO:2026-W18:00008,6,[6],[6],[6],[8],on_time -> on_time
IN:mom:Factory_Import_CN:EVmaker_Import,EVmaker_Import:PRO:2026-W18:00009,6,[6],[6],[6],[8],on_time -> on_time
IN:mom:Factory_Import_CN:EVmaker_Import,EVmaker_Import:PRO:2026-W18:00010,6,[6],[6],[6],[8],on_time -> on_time
IN:mom:Factory_Import_CN:EVmaker_Import,EVmaker_Import:PRO:2026-W18:00011,6,[6],[6],[6],[8],on_time -> on_time
IN:mom:Factory_Import_CN:EVmaker_Import,EVmaker_Import:PRO:2026-W18:00012,6,[6],[6],[6],[8],on_time -> on_time
IN:mom:Factory_Import_CN:EVmaker_Import,EVmaker_Import:PRO:2026-W18:00013,6,[6],[6],[6],[8],on_time -> on_time
IN:mom:Factory_Import_CN:EVmaker_Import,EVmaker_Import:PRO:2026-W18:00014,6,[6],[6],[6],[8],on_time -> on_time
IN:mom:Factory_Import_CN:EVmaker_Import,EVmaker_Import:PRO:2026-W18:00015,6,[6],[6],[6],[8],on_time -> on_time
IN:mom:Factory_Import_CN:EVmaker_Import,EVmaker_Import:PRO:2026-W18:00016,6,[6],[6],[6],[8],on_time -> on_time
IN:mom:Factory_Import_CN:EVmaker_Import,EVmaker_Import:PRO:2026-W18:00017,6,[6],[6],[6],[8],on_time -> on_time
IN:mom:Factory_Import_CN:EVmaker_Import,EVmaker_Import:PRO:2026-W18:00018,6,[6],[6],[6],[8],on_time -> on_time
OUT:leaf_out:BKK:EVmaker_Import,EVmaker_Import:BKK:2026-W08:00001,6,[6],[],[6],[],on_time -> backlog
OUT:leaf_out:BKK:EVmaker_Import,EVmaker_Import:BKK:2026-W08:00002,6,[6],[],[6],[],on_time -> backlog
OUT:leaf_out:BKK:EVmaker_Import,EVmaker_Import:BKK:2026-W08:00003,6,[6],[],[6],[],on_time -> backlog
OUT:leaf_out:BKK:EVmaker_Import,EVmaker_Import:BKK:2026-W08:00004,6,[6],[],[6],[],on_time -> backlog
OUT:leaf_out:BKK:EVmaker_Import,EVmaker_Import:BKK:2026-W08:00005,6,[6],[],[6],[],on_time -> backlog
OUT:leaf_out:BKK:EVmaker_Import,EVmaker_Import:BKK:2026-W08:00006,6,[6],[],[6],[],on_time -> backlog
OUT:leaf_out:BKK:EVmaker_Import,EVmaker_Import:BKK:2026-W08:00007,6,[6],[],[6],[],on_time -> backlog
OUT:leaf_out:BKK:EVmaker_Import,EVmaker_Import:BKK:2026-W08:00008,6,[6],[],[6],[],on_time -> backlog
OUT:leaf_out:BKK:EVmaker_Import,EVmaker_Import:BKK:2026-W08:00009,6,[6],[],[6],[],on_time -> backlog
OUT:leaf_out:BKK:EVmaker_Import,EVmaker_Import:BKK:2026-W08:00010,6,[6],[],[6],[],on_time -> backlog
OUT:leaf_out:BKK:EVmaker_Import,EVmaker_Import:BKK:2026-W08:00011,6,[6],[],[6],[],on_time -> backlog
OUT:leaf_out:BKK:EVmaker_Import,EVmaker_Import:BKK:2026-W08:00012,6,[6],[],[6],[],on_time -> backlog
OUT:leaf_out:BKK:EVmaker_Import,EVmaker_Import:BKK:2026-W08:00013,6,[6],[],[6],[],on_time -> backlog
OUT:leaf_out:BKK:EVmaker_Import,EVmaker_Import:BKK:2026-W08:00014,6,[6],[],[6],[],on_time -> backlog
OUT:leaf_out:BKK:EVmaker_Import,EVmaker_Import:BKK:2026-W08:00015,6,[6],[],[6],[],on_time -> backlog
OUT:leaf_out:BKK:EVmaker_Import,EVmaker_Import:BKK:2026-W08:00016,6,[6],[],[6],[],on_time -> backlog
OUT:leaf_out:BKK:EVmaker_Import,EVmaker_Import:BKK:2026-W08:00017,6,[6],[],[6],[],on_time -> backlog
OUT:leaf_out:BKK:EVmaker_Import,EVmaker_Import:BKK:2026-W08:00018,6,[6],[],[6],[],on_time -> backlog
OUT:leaf_out:BKK:EVmaker_Import,EVmaker_Import:BKK:2026-W08:00019,6,[6],[],[6],[],on_time -> backlog
OUT:leaf_out:BKK:EVmaker_Import,EVmaker_Import:BKK:2026-W08:00020,6,[6],[],[6],[],on_time -> backlog
OUT:leaf_out:BKK:EVmaker_Import,EVmaker_Import:BKK:2026-W08:00021,6,[6],[],[6],[],on_time -> backlog
OUT:leaf_out:BKK:EVmaker_Import,EVmaker_Import:BKK:2026-W08:00022,6,[6],[],[6],[],on_time -> backlog
OUT:leaf_out:BKK:EVmaker_Import,EVmaker_Import:BKK:2026-W08:00023,6,[6],[],[6],[],on_time -> backlog
OUT:leaf_out:BKK:EVmaker_Import,EVmaker_Import:BKK:2026-W08:00024,6,[6],[],[6],[],on_time -> backlog
OUT:leaf_out:BKK:EVmaker_Import,EVmaker_Import:BKK:2026-W08:00025,6,[6],[],[6],[],on_time -> backlog
OUT:leaf_out:BKK:EVmaker_Import,EVmaker_Import:BKK:2026-W08:00026,6,[6],[],[6],[],on_time -> backlog
OUT:leaf_out:BKK:EVmaker_Import,EVmaker_Import:BKK:2026-W08:00027,6,[6],[],[6],[],on_time -> backlog
OUT:leaf_out:BKK:EVmaker_Import,EVmaker_Import:BKK:2026-W08:00028,6,[6],[],[6],[],on_time -> backlog
OUT:leaf_out:BKK:EVmaker_Import,EVmaker_Import:BKK:2026-W08:00029,6,[6],[],[6],[],on_time -> backlog
OUT:leaf_out:BKK:EVmaker_Import,EVmaker_Import:BKK:2026-W08:00030,6,[6],[],[6],[],on_time -> backlog
OUT:leaf_out:BKK:EVmaker_Import,EVmaker_Import:BKK:2026-W08:00031,6,[6],[],[6],[],on_time -> backlog
OUT:leaf_out:BKK:EVmaker_Import,EVmaker_Import:BKK:2026-W08:00032,6,[6],[],[6],[],on_time -> backlog
OUT:leaf_out:BKK:EVmaker_Import,EVmaker_Import:BKK:2026-W08:00033,6,[6],[],[6],[],on_time -> backlog
OUT:leaf_out:BKK:EVmaker_Import,EVmaker_Import:BKK:2026-W08:00034,6,[6],[],[6],[],on_time -> backlog
OUT:leaf_out:BKK:EVmaker_Import,EVmaker_Import:BKK:2026-W08:00035,6,[6],[],[6],[],on_time -> backlog
OUT:leaf_out:BKK:EVmaker_Import,EVmaker_Import:BKK:2026-W08:00036,6,[6],[],[6],[],on_time -> backlog
OUT:leaf_out:BKK:EVmaker_Import,EVmaker_Import:BKK:2026-W08:00037,6,[6],[],[6],[],on_time -> backlog
OUT:leaf_out:BKK:EVmaker_Import,EVmaker_Import:BKK:2026-W08:00038,6,[6],[],[6],[],on_time -> backlog
OUT:leaf_out:BKK:EVmaker_Import,EVmaker_Import:BKK:2026-W08:00039,6,[6],[],[6],[],on_time -> backlog
OUT:leaf_out:BKK:EVmaker_Import,EVmaker_Import:BKK:2026-W08:00040,6,[6],[],[6],[],on_time -> backlog
OUT:leaf_out:BKK:EVmaker_Import,EVmaker_Import:BKK:2026-W08:00041,6,[6],[],[6],[],on_time -> backlog
OUT:leaf_out:BKK:EVmaker_Import,EVmaker_Import:BKK:2026-W08:00042,6,[6],[],[6],[],on_time -> backlog
OUT:leaf_out:BKK:EVmaker_Import,EVmaker_Import:BKK:2026-W08:00043,6,[6],[],[6],[],on_time -> backlog
OUT:leaf_out:BKK:EVmaker_Import,EVmaker_Import:BKK:2026-W08:00044,6,[6],[],[6],[],on_time -> backlog
OUT:leaf_out:BKK:EVmaker_Import,EVmaker_Import:BKK:2026-W08:00045,6,[6],[],[6],[],on_time -> backlog
OUT:leaf_out:BKK:EVmaker_Import,EVmaker_Import:BKK:2026-W08:00046,6,[6],[],[6],[],on_time -> backlog
OUT:leaf_out:BKK:EVmaker_Import,EVmaker_Import:BKK:2026-W08:00047,6,[6],[],[6],[],on_time -> backlog
OUT:leaf_out:BKK:EVmaker_Import,EVmaker_Import:BKK:2026-W08:00048,6,[6],[],[6],[],on_time -> backlog
OUT:leaf_out:BKK:EVmaker_Import,EVmaker_Import:BKK:2026-W08:00049,6,[6],[],[6],[],on_time -> backlog
OUT:leaf_out:BKK:EVmaker_Import,EVmaker_Import:BKK:2026-W08:00050,6,[6],[],[6],[],on_time -> backlog
OUT:leaf_out:BKK:EVmaker_Local,EVmaker_Local:BKK:2026-W08:00001,6,[6],[],[6],[],on_time -> backlog
OUT:leaf_out:BKK:EVmaker_Local,EVmaker_Local:BKK:2026-W08:00002,6,[6],[],[6],[],on_time -> backlog
OUT:leaf_out:BKK:EVmaker_Local,EVmaker_Local:BKK:2026-W08:00003,6,[6],[],[6],[],on_time -> backlog
OUT:leaf_out:BKK:EVmaker_Local,EVmaker_Local:BKK:2026-W08:00004,6,[6],[],[6],[],on_time -> backlog
OUT:leaf_out:BKK:EVmaker_Local,EVmaker_Local:BKK:2026-W08:00005,6,[6],[],[6],[],on_time -> backlog
OUT:leaf_out:BKK:EVmaker_Local,EVmaker_Local:BKK:2026-W08:00006,6,[6],[],[6],[],on_time -> backlog
OUT:leaf_out:BKK:EVmaker_Local,EVmaker_Local:BKK:2026-W08:00007,6,[6],[],[6],[],on_time -> backlog
OUT:leaf_out:BKK:EVmaker_Local,EVmaker_Local:BKK:2026-W08:00008,6,[6],[],[6],[],on_time -> backlog
OUT:leaf_out:BKK:EVmaker_Local,EVmaker_Local:BKK:2026-W08:00009,6,[6],[],[6],[],on_time -> backlog
OUT:leaf_out:BKK:EVmaker_Local,EVmaker_Local:BKK:2026-W08:00010,6,[6],[],[6],[],on_time -> backlog
OUT:leaf_out:BKK:EVmaker_Local,EVmaker_Local:BKK:2026-W08:00011,6,[6],[],[6],[],on_time -> backlog
OUT:leaf_out:BKK:EVmaker_Local,EVmaker_Local:BKK:2026-W08:00012,6,[6],[],[6],[],on_time -> backlog
OUT:leaf_out:BKK:EVmaker_Local,EVmaker_Local:BKK:2026-W08:00013,6,[6],[],[6],[],on_time -> backlog
OUT:leaf_out:BKK:EVmaker_Local,EVmaker_Local:BKK:2026-W08:00014,6,[6],[],[6],[],on_time -> backlog
OUT:leaf_out:BKK:EVmaker_Local,EVmaker_Local:BKK:2026-W08:00015,6,[6],[],[6],[],on_time -> backlog
OUT:leaf_out:BKK:EVmaker_Local,EVmaker_Local:BKK:2026-W08:00016,6,[6],[],[6],[],on_time -> backlog
OUT:leaf_out:BKK:EVmaker_Local,EVmaker_Local:BKK:2026-W08:00017,6,[6],[],[6],[],on_time -> backlog
OUT:leaf_out:BKK:EVmaker_Local,EVmaker_Local:BKK:2026-W08:00018,6,[6],[],[6],[],on_time -> backlog
OUT:leaf_out:BKK:EVmaker_Local,EVmaker_Local:BKK:2026-W08:00019,6,[6],[],[6],[],on_time -> backlog
OUT:leaf_out:BKK:EVmaker_Local,EVmaker_Local:BKK:2026-W08:00020,6,[6],[],[6],[],on_time -> backlog
OUT:leaf_out:BKK:EVmaker_Local,EVmaker_Local:BKK:2026-W08:00021,6,[6],[],[6],[],on_time -> backlog
OUT:leaf_out:BKK:EVmaker_Local,EVmaker_Local:BKK:2026-W08:00022,6,[6],[],[6],[],on_time -> backlog
OUT:leaf_out:BKK:EVmaker_Local,EVmaker_Local:BKK:2026-W08:00023,6,[6],[],[6],[],on_time -> backlog
OUT:leaf_out:BKK:EVmaker_Local,EVmaker_Local:BKK:2026-W08:00024,6,[6],[],[6],[],on_time -> backlog
OUT:leaf_out:BKK:EVmaker_Local,EVmaker_Local:BKK:2026-W08:00025,6,[6],[],[6],[],on_time -> backlog
OUT:leaf_out:BKK:EVmaker_Local,EVmaker_Local:BKK:2026-W08:00026,6,[6],[],[6],[],on_time -> backlog
OUT:leaf_out:BKK:EVmaker_Local,EVmaker_Local:BKK:2026-W08:00027,6,[6],[],[6],[],on_time -> backlog
OUT:leaf_out:BKK:EVmaker_Local,EVmaker_Local:BKK:2026-W08:00028,6,[6],[],[6],[],on_time -> backlog
OUT:leaf_out:BKK:EVmaker_Local,EVmaker_Local:BKK:2026-W08:00029,6,[6],[],[6],[],on_time -> backlog
OUT:leaf_out:BKK:EVmaker_Local,EVmaker_Local:BKK:2026-W08:00030,6,[6],[],[6],[],on_time -> backlog
OUT:leaf_out:BKK:EVmaker_Local,EVmaker_Local:BKK:2026-W08:00031,6,[6],[],[6],[],on_time -> backlog
OUT:leaf_out:BKK:EVmaker_Local,EVmaker_Local:BKK:2026-W08:00032,6,[6],[],[6],[],on_time -> backlog
OUT:leaf_out:BKK:EVmaker_Local,EVmaker_Local:BKK:2026-W08:00033,6,[6],[],[6],[],on_time -> backlog
OUT:leaf_out:BKK:EVmaker_Local,EVmaker_Local:BKK:2026-W08:00034,6,[6],[],[6],[],on_time -> backlog
OUT:leaf_out:BKK:EVmaker_Local,EVmaker_Local:BKK:2026-W08:00035,6,[6],[],[6],[],on_time -> backlog
OUT:leaf_out:BKK:EVmaker_Local,EVmaker_Local:BKK:2026-W08:00036,6,[6],[],[6],[],on_time -> backlog
OUT:leaf_out:BKK:EVmaker_Local,EVmaker_Local:BKK:2026-W08:00037,6,[6],[],[6],[],on_time -> backlog
OUT:leaf_out:BKK:EVmaker_Local,EVmaker_Local:BKK:2026-W08:00038,6,[6],[],[6],[],on_time -> backlog
OUT:leaf_out:BKK:EVmaker_Local,EVmaker_Local:BKK:2026-W08:00039,6,[6],[],[6],[],on_time -> backlog
OUT:leaf_out:BKK:EVmaker_Local,EVmaker_Local:BKK:2026-W08:00040,6,[6],[],[6],[],on_time -> backlog
OUT:leaf_out:BKK:EVmaker_Local,EVmaker_Local:BKK:2026-W08:00041,6,[6],[],[6],[],on_time -> backlog
OUT:leaf_out:BKK:EVmaker_Local,EVmaker_Local:BKK:2026-W08:00042,6,[6],[],[6],[],on_time -> backlog
OUT:leaf_out:BKK:EVmaker_Local,EVmaker_Local:BKK:2026-W08:00043,6,[6],[],[6],[],on_time -> backlog
OUT:leaf_out:BKK:EVmaker_Local,EVmaker_Local:BKK:2026-W08:00044,6,[6],[],[6],[],on_time -> backlog
OUT:leaf_out:BKK:EVmaker_Local,EVmaker_Local:BKK:2026-W08:00045,6,[6],[],[6],[],on_time -> backlog
OUT:leaf_out:BKK:EVmaker_Local,EVmaker_Local:BKK:2026-W08:00046,6,[6],[],[6],[],on_time -> backlog
OUT:leaf_out:BKK:EVmaker_Local,EVmaker_Local:BKK:2026-W08:00047,6,[6],[],[6],[],on_time -> backlog
OUT:leaf_out:BKK:EVmaker_Local,EVmaker_Local:BKK:2026-W08:00048,6,[6],[],[6],[],on_time -> backlog
OUT:leaf_out:BKK:EVmaker_Local,EVmaker_Local:BKK:2026-W08:00049,6,[6],[],[6],[],on_time -> backlog
OUT:leaf_out:BKK:EVmaker_Local,EVmaker_Local:BKK:2026-W08:00050,6,[6],[],[6],[],on_time -> backlog
OUT:leaf_out:BKK:EVmaker_Local,EVmaker_Local:BKK:2026-W08:00051,6,[6],[],[6],[],on_time -> backlog
OUT:leaf_out:BKK:EVmaker_Local,EVmaker_Local:BKK:2026-W08:00052,6,[6],[],[6],[],on_time -> backlog
OUT:leaf_out:BKK:EVmaker_Local,EVmaker_Local:BKK:2026-W08:00053,6,[6],[],[6],[],on_time -> backlog
OUT:leaf_out:BKK:EVmaker_Local,EVmaker_Local:BKK:2026-W08:00054,6,[6],[],[6],[],on_time -> backlog
OUT:leaf_out:BKK:EVmaker_Local,EVmaker_Local:BKK:2026-W08:00055,6,[6],[],[6],[],on_time -> backlog
OUT:leaf_out:BKK:EVmaker_Local,EVmaker_Local:BKK:2026-W08:00056,6,[6],[],[6],[],on_time -> backlog
OUT:leaf_out:BKK:EVmaker_Local,EVmaker_Local:BKK:2026-W08:00057,6,[6],[],[6],[],on_time -> backlog
OUT:leaf_out:BKK:EVmaker_Local,EVmaker_Local:BKK:2026-W08:00058,6,[6],[],[6],[],on_time -> backlog
OUT:leaf_out:BKK:EVmaker_Local,EVmaker_Local:BKK:2026-W08:00059,6,[6],[],[6],[],on_time -> backlog
OUT:leaf_out:BKK:EVmaker_Local,EVmaker_Local:BKK:2026-W08:00060,6,[6],[],[6],[],on_time -> backlog
OUT:leaf_out:BKK:EVmaker_Local,EVmaker_Local:BKK:2026-W08:00061,6,[6],[],[6],[],on_time -> backlog
OUT:leaf_out:BKK:EVmaker_Local,EVmaker_Local:BKK:2026-W08:00062,6,[6],[],[6],[],on_time -> backlog
OUT:leaf_out:BKK:EVmaker_Local,EVmaker_Local:BKK:2026-W08:00063,6,[6],[],[6],[],on_time -> backlog
OUT:leaf_out:BKK:EVmaker_Local,EVmaker_Local:BKK:2026-W08:00064,6,[6],[],[6],[],on_time -> backlog
OUT:leaf_out:BKK:EVmaker_Local,EVmaker_Local:BKK:2026-W08:00065,6,[6],[],[6],[],on_time -> backlog
OUT:leaf_out:BKK:EVmaker_Local,EVmaker_Local:BKK:2026-W08:00066,6,[6],[],[6],[],on_time -> backlog
OUT:leaf_out:BKK:EVmaker_Local,EVmaker_Local:BKK:2026-W08:00067,6,[6],[],[6],[],on_time -> backlog
OUT:leaf_out:BKK:EVmaker_Local,EVmaker_Local:BKK:2026-W08:00068,6,[6],[],[6],[],on_time -> backlog
OUT:leaf_out:BKK:EVmaker_Local,EVmaker_Local:BKK:2026-W08:00069,6,[6],[],[6],[],on_time -> backlog
OUT:leaf_out:BKK:EVmaker_Local,EVmaker_Local:BKK:2026-W08:00070,6,[6],[],[6],[],on_time -> backlog
OUT:leaf_out:BKK:EVmaker_Local,EVmaker_Local:BKK:2026-W08:00071,6,[6],[],[6],[],on_time -> backlog
OUT:leaf_out:BKK:EVmaker_Local,EVmaker_Local:BKK:2026-W08:00072,6,[6],[],[6],[],on_time -> backlog
OUT:leaf_out:BKK:EVmaker_Local,EVmaker_Local:BKK:2026-W08:00073,6,[6],[],[6],[],on_time -> backlog
OUT:leaf_out:BKK:EVmaker_Local,EVmaker_Local:BKK:2026-W08:00074,6,[6],[],[6],[],on_time -> backlog
OUT:leaf_out:BKK:EVmaker_Local,EVmaker_Local:BKK:2026-W08:00075,6,[6],[],[6],[],on_time -> backlog
OUT:leaf_out:BKK:EVmaker_Local,EVmaker_Local:BKK:2026-W08:00076,6,[6],[],[6],[],on_time -> backlog
OUT:leaf_out:BKK:EVmaker_Local,EVmaker_Local:BKK:2026-W08:00077,6,[6],[],[6],[],on_time -> backlog
OUT:leaf_out:BKK:EVmaker_Local,EVmaker_Local:BKK:2026-W08:00078,6,[6],[],[6],[],on_time -> backlog
OUT:leaf_out:BKK:EVmaker_Local,EVmaker_Local:BKK:2026-W08:00079,6,[6],[],[6],[],on_time -> backlog
OUT:leaf_out:BKK:EVmaker_Local,EVmaker_Local:BKK:2026-W08:00080,6,[6],[],[6],[],on_time -> backlog
OUT:leaf_out:BKK:EVmaker_Local,EVmaker_Local:BKK:2026-W08:00081,6,[6],[],[6],[],on_time -> backlog
OUT:leaf_out:BKK:EVmaker_Local,EVmaker_Local:BKK:2026-W08:00082,6,[6],[],[6],[],on_time -> backlog
OUT:leaf_out:BKK:EVmaker_Local,EVmaker_Local:BKK:2026-W08:00083,6,[6],[],[6],[],on_time -> backlog
OUT:leaf_out:BKK:EVmaker_Local,EVmaker_Local:BKK:2026-W08:00084,6,[6],[],[6],[],on_time -> backlog
OUT:leaf_out:BKK:EVmaker_Local,EVmaker_Local:BKK:2026-W08:00085,6,[6],[],[6],[],on_time -> backlog
OUT:leaf_out:BKK:EVmaker_Local,EVmaker_Local:BKK:2026-W08:00086,6,[6],[],[6],[],on_time -> backlog
OUT:leaf_out:BKK:EVmaker_Local,EVmaker_Local:BKK:2026-W08:00087,6,[6],[],[6],[],on_time -> backlog
OUT:leaf_out:BKK:EVmaker_Local,EVmaker_Local:BKK:2026-W08:00088,6,[6],[],[6],[],on_time -> backlog
OUT:leaf_out:BKK:EVmaker_Local,EVmaker_Local:BKK:2026-W08:00089,6,[6],[],[6],[],on_time -> backlog
OUT:leaf_out:BKK:EVmaker_Local,EVmaker_Local:BKK:2026-W08:00090,6,[6],[],[6],[],on_time -> backlog
OUT:leaf_out:BKK:EVmaker_Local,EVmaker_Local:BKK:2026-W08:00091,6,[6],[],[6],[],on_time -> backlog
OUT:leaf_out:BKK:EVmaker_Local,EVmaker_Local:BKK:2026-W08:00092,6,[6],[],[6],[],on_time -> backlog
OUT:leaf_out:BKK:EVmaker_Local,EVmaker_Local:BKK:2026-W08:00093,6,[6],[],[6],[],on_time -> backlog
OUT:leaf_out:BKK:EVmaker_Local,EVmaker_Local:BKK:2026-W08:00094,6,[6],[],[6],[],on_time -> backlog
OUT:leaf_out:BKK:EVmaker_Local,EVmaker_Local:BKK:2026-W08:00095,6,[6],[],[6],[],on_time -> backlog
OUT:leaf_out:BKK:EVmaker_Local,EVmaker_Local:BKK:2026-W08:00096,6,[6],[],[6],[],on_time -> backlog
OUT:leaf_out:BKK:EVmaker_Local,EVmaker_Local:BKK:2026-W08:00097,6,[6],[],[6],[],on_time -> backlog
OUT:leaf_out:BKK:EVmaker_Local,EVmaker_Local:BKK:2026-W08:00098,6,[6],[],[6],[],on_time -> backlog
OUT:leaf_out:BKK:EVmaker_Local,EVmaker_Local:BKK:2026-W08:00099,6,[6],[],[6],[],on_time -> backlog
OUT:leaf_out:BKK:EVmaker_Local,EVmaker_Local:BKK:2026-W08:00100,6,[6],[],[6],[],on_time -> backlog
OUT:leaf_out:BKK:EVmaker_Local,EVmaker_Local:BKK:2026-W08:00101,6,[6],[],[6],[],on_time -> backlog
OUT:leaf_out:BKK:EVmaker_Local,EVmaker_Local:BKK:2026-W08:00102,6,[6],[],[6],[],on_time -> backlog
OUT:leaf_out:BKK:EVmaker_Local,EVmaker_Local:BKK:2026-W08:00103,6,[6],[],[6],[],on_time -> backlog
OUT:leaf_out:BKK:EVmaker_Local,EVmaker_Local:BKK:2026-W08:00104,6,[6],[],[6],[],on_time -> backlog
OUT:leaf_out:BKK:EVmaker_Local,EVmaker_Local:BKK:2026-W08:00105,6,[6],[],[6],[],on_time -> backlog
OUT:leaf_out:BKK:EVmaker_Local,EVmaker_Local:BKK:2026-W08:00106,6,[6],[],[6],[],on_time -> backlog
OUT:leaf_out:BKK:EVmaker_Local,EVmaker_Local:BKK:2026-W08:00107,6,[6],[],[6],[],on_time -> backlog
OUT:leaf_out:BKK:EVmaker_Local,EVmaker_Local:BKK:2026-W08:00108,6,[6],[],[6],[],on_time -> backlog
OUT:leaf_out:BKK:EVmaker_Local,EVmaker_Local:BKK:2026-W08:00109,6,[6],[],[6],[],on_time -> backlog
OUT:leaf_out:BKK:EVmaker_Local,EVmaker_Local:BKK:2026-W08:00110,6,[6],[],[6],[],on_time -> backlog
OUT:leaf_out:BKK:EVmaker_Local,EVmaker_Local:BKK:2026-W08:00111,6,[6],[],[6],[],on_time -> backlog
OUT:leaf_out:BKK:EVmaker_Local,EVmaker_Local:BKK:2026-W08:00112,6,[6],[],[6],[],on_time -> backlog
OUT:leaf_out:BKK:EVmaker_Local,EVmaker_Local:BKK:2026-W08:00113,6,[6],[],[6],[],on_time -> backlog
OUT:leaf_out:BKK:EVmaker_Local,EVmaker_Local:BKK:2026-W08:00114,6,[6],[],[6],[],on_time -> backlog
OUT:leaf_out:BKK:EVmaker_Local,EVmaker_Local:BKK:2026-W08:00115,6,[6],[],[6],[],on_time -> backlog
OUT:leaf_out:BKK:EVmaker_Local,EVmaker_Local:BKK:2026-W08:00116,6,[6],[],[6],[],on_time -> backlog
OUT:leaf_out:BKK:EVmaker_Local,EVmaker_Local:BKK:2026-W08:00117,6,[6],[],[6],[],on_time -> backlog
OUT:leaf_out:BKK:EVmaker_Local,EVmaker_Local:BKK:2026-W08:00118,6,[6],[],[6],[],on_time -> backlog
OUT:leaf_out:BKK:EVmaker_Local,EVmaker_Local:BKK:2026-W08:00119,6,[6],[],[6],[],on_time -> backlog
OUT:leaf_out:BKK:EVmaker_Local,EVmaker_Local:BKK:2026-W08:00120,6,[6],[],[6],[],on_time -> backlog
OUT:leaf_out:BKK:EVmaker_Local,EVmaker_Local:BKK:2026-W08:00121,6,[6],[],[6],[],on_time -> backlog
OUT:leaf_out:BKK:EVmaker_Local,EVmaker_Local:BKK:2026-W08:00122,6,[6],[],[6],[],on_time -> backlog
OUT:leaf_out:BKK:EVmaker_Local,EVmaker_Local:BKK:2026-W08:00123,6,[6],[],[6],[],on_time -> backlog
OUT:leaf_out:BKK:EVmaker_Local,EVmaker_Local:BKK:2026-W08:00124,6,[6],[],[6],[],on_time -> backlog
OUT:leaf_out:BKK:EVmaker_Local,EVmaker_Local:BKK:2026-W08:00125,6,[6],[],[6],[],on_time -> backlog
OUT:leaf_out:BKK:EVmaker_Local,EVmaker_Local:BKK:2026-W08:00126,6,[6],[],[6],[],on_time -> backlog
OUT:leaf_out:BKK:EVmaker_Local,EVmaker_Local:BKK:2026-W08:00127,6,[6],[],[6],[],on_time -> backlog
OUT:leaf_out:BKK:EVmaker_Local,EVmaker_Local:BKK:2026-W08:00128,6,[6],[],[6],[],on_time -> backlog
OUT:leaf_out:BKK:EVmaker_Local,EVmaker_Local:BKK:2026-W08:00129,6,[6],[],[6],[],on_time -> backlog
OUT:leaf_out:BKK:EVmaker_Local,EVmaker_Local:BKK:2026-W08:00130,6,[6],[],[6],[],on_time -> backlog
OUT:leaf_out:BKK:EVmaker_Local,EVmaker_Local:BKK:2026-W08:00131,6,[6],[],[6],[],on_time -> backlog
OUT:leaf_out:BKK:EVmaker_Local,EVmaker_Local:BKK:2026-W08:00132,6,[6],[],[6],[],on_time -> backlog
OUT:leaf_out:BKK:EVmaker_Local,EVmaker_Local:BKK:2026-W08:00133,6,[6],[],[6],[],on_time -> backlog
OUT:leaf_out:BKK:EVmaker_Local,EVmaker_Local:BKK:2026-W08:00134,6,[6],[],[6],[],on_time -> backlog
OUT:leaf_out:BKK:EVmaker_Local,EVmaker_Local:BKK:2026-W08:00135,6,[6],[],[6],[],on_time -> backlog
OUT:leaf_out:BKK:EVmaker_Local,EVmaker_Local:BKK:2026-W08:00136,6,[6],[],[6],[],on_time -> backlog
OUT:leaf_out:BKK:EVmaker_Local,EVmaker_Local:BKK:2026-W08:00137,6,[6],[],[6],[],on_time -> backlog
OUT:leaf_out:BKK:EVmaker_Local,EVmaker_Local:BKK:2026-W08:00138,6,[6],[],[6],[],on_time -> backlog
OUT:leaf_out:BKK:EVmaker_Local,EVmaker_Local:BKK:2026-W08:00139,6,[6],[],[6],[],on_time -> backlog
OUT:leaf_out:BKK:EVmaker_Local,EVmaker_Local:BKK:2026-W08:00140,6,[6],[],[6],[],on_time -> backlog
OUT:leaf_out:BKK:EVmaker_Local,EVmaker_Local:BKK:2026-W08:00141,6,[6],[],[6],[],on_time -> backlog
OUT:leaf_out:BKK:EVmaker_Local,EVmaker_Local:BKK:2026-W08:00142,6,[6],[],[6],[],on_time -> backlog
OUT:leaf_out:BKK:EVmaker_Local,EVmaker_Local:BKK:2026-W08:00143,6,[6],[],[6],[],on_time -> backlog
OUT:leaf_out:BKK:EVmaker_Local,EVmaker_Local:BKK:2026-W08:00144,6,[6],[],[6],[],on_time -> backlog
OUT:leaf_out:BKK:EVmaker_Local,EVmaker_Local:BKK:2026-W08:00145,6,[6],[],[6],[],on_time -> backlog
OUT:leaf_out:BKK:EVmaker_Local,EVmaker_Local:BKK:2026-W08:00146,6,[6],[],[6],[],on_time -> backlog
OUT:leaf_out:BKK:EVmaker_Local,EVmaker_Local:BKK:2026-W08:00147,6,[6],[],[6],[],on_time -> backlog
OUT:leaf_out:BKK:EVmaker_Local,EVmaker_Local:BKK:2026-W08:00148,6,[6],[],[6],[],on_time -> backlog
OUT:leaf_out:BKK:EVmaker_Local,EVmaker_Local:BKK:2026-W08:00149,6,[6],[],[6],[],on_time -> backlog
OUT:leaf_out:BKK:EVmaker_Local,EVmaker_Local:BKK:2026-W08:00150,6,[6],[],[6],[],on_time -> backlog
OUT:leaf_out:BKK:EVmaker_Local,EVmaker_Local:BKK:2026-W08:00151,6,[6],[],[6],[],on_time -> backlog
OUT:leaf_out:BKK:EVmaker_Local,EVmaker_Local:BKK:2026-W08:00152,6,[6],[],[6],[],on_time -> backlog
OUT:leaf_out:BKK:EVmaker_Local,EVmaker_Local:BKK:2026-W08:00153,6,[6],[],[6],[],on_time -> backlog
OUT:leaf_out:BKK:EVmaker_Local,EVmaker_Local:BKK:2026-W08:00154,6,[6],[],[6],[],on_time -> backlog
OUT:leaf_out:BKK:EVmaker_Local,EVmaker_Local:BKK:2026-W08:00155,6,[6],[],[6],[],on_time -> backlog
OUT:leaf_out:BKK:EVmaker_Local,EVmaker_Local:BKK:2026-W08:00156,6,[6],[],[6],[],on_time -> backlog
OUT:leaf_out:BKK:EVmaker_Local,EVmaker_Local:BKK:2026-W08:00157,6,[6],[],[6],[],on_time -> backlog
OUT:leaf_out:BKK:EVmaker_Local,EVmaker_Local:BKK:2026-W08:00158,6,[6],[],[6],[],on_time -> backlog
OUT:leaf_out:BKK:EVmaker_Local,EVmaker_Local:BKK:2026-W08:00159,6,[6],[],[6],[],on_time -> backlog
OUT:leaf_out:BKK:EVmaker_Local,EVmaker_Local:BKK:2026-W08:00160,6,[6],[],[6],[],on_time -> backlog
OUT:leaf_out:BKK:EVmaker_Local,EVmaker_Local:BKK:2026-W08:00161,6,[6],[],[6],[],on_time -> backlog
OUT:leaf_out:BKK:EVmaker_Local,EVmaker_Local:BKK:2026-W08:00162,6,[6],[],[6],[],on_time -> backlog
OUT:leaf_out:BKK:EVmaker_Local,EVmaker_Local:BKK:2026-W08:00163,6,[6],[],[6],[],on_time -> backlog
OUT:leaf_out:BKK:EVmaker_Local,EVmaker_Local:BKK:2026-W08:00164,6,[6],[],[6],[],on_time -> backlog
OUT:leaf_out:BKK:EVmaker_Local,EVmaker_Local:BKK:2026-W08:00165,6,[6],[],[6],[],on_time -> backlog
OUT:leaf_out:BKK:EVmaker_Local,EVmaker_Local:BKK:2026-W08:00166,6,[6],[],[6],[],on_time -> backlog
OUT:leaf_out:BKK:EVmaker_Local,EVmaker_Local:BKK:2026-W08:00167,6,[6],[],[6],[],on_time -> backlog
OUT:leaf_out:BKK:EVmaker_Local,EVmaker_Local:BKK:2026-W08:00168,6,[6],[],[6],[],on_time -> backlog
OUT:leaf_out:BKK:EVmaker_Local,EVmaker_Local:BKK:2026-W08:00169,6,[6],[],[6],[],on_time -> backlog
OUT:leaf_out:BKK:EVmaker_Local,EVmaker_Local:BKK:2026-W08:00170,6,[6],[],[6],[],on_time -> backlog
OUT:leaf_out:BKK:EVmaker_Local,EVmaker_Local:BKK:2026-W08:00171,6,[6],[],[6],[],on_time -> backlog
OUT:leaf_out:BKK:EVmaker_Local,EVmaker_Local:BKK:2026-W08:00172,6,[6],[],[6],[],on_time -> backlog
OUT:leaf_out:BKK:EVmaker_Local,EVmaker_Local:BKK:2026-W08:00173,6,[6],[],[6],[],on_time -> backlog
OUT:leaf_out:BKK:EVmaker_Local,EVmaker_Local:BKK:2026-W08:00174,6,[6],[],[6],[],on_time -> backlog
OUT:leaf_out:BKK:EVmaker_Local,EVmaker_Local:BKK:2026-W08:00175,6,[6],[],[6],[],on_time -> backlog
OUT:leaf_out:BKK:EVmaker_Local,EVmaker_Local:BKK:2026-W08:00176,6,[6],[],[6],[],on_time -> backlog
OUT:leaf_out:BKK:EVmaker_Local,EVmaker_Local:BKK:2026-W08:00177,6,[6],[],[6],[],on_time -> backlog
OUT:leaf_out:BKK:EVmaker_Local,EVmaker_Local:BKK:2026-W08:00178,6,[6],[],[6],[],on_time -> backlog
OUT:leaf_out:BKK:EVmaker_Local,EVmaker_Local:BKK:2026-W08:00179,6,[6],[],[6],[],on_time -> backlog
OUT:leaf_out:BKK:EVmaker_Local,EVmaker_Local:BKK:2026-W08:00180,6,[6],[],[6],[],on_time -> backlog
OUT:leaf_out:BKK:EVmaker_Local,EVmaker_Local:BKK:2026-W08:00181,6,[6],[],[6],[],on_time -> backlog
OUT:leaf_out:BKK:EVmaker_Local,EVmaker_Local:BKK:2026-W08:00182,6,[6],[],[6],[],on_time -> backlog
OUT:leaf_out:BKK:EVmaker_Local,EVmaker_Local:BKK:2026-W08:00183,6,[6],[],[6],[],on_time -> backlog
OUT:leaf_out:BKK:EVmaker_Local,EVmaker_Local:BKK:2026-W08:00184,6,[6],[],[6],[],on_time -> backlog
OUT:leaf_out:BKK:EVmaker_Local,EVmaker_Local:BKK:2026-W08:00185,6,[6],[],[6],[],on_time -> backlog
OUT:leaf_out:BKK:EVmaker_Local,EVmaker_Local:BKK:2026-W08:00186,6,[6],[],[6],[],on_time -> backlog
OUT:leaf_out:BKK:EVmaker_Local,EVmaker_Local:BKK:2026-W08:00187,6,[6],[],[6],[],on_time -> backlog
OUT:leaf_out:BKK:EVmaker_Local,EVmaker_Local:BKK:2026-W08:00188,6,[6],[],[6],[],on_time -> backlog
OUT:leaf_out:BKK:EVmaker_Local,EVmaker_Local:BKK:2026-W08:00189,6,[6],[],[6],[],on_time -> backlog
OUT:leaf_out:BKK:EVmaker_Local,EVmaker_Local:BKK:2026-W08:00190,6,[6],[],[6],[],on_time -> backlog
OUT:leaf_out:BKK:EVmaker_Local,EVmaker_Local:BKK:2026-W08:00191,6,[6],[],[6],[],on_time -> backlog
OUT:leaf_out:BKK:EVmaker_Local,EVmaker_Local:BKK:2026-W08:00192,6,[6],[],[6],[],on_time -> backlog
OUT:leaf_out:BKK:EVmaker_Local,EVmaker_Local:BKK:2026-W08:00193,6,[6],[],[6],[],on_time -> backlog
OUT:leaf_out:BKK:EVmaker_Local,EVmaker_Local:BKK:2026-W08:00194,6,[6],[],[6],[],on_time -> backlog
OUT:leaf_out:BKK:EVmaker_Local,EVmaker_Local:BKK:2026-W08:00195,6,[6],[],[6],[],on_time -> backlog
OUT:leaf_out:BKK:EVmaker_Local,EVmaker_Local:BKK:2026-W08:00196,6,[6],[],[6],[],on_time -> backlog
OUT:leaf_out:BKK:EVmaker_Local,EVmaker_Local:BKK:2026-W08:00197,6,[6],[],[6],[],on_time -> backlog
OUT:leaf_out:BKK:EVmaker_Local,EVmaker_Local:BKK:2026-W08:00198,6,[6],[],[6],[],on_time -> backlog
OUT:leaf_out:BKK:EVmaker_Local,EVmaker_Local:BKK:2026-W08:00199,6,[6],[],[6],[],on_time -> backlog
OUT:leaf_out:BKK:EVmaker_Local,EVmaker_Local:BKK:2026-W08:00200,6,[6],[],[6],[],on_time -> backlog
OUT:leaf_out:BKK:EVmaker_Local,EVmaker_Local:BKK:2026-W08:00201,6,[6],[],[6],[],on_time -> backlog
OUT:leaf_out:BKK:EVmaker_Local,EVmaker_Local:BKK:2026-W08:00202,6,[6],[],[6],[],on_time -> backlog
OUT:leaf_out:BKK:EVmaker_Local,EVmaker_Local:BKK:2026-W08:00203,6,[6],[],[6],[],on_time -> backlog
OUT:leaf_out:BKK:EVmaker_Local,EVmaker_Local:BKK:2026-W08:00204,6,[6],[],[6],[],on_time -> backlog
OUT:leaf_out:BKK:EVmaker_Local,EVmaker_Local:BKK:2026-W08:00205,6,[6],[],[6],[],on_time -> backlog
OUT:leaf_out:BKK:EVmaker_Local,EVmaker_Local:BKK:2026-W08:00206,6,[6],[],[6],[],on_time -> backlog
OUT:leaf_out:BKK:EVmaker_Local,EVmaker_Local:BKK:2026-W08:00207,6,[6],[],[6],[],on_time -> backlog
OUT:leaf_out:BKK:EVmaker_Local,EVmaker_Local:BKK:2026-W08:00208,6,[6],[],[6],[],on_time -> backlog
OUT:leaf_out:BKK:EVmaker_Local,EVmaker_Local:BKK:2026-W08:00209,6,[6],[],[6],[],on_time -> backlog
OUT:leaf_out:BKK:EVmaker_Local,EVmaker_Local:BKK:2026-W08:00210,6,[6],[],[6],[],on_time -> backlog
OUT:leaf_out:BKK:EVmaker_Local,EVmaker_Local:BKK:2026-W08:00211,6,[6],[],[6],[],on_time -> backlog
OUT:leaf_out:BKK:EVmaker_Local,EVmaker_Local:BKK:2026-W08:00212,6,[6],[],[6],[],on_time -> backlog
OUT:leaf_out:BKK:EVmaker_Local,EVmaker_Local:BKK:2026-W08:00213,6,[6],[],[6],[],on_time -> backlog
OUT:leaf_out:BKK:EVmaker_Local,EVmaker_Local:BKK:2026-W08:00214,6,[6],[],[6],[],on_time -> backlog
OUT:leaf_out:BKK:EVmaker_Local,EVmaker_Local:BKK:2026-W08:00215,6,[6],[],[6],[],on_time -> backlog
OUT:leaf_out:BKK:EVmaker_Local,EVmaker_Local:BKK:2026-W08:00216,6,[6],[],[6],[],on_time -> backlog
OUT:leaf_out:BKK:EVmaker_Local,EVmaker_Local:BKK:2026-W08:00217,6,[6],[],[6],[],on_time -> backlog
OUT:leaf_out:BKK:EVmaker_Local,EVmaker_Local:BKK:2026-W08:00218,6,[6],[],[6],[],on_time -> backlog
OUT:leaf_out:BKK:EVmaker_Local,EVmaker_Local:BKK:2026-W08:00219,6,[6],[],[6],[],on_time -> backlog
OUT:leaf_out:BKK:EVmaker_Local,EVmaker_Local:BKK:2026-W08:00220,6,[6],[],[6],[],on_time -> backlog
OUT:leaf_out:BKK:EVmaker_Local,EVmaker_Local:BKK:2026-W08:00221,6,[6],[],[6],[],on_time -> backlog
OUT:leaf_out:BKK:EVmaker_Local,EVmaker_Local:BKK:2026-W08:00222,6,[6],[],[6],[],on_time -> backlog
OUT:leaf_out:BKK:EVmaker_Local,EVmaker_Local:BKK:2026-W08:00223,6,[6],[],[6],[],on_time -> backlog
OUT:leaf_out:BKK:EVmaker_Local,EVmaker_Local:BKK:2026-W08:00224,6,[6],[],[6],[],on_time -> backlog
OUT:leaf_out:BKK:EVmaker_Local,EVmaker_Local:BKK:2026-W08:00225,6,[6],[],[6],[],on_time -> backlog
OUT:leaf_out:BKK:EVmaker_Local,EVmaker_Local:BKK:2026-W08:00226,6,[6],[],[6],[],on_time -> backlog
OUT:leaf_out:BKK:EVmaker_Local,EVmaker_Local:BKK:2026-W08:00227,6,[6],[],[6],[],on_time -> backlog
OUT:leaf_out:BKK:EVmaker_Local,EVmaker_Local:BKK:2026-W08:00228,6,[6],[],[6],[],on_time -> backlog
OUT:leaf_out:BKK:EVmaker_Local,EVmaker_Local:BKK:2026-W08:00229,6,[6],[],[6],[],on_time -> backlog
OUT:leaf_out:BKK:EVmaker_Local,EVmaker_Local:BKK:2026-W08:00230,6,[6],[],[6],[],on_time -> backlog
OUT:leaf_out:BKK:EVmaker_Local,EVmaker_Local:BKK:2026-W08:00231,6,[6],[],[6],[],on_time -> backlog
OUT:leaf_out:BKK:EVmaker_Local,EVmaker_Local:BKK:2026-W08:00232,6,[6],[],[6],[],on_time -> backlog
OUT:leaf_out:BKK:EVmaker_Local,EVmaker_Local:BKK:2026-W08:00233,6,[6],[],[6],[],on_time -> backlog
OUT:leaf_out:BKK:EVmaker_Local,EVmaker_Local:BKK:2026-W08:00234,6,[6],[],[6],[],on_time -> backlog
OUT:leaf_out:BKK:EVmaker_Local,EVmaker_Local:BKK:2026-W08:00235,6,[6],[],[6],[],on_time -> backlog
OUT:leaf_out:BKK:EVmaker_Local,EVmaker_Local:BKK:2026-W08:00236,6,[6],[],[6],[],on_time -> backlog
OUT:leaf_out:BKK:EVmaker_Local,EVmaker_Local:BKK:2026-W08:00237,6,[6],[],[6],[],on_time -> backlog
OUT:leaf_out:BKK:EVmaker_Local,EVmaker_Local:BKK:2026-W08:00238,6,[6],[],[6],[],on_time -> backlog
OUT:leaf_out:BKK:EVmaker_Local,EVmaker_Local:BKK:2026-W08:00239,6,[6],[],[6],[],on_time -> backlog
OUT:leaf_out:BKK:EVmaker_Local,EVmaker_Local:BKK:2026-W08:00240,6,[6],[],[6],[],on_time -> backlog
OUT:leaf_out:BKK:EVmaker_Local,EVmaker_Local:BKK:2026-W08:00241,6,[6],[],[6],[],on_time -> backlog
OUT:leaf_out:BKK:EVmaker_Local,EVmaker_Local:BKK:2026-W08:00242,6,[6],[],[6],[],on_time -> backlog
OUT:leaf_out:BKK:EVmaker_Local,EVmaker_Local:BKK:2026-W08:00243,6,[6],[],[6],[],on_time -> backlog
OUT:leaf_out:BKK:EVmaker_Local,EVmaker_Local:BKK:2026-W08:00244,6,[6],[],[6],[],on_time -> backlog
OUT:leaf_out:BKK:EVmaker_Local,EVmaker_Local:BKK:2026-W08:00245,6,[6],[],[6],[],on_time -> backlog
OUT:leaf_out:BKK:EVmaker_Local,EVmaker_Local:BKK:2026-W08:00246,6,[6],[],[6],[],on_time -> backlog
OUT:leaf_out:BKK:EVmaker_Local,EVmaker_Local:BKK:2026-W08:00247,6,[6],[],[6],[],on_time -> backlog
OUT:leaf_out:BKK:EVmaker_Local,EVmaker_Local:BKK:2026-W08:00248,6,[6],[],[6],[],on_time -> backlog
OUT:leaf_out:BKK:EVmaker_Local,EVmaker_Local:BKK:2026-W08:00249,6,[6],[],[6],[],on_time -> backlog
OUT:leaf_out:BKK:EVmaker_Local,EVmaker_Local:BKK:2026-W08:00250,6,[6],[],[6],[],on_time -> backlog
OUT:leaf_out:ONL:EVmaker_Import,EVmaker_Import:ONL:2026-W08:00001,6,[6],[],[6],[],on_time -> backlog
OUT:leaf_out:ONL:EVmaker_Import,EVmaker_Import:ONL:2026-W08:00002,6,[6],[],[6],[],on_time -> backlog
OUT:leaf_out:ONL:EVmaker_Import,EVmaker_Import:ONL:2026-W08:00003,6,[6],[],[6],[],on_time -> backlog
OUT:leaf_out:ONL:EVmaker_Import,EVmaker_Import:ONL:2026-W08:00004,6,[6],[],[6],[],on_time -> backlog
OUT:leaf_out:ONL:EVmaker_Import,EVmaker_Import:ONL:2026-W08:00005,6,[6],[],[6],[],on_time -> backlog
OUT:leaf_out:ONL:EVmaker_Import,EVmaker_Import:ONL:2026-W08:00006,6,[6],[],[6],[],on_time -> backlog
OUT:leaf_out:ONL:EVmaker_Import,EVmaker_Import:ONL:2026-W08:00007,6,[6],[],[6],[],on_time -> backlog
OUT:leaf_out:ONL:EVmaker_Import,EVmaker_Import:ONL:2026-W08:00008,6,[6],[],[6],[],on_time -> backlog
OUT:leaf_out:ONL:EVmaker_Import,EVmaker_Import:ONL:2026-W08:00009,6,[6],[],[6],[],on_time -> backlog
OUT:leaf_out:ONL:EVmaker_Import,EVmaker_Import:ONL:2026-W08:00010,6,[6],[],[6],[],on_time -> backlog
OUT:leaf_out:ONL:EVmaker_Local,EVmaker_Local:ONL:2026-W08:00001,6,[6],[],[6],[],on_time -> backlog
OUT:leaf_out:ONL:EVmaker_Local,EVmaker_Local:ONL:2026-W08:00002,6,[6],[],[6],[],on_time -> backlog
OUT:leaf_out:ONL:EVmaker_Local,EVmaker_Local:ONL:2026-W08:00003,6,[6],[],[6],[],on_time -> backlog
OUT:leaf_out:ONL:EVmaker_Local,EVmaker_Local:ONL:2026-W08:00004,6,[6],[],[6],[],on_time -> backlog
OUT:leaf_out:ONL:EVmaker_Local,EVmaker_Local:ONL:2026-W08:00005,6,[6],[],[6],[],on_time -> backlog
OUT:leaf_out:ONL:EVmaker_Local,EVmaker_Local:ONL:2026-W08:00006,6,[6],[],[6],[],on_time -> backlog
OUT:leaf_out:ONL:EVmaker_Local,EVmaker_Local:ONL:2026-W08:00007,6,[6],[],[6],[],on_time -> backlog
OUT:leaf_out:ONL:EVmaker_Local,EVmaker_Local:ONL:2026-W08:00008,6,[6],[],[6],[],on_time -> backlog
OUT:leaf_out:ONL:EVmaker_Local,EVmaker_Local:ONL:2026-W08:00009,6,[6],[],[6],[],on_time -> backlog
OUT:leaf_out:ONL:EVmaker_Local,EVmaker_Local:ONL:2026-W08:00010,6,[6],[],[6],[],on_time -> backlog
OUT:leaf_out:ONL:EVmaker_Local,EVmaker_Local:ONL:2026-W08:00011,6,[6],[],[6],[],on_time -> backlog
OUT:leaf_out:ONL:EVmaker_Local,EVmaker_Local:ONL:2026-W08:00012,6,[6],[],[6],[],on_time -> backlog
OUT:leaf_out:ONL:EVmaker_Local,EVmaker_Local:ONL:2026-W08:00013,6,[6],[],[6],[],on_time -> backlog
OUT:leaf_out:ONL:EVmaker_Local,EVmaker_Local:ONL:2026-W08:00014,6,[6],[],[6],[],on_time -> backlog
OUT:leaf_out:ONL:EVmaker_Local,EVmaker_Local:ONL:2026-W08:00015,6,[6],[],[6],[],on_time -> backlog
OUT:leaf_out:ONL:EVmaker_Local,EVmaker_Local:ONL:2026-W08:00016,6,[6],[],[6],[],on_time -> backlog
OUT:leaf_out:ONL:EVmaker_Local,EVmaker_Local:ONL:2026-W08:00017,6,[6],[],[6],[],on_time -> backlog
OUT:leaf_out:ONL:EVmaker_Local,EVmaker_Local:ONL:2026-W08:00018,6,[6],[],[6],[],on_time -> backlog
OUT:leaf_out:ONL:EVmaker_Local,EVmaker_Local:ONL:2026-W08:00019,6,[6],[],[6],[],on_time -> backlog
OUT:leaf_out:ONL:EVmaker_Local,EVmaker_Local:ONL:2026-W08:00020,6,[6],[],[6],[],on_time -> backlog
OUT:leaf_out:ONL:EVmaker_Local,EVmaker_Local:ONL:2026-W08:00021,6,[6],[],[6],[],on_time -> backlog
OUT:leaf_out:ONL:EVmaker_Local,EVmaker_Local:ONL:2026-W08:00022,6,[6],[],[6],[],on_time -> backlog
OUT:leaf_out:ONL:EVmaker_Local,EVmaker_Local:ONL:2026-W08:00023,6,[6],[],[6],[],on_time -> backlog
OUT:leaf_out:ONL:EVmaker_Local,EVmaker_Local:ONL:2026-W08:00024,6,[6],[],[6],[],on_time -> backlog
OUT:leaf_out:ONL:EVmaker_Local,EVmaker_Local:ONL:2026-W08:00025,6,[6],[],[6],[],on_time -> backlog
OUT:leaf_out:ONL:EVmaker_Local,EVmaker_Local:ONL:2026-W08:00026,6,[6],[],[6],[],on_time -> backlog
OUT:leaf_out:ONL:EVmaker_Local,EVmaker_Local:ONL:2026-W08:00027,6,[6],[],[6],[],on_time -> backlog
OUT:leaf_out:ONL:EVmaker_Local,EVmaker_Local:ONL:2026-W08:00028,6,[6],[],[6],[],on_time -> backlog
OUT:leaf_out:ONL:EVmaker_Local,EVmaker_Local:ONL:2026-W08:00029,6,[6],[],[6],[],on_time -> backlog
OUT:leaf_out:ONL:EVmaker_Local,EVmaker_Local:ONL:2026-W08:00030,6,[6],[],[6],[],on_time -> backlog
OUT:leaf_out:ONL:EVmaker_Local,EVmaker_Local:ONL:2026-W08:00031,6,[6],[],[6],[],on_time -> backlog
OUT:leaf_out:ONL:EVmaker_Local,EVmaker_Local:ONL:2026-W08:00032,6,[6],[],[6],[],on_time -> backlog
OUT:leaf_out:ONL:EVmaker_Local,EVmaker_Local:ONL:2026-W08:00033,6,[6],[],[6],[],on_time -> backlog
OUT:leaf_out:ONL:EVmaker_Local,EVmaker_Local:ONL:2026-W08:00034,6,[6],[],[6],[],on_time -> backlog
OUT:leaf_out:ONL:EVmaker_Local,EVmaker_Local:ONL:2026-W08:00035,6,[6],[],[6],[],on_time -> backlog
OUT:leaf_out:ONL:EVmaker_Local,EVmaker_Local:ONL:2026-W08:00036,6,[6],[],[6],[],on_time -> backlog
OUT:leaf_out:ONL:EVmaker_Local,EVmaker_Local:ONL:2026-W08:00037,6,[6],[],[6],[],on_time -> backlog
OUT:leaf_out:ONL:EVmaker_Local,EVmaker_Local:ONL:2026-W08:00038,6,[6],[],[6],[],on_time -> backlog
OUT:leaf_out:ONL:EVmaker_Local,EVmaker_Local:ONL:2026-W08:00039,6,[6],[],[6],[],on_time -> backlog
OUT:leaf_out:ONL:EVmaker_Local,EVmaker_Local:ONL:2026-W08:00040,6,[6],[],[6],[],on_time -> backlog
OUT:leaf_out:ONL:EVmaker_Local,EVmaker_Local:ONL:2026-W08:00041,6,[6],[],[6],[],on_time -> backlog
OUT:leaf_out:ONL:EVmaker_Local,EVmaker_Local:ONL:2026-W08:00042,6,[6],[],[6],[],on_time -> backlog
OUT:leaf_out:ONL:EVmaker_Local,EVmaker_Local:ONL:2026-W08:00043,6,[6],[],[6],[],on_time -> backlog
OUT:leaf_out:ONL:EVmaker_Local,EVmaker_Local:ONL:2026-W08:00044,6,[6],[],[6],[],on_time -> backlog
OUT:leaf_out:ONL:EVmaker_Local,EVmaker_Local:ONL:2026-W08:00045,6,[6],[],[6],[],on_time -> backlog
OUT:leaf_out:ONL:EVmaker_Local,EVmaker_Local:ONL:2026-W08:00046,6,[6],[],[6],[],on_time -> backlog
OUT:leaf_out:ONL:EVmaker_Local,EVmaker_Local:ONL:2026-W08:00047,6,[6],[],[6],[],on_time -> backlog
OUT:leaf_out:ONL:EVmaker_Local,EVmaker_Local:ONL:2026-W08:00048,6,[6],[],[6],[],on_time -> backlog
OUT:leaf_out:ONL:EVmaker_Local,EVmaker_Local:ONL:2026-W08:00049,6,[6],[],[6],[],on_time -> backlog
OUT:leaf_out:ONL:EVmaker_Local,EVmaker_Local:ONL:2026-W08:00050,6,[6],[],[6],[],on_time -> backlog
OUT:leaf_out:PRO:EVmaker_Import,EVmaker_Import:PRO:2026-W08:00001,6,[6],[],[6],[],on_time -> backlog
OUT:leaf_out:PRO:EVmaker_Import,EVmaker_Import:PRO:2026-W08:00002,6,[6],[],[6],[],on_time -> backlog
OUT:leaf_out:PRO:EVmaker_Import,EVmaker_Import:PRO:2026-W08:00003,6,[6],[],[6],[],on_time -> backlog
OUT:leaf_out:PRO:EVmaker_Import,EVmaker_Import:PRO:2026-W08:00004,6,[6],[],[6],[],on_time -> backlog
OUT:leaf_out:PRO:EVmaker_Import,EVmaker_Import:PRO:2026-W08:00005,6,[6],[],[6],[],on_time -> backlog
OUT:leaf_out:PRO:EVmaker_Import,EVmaker_Import:PRO:2026-W08:00006,6,[6],[],[6],[],on_time -> backlog
OUT:leaf_out:PRO:EVmaker_Import,EVmaker_Import:PRO:2026-W08:00007,6,[6],[],[6],[],on_time -> backlog
OUT:leaf_out:PRO:EVmaker_Import,EVmaker_Import:PRO:2026-W08:00008,6,[6],[],[6],[],on_time -> backlog
OUT:leaf_out:PRO:EVmaker_Import,EVmaker_Import:PRO:2026-W08:00009,6,[6],[],[6],[],on_time -> backlog
OUT:leaf_out:PRO:EVmaker_Import,EVmaker_Import:PRO:2026-W08:00010,6,[6],[],[6],[],on_time -> backlog
OUT:leaf_out:PRO:EVmaker_Import,EVmaker_Import:PRO:2026-W08:00011,6,[6],[],[6],[],on_time -> backlog
OUT:leaf_out:PRO:EVmaker_Import,EVmaker_Import:PRO:2026-W08:00012,6,[6],[],[6],[],on_time -> backlog
OUT:leaf_out:PRO:EVmaker_Import,EVmaker_Import:PRO:2026-W08:00013,6,[6],[],[6],[],on_time -> backlog
OUT:leaf_out:PRO:EVmaker_Import,EVmaker_Import:PRO:2026-W08:00014,6,[6],[],[6],[],on_time -> backlog
OUT:leaf_out:PRO:EVmaker_Import,EVmaker_Import:PRO:2026-W08:00015,6,[6],[],[6],[],on_time -> backlog
OUT:leaf_out:PRO:EVmaker_Import,EVmaker_Import:PRO:2026-W08:00016,6,[6],[],[6],[],on_time -> backlog
OUT:leaf_out:PRO:EVmaker_Import,EVmaker_Import:PRO:2026-W08:00017,6,[6],[],[6],[],on_time -> backlog
OUT:leaf_out:PRO:EVmaker_Import,EVmaker_Import:PRO:2026-W08:00018,6,[6],[],[6],[],on_time -> backlog
OUT:leaf_out:PRO:EVmaker_Import,EVmaker_Import:PRO:2026-W08:00019,6,[6],[],[6],[],on_time -> backlog
OUT:leaf_out:PRO:EVmaker_Import,EVmaker_Import:PRO:2026-W08:00020,6,[6],[],[6],[],on_time -> backlog
OUT:leaf_out:PRO:EVmaker_Import,EVmaker_Import:PRO:2026-W08:00021,6,[6],[],[6],[],on_time -> backlog
OUT:leaf_out:PRO:EVmaker_Import,EVmaker_Import:PRO:2026-W08:00022,6,[6],[],[6],[],on_time -> backlog
OUT:leaf_out:PRO:EVmaker_Import,EVmaker_Import:PRO:2026-W08:00023,6,[6],[],[6],[],on_time -> backlog
OUT:leaf_out:PRO:EVmaker_Import,EVmaker_Import:PRO:2026-W08:00024,6,[6],[],[6],[],on_time -> backlog
OUT:leaf_out:PRO:EVmaker_Import,EVmaker_Import:PRO:2026-W08:00025,6,[6],[],[6],[],on_time -> backlog
OUT:leaf_out:PRO:EVmaker_Import,EVmaker_Import:PRO:2026-W08:00026,6,[6],[],[6],[],on_time -> backlog
OUT:leaf_out:PRO:EVmaker_Import,EVmaker_Import:PRO:2026-W08:00027,6,[6],[],[6],[],on_time -> backlog
OUT:leaf_out:PRO:EVmaker_Import,EVmaker_Import:PRO:2026-W08:00028,6,[6],[],[6],[],on_time -> backlog
OUT:leaf_out:PRO:EVmaker_Import,EVmaker_Import:PRO:2026-W08:00029,6,[6],[],[6],[],on_time -> backlog
OUT:leaf_out:PRO:EVmaker_Import,EVmaker_Import:PRO:2026-W08:00030,6,[6],[],[6],[],on_time -> backlog
OUT:leaf_out:PRO:EVmaker_Import,EVmaker_Import:PRO:2026-W08:00031,6,[6],[],[6],[],on_time -> backlog
OUT:leaf_out:PRO:EVmaker_Import,EVmaker_Import:PRO:2026-W08:00032,6,[6],[],[6],[],on_time -> backlog
OUT:leaf_out:PRO:EVmaker_Import,EVmaker_Import:PRO:2026-W08:00033,6,[6],[],[6],[],on_time -> backlog
OUT:leaf_out:PRO:EVmaker_Import,EVmaker_Import:PRO:2026-W08:00034,6,[6],[],[6],[],on_time -> backlog
OUT:leaf_out:PRO:EVmaker_Import,EVmaker_Import:PRO:2026-W08:00035,6,[6],[],[6],[],on_time -> backlog
OUT:leaf_out:PRO:EVmaker_Import,EVmaker_Import:PRO:2026-W08:00036,6,[6],[],[6],[],on_time -> backlog
OUT:leaf_out:PRO:EVmaker_Import,EVmaker_Import:PRO:2026-W08:00037,6,[6],[],[6],[],on_time -> backlog
OUT:leaf_out:PRO:EVmaker_Import,EVmaker_Import:PRO:2026-W08:00038,6,[6],[],[6],[],on_time -> backlog
OUT:leaf_out:PRO:EVmaker_Import,EVmaker_Import:PRO:2026-W08:00039,6,[6],[],[6],[],on_time -> backlog
OUT:leaf_out:PRO:EVmaker_Import,EVmaker_Import:PRO:2026-W08:00040,6,[6],[],[6],[],on_time -> backlog
OUT:leaf_out:PRO:EVmaker_Local,EVmaker_Local:PRO:2026-W08:00001,6,[6],[],[6],[],on_time -> backlog
OUT:leaf_out:PRO:EVmaker_Local,EVmaker_Local:PRO:2026-W08:00002,6,[6],[],[6],[],on_time -> backlog
OUT:leaf_out:PRO:EVmaker_Local,EVmaker_Local:PRO:2026-W08:00003,6,[6],[],[6],[],on_time -> backlog
OUT:leaf_out:PRO:EVmaker_Local,EVmaker_Local:PRO:2026-W08:00004,6,[6],[],[6],[],on_time -> backlog
OUT:leaf_out:PRO:EVmaker_Local,EVmaker_Local:PRO:2026-W08:00005,6,[6],[],[6],[],on_time -> backlog
OUT:leaf_out:PRO:EVmaker_Local,EVmaker_Local:PRO:2026-W08:00006,6,[6],[],[6],[],on_time -> backlog
OUT:leaf_out:PRO:EVmaker_Local,EVmaker_Local:PRO:2026-W08:00007,6,[6],[],[6],[],on_time -> backlog
OUT:leaf_out:PRO:EVmaker_Local,EVmaker_Local:PRO:2026-W08:00008,6,[6],[],[6],[],on_time -> backlog
OUT:leaf_out:PRO:EVmaker_Local,EVmaker_Local:PRO:2026-W08:00009,6,[6],[],[6],[],on_time -> backlog
OUT:leaf_out:PRO:EVmaker_Local,EVmaker_Local:PRO:2026-W08:00010,6,[6],[],[6],[],on_time -> backlog
OUT:leaf_out:PRO:EVmaker_Local,EVmaker_Local:PRO:2026-W08:00011,6,[6],[],[6],[],on_time -> backlog
OUT:leaf_out:PRO:EVmaker_Local,EVmaker_Local:PRO:2026-W08:00012,6,[6],[],[6],[],on_time -> backlog
OUT:leaf_out:PRO:EVmaker_Local,EVmaker_Local:PRO:2026-W08:00013,6,[6],[],[6],[],on_time -> backlog
OUT:leaf_out:PRO:EVmaker_Local,EVmaker_Local:PRO:2026-W08:00014,6,[6],[],[6],[],on_time -> backlog
OUT:leaf_out:PRO:EVmaker_Local,EVmaker_Local:PRO:2026-W08:00015,6,[6],[],[6],[],on_time -> backlog
OUT:leaf_out:PRO:EVmaker_Local,EVmaker_Local:PRO:2026-W08:00016,6,[6],[],[6],[],on_time -> backlog
OUT:leaf_out:PRO:EVmaker_Local,EVmaker_Local:PRO:2026-W08:00017,6,[6],[],[6],[],on_time -> backlog
OUT:leaf_out:PRO:EVmaker_Local,EVmaker_Local:PRO:2026-W08:00018,6,[6],[],[6],[],on_time -> backlog
OUT:leaf_out:PRO:EVmaker_Local,EVmaker_Local:PRO:2026-W08:00019,6,[6],[],[6],[],on_time -> backlog
OUT:leaf_out:PRO:EVmaker_Local,EVmaker_Local:PRO:2026-W08:00020,6,[6],[],[6],[],on_time -> backlog
OUT:leaf_out:PRO:EVmaker_Local,EVmaker_Local:PRO:2026-W08:00021,6,[6],[],[6],[],on_time -> backlog
OUT:leaf_out:PRO:EVmaker_Local,EVmaker_Local:PRO:2026-W08:00022,6,[6],[],[6],[],on_time -> backlog
OUT:leaf_out:PRO:EVmaker_Local,EVmaker_Local:PRO:2026-W08:00023,6,[6],[],[6],[],on_time -> backlog
OUT:leaf_out:PRO:EVmaker_Local,EVmaker_Local:PRO:2026-W08:00024,6,[6],[],[6],[],on_time -> backlog
OUT:leaf_out:PRO:EVmaker_Local,EVmaker_Local:PRO:2026-W08:00025,6,[6],[],[6],[],on_time -> backlog
OUT:leaf_out:PRO:EVmaker_Local,EVmaker_Local:PRO:2026-W08:00026,6,[6],[],[6],[],on_time -> backlog
OUT:leaf_out:PRO:EVmaker_Local,EVmaker_Local:PRO:2026-W08:00027,6,[6],[],[6],[],on_time -> backlog
OUT:leaf_out:PRO:EVmaker_Local,EVmaker_Local:PRO:2026-W08:00028,6,[6],[],[6],[],on_time -> backlog
OUT:leaf_out:PRO:EVmaker_Local,EVmaker_Local:PRO:2026-W08:00029,6,[6],[],[6],[],on_time -> backlog
OUT:leaf_out:PRO:EVmaker_Local,EVmaker_Local:PRO:2026-W08:00030,6,[6],[],[6],[],on_time -> backlog
OUT:leaf_out:PRO:EVmaker_Local,EVmaker_Local:PRO:2026-W08:00031,6,[6],[],[6],[],on_time -> backlog
OUT:leaf_out:PRO:EVmaker_Local,EVmaker_Local:PRO:2026-W08:00032,6,[6],[],[6],[],on_time -> backlog
OUT:leaf_out:PRO:EVmaker_Local,EVmaker_Local:PRO:2026-W08:00033,6,[6],[],[6],[],on_time -> backlog
OUT:leaf_out:PRO:EVmaker_Local,EVmaker_Local:PRO:2026-W08:00034,6,[6],[],[6],[],on_time -> backlog
OUT:leaf_out:PRO:EVmaker_Local,EVmaker_Local:PRO:2026-W08:00035,6,[6],[],[6],[],on_time -> backlog
OUT:leaf_out:PRO:EVmaker_Local,EVmaker_Local:PRO:2026-W08:00036,6,[6],[],[6],[],on_time -> backlog
OUT:leaf_out:PRO:EVmaker_Local,EVmaker_Local:PRO:2026-W08:00037,6,[6],[],[6],[],on_time -> backlog
OUT:leaf_out:PRO:EVmaker_Local,EVmaker_Local:PRO:2026-W08:00038,6,[6],[],[6],[],on_time -> backlog
OUT:leaf_out:PRO:EVmaker_Local,EVmaker_Local:PRO:2026-W08:00039,6,[6],[],[6],[],on_time -> backlog
OUT:leaf_out:PRO:EVmaker_Local,EVmaker_Local:PRO:2026-W08:00040,6,[6],[],[6],[],on_time -> backlog
OUT:leaf_out:PRO:EVmaker_Local,EVmaker_Local:PRO:2026-W08:00041,6,[6],[],[6],[],on_time -> backlog
OUT:leaf_out:PRO:EVmaker_Local,EVmaker_Local:PRO:2026-W08:00042,6,[6],[],[6],[],on_time -> backlog
OUT:leaf_out:PRO:EVmaker_Local,EVmaker_Local:PRO:2026-W08:00043,6,[6],[],[6],[],on_time -> backlog
OUT:leaf_out:PRO:EVmaker_Local,EVmaker_Local:PRO:2026-W08:00044,6,[6],[],[6],[],on_time -> backlog
OUT:leaf_out:PRO:EVmaker_Local,EVmaker_Local:PRO:2026-W08:00045,6,[6],[],[6],[],on_time -> backlog
OUT:leaf_out:PRO:EVmaker_Local,EVmaker_Local:PRO:2026-W08:00046,6,[6],[],[6],[],on_time -> backlog
OUT:leaf_out:PRO:EVmaker_Local,EVmaker_Local:PRO:2026-W08:00047,6,[6],[],[6],[],on_time -> backlog
OUT:leaf_out:PRO:EVmaker_Local,EVmaker_Local:PRO:2026-W08:00048,6,[6],[],[6],[],on_time -> backlog
OUT:leaf_out:PRO:EVmaker_Local,EVmaker_Local:PRO:2026-W08:00049,6,[6],[],[6],[],on_time -> backlog
OUT:leaf_out:PRO:EVmaker_Local,EVmaker_Local:PRO:2026-W08:00050,6,[6],[],[6],[],on_time -> backlog
OUT:leaf_out:PRO:EVmaker_Local,EVmaker_Local:PRO:2026-W08:00051,6,[6],[],[6],[],on_time -> backlog
OUT:leaf_out:PRO:EVmaker_Local,EVmaker_Local:PRO:2026-W08:00052,6,[6],[],[6],[],on_time -> backlog
OUT:leaf_out:PRO:EVmaker_Local,EVmaker_Local:PRO:2026-W08:00053,6,[6],[],[6],[],on_time -> backlog
OUT:leaf_out:PRO:EVmaker_Local,EVmaker_Local:PRO:2026-W08:00054,6,[6],[],[6],[],on_time -> backlog
OUT:leaf_out:PRO:EVmaker_Local,EVmaker_Local:PRO:2026-W08:00055,6,[6],[],[6],[],on_time -> backlog
OUT:leaf_out:PRO:EVmaker_Local,EVmaker_Local:PRO:2026-W08:00056,6,[6],[],[6],[],on_time -> backlog
OUT:leaf_out:PRO:EVmaker_Local,EVmaker_Local:PRO:2026-W08:00057,6,[6],[],[6],[],on_time -> backlog
OUT:leaf_out:PRO:EVmaker_Local,EVmaker_Local:PRO:2026-W08:00058,6,[6],[],[6],[],on_time -> backlog
OUT:leaf_out:PRO:EVmaker_Local,EVmaker_Local:PRO:2026-W08:00059,6,[6],[],[6],[],on_time -> backlog
OUT:leaf_out:PRO:EVmaker_Local,EVmaker_Local:PRO:2026-W08:00060,6,[6],[],[6],[],on_time -> backlog
OUT:leaf_out:PRO:EVmaker_Local,EVmaker_Local:PRO:2026-W08:00061,6,[6],[],[6],[],on_time -> backlog
OUT:leaf_out:PRO:EVmaker_Local,EVmaker_Local:PRO:2026-W08:00062,6,[6],[],[6],[],on_time -> backlog
OUT:leaf_out:PRO:EVmaker_Local,EVmaker_Local:PRO:2026-W08:00063,6,[6],[],[6],[],on_time -> backlog
OUT:leaf_out:PRO:EVmaker_Local,EVmaker_Local:PRO:2026-W08:00064,6,[6],[],[6],[],on_time -> backlog
OUT:leaf_out:PRO:EVmaker_Local,EVmaker_Local:PRO:2026-W08:00065,6,[6],[],[6],[],on_time -> backlog
OUT:leaf_out:PRO:EVmaker_Local,EVmaker_Local:PRO:2026-W08:00066,6,[6],[],[6],[],on_time -> backlog
OUT:leaf_out:PRO:EVmaker_Local,EVmaker_Local:PRO:2026-W08:00067,6,[6],[],[6],[],on_time -> backlog
OUT:leaf_out:PRO:EVmaker_Local,EVmaker_Local:PRO:2026-W08:00068,6,[6],[],[6],[],on_time -> backlog
OUT:leaf_out:PRO:EVmaker_Local,EVmaker_Local:PRO:2026-W08:00069,6,[6],[],[6],[],on_time -> backlog
OUT:leaf_out:PRO:EVmaker_Local,EVmaker_Local:PRO:2026-W08:00070,6,[6],[],[6],[],on_time -> backlog
OUT:leaf_out:PRO:EVmaker_Local,EVmaker_Local:PRO:2026-W08:00071,6,[6],[],[6],[],on_time -> backlog
OUT:leaf_out:PRO:EVmaker_Local,EVmaker_Local:PRO:2026-W08:00072,6,[6],[],[6],[],on_time -> backlog
OUT:leaf_out:PRO:EVmaker_Local,EVmaker_Local:PRO:2026-W08:00073,6,[6],[],[6],[],on_time -> backlog
OUT:leaf_out:PRO:EVmaker_Local,EVmaker_Local:PRO:2026-W08:00074,6,[6],[],[6],[],on_time -> backlog
OUT:leaf_out:PRO:EVmaker_Local,EVmaker_Local:PRO:2026-W08:00075,6,[6],[],[6],[],on_time -> backlog
OUT:leaf_out:PRO:EVmaker_Local,EVmaker_Local:PRO:2026-W08:00076,6,[6],[],[6],[],on_time -> backlog
OUT:leaf_out:PRO:EVmaker_Local,EVmaker_Local:PRO:2026-W08:00077,6,[6],[],[6],[],on_time -> backlog
OUT:leaf_out:PRO:EVmaker_Local,EVmaker_Local:PRO:2026-W08:00078,6,[6],[],[6],[],on_time -> backlog
OUT:leaf_out:PRO:EVmaker_Local,EVmaker_Local:PRO:2026-W08:00079,6,[6],[],[6],[],on_time -> backlog
OUT:leaf_out:PRO:EVmaker_Local,EVmaker_Local:PRO:2026-W08:00080,6,[6],[],[6],[],on_time -> backlog
OUT:leaf_out:PRO:EVmaker_Local,EVmaker_Local:PRO:2026-W08:00081,6,[6],[],[6],[],on_time -> backlog
OUT:leaf_out:PRO:EVmaker_Local,EVmaker_Local:PRO:2026-W08:00082,6,[6],[],[6],[],on_time -> backlog
OUT:leaf_out:PRO:EVmaker_Local,EVmaker_Local:PRO:2026-W08:00083,6,[6],[],[6],[],on_time -> backlog
OUT:leaf_out:PRO:EVmaker_Local,EVmaker_Local:PRO:2026-W08:00084,6,[6],[],[6],[],on_time -> backlog
OUT:leaf_out:PRO:EVmaker_Local,EVmaker_Local:PRO:2026-W08:00085,6,[6],[],[6],[],on_time -> backlog
OUT:leaf_out:PRO:EVmaker_Local,EVmaker_Local:PRO:2026-W08:00086,6,[6],[],[6],[],on_time -> backlog
OUT:leaf_out:PRO:EVmaker_Local,EVmaker_Local:PRO:2026-W08:00087,6,[6],[],[6],[],on_time -> backlog
OUT:leaf_out:PRO:EVmaker_Local,EVmaker_Local:PRO:2026-W08:00088,6,[6],[],[6],[],on_time -> backlog
OUT:leaf_out:PRO:EVmaker_Local,EVmaker_Local:PRO:2026-W08:00089,6,[6],[],[6],[],on_time -> backlog
OUT:leaf_out:PRO:EVmaker_Local,EVmaker_Local:PRO:2026-W08:00090,6,[6],[],[6],[],on_time -> backlog
OUT:leaf_out:PRO:EVmaker_Local,EVmaker_Local:PRO:2026-W08:00091,6,[6],[],[6],[],on_time -> backlog
OUT:leaf_out:PRO:EVmaker_Local,EVmaker_Local:PRO:2026-W08:00092,6,[6],[],[6],[],on_time -> backlog
OUT:leaf_out:PRO:EVmaker_Local,EVmaker_Local:PRO:2026-W08:00093,6,[6],[],[6],[],on_time -> backlog
OUT:leaf_out:PRO:EVmaker_Local,EVmaker_Local:PRO:2026-W08:00094,6,[6],[],[6],[],on_time -> backlog
OUT:leaf_out:PRO:EVmaker_Local,EVmaker_Local:PRO:2026-W08:00095,6,[6],[],[6],[],on_time -> backlog
OUT:leaf_out:PRO:EVmaker_Local,EVmaker_Local:PRO:2026-W08:00096,6,[6],[],[6],[],on_time -> backlog
OUT:leaf_out:PRO:EVmaker_Local,EVmaker_Local:PRO:2026-W08:00097,6,[6],[],[6],[],on_time -> backlog
OUT:leaf_out:PRO:EVmaker_Local,EVmaker_Local:PRO:2026-W08:00098,6,[6],[],[6],[],on_time -> backlog
OUT:leaf_out:PRO:EVmaker_Local,EVmaker_Local:PRO:2026-W08:00099,6,[6],[],[6],[],on_time -> backlog
OUT:leaf_out:PRO:EVmaker_Local,EVmaker_Local:PRO:2026-W08:00100,6,[6],[],[6],[],on_time -> backlog
OUT:leaf_out:PRO:EVmaker_Local,EVmaker_Local:PRO:2026-W08:00101,6,[6],[],[6],[],on_time -> backlog
OUT:leaf_out:PRO:EVmaker_Local,EVmaker_Local:PRO:2026-W08:00102,6,[6],[],[6],[],on_time -> backlog
OUT:leaf_out:PRO:EVmaker_Local,EVmaker_Local:PRO:2026-W08:00103,6,[6],[],[6],[],on_time -> backlog
OUT:leaf_out:PRO:EVmaker_Local,EVmaker_Local:PRO:2026-W08:00104,6,[6],[],[6],[],on_time -> backlog
OUT:leaf_out:PRO:EVmaker_Local,EVmaker_Local:PRO:2026-W08:00105,6,[6],[],[6],[],on_time -> backlog
OUT:leaf_out:PRO:EVmaker_Local,EVmaker_Local:PRO:2026-W08:00106,6,[6],[],[6],[],on_time -> backlog
OUT:leaf_out:PRO:EVmaker_Local,EVmaker_Local:PRO:2026-W08:00107,6,[6],[],[6],[],on_time -> backlog
OUT:leaf_out:PRO:EVmaker_Local,EVmaker_Local:PRO:2026-W08:00108,6,[6],[],[6],[],on_time -> backlog
OUT:leaf_out:PRO:EVmaker_Local,EVmaker_Local:PRO:2026-W08:00109,6,[6],[],[6],[],on_time -> backlog
OUT:leaf_out:PRO:EVmaker_Local,EVmaker_Local:PRO:2026-W08:00110,6,[6],[],[6],[],on_time -> backlog
OUT:leaf_out:PRO:EVmaker_Local,EVmaker_Local:PRO:2026-W08:00111,6,[6],[],[6],[],on_time -> backlog
OUT:leaf_out:PRO:EVmaker_Local,EVmaker_Local:PRO:2026-W08:00112,6,[6],[],[6],[],on_time -> backlog
OUT:leaf_out:PRO:EVmaker_Local,EVmaker_Local:PRO:2026-W08:00113,6,[6],[],[6],[],on_time -> backlog
OUT:leaf_out:PRO:EVmaker_Local,EVmaker_Local:PRO:2026-W08:00114,6,[6],[],[6],[],on_time -> backlog
OUT:leaf_out:PRO:EVmaker_Local,EVmaker_Local:PRO:2026-W08:00115,6,[6],[],[6],[],on_time -> backlog
OUT:leaf_out:PRO:EVmaker_Local,EVmaker_Local:PRO:2026-W08:00116,6,[6],[],[6],[],on_time -> backlog
OUT:leaf_out:PRO:EVmaker_Local,EVmaker_Local:PRO:2026-W08:00117,6,[6],[],[6],[],on_time -> backlog
OUT:leaf_out:PRO:EVmaker_Local,EVmaker_Local:PRO:2026-W08:00118,6,[6],[],[6],[],on_time -> backlog
OUT:leaf_out:PRO:EVmaker_Local,EVmaker_Local:PRO:2026-W08:00119,6,[6],[],[6],[],on_time -> backlog
OUT:leaf_out:PRO:EVmaker_Local,EVmaker_Local:PRO:2026-W08:00120,6,[6],[],[6],[],on_time -> backlog
OUT:leaf_out:PRO:EVmaker_Local,EVmaker_Local:PRO:2026-W08:00121,6,[6],[],[6],[],on_time -> backlog
OUT:leaf_out:PRO:EVmaker_Local,EVmaker_Local:PRO:2026-W08:00122,6,[6],[],[6],[],on_time -> backlog
OUT:leaf_out:PRO:EVmaker_Local,EVmaker_Local:PRO:2026-W08:00123,6,[6],[],[6],[],on_time -> backlog
OUT:leaf_out:PRO:EVmaker_Local,EVmaker_Local:PRO:2026-W08:00124,6,[6],[],[6],[],on_time -> backlog
OUT:leaf_out:PRO:EVmaker_Local,EVmaker_Local:PRO:2026-W08:00125,6,[6],[],[6],[],on_time -> backlog
OUT:leaf_out:PRO:EVmaker_Local,EVmaker_Local:PRO:2026-W08:00126,6,[6],[],[6],[],on_time -> backlog
OUT:leaf_out:PRO:EVmaker_Local,EVmaker_Local:PRO:2026-W08:00127,6,[6],[],[6],[],on_time -> backlog
OUT:leaf_out:PRO:EVmaker_Local,EVmaker_Local:PRO:2026-W08:00128,6,[6],[],[6],[],on_time -> backlog
OUT:leaf_out:PRO:EVmaker_Local,EVmaker_Local:PRO:2026-W08:00129,6,[6],[],[6],[],on_time -> backlog
OUT:leaf_out:PRO:EVmaker_Local,EVmaker_Local:PRO:2026-W08:00130,6,[6],[],[6],[],on_time -> backlog
OUT:leaf_out:PRO:EVmaker_Local,EVmaker_Local:PRO:2026-W08:00131,6,[6],[],[6],[],on_time -> backlog
OUT:leaf_out:PRO:EVmaker_Local,EVmaker_Local:PRO:2026-W08:00132,6,[6],[],[6],[],on_time -> backlog
OUT:leaf_out:PRO:EVmaker_Local,EVmaker_Local:PRO:2026-W08:00133,6,[6],[],[6],[],on_time -> backlog
OUT:leaf_out:PRO:EVmaker_Local,EVmaker_Local:PRO:2026-W08:00134,6,[6],[],[6],[],on_time -> backlog
OUT:leaf_out:PRO:EVmaker_Local,EVmaker_Local:PRO:2026-W08:00135,6,[6],[],[6],[],on_time -> backlog
OUT:leaf_out:PRO:EVmaker_Local,EVmaker_Local:PRO:2026-W08:00136,6,[6],[],[6],[],on_time -> backlog
OUT:leaf_out:PRO:EVmaker_Local,EVmaker_Local:PRO:2026-W08:00137,6,[6],[],[6],[],on_time -> backlog
OUT:leaf_out:PRO:EVmaker_Local,EVmaker_Local:PRO:2026-W08:00138,6,[6],[],[6],[],on_time -> backlog
OUT:leaf_out:PRO:EVmaker_Local,EVmaker_Local:PRO:2026-W08:00139,6,[6],[],[6],[],on_time -> backlog
OUT:leaf_out:PRO:EVmaker_Local,EVmaker_Local:PRO:2026-W08:00140,6,[6],[],[6],[],on_time -> backlog
OUT:leaf_out:PRO:EVmaker_Local,EVmaker_Local:PRO:2026-W08:00141,6,[6],[],[6],[],on_time -> backlog
OUT:leaf_out:PRO:EVmaker_Local,EVmaker_Local:PRO:2026-W08:00142,6,[6],[],[6],[],on_time -> backlog
OUT:leaf_out:PRO:EVmaker_Local,EVmaker_Local:PRO:2026-W08:00143,6,[6],[],[6],[],on_time -> backlog
OUT:leaf_out:PRO:EVmaker_Local,EVmaker_Local:PRO:2026-W08:00144,6,[6],[],[6],[],on_time -> backlog
OUT:leaf_out:PRO:EVmaker_Local,EVmaker_Local:PRO:2026-W08:00145,6,[6],[],[6],[],on_time -> backlog
OUT:leaf_out:PRO:EVmaker_Local,EVmaker_Local:PRO:2026-W08:00146,6,[6],[],[6],[],on_time -> backlog
OUT:leaf_out:PRO:EVmaker_Local,EVmaker_Local:PRO:2026-W08:00147,6,[6],[],[6],[],on_time -> backlog
OUT:leaf_out:PRO:EVmaker_Local,EVmaker_Local:PRO:2026-W08:00148,6,[6],[],[6],[],on_time -> backlog
OUT:leaf_out:PRO:EVmaker_Local,EVmaker_Local:PRO:2026-W08:00149,6,[6],[],[6],[],on_time -> backlog
OUT:leaf_out:PRO:EVmaker_Local,EVmaker_Local:PRO:2026-W08:00150,6,[6],[],[6],[],on_time -> backlog
OUT:leaf_out:PRO:EVmaker_Local,EVmaker_Local:PRO:2026-W08:00151,6,[6],[],[6],[],on_time -> backlog
OUT:leaf_out:PRO:EVmaker_Local,EVmaker_Local:PRO:2026-W08:00152,6,[6],[],[6],[],on_time -> backlog
OUT:leaf_out:PRO:EVmaker_Local,EVmaker_Local:PRO:2026-W08:00153,6,[6],[],[6],[],on_time -> backlog
OUT:leaf_out:PRO:EVmaker_Local,EVmaker_Local:PRO:2026-W08:00154,6,[6],[],[6],[],on_time -> backlog
OUT:leaf_out:PRO:EVmaker_Local,EVmaker_Local:PRO:2026-W08:00155,6,[6],[],[6],[],on_time -> backlog
OUT:leaf_out:PRO:EVmaker_Local,EVmaker_Local:PRO:2026-W08:00156,6,[6],[],[6],[],on_time -> backlog
OUT:leaf_out:PRO:EVmaker_Local,EVmaker_Local:PRO:2026-W08:00157,6,[6],[],[6],[],on_time -> backlog
OUT:leaf_out:PRO:EVmaker_Local,EVmaker_Local:PRO:2026-W08:00158,6,[6],[],[6],[],on_time -> backlog
OUT:leaf_out:PRO:EVmaker_Local,EVmaker_Local:PRO:2026-W08:00159,6,[6],[],[6],[],on_time -> backlog
OUT:leaf_out:PRO:EVmaker_Local,EVmaker_Local:PRO:2026-W08:00160,6,[6],[],[6],[],on_time -> backlog
OUT:leaf_out:PRO:EVmaker_Local,EVmaker_Local:PRO:2026-W08:00161,6,[6],[],[6],[],on_time -> backlog
OUT:leaf_out:PRO:EVmaker_Local,EVmaker_Local:PRO:2026-W08:00162,6,[6],[],[6],[],on_time -> backlog
OUT:leaf_out:PRO:EVmaker_Local,EVmaker_Local:PRO:2026-W08:00163,6,[6],[],[6],[],on_time -> backlog
OUT:leaf_out:PRO:EVmaker_Local,EVmaker_Local:PRO:2026-W08:00164,6,[6],[],[6],[],on_time -> backlog
OUT:leaf_out:PRO:EVmaker_Local,EVmaker_Local:PRO:2026-W08:00165,6,[6],[],[6],[],on_time -> backlog
OUT:leaf_out:PRO:EVmaker_Local,EVmaker_Local:PRO:2026-W08:00166,6,[6],[],[6],[],on_time -> backlog
OUT:leaf_out:PRO:EVmaker_Local,EVmaker_Local:PRO:2026-W08:00167,6,[6],[],[6],[],on_time -> backlog
OUT:leaf_out:PRO:EVmaker_Local,EVmaker_Local:PRO:2026-W08:00168,6,[6],[],[6],[],on_time -> backlog
OUT:leaf_out:PRO:EVmaker_Local,EVmaker_Local:PRO:2026-W08:00169,6,[6],[],[6],[],on_time -> backlog
OUT:leaf_out:PRO:EVmaker_Local,EVmaker_Local:PRO:2026-W08:00170,6,[6],[],[6],[],on_time -> backlog
OUT:leaf_out:PRO:EVmaker_Local,EVmaker_Local:PRO:2026-W08:00171,6,[6],[],[6],[],on_time -> backlog
OUT:leaf_out:PRO:EVmaker_Local,EVmaker_Local:PRO:2026-W08:00172,6,[6],[],[6],[],on_time -> backlog
OUT:leaf_out:PRO:EVmaker_Local,EVmaker_Local:PRO:2026-W08:00173,6,[6],[],[6],[],on_time -> backlog
OUT:leaf_out:PRO:EVmaker_Local,EVmaker_Local:PRO:2026-W08:00174,6,[6],[],[6],[],on_time -> backlog
OUT:leaf_out:PRO:EVmaker_Local,EVmaker_Local:PRO:2026-W08:00175,6,[6],[],[6],[],on_time -> backlog
OUT:leaf_out:PRO:EVmaker_Local,EVmaker_Local:PRO:2026-W08:00176,6,[6],[],[6],[],on_time -> backlog
OUT:leaf_out:PRO:EVmaker_Local,EVmaker_Local:PRO:2026-W08:00177,6,[6],[],[6],[],on_time -> backlog
OUT:leaf_out:PRO:EVmaker_Local,EVmaker_Local:PRO:2026-W08:00178,6,[6],[],[6],[],on_time -> backlog
OUT:leaf_out:PRO:EVmaker_Local,EVmaker_Local:PRO:2026-W08:00179,6,[6],[],[6],[],on_time -> backlog
OUT:leaf_out:PRO:EVmaker_Local,EVmaker_Local:PRO:2026-W08:00180,6,[6],[],[6],[],on_time -> backlog
OUT:leaf_out:PRO:EVmaker_Local,EVmaker_Local:PRO:2026-W08:00181,6,[6],[],[6],[],on_time -> backlog
OUT:leaf_out:PRO:EVmaker_Local,EVmaker_Local:PRO:2026-W08:00182,6,[6],[],[6],[],on_time -> backlog
OUT:leaf_out:PRO:EVmaker_Local,EVmaker_Local:PRO:2026-W08:00183,6,[6],[],[6],[],on_time -> backlog
OUT:leaf_out:PRO:EVmaker_Local,EVmaker_Local:PRO:2026-W08:00184,6,[6],[],[6],[],on_time -> backlog
OUT:leaf_out:PRO:EVmaker_Local,EVmaker_Local:PRO:2026-W08:00185,6,[6],[],[6],[],on_time -> backlog
OUT:leaf_out:PRO:EVmaker_Local,EVmaker_Local:PRO:2026-W08:00186,6,[6],[],[6],[],on_time -> backlog
OUT:leaf_out:PRO:EVmaker_Local,EVmaker_Local:PRO:2026-W08:00187,6,[6],[],[6],[],on_time -> backlog
OUT:leaf_out:PRO:EVmaker_Local,EVmaker_Local:PRO:2026-W08:00188,6,[6],[],[6],[],on_time -> backlog
OUT:leaf_out:PRO:EVmaker_Local,EVmaker_Local:PRO:2026-W08:00189,6,[6],[],[6],[],on_time -> backlog
OUT:leaf_out:PRO:EVmaker_Local,EVmaker_Local:PRO:2026-W08:00190,6,[6],[],[6],[],on_time -> backlog
OUT:leaf_out:PRO:EVmaker_Local,EVmaker_Local:PRO:2026-W08:00191,6,[6],[],[6],[],on_time -> backlog
OUT:leaf_out:PRO:EVmaker_Local,EVmaker_Local:PRO:2026-W08:00192,6,[6],[],[6],[],on_time -> backlog
OUT:leaf_out:PRO:EVmaker_Local,EVmaker_Local:PRO:2026-W08:00193,6,[6],[],[6],[],on_time -> backlog
OUT:leaf_out:PRO:EVmaker_Local,EVmaker_Local:PRO:2026-W08:00194,6,[6],[],[6],[],on_time -> backlog
OUT:leaf_out:PRO:EVmaker_Local,EVmaker_Local:PRO:2026-W08:00195,6,[6],[],[6],[],on_time -> backlog
OUT:leaf_out:PRO:EVmaker_Local,EVmaker_Local:PRO:2026-W08:00196,6,[6],[],[6],[],on_time -> backlog
OUT:leaf_out:PRO:EVmaker_Local,EVmaker_Local:PRO:2026-W08:00197,6,[6],[],[6],[],on_time -> backlog
OUT:leaf_out:PRO:EVmaker_Local,EVmaker_Local:PRO:2026-W08:00198,6,[6],[],[6],[],on_time -> backlog
OUT:leaf_out:PRO:EVmaker_Local,EVmaker_Local:PRO:2026-W08:00199,6,[6],[],[6],[],on_time -> backlog
OUT:leaf_out:PRO:EVmaker_Local,EVmaker_Local:PRO:2026-W08:00200,6,[6],[],[6],[],on_time -> backlog
IN:mom:Factory_Import_CN:EVmaker_Import,EVmaker_Import:BKK:2026-W18:00001,7,[7],[7],[7],[9],on_time -> on_time
IN:mom:Factory_Import_CN:EVmaker_Import,EVmaker_Import:BKK:2026-W18:00002,7,[7],[7],[7],[9],on_time -> on_time
IN:mom:Factory_Import_CN:EVmaker_Import,EVmaker_Import:BKK:2026-W18:00003,7,[7],[7],[7],[9],on_time -> on_time
IN:mom:Factory_Import_CN:EVmaker_Import,EVmaker_Import:BKK:2026-W18:00004,7,[7],[7],[7],[9],on_time -> on_time
IN:mom:Factory_Import_CN:EVmaker_Import,EVmaker_Import:BKK:2026-W18:00005,7,[7],[7],[7],[9],on_time -> on_time
IN:mom:Factory_Import_CN:EVmaker_Import,EVmaker_Import:BKK:2026-W18:00006,7,[7],[7],[7],[9],on_time -> on_time
IN:mom:Factory_Import_CN:EVmaker_Import,EVmaker_Import:BKK:2026-W18:00007,7,[7],[7],[7],[9],on_time -> on_time
IN:mom:Factory_Import_CN:EVmaker_Import,EVmaker_Import:BKK:2026-W18:00008,7,[7],[7],[7],[9],on_time -> on_time
IN:mom:Factory_Import_CN:EVmaker_Import,EVmaker_Import:BKK:2026-W18:00009,7,[7],[7],[7],[9],on_time -> on_time
IN:mom:Factory_Import_CN:EVmaker_Import,EVmaker_Import:BKK:2026-W18:00010,7,[7],[7],[7],[9],on_time -> on_time
IN:mom:Factory_Import_CN:EVmaker_Import,EVmaker_Import:BKK:2026-W18:00011,7,[7],[7],[7],[9],on_time -> on_time
IN:mom:Factory_Import_CN:EVmaker_Import,EVmaker_Import:BKK:2026-W18:00012,7,[7],[7],[7],[9],on_time -> on_time
IN:mom:Factory_Import_CN:EVmaker_Import,EVmaker_Import:BKK:2026-W18:00013,7,[7],[7],[7],[9],on_time -> on_time
IN:mom:Factory_Import_CN:EVmaker_Import,EVmaker_Import:BKK:2026-W18:00014,7,[7],[7],[7],[9],on_time -> on_time
IN:mom:Factory_Import_CN:EVmaker_Import,EVmaker_Import:BKK:2026-W18:00015,7,[7],[7],[7],[9],on_time -> on_time
IN:mom:Factory_Import_CN:EVmaker_Import,EVmaker_Import:BKK:2026-W18:00016,7,[7],[7],[7],[9],on_time -> on_time
IN:mom:Factory_Import_CN:EVmaker_Import,EVmaker_Import:BKK:2026-W18:00017,7,[7],[7],[7],[9],on_time -> on_time
IN:mom:Factory_Import_CN:EVmaker_Import,EVmaker_Import:BKK:2026-W18:00018,7,[7],[7],[7],[9],on_time -> on_time
IN:mom:Factory_Import_CN:EVmaker_Import,EVmaker_Import:BKK:2026-W18:00019,7,[7],[7],[7],[9],on_time -> on_time
IN:mom:Factory_Import_CN:EVmaker_Import,EVmaker_Import:BKK:2026-W18:00020,7,[7],[7],[7],[9],on_time -> on_time
IN:mom:Factory_Import_CN:EVmaker_Import,EVmaker_Import:BKK:2026-W18:00021,7,[7],[7],[7],[9],on_time -> on_time
IN:mom:Factory_Import_CN:EVmaker_Import,EVmaker_Import:BKK:2026-W18:00022,7,[7],[7],[7],[9],on_time -> on_time
IN:mom:Factory_Import_CN:EVmaker_Import,EVmaker_Import:BKK:2026-W18:00023,7,[7],[7],[7],[9],on_time -> on_time
IN:mom:Factory_Import_CN:EVmaker_Import,EVmaker_Import:BKK:2026-W18:00024,7,[7],[7],[7],[9],on_time -> on_time
IN:mom:Factory_Import_CN:EVmaker_Import,EVmaker_Import:BKK:2026-W18:00025,7,[7],[7],[7],[9],on_time -> on_time
IN:mom:Factory_Import_CN:EVmaker_Import,EVmaker_Import:BKK:2026-W18:00026,7,[7],[7],[7],[9],on_time -> on_time
IN:mom:Factory_Import_CN:EVmaker_Import,EVmaker_Import:BKK:2026-W18:00027,7,[7],[7],[7],[9],on_time -> on_time
IN:mom:Factory_Import_CN:EVmaker_Import,EVmaker_Import:BKK:2026-W18:00028,7,[7],[7],[7],[9],on_time -> on_time
IN:mom:Factory_Import_CN:EVmaker_Import,EVmaker_Import:BKK:2026-W18:00029,7,[7],[7],[7],[9],on_time -> on_time
IN:mom:Factory_Import_CN:EVmaker_Import,EVmaker_Import:BKK:2026-W18:00030,7,[7],[7],[7],[9],on_time -> on_time
IN:mom:Factory_Import_CN:EVmaker_Import,EVmaker_Import:BKK:2026-W18:00031,7,[7],[7],[7],[9],on_time -> on_time
IN:mom:Factory_Import_CN:EVmaker_Import,EVmaker_Import:BKK:2026-W18:00032,7,[7],[7],[7],[9],on_time -> on_time
IN:mom:Factory_Import_CN:EVmaker_Import,EVmaker_Import:BKK:2026-W18:00033,7,[7],[7],[7],[9],on_time -> on_time
IN:mom:Factory_Import_CN:EVmaker_Import,EVmaker_Import:BKK:2026-W18:00034,7,[7],[7],[7],[9],on_time -> on_time
IN:mom:Factory_Import_CN:EVmaker_Import,EVmaker_Import:BKK:2026-W18:00035,7,[7],[7],[7],[9],on_time -> on_time
IN:mom:Factory_Import_CN:EVmaker_Import,EVmaker_Import:BKK:2026-W18:00036,7,[7],[7],[7],[9],on_time -> on_time
IN:mom:Factory_Import_CN:EVmaker_Import,EVmaker_Import:BKK:2026-W18:00037,7,[7],[7],[7],[9],on_time -> on_time
IN:mom:Factory_Import_CN:EVmaker_Import,EVmaker_Import:BKK:2026-W18:00038,7,[7],[7],[7],[9],on_time -> on_time
IN:mom:Factory_Import_CN:EVmaker_Import,EVmaker_Import:BKK:2026-W18:00039,7,[7],[7],[7],[9],on_time -> on_time
IN:mom:Factory_Import_CN:EVmaker_Import,EVmaker_Import:BKK:2026-W18:00040,7,[7],[7],[7],[9],on_time -> on_time
IN:mom:Factory_Import_CN:EVmaker_Import,EVmaker_Import:BKK:2026-W18:00041,7,[7],[7],[7],[9],on_time -> on_time
IN:mom:Factory_Import_CN:EVmaker_Import,EVmaker_Import:BKK:2026-W18:00042,7,[7],[7],[7],[9],on_time -> on_time
IN:mom:Factory_Import_CN:EVmaker_Import,EVmaker_Import:BKK:2026-W18:00043,7,[7],[7],[7],[9],on_time -> on_time
IN:mom:Factory_Import_CN:EVmaker_Import,EVmaker_Import:BKK:2026-W18:00044,7,[7],[7],[7],[9],on_time -> on_time
IN:mom:Factory_Import_CN:EVmaker_Import,EVmaker_Import:BKK:2026-W18:00045,7,[7],[7],[7],[9],on_time -> on_time
IN:mom:Factory_Import_CN:EVmaker_Import,EVmaker_Import:BKK:2026-W18:00046,7,[7],[7],[7],[9],on_time -> on_time
IN:mom:Factory_Import_CN:EVmaker_Import,EVmaker_Import:BKK:2026-W18:00047,7,[7],[7],[7],[9],on_time -> on_time
IN:mom:Factory_Import_CN:EVmaker_Import,EVmaker_Import:BKK:2026-W18:00048,7,[7],[7],[7],[9],on_time -> on_time
IN:mom:Factory_Import_CN:EVmaker_Import,EVmaker_Import:BKK:2026-W18:00049,7,[7],[7],[7],[9],on_time -> on_time
IN:mom:Factory_Import_CN:EVmaker_Import,EVmaker_Import:BKK:2026-W18:00050,7,[7],[7],[7],[9],on_time -> on_time
IN:mom:Factory_Import_CN:EVmaker_Import,EVmaker_Import:ONL:2026-W17:00001,7,[6],[6],[7],[8],on_time -> on_time
IN:mom:Factory_Import_CN:EVmaker_Import,EVmaker_Import:ONL:2026-W17:00002,7,[6],[6],[7],[8],on_time -> on_time
IN:mom:Factory_Import_CN:EVmaker_Import,EVmaker_Import:ONL:2026-W17:00003,7,[6],[6],[7],[8],on_time -> on_time
IN:mom:Factory_Import_CN:EVmaker_Import,EVmaker_Import:ONL:2026-W17:00004,7,[6],[6],[7],[8],on_time -> on_time
IN:mom:Factory_Import_CN:EVmaker_Import,EVmaker_Import:ONL:2026-W17:00005,7,[6],[6],[7],[8],on_time -> on_time
IN:mom:Factory_Import_CN:EVmaker_Import,EVmaker_Import:ONL:2026-W17:00006,7,[6],[6],[7],[8],on_time -> on_time
IN:mom:Factory_Import_CN:EVmaker_Import,EVmaker_Import:ONL:2026-W17:00007,7,[6],[6],[7],[8],on_time -> on_time
IN:mom:Factory_Import_CN:EVmaker_Import,EVmaker_Import:ONL:2026-W17:00008,7,[6],[6],[7],[8],on_time -> on_time
IN:mom:Factory_Import_CN:EVmaker_Import,EVmaker_Import:ONL:2026-W17:00009,7,[6],[6],[7],[8],on_time -> on_time
IN:mom:Factory_Import_CN:EVmaker_Import,EVmaker_Import:ONL:2026-W17:00010,7,[6],[6],[7],[8],on_time -> on_time
IN:mom:Factory_Import_CN:EVmaker_Import,EVmaker_Import:PRO:2026-W18:00019,7,[6],[6],[7],[8],on_time -> on_time
IN:mom:Factory_Import_CN:EVmaker_Import,EVmaker_Import:PRO:2026-W18:00020,7,[6],[6],[7],[8],on_time -> on_time
IN:mom:Factory_Import_CN:EVmaker_Import,EVmaker_Import:PRO:2026-W18:00021,7,[6],[6],[7],[8],on_time -> on_time
IN:mom:Factory_Import_CN:EVmaker_Import,EVmaker_Import:PRO:2026-W18:00022,7,[6],[6],[7],[8],on_time -> on_time
IN:mom:Factory_Import_CN:EVmaker_Import,EVmaker_Import:PRO:2026-W18:00023,7,[6],[6],[7],[8],on_time -> on_time
IN:mom:Factory_Import_CN:EVmaker_Import,EVmaker_Import:PRO:2026-W18:00024,7,[6],[6],[7],[8],on_time -> on_time
IN:mom:Factory_Import_CN:EVmaker_Import,EVmaker_Import:PRO:2026-W18:00025,7,[6],[6],[7],[8],on_time -> on_time
IN:mom:Factory_Import_CN:EVmaker_Import,EVmaker_Import:PRO:2026-W18:00026,7,[6],[6],[7],[8],on_time -> on_time
IN:mom:Factory_Import_CN:EVmaker_Import,EVmaker_Import:PRO:2026-W18:00027,7,[6],[6],[7],[8],on_time -> on_time
IN:mom:Factory_Import_CN:EVmaker_Import,EVmaker_Import:PRO:2026-W18:00028,7,[6],[6],[7],[8],on_time -> on_time
IN:mom:Factory_Import_CN:EVmaker_Import,EVmaker_Import:PRO:2026-W18:00029,7,[6],[6],[7],[8],on_time -> on_time
IN:mom:Factory_Import_CN:EVmaker_Import,EVmaker_Import:PRO:2026-W18:00030,7,[6],[6],[7],[8],on_time -> on_time
IN:mom:Factory_Import_CN:EVmaker_Import,EVmaker_Import:PRO:2026-W18:00031,7,[6],[6],[7],[8],on_time -> on_time
IN:mom:Factory_Import_CN:EVmaker_Import,EVmaker_Import:PRO:2026-W18:00032,7,[6],[6],[7],[8],on_time -> on_time
IN:mom:Factory_Import_CN:EVmaker_Import,EVmaker_Import:PRO:2026-W18:00033,7,[6],[6],[7],[8],on_time -> on_time
IN:mom:Factory_Import_CN:EVmaker_Import,EVmaker_Import:PRO:2026-W18:00034,7,[6],[6],[7],[8],on_time -> on_time
IN:mom:Factory_Import_CN:EVmaker_Import,EVmaker_Import:PRO:2026-W18:00035,7,[6],[6],[7],[8],on_time -> on_time
IN:mom:Factory_Import_CN:EVmaker_Import,EVmaker_Import:PRO:2026-W18:00036,7,[6],[6],[7],[8],on_time -> on_time
IN:mom:Factory_Import_CN:EVmaker_Import,EVmaker_Import:PRO:2026-W18:00037,7,[6],[6],[7],[8],on_time -> on_time
IN:mom:Factory_Import_CN:EVmaker_Import,EVmaker_Import:PRO:2026-W18:00038,7,[6],[6],[7],[8],on_time -> on_time
IN:mom:Factory_Import_CN:EVmaker_Import,EVmaker_Import:PRO:2026-W18:00039,7,[6],[6],[7],[8],on_time -> on_time
IN:mom:Factory_Import_CN:EVmaker_Import,EVmaker_Import:PRO:2026-W18:00040,7,[6],[6],[7],[8],on_time -> on_time
IN:mom:Factory_Import_CN:EVmaker_Import,EVmaker_Import:PRO:2026-W19:00001,7,[7],[7],[7],[9],on_time -> on_time
IN:mom:Factory_Import_CN:EVmaker_Import,EVmaker_Import:PRO:2026-W19:00002,7,[7],[7],[7],[9],on_time -> on_time
IN:mom:Factory_Import_CN:EVmaker_Import,EVmaker_Import:PRO:2026-W19:00003,7,[7],[7],[7],[9],on_time -> on_time
IN:mom:Factory_Import_CN:EVmaker_Import,EVmaker_Import:PRO:2026-W19:00004,7,[7],[7],[7],[9],on_time -> on_time
IN:mom:Factory_Import_CN:EVmaker_Import,EVmaker_Import:PRO:2026-W19:00005,7,[7],[7],[7],[9],on_time -> on_time
IN:mom:Factory_Import_CN:EVmaker_Import,EVmaker_Import:PRO:2026-W19:00006,7,[7],[7],[7],[9],on_time -> on_time
IN:mom:Factory_Import_CN:EVmaker_Import,EVmaker_Import:PRO:2026-W19:00007,7,[7],[7],[7],[9],on_time -> on_time
IN:mom:Factory_Import_CN:EVmaker_Import,EVmaker_Import:PRO:2026-W19:00008,7,[7],[7],[7],[9],on_time -> on_time
IN:mom:Factory_Import_CN:EVmaker_Import,EVmaker_Import:PRO:2026-W19:00009,7,[7],[7],[7],[9],on_time -> on_time
IN:mom:Factory_Import_CN:EVmaker_Import,EVmaker_Import:PRO:2026-W19:00010,7,[7],[7],[7],[9],on_time -> on_time
IN:mom:Factory_Import_CN:EVmaker_Import,EVmaker_Import:PRO:2026-W19:00011,7,[7],[7],[7],[9],on_time -> on_time
IN:mom:Factory_Import_CN:EVmaker_Import,EVmaker_Import:PRO:2026-W19:00012,7,[7],[7],[7],[9],on_time -> on_time
IN:mom:Factory_Import_CN:EVmaker_Import,EVmaker_Import:PRO:2026-W19:00013,7,[7],[7],[7],[9],on_time -> on_time
IN:mom:Factory_Import_CN:EVmaker_Import,EVmaker_Import:PRO:2026-W19:00014,7,[7],[7],[7],[9],on_time -> on_time
IN:mom:Factory_Import_CN:EVmaker_Import,EVmaker_Import:PRO:2026-W19:00015,7,[7],[7],[7],[9],on_time -> on_time
IN:mom:Factory_Import_CN:EVmaker_Import,EVmaker_Import:PRO:2026-W19:00016,7,[7],[7],[7],[9],on_time -> on_time
IN:mom:Factory_Import_CN:EVmaker_Import,EVmaker_Import:PRO:2026-W19:00017,7,[7],[7],[7],[9],on_time -> on_time
IN:mom:Factory_Import_CN:EVmaker_Import,EVmaker_Import:PRO:2026-W19:00018,7,[7],[7],[7],[9],on_time -> on_time
OUT:leaf_out:BKK:EVmaker_Import,EVmaker_Import:BKK:2026-W09:00001,7,[7],[],[7],[],on_time -> backlog
OUT:leaf_out:BKK:EVmaker_Import,EVmaker_Import:BKK:2026-W09:00002,7,[7],[],[7],[],on_time -> backlog
OUT:leaf_out:BKK:EVmaker_Import,EVmaker_Import:BKK:2026-W09:00003,7,[7],[],[7],[],on_time -> backlog
OUT:leaf_out:BKK:EVmaker_Import,EVmaker_Import:BKK:2026-W09:00004,7,[7],[],[7],[],on_time -> backlog
OUT:leaf_out:BKK:EVmaker_Import,EVmaker_Import:BKK:2026-W09:00005,7,[7],[],[7],[],on_time -> backlog
OUT:leaf_out:BKK:EVmaker_Import,EVmaker_Import:BKK:2026-W09:00006,7,[7],[],[7],[],on_time -> backlog
OUT:leaf_out:BKK:EVmaker_Import,EVmaker_Import:BKK:2026-W09:00007,7,[7],[],[7],[],on_time -> backlog
OUT:leaf_out:BKK:EVmaker_Import,EVmaker_Import:BKK:2026-W09:00008,7,[7],[],[7],[],on_time -> backlog
OUT:leaf_out:BKK:EVmaker_Import,EVmaker_Import:BKK:2026-W09:00009,7,[7],[],[7],[],on_time -> backlog
OUT:leaf_out:BKK:EVmaker_Import,EVmaker_Import:BKK:2026-W09:00010,7,[7],[],[7],[],on_time -> backlog
OUT:leaf_out:BKK:EVmaker_Import,EVmaker_Import:BKK:2026-W09:00011,7,[7],[],[7],[],on_time -> backlog
OUT:leaf_out:BKK:EVmaker_Import,EVmaker_Import:BKK:2026-W09:00012,7,[7],[],[7],[],on_time -> backlog
OUT:leaf_out:BKK:EVmaker_Import,EVmaker_Import:BKK:2026-W09:00013,7,[7],[],[7],[],on_time -> backlog
OUT:leaf_out:BKK:EVmaker_Import,EVmaker_Import:BKK:2026-W09:00014,7,[7],[],[7],[],on_time -> backlog
OUT:leaf_out:BKK:EVmaker_Import,EVmaker_Import:BKK:2026-W09:00015,7,[7],[],[7],[],on_time -> backlog
OUT:leaf_out:BKK:EVmaker_Import,EVmaker_Import:BKK:2026-W09:00016,7,[7],[],[7],[],on_time -> backlog
OUT:leaf_out:BKK:EVmaker_Import,EVmaker_Import:BKK:2026-W09:00017,7,[7],[],[7],[],on_time -> backlog
OUT:leaf_out:BKK:EVmaker_Import,EVmaker_Import:BKK:2026-W09:00018,7,[7],[],[7],[],on_time -> backlog
OUT:leaf_out:BKK:EVmaker_Import,EVmaker_Import:BKK:2026-W09:00019,7,[7],[],[7],[],on_time -> backlog
OUT:leaf_out:BKK:EVmaker_Import,EVmaker_Import:BKK:2026-W09:00020,7,[7],[],[7],[],on_time -> backlog
OUT:leaf_out:BKK:EVmaker_Import,EVmaker_Import:BKK:2026-W09:00021,7,[7],[],[7],[],on_time -> backlog
OUT:leaf_out:BKK:EVmaker_Import,EVmaker_Import:BKK:2026-W09:00022,7,[7],[],[7],[],on_time -> backlog
OUT:leaf_out:BKK:EVmaker_Import,EVmaker_Import:BKK:2026-W09:00023,7,[7],[],[7],[],on_time -> backlog
OUT:leaf_out:BKK:EVmaker_Import,EVmaker_Import:BKK:2026-W09:00024,7,[7],[],[7],[],on_time -> backlog
OUT:leaf_out:BKK:EVmaker_Import,EVmaker_Import:BKK:2026-W09:00025,7,[7],[],[7],[],on_time -> backlog
OUT:leaf_out:BKK:EVmaker_Import,EVmaker_Import:BKK:2026-W09:00026,7,[7],[],[7],[],on_time -> backlog
OUT:leaf_out:BKK:EVmaker_Import,EVmaker_Import:BKK:2026-W09:00027,7,[7],[],[7],[],on_time -> backlog
OUT:leaf_out:BKK:EVmaker_Import,EVmaker_Import:BKK:2026-W09:00028,7,[7],[],[7],[],on_time -> backlog
OUT:leaf_out:BKK:EVmaker_Import,EVmaker_Import:BKK:2026-W09:00029,7,[7],[],[7],[],on_time -> backlog
OUT:leaf_out:BKK:EVmaker_Import,EVmaker_Import:BKK:2026-W09:00030,7,[7],[],[7],[],on_time -> backlog
OUT:leaf_out:BKK:EVmaker_Import,EVmaker_Import:BKK:2026-W09:00031,7,[7],[],[7],[],on_time -> backlog
OUT:leaf_out:BKK:EVmaker_Import,EVmaker_Import:BKK:2026-W09:00032,7,[7],[],[7],[],on_time -> backlog
OUT:leaf_out:BKK:EVmaker_Import,EVmaker_Import:BKK:2026-W09:00033,7,[7],[],[7],[],on_time -> backlog
OUT:leaf_out:BKK:EVmaker_Import,EVmaker_Import:BKK:2026-W09:00034,7,[7],[],[7],[],on_time -> backlog
OUT:leaf_out:BKK:EVmaker_Import,EVmaker_Import:BKK:2026-W09:00035,7,[7],[],[7],[],on_time -> backlog
OUT:leaf_out:BKK:EVmaker_Import,EVmaker_Import:BKK:2026-W09:00036,7,[7],[],[7],[],on_time -> backlog
OUT:leaf_out:BKK:EVmaker_Import,EVmaker_Import:BKK:2026-W09:00037,7,[7],[],[7],[],on_time -> backlog
OUT:leaf_out:BKK:EVmaker_Import,EVmaker_Import:BKK:2026-W09:00038,7,[7],[],[7],[],on_time -> backlog
OUT:leaf_out:BKK:EVmaker_Import,EVmaker_Import:BKK:2026-W09:00039,7,[7],[],[7],[],on_time -> backlog
OUT:leaf_out:BKK:EVmaker_Import,EVmaker_Import:BKK:2026-W09:00040,7,[7],[],[7],[],on_time -> backlog
OUT:leaf_out:BKK:EVmaker_Import,EVmaker_Import:BKK:2026-W09:00041,7,[7],[],[7],[],on_time -> backlog
OUT:leaf_out:BKK:EVmaker_Import,EVmaker_Import:BKK:2026-W09:00042,7,[7],[],[7],[],on_time -> backlog
OUT:leaf_out:BKK:EVmaker_Import,EVmaker_Import:BKK:2026-W09:00043,7,[7],[],[7],[],on_time -> backlog
OUT:leaf_out:BKK:EVmaker_Import,EVmaker_Import:BKK:2026-W09:00044,7,[7],[],[7],[],on_time -> backlog
OUT:leaf_out:BKK:EVmaker_Import,EVmaker_Import:BKK:2026-W09:00045,7,[7],[],[7],[],on_time -> backlog
OUT:leaf_out:BKK:EVmaker_Import,EVmaker_Import:BKK:2026-W09:00046,7,[7],[],[7],[],on_time -> backlog
OUT:leaf_out:BKK:EVmaker_Import,EVmaker_Import:BKK:2026-W09:00047,7,[7],[],[7],[],on_time -> backlog
OUT:leaf_out:BKK:EVmaker_Import,EVmaker_Import:BKK:2026-W09:00048,7,[7],[],[7],[],on_time -> backlog
OUT:leaf_out:BKK:EVmaker_Import,EVmaker_Import:BKK:2026-W09:00049,7,[7],[],[7],[],on_time -> backlog
OUT:leaf_out:BKK:EVmaker_Import,EVmaker_Import:BKK:2026-W09:00050,7,[7],[],[7],[],on_time -> backlog
OUT:leaf_out:ONL:EVmaker_Import,EVmaker_Import:ONL:2026-W09:00001,7,[7],[],[7],[],on_time -> backlog
OUT:leaf_out:ONL:EVmaker_Import,EVmaker_Import:ONL:2026-W09:00002,7,[7],[],[7],[],on_time -> backlog
OUT:leaf_out:ONL:EVmaker_Import,EVmaker_Import:ONL:2026-W09:00003,7,[7],[],[7],[],on_time -> backlog
OUT:leaf_out:ONL:EVmaker_Import,EVmaker_Import:ONL:2026-W09:00004,7,[7],[],[7],[],on_time -> backlog
OUT:leaf_out:ONL:EVmaker_Import,EVmaker_Import:ONL:2026-W09:00005,7,[7],[],[7],[],on_time -> backlog
OUT:leaf_out:ONL:EVmaker_Import,EVmaker_Import:ONL:2026-W09:00006,7,[7],[],[7],[],on_time -> backlog
OUT:leaf_out:ONL:EVmaker_Import,EVmaker_Import:ONL:2026-W09:00007,7,[7],[],[7],[],on_time -> backlog
OUT:leaf_out:ONL:EVmaker_Import,EVmaker_Import:ONL:2026-W09:00008,7,[7],[],[7],[],on_time -> backlog
OUT:leaf_out:ONL:EVmaker_Import,EVmaker_Import:ONL:2026-W09:00009,7,[7],[],[7],[],on_time -> backlog
OUT:leaf_out:ONL:EVmaker_Import,EVmaker_Import:ONL:2026-W09:00010,7,[7],[],[7],[],on_time -> backlog
OUT:leaf_out:PRO:EVmaker_Import,EVmaker_Import:PRO:2026-W09:00001,7,[7],[],[7],[],on_time -> backlog
OUT:leaf_out:PRO:EVmaker_Import,EVmaker_Import:PRO:2026-W09:00002,7,[7],[],[7],[],on_time -> backlog
OUT:leaf_out:PRO:EVmaker_Import,EVmaker_Import:PRO:2026-W09:00003,7,[7],[],[7],[],on_time -> backlog
OUT:leaf_out:PRO:EVmaker_Import,EVmaker_Import:PRO:2026-W09:00004,7,[7],[],[7],[],on_time -> backlog
OUT:leaf_out:PRO:EVmaker_Import,EVmaker_Import:PRO:2026-W09:00005,7,[7],[],[7],[],on_time -> backlog
OUT:leaf_out:PRO:EVmaker_Import,EVmaker_Import:PRO:2026-W09:00006,7,[7],[],[7],[],on_time -> backlog
OUT:leaf_out:PRO:EVmaker_Import,EVmaker_Import:PRO:2026-W09:00007,7,[7],[],[7],[],on_time -> backlog
OUT:leaf_out:PRO:EVmaker_Import,EVmaker_Import:PRO:2026-W09:00008,7,[7],[],[7],[],on_time -> backlog
OUT:leaf_out:PRO:EVmaker_Import,EVmaker_Import:PRO:2026-W09:00009,7,[7],[],[7],[],on_time -> backlog
OUT:leaf_out:PRO:EVmaker_Import,EVmaker_Import:PRO:2026-W09:00010,7,[7],[],[7],[],on_time -> backlog
OUT:leaf_out:PRO:EVmaker_Import,EVmaker_Import:PRO:2026-W09:00011,7,[7],[],[7],[],on_time -> backlog
OUT:leaf_out:PRO:EVmaker_Import,EVmaker_Import:PRO:2026-W09:00012,7,[7],[],[7],[],on_time -> backlog
OUT:leaf_out:PRO:EVmaker_Import,EVmaker_Import:PRO:2026-W09:00013,7,[7],[],[7],[],on_time -> backlog
OUT:leaf_out:PRO:EVmaker_Import,EVmaker_Import:PRO:2026-W09:00014,7,[7],[],[7],[],on_time -> backlog
OUT:leaf_out:PRO:EVmaker_Import,EVmaker_Import:PRO:2026-W09:00015,7,[7],[],[7],[],on_time -> backlog
OUT:leaf_out:PRO:EVmaker_Import,EVmaker_Import:PRO:2026-W09:00016,7,[7],[],[7],[],on_time -> backlog
OUT:leaf_out:PRO:EVmaker_Import,EVmaker_Import:PRO:2026-W09:00017,7,[7],[],[7],[],on_time -> backlog
OUT:leaf_out:PRO:EVmaker_Import,EVmaker_Import:PRO:2026-W09:00018,7,[7],[],[7],[],on_time -> backlog
OUT:leaf_out:PRO:EVmaker_Import,EVmaker_Import:PRO:2026-W09:00019,7,[7],[],[7],[],on_time -> backlog
OUT:leaf_out:PRO:EVmaker_Import,EVmaker_Import:PRO:2026-W09:00020,7,[7],[],[7],[],on_time -> backlog
OUT:leaf_out:PRO:EVmaker_Import,EVmaker_Import:PRO:2026-W09:00021,7,[7],[],[7],[],on_time -> backlog
OUT:leaf_out:PRO:EVmaker_Import,EVmaker_Import:PRO:2026-W09:00022,7,[7],[],[7],[],on_time -> backlog
OUT:leaf_out:PRO:EVmaker_Import,EVmaker_Import:PRO:2026-W09:00023,7,[7],[],[7],[],on_time -> backlog
OUT:leaf_out:PRO:EVmaker_Import,EVmaker_Import:PRO:2026-W09:00024,7,[7],[],[7],[],on_time -> backlog
OUT:leaf_out:PRO:EVmaker_Import,EVmaker_Import:PRO:2026-W09:00025,7,[7],[],[7],[],on_time -> backlog
OUT:leaf_out:PRO:EVmaker_Import,EVmaker_Import:PRO:2026-W09:00026,7,[7],[],[7],[],on_time -> backlog
OUT:leaf_out:PRO:EVmaker_Import,EVmaker_Import:PRO:2026-W09:00027,7,[7],[],[7],[],on_time -> backlog
OUT:leaf_out:PRO:EVmaker_Import,EVmaker_Import:PRO:2026-W09:00028,7,[7],[],[7],[],on_time -> backlog
OUT:leaf_out:PRO:EVmaker_Import,EVmaker_Import:PRO:2026-W09:00029,7,[7],[],[7],[],on_time -> backlog
OUT:leaf_out:PRO:EVmaker_Import,EVmaker_Import:PRO:2026-W09:00030,7,[7],[],[7],[],on_time -> backlog
OUT:leaf_out:PRO:EVmaker_Import,EVmaker_Import:PRO:2026-W09:00031,7,[7],[],[7],[],on_time -> backlog
OUT:leaf_out:PRO:EVmaker_Import,EVmaker_Import:PRO:2026-W09:00032,7,[7],[],[7],[],on_time -> backlog
OUT:leaf_out:PRO:EVmaker_Import,EVmaker_Import:PRO:2026-W09:00033,7,[7],[],[7],[],on_time -> backlog
OUT:leaf_out:PRO:EVmaker_Import,EVmaker_Import:PRO:2026-W09:00034,7,[7],[],[7],[],on_time -> backlog
OUT:leaf_out:PRO:EVmaker_Import,EVmaker_Import:PRO:2026-W09:00035,7,[7],[],[7],[],on_time -> backlog
OUT:leaf_out:PRO:EVmaker_Import,EVmaker_Import:PRO:2026-W09:00036,7,[7],[],[7],[],on_time -> backlog
OUT:leaf_out:PRO:EVmaker_Import,EVmaker_Import:PRO:2026-W09:00037,7,[7],[],[7],[],on_time -> backlog
OUT:leaf_out:PRO:EVmaker_Import,EVmaker_Import:PRO:2026-W09:00038,7,[7],[],[7],[],on_time -> backlog
OUT:leaf_out:PRO:EVmaker_Import,EVmaker_Import:PRO:2026-W09:00039,7,[7],[],[7],[],on_time -> backlog
OUT:leaf_out:PRO:EVmaker_Import,EVmaker_Import:PRO:2026-W09:00040,7,[7],[],[7],[],on_time -> backlog
OUT:leaf_out:PRO:EVmaker_Local,EVmaker_Local:PRO:2026-W09:00001,7,[7],[],[7],[],on_time -> backlog
OUT:leaf_out:PRO:EVmaker_Local,EVmaker_Local:PRO:2026-W09:00002,7,[7],[],[7],[],on_time -> backlog
OUT:leaf_out:PRO:EVmaker_Local,EVmaker_Local:PRO:2026-W09:00003,7,[7],[],[7],[],on_time -> backlog
OUT:leaf_out:PRO:EVmaker_Local,EVmaker_Local:PRO:2026-W09:00004,7,[7],[],[7],[],on_time -> backlog
OUT:leaf_out:PRO:EVmaker_Local,EVmaker_Local:PRO:2026-W09:00005,7,[7],[],[7],[],on_time -> backlog
OUT:leaf_out:PRO:EVmaker_Local,EVmaker_Local:PRO:2026-W09:00006,7,[7],[],[7],[],on_time -> backlog
OUT:leaf_out:PRO:EVmaker_Local,EVmaker_Local:PRO:2026-W09:00007,7,[7],[],[7],[],on_time -> backlog
OUT:leaf_out:PRO:EVmaker_Local,EVmaker_Local:PRO:2026-W09:00008,7,[7],[],[7],[],on_time -> backlog
OUT:leaf_out:PRO:EVmaker_Local,EVmaker_Local:PRO:2026-W09:00009,7,[7],[],[7],[],on_time -> backlog
OUT:leaf_out:PRO:EVmaker_Local,EVmaker_Local:PRO:2026-W09:00010,7,[7],[],[7],[],on_time -> backlog
OUT:leaf_out:PRO:EVmaker_Local,EVmaker_Local:PRO:2026-W09:00011,7,[7],[],[7],[],on_time -> backlog
OUT:leaf_out:PRO:EVmaker_Local,EVmaker_Local:PRO:2026-W09:00012,7,[7],[],[7],[],on_time -> backlog
OUT:leaf_out:PRO:EVmaker_Local,EVmaker_Local:PRO:2026-W09:00013,7,[7],[],[7],[],on_time -> backlog
OUT:leaf_out:PRO:EVmaker_Local,EVmaker_Local:PRO:2026-W09:00014,7,[7],[],[7],[],on_time -> backlog
OUT:leaf_out:PRO:EVmaker_Local,EVmaker_Local:PRO:2026-W09:00015,7,[7],[],[7],[],on_time -> backlog
OUT:leaf_out:PRO:EVmaker_Local,EVmaker_Local:PRO:2026-W09:00016,7,[7],[],[7],[],on_time -> backlog
OUT:leaf_out:PRO:EVmaker_Local,EVmaker_Local:PRO:2026-W09:00017,7,[7],[],[7],[],on_time -> backlog
OUT:leaf_out:PRO:EVmaker_Local,EVmaker_Local:PRO:2026-W09:00018,7,[7],[],[7],[],on_time -> backlog
OUT:leaf_out:PRO:EVmaker_Local,EVmaker_Local:PRO:2026-W09:00019,7,[7],[],[7],[],on_time -> backlog
OUT:leaf_out:PRO:EVmaker_Local,EVmaker_Local:PRO:2026-W09:00020,7,[7],[],[7],[],on_time -> backlog
OUT:leaf_out:PRO:EVmaker_Local,EVmaker_Local:PRO:2026-W09:00021,7,[7],[],[7],[],on_time -> backlog
OUT:leaf_out:PRO:EVmaker_Local,EVmaker_Local:PRO:2026-W09:00022,7,[7],[],[7],[],on_time -> backlog
OUT:leaf_out:PRO:EVmaker_Local,EVmaker_Local:PRO:2026-W09:00023,7,[7],[],[7],[],on_time -> backlog
OUT:leaf_out:PRO:EVmaker_Local,EVmaker_Local:PRO:2026-W09:00024,7,[7],[],[7],[],on_time -> backlog
OUT:leaf_out:PRO:EVmaker_Local,EVmaker_Local:PRO:2026-W09:00025,7,[7],[],[7],[],on_time -> backlog
OUT:leaf_out:PRO:EVmaker_Local,EVmaker_Local:PRO:2026-W09:00026,7,[7],[],[7],[],on_time -> backlog
OUT:leaf_out:PRO:EVmaker_Local,EVmaker_Local:PRO:2026-W09:00027,7,[7],[],[7],[],on_time -> backlog
OUT:leaf_out:PRO:EVmaker_Local,EVmaker_Local:PRO:2026-W09:00028,7,[7],[],[7],[],on_time -> backlog
OUT:leaf_out:PRO:EVmaker_Local,EVmaker_Local:PRO:2026-W09:00029,7,[7],[],[7],[],on_time -> backlog
OUT:leaf_out:PRO:EVmaker_Local,EVmaker_Local:PRO:2026-W09:00030,7,[7],[],[7],[],on_time -> backlog
OUT:leaf_out:PRO:EVmaker_Local,EVmaker_Local:PRO:2026-W09:00031,7,[7],[],[7],[],on_time -> backlog
OUT:leaf_out:PRO:EVmaker_Local,EVmaker_Local:PRO:2026-W09:00032,7,[7],[],[7],[],on_time -> backlog
OUT:leaf_out:PRO:EVmaker_Local,EVmaker_Local:PRO:2026-W09:00033,7,[7],[],[7],[],on_time -> backlog
OUT:leaf_out:PRO:EVmaker_Local,EVmaker_Local:PRO:2026-W09:00034,7,[7],[],[7],[],on_time -> backlog
OUT:leaf_out:PRO:EVmaker_Local,EVmaker_Local:PRO:2026-W09:00035,7,[7],[],[7],[],on_time -> backlog
OUT:leaf_out:PRO:EVmaker_Local,EVmaker_Local:PRO:2026-W09:00036,7,[7],[],[7],[],on_time -> backlog
OUT:leaf_out:PRO:EVmaker_Local,EVmaker_Local:PRO:2026-W09:00037,7,[7],[],[7],[],on_time -> backlog
OUT:leaf_out:PRO:EVmaker_Local,EVmaker_Local:PRO:2026-W09:00038,7,[7],[],[7],[],on_time -> backlog
OUT:leaf_out:PRO:EVmaker_Local,EVmaker_Local:PRO:2026-W09:00039,7,[7],[],[7],[],on_time -> backlog
OUT:leaf_out:PRO:EVmaker_Local,EVmaker_Local:PRO:2026-W09:00040,7,[7],[],[7],[],on_time -> backlog
OUT:leaf_out:PRO:EVmaker_Local,EVmaker_Local:PRO:2026-W09:00041,7,[7],[],[7],[],on_time -> backlog
OUT:leaf_out:PRO:EVmaker_Local,EVmaker_Local:PRO:2026-W09:00042,7,[7],[],[7],[],on_time -> backlog
OUT:leaf_out:PRO:EVmaker_Local,EVmaker_Local:PRO:2026-W09:00043,7,[7],[],[7],[],on_time -> backlog
OUT:leaf_out:PRO:EVmaker_Local,EVmaker_Local:PRO:2026-W09:00044,7,[7],[],[7],[],on_time -> backlog
OUT:leaf_out:PRO:EVmaker_Local,EVmaker_Local:PRO:2026-W09:00045,7,[7],[],[7],[],on_time -> backlog
OUT:leaf_out:PRO:EVmaker_Local,EVmaker_Local:PRO:2026-W09:00046,7,[7],[],[7],[],on_time -> backlog
OUT:leaf_out:PRO:EVmaker_Local,EVmaker_Local:PRO:2026-W09:00047,7,[7],[],[7],[],on_time -> backlog
OUT:leaf_out:PRO:EVmaker_Local,EVmaker_Local:PRO:2026-W09:00048,7,[7],[],[7],[],on_time -> backlog
OUT:leaf_out:PRO:EVmaker_Local,EVmaker_Local:PRO:2026-W09:00049,7,[7],[],[7],[],on_time -> backlog
OUT:leaf_out:PRO:EVmaker_Local,EVmaker_Local:PRO:2026-W09:00050,7,[7],[],[7],[],on_time -> backlog
OUT:leaf_out:PRO:EVmaker_Local,EVmaker_Local:PRO:2026-W09:00051,7,[7],[],[7],[],on_time -> backlog
OUT:leaf_out:PRO:EVmaker_Local,EVmaker_Local:PRO:2026-W09:00052,7,[7],[],[7],[],on_time -> backlog
OUT:leaf_out:PRO:EVmaker_Local,EVmaker_Local:PRO:2026-W09:00053,7,[7],[],[7],[],on_time -> backlog
OUT:leaf_out:PRO:EVmaker_Local,EVmaker_Local:PRO:2026-W09:00054,7,[7],[],[7],[],on_time -> backlog
OUT:leaf_out:PRO:EVmaker_Local,EVmaker_Local:PRO:2026-W09:00055,7,[7],[],[7],[],on_time -> backlog
OUT:leaf_out:PRO:EVmaker_Local,EVmaker_Local:PRO:2026-W09:00056,7,[7],[],[7],[],on_time -> backlog
OUT:leaf_out:PRO:EVmaker_Local,EVmaker_Local:PRO:2026-W09:00057,7,[7],[],[7],[],on_time -> backlog
OUT:leaf_out:PRO:EVmaker_Local,EVmaker_Local:PRO:2026-W09:00058,7,[7],[],[7],[],on_time -> backlog
OUT:leaf_out:PRO:EVmaker_Local,EVmaker_Local:PRO:2026-W09:00059,7,[7],[],[7],[],on_time -> backlog
OUT:leaf_out:PRO:EVmaker_Local,EVmaker_Local:PRO:2026-W09:00060,7,[7],[],[7],[],on_time -> backlog
OUT:leaf_out:PRO:EVmaker_Local,EVmaker_Local:PRO:2026-W09:00061,7,[7],[],[7],[],on_time -> backlog
OUT:leaf_out:PRO:EVmaker_Local,EVmaker_Local:PRO:2026-W09:00062,7,[7],[],[7],[],on_time -> backlog
OUT:leaf_out:PRO:EVmaker_Local,EVmaker_Local:PRO:2026-W09:00063,7,[7],[],[7],[],on_time -> backlog
OUT:leaf_out:PRO:EVmaker_Local,EVmaker_Local:PRO:2026-W09:00064,7,[7],[],[7],[],on_time -> backlog
OUT:leaf_out:PRO:EVmaker_Local,EVmaker_Local:PRO:2026-W09:00065,7,[7],[],[7],[],on_time -> backlog
OUT:leaf_out:PRO:EVmaker_Local,EVmaker_Local:PRO:2026-W09:00066,7,[7],[],[7],[],on_time -> backlog
OUT:leaf_out:PRO:EVmaker_Local,EVmaker_Local:PRO:2026-W09:00067,7,[7],[],[7],[],on_time -> backlog
OUT:leaf_out:PRO:EVmaker_Local,EVmaker_Local:PRO:2026-W09:00068,7,[7],[],[7],[],on_time -> backlog
OUT:leaf_out:PRO:EVmaker_Local,EVmaker_Local:PRO:2026-W09:00069,7,[7],[],[7],[],on_time -> backlog
OUT:leaf_out:PRO:EVmaker_Local,EVmaker_Local:PRO:2026-W09:00070,7,[7],[],[7],[],on_time -> backlog
OUT:leaf_out:PRO:EVmaker_Local,EVmaker_Local:PRO:2026-W09:00071,7,[7],[],[7],[],on_time -> backlog
OUT:leaf_out:PRO:EVmaker_Local,EVmaker_Local:PRO:2026-W09:00072,7,[7],[],[7],[],on_time -> backlog
OUT:leaf_out:PRO:EVmaker_Local,EVmaker_Local:PRO:2026-W09:00073,7,[7],[],[7],[],on_time -> backlog
OUT:leaf_out:PRO:EVmaker_Local,EVmaker_Local:PRO:2026-W09:00074,7,[7],[],[7],[],on_time -> backlog
OUT:leaf_out:PRO:EVmaker_Local,EVmaker_Local:PRO:2026-W09:00075,7,[7],[],[7],[],on_time -> backlog
OUT:leaf_out:PRO:EVmaker_Local,EVmaker_Local:PRO:2026-W09:00076,7,[7],[],[7],[],on_time -> backlog
OUT:leaf_out:PRO:EVmaker_Local,EVmaker_Local:PRO:2026-W09:00077,7,[7],[],[7],[],on_time -> backlog
OUT:leaf_out:PRO:EVmaker_Local,EVmaker_Local:PRO:2026-W09:00078,7,[7],[],[7],[],on_time -> backlog
OUT:leaf_out:PRO:EVmaker_Local,EVmaker_Local:PRO:2026-W09:00079,7,[7],[],[7],[],on_time -> backlog
OUT:leaf_out:PRO:EVmaker_Local,EVmaker_Local:PRO:2026-W09:00080,7,[7],[],[7],[],on_time -> backlog
OUT:leaf_out:PRO:EVmaker_Local,EVmaker_Local:PRO:2026-W09:00081,7,[7],[],[7],[],on_time -> backlog
OUT:leaf_out:PRO:EVmaker_Local,EVmaker_Local:PRO:2026-W09:00082,7,[7],[],[7],[],on_time -> backlog
OUT:leaf_out:PRO:EVmaker_Local,EVmaker_Local:PRO:2026-W09:00083,7,[7],[],[7],[],on_time -> backlog
OUT:leaf_out:PRO:EVmaker_Local,EVmaker_Local:PRO:2026-W09:00084,7,[7],[],[7],[],on_time -> backlog
OUT:leaf_out:PRO:EVmaker_Local,EVmaker_Local:PRO:2026-W09:00085,7,[7],[],[7],[],on_time -> backlog
OUT:leaf_out:PRO:EVmaker_Local,EVmaker_Local:PRO:2026-W09:00086,7,[7],[],[7],[],on_time -> backlog
OUT:leaf_out:PRO:EVmaker_Local,EVmaker_Local:PRO:2026-W09:00087,7,[7],[],[7],[],on_time -> backlog
OUT:leaf_out:PRO:EVmaker_Local,EVmaker_Local:PRO:2026-W09:00088,7,[7],[],[7],[],on_time -> backlog
OUT:leaf_out:PRO:EVmaker_Local,EVmaker_Local:PRO:2026-W09:00089,7,[7],[],[7],[],on_time -> backlog
OUT:leaf_out:PRO:EVmaker_Local,EVmaker_Local:PRO:2026-W09:00090,7,[7],[],[7],[],on_time -> backlog
OUT:leaf_out:PRO:EVmaker_Local,EVmaker_Local:PRO:2026-W09:00091,7,[7],[],[7],[],on_time -> backlog
OUT:leaf_out:PRO:EVmaker_Local,EVmaker_Local:PRO:2026-W09:00092,7,[7],[],[7],[],on_time -> backlog
OUT:leaf_out:PRO:EVmaker_Local,EVmaker_Local:PRO:2026-W09:00093,7,[7],[],[7],[],on_time -> backlog
OUT:leaf_out:PRO:EVmaker_Local,EVmaker_Local:PRO:2026-W09:00094,7,[7],[],[7],[],on_time -> backlog
OUT:leaf_out:PRO:EVmaker_Local,EVmaker_Local:PRO:2026-W09:00095,7,[7],[],[7],[],on_time -> backlog
OUT:leaf_out:PRO:EVmaker_Local,EVmaker_Local:PRO:2026-W09:00096,7,[7],[],[7],[],on_time -> backlog
OUT:leaf_out:PRO:EVmaker_Local,EVmaker_Local:PRO:2026-W09:00097,7,[7],[],[7],[],on_time -> backlog
OUT:leaf_out:PRO:EVmaker_Local,EVmaker_Local:PRO:2026-W09:00098,7,[7],[],[7],[],on_time -> backlog
OUT:leaf_out:PRO:EVmaker_Local,EVmaker_Local:PRO:2026-W09:00099,7,[7],[],[7],[],on_time -> backlog
OUT:leaf_out:PRO:EVmaker_Local,EVmaker_Local:PRO:2026-W09:00100,7,[7],[],[7],[],on_time -> backlog
OUT:leaf_out:PRO:EVmaker_Local,EVmaker_Local:PRO:2026-W09:00101,7,[7],[],[7],[],on_time -> backlog
OUT:leaf_out:PRO:EVmaker_Local,EVmaker_Local:PRO:2026-W09:00102,7,[7],[],[7],[],on_time -> backlog
OUT:leaf_out:PRO:EVmaker_Local,EVmaker_Local:PRO:2026-W09:00103,7,[7],[],[7],[],on_time -> backlog
OUT:leaf_out:PRO:EVmaker_Local,EVmaker_Local:PRO:2026-W09:00104,7,[7],[],[7],[],on_time -> backlog
OUT:leaf_out:PRO:EVmaker_Local,EVmaker_Local:PRO:2026-W09:00105,7,[7],[],[7],[],on_time -> backlog
OUT:leaf_out:PRO:EVmaker_Local,EVmaker_Local:PRO:2026-W09:00106,7,[7],[],[7],[],on_time -> backlog
OUT:leaf_out:PRO:EVmaker_Local,EVmaker_Local:PRO:2026-W09:00107,7,[7],[],[7],[],on_time -> backlog
OUT:leaf_out:PRO:EVmaker_Local,EVmaker_Local:PRO:2026-W09:00108,7,[7],[],[7],[],on_time -> backlog
OUT:leaf_out:PRO:EVmaker_Local,EVmaker_Local:PRO:2026-W09:00109,7,[7],[],[7],[],on_time -> backlog
OUT:leaf_out:PRO:EVmaker_Local,EVmaker_Local:PRO:2026-W09:00110,7,[7],[],[7],[],on_time -> backlog
OUT:leaf_out:PRO:EVmaker_Local,EVmaker_Local:PRO:2026-W09:00111,7,[7],[],[7],[],on_time -> backlog
OUT:leaf_out:PRO:EVmaker_Local,EVmaker_Local:PRO:2026-W09:00112,7,[7],[],[7],[],on_time -> backlog
OUT:leaf_out:PRO:EVmaker_Local,EVmaker_Local:PRO:2026-W09:00113,7,[7],[],[7],[],on_time -> backlog
OUT:leaf_out:PRO:EVmaker_Local,EVmaker_Local:PRO:2026-W09:00114,7,[7],[],[7],[],on_time -> backlog
OUT:leaf_out:PRO:EVmaker_Local,EVmaker_Local:PRO:2026-W09:00115,7,[7],[],[7],[],on_time -> backlog
OUT:leaf_out:PRO:EVmaker_Local,EVmaker_Local:PRO:2026-W09:00116,7,[7],[],[7],[],on_time -> backlog
OUT:leaf_out:PRO:EVmaker_Local,EVmaker_Local:PRO:2026-W09:00117,7,[7],[],[7],[],on_time -> backlog
OUT:leaf_out:PRO:EVmaker_Local,EVmaker_Local:PRO:2026-W09:00118,7,[7],[],[7],[],on_time -> backlog
OUT:leaf_out:PRO:EVmaker_Local,EVmaker_Local:PRO:2026-W09:00119,7,[7],[],[7],[],on_time -> backlog
OUT:leaf_out:PRO:EVmaker_Local,EVmaker_Local:PRO:2026-W09:00120,7,[7],[],[7],[],on_time -> backlog
OUT:leaf_out:PRO:EVmaker_Local,EVmaker_Local:PRO:2026-W09:00121,7,[7],[],[7],[],on_time -> backlog
OUT:leaf_out:PRO:EVmaker_Local,EVmaker_Local:PRO:2026-W09:00122,7,[7],[],[7],[],on_time -> backlog
OUT:leaf_out:PRO:EVmaker_Local,EVmaker_Local:PRO:2026-W09:00123,7,[7],[],[7],[],on_time -> backlog
OUT:leaf_out:PRO:EVmaker_Local,EVmaker_Local:PRO:2026-W09:00124,7,[7],[],[7],[],on_time -> backlog
OUT:leaf_out:PRO:EVmaker_Local,EVmaker_Local:PRO:2026-W09:00125,7,[7],[],[7],[],on_time -> backlog
OUT:leaf_out:PRO:EVmaker_Local,EVmaker_Local:PRO:2026-W09:00126,7,[7],[],[7],[],on_time -> backlog
OUT:leaf_out:PRO:EVmaker_Local,EVmaker_Local:PRO:2026-W09:00127,7,[7],[],[7],[],on_time -> backlog
OUT:leaf_out:PRO:EVmaker_Local,EVmaker_Local:PRO:2026-W09:00128,7,[7],[],[7],[],on_time -> backlog
OUT:leaf_out:PRO:EVmaker_Local,EVmaker_Local:PRO:2026-W09:00129,7,[7],[],[7],[],on_time -> backlog
OUT:leaf_out:PRO:EVmaker_Local,EVmaker_Local:PRO:2026-W09:00130,7,[7],[],[7],[],on_time -> backlog
OUT:leaf_out:PRO:EVmaker_Local,EVmaker_Local:PRO:2026-W09:00131,7,[7],[],[7],[],on_time -> backlog
OUT:leaf_out:PRO:EVmaker_Local,EVmaker_Local:PRO:2026-W09:00132,7,[7],[],[7],[],on_time -> backlog
OUT:leaf_out:PRO:EVmaker_Local,EVmaker_Local:PRO:2026-W09:00133,7,[7],[],[7],[],on_time -> backlog
OUT:leaf_out:PRO:EVmaker_Local,EVmaker_Local:PRO:2026-W09:00134,7,[7],[],[7],[],on_time -> backlog
OUT:leaf_out:PRO:EVmaker_Local,EVmaker_Local:PRO:2026-W09:00135,7,[7],[],[7],[],on_time -> backlog
OUT:leaf_out:PRO:EVmaker_Local,EVmaker_Local:PRO:2026-W09:00136,7,[7],[],[7],[],on_time -> backlog
OUT:leaf_out:PRO:EVmaker_Local,EVmaker_Local:PRO:2026-W09:00137,7,[7],[],[7],[],on_time -> backlog
OUT:leaf_out:PRO:EVmaker_Local,EVmaker_Local:PRO:2026-W09:00138,7,[7],[],[7],[],on_time -> backlog
OUT:leaf_out:PRO:EVmaker_Local,EVmaker_Local:PRO:2026-W09:00139,7,[7],[],[7],[],on_time -> backlog
OUT:leaf_out:PRO:EVmaker_Local,EVmaker_Local:PRO:2026-W09:00140,7,[7],[],[7],[],on_time -> backlog
OUT:leaf_out:PRO:EVmaker_Local,EVmaker_Local:PRO:2026-W09:00141,7,[7],[],[7],[],on_time -> backlog
OUT:leaf_out:PRO:EVmaker_Local,EVmaker_Local:PRO:2026-W09:00142,7,[7],[],[7],[],on_time -> backlog
OUT:leaf_out:PRO:EVmaker_Local,EVmaker_Local:PRO:2026-W09:00143,7,[7],[],[7],[],on_time -> backlog
OUT:leaf_out:PRO:EVmaker_Local,EVmaker_Local:PRO:2026-W09:00144,7,[7],[],[7],[],on_time -> backlog
OUT:leaf_out:PRO:EVmaker_Local,EVmaker_Local:PRO:2026-W09:00145,7,[7],[],[7],[],on_time -> backlog
OUT:leaf_out:PRO:EVmaker_Local,EVmaker_Local:PRO:2026-W09:00146,7,[7],[],[7],[],on_time -> backlog
OUT:leaf_out:PRO:EVmaker_Local,EVmaker_Local:PRO:2026-W09:00147,7,[7],[],[7],[],on_time -> backlog
OUT:leaf_out:PRO:EVmaker_Local,EVmaker_Local:PRO:2026-W09:00148,7,[7],[],[7],[],on_time -> backlog
OUT:leaf_out:PRO:EVmaker_Local,EVmaker_Local:PRO:2026-W09:00149,7,[7],[],[7],[],on_time -> backlog
OUT:leaf_out:PRO:EVmaker_Local,EVmaker_Local:PRO:2026-W09:00150,7,[7],[],[7],[],on_time -> backlog
OUT:leaf_out:PRO:EVmaker_Local,EVmaker_Local:PRO:2026-W09:00151,7,[7],[],[7],[],on_time -> backlog
OUT:leaf_out:PRO:EVmaker_Local,EVmaker_Local:PRO:2026-W09:00152,7,[7],[],[7],[],on_time -> backlog
OUT:leaf_out:PRO:EVmaker_Local,EVmaker_Local:PRO:2026-W09:00153,7,[7],[],[7],[],on_time -> backlog
OUT:leaf_out:PRO:EVmaker_Local,EVmaker_Local:PRO:2026-W09:00154,7,[7],[],[7],[],on_time -> backlog
OUT:leaf_out:PRO:EVmaker_Local,EVmaker_Local:PRO:2026-W09:00155,7,[7],[],[7],[],on_time -> backlog
OUT:leaf_out:PRO:EVmaker_Local,EVmaker_Local:PRO:2026-W09:00156,7,[7],[],[7],[],on_time -> backlog
OUT:leaf_out:PRO:EVmaker_Local,EVmaker_Local:PRO:2026-W09:00157,7,[7],[],[7],[],on_time -> backlog
OUT:leaf_out:PRO:EVmaker_Local,EVmaker_Local:PRO:2026-W09:00158,7,[7],[],[7],[],on_time -> backlog
OUT:leaf_out:PRO:EVmaker_Local,EVmaker_Local:PRO:2026-W09:00159,7,[7],[],[7],[],on_time -> backlog
OUT:leaf_out:PRO:EVmaker_Local,EVmaker_Local:PRO:2026-W09:00160,7,[7],[],[7],[],on_time -> backlog
OUT:leaf_out:PRO:EVmaker_Local,EVmaker_Local:PRO:2026-W09:00161,7,[7],[],[7],[],on_time -> backlog
OUT:leaf_out:PRO:EVmaker_Local,EVmaker_Local:PRO:2026-W09:00162,7,[7],[],[7],[],on_time -> backlog
OUT:leaf_out:PRO:EVmaker_Local,EVmaker_Local:PRO:2026-W09:00163,7,[7],[],[7],[],on_time -> backlog
OUT:leaf_out:PRO:EVmaker_Local,EVmaker_Local:PRO:2026-W09:00164,7,[7],[],[7],[],on_time -> backlog
OUT:leaf_out:PRO:EVmaker_Local,EVmaker_Local:PRO:2026-W09:00165,7,[7],[],[7],[],on_time -> backlog
OUT:leaf_out:PRO:EVmaker_Local,EVmaker_Local:PRO:2026-W09:00166,7,[7],[],[7],[],on_time -> backlog
OUT:leaf_out:PRO:EVmaker_Local,EVmaker_Local:PRO:2026-W09:00167,7,[7],[],[7],[],on_time -> backlog
OUT:leaf_out:PRO:EVmaker_Local,EVmaker_Local:PRO:2026-W09:00168,7,[7],[],[7],[],on_time -> backlog
OUT:leaf_out:PRO:EVmaker_Local,EVmaker_Local:PRO:2026-W09:00169,7,[7],[],[7],[],on_time -> backlog
OUT:leaf_out:PRO:EVmaker_Local,EVmaker_Local:PRO:2026-W09:00170,7,[7],[],[7],[],on_time -> backlog
OUT:leaf_out:PRO:EVmaker_Local,EVmaker_Local:PRO:2026-W09:00171,7,[7],[],[7],[],on_time -> backlog
OUT:leaf_out:PRO:EVmaker_Local,EVmaker_Local:PRO:2026-W09:00172,7,[7],[],[7],[],on_time -> backlog
OUT:leaf_out:PRO:EVmaker_Local,EVmaker_Local:PRO:2026-W09:00173,7,[7],[],[7],[],on_time -> backlog
OUT:leaf_out:PRO:EVmaker_Local,EVmaker_Local:PRO:2026-W09:00174,7,[7],[],[7],[],on_time -> backlog
OUT:leaf_out:PRO:EVmaker_Local,EVmaker_Local:PRO:2026-W09:00175,7,[7],[],[7],[],on_time -> backlog
OUT:leaf_out:PRO:EVmaker_Local,EVmaker_Local:PRO:2026-W09:00176,7,[7],[],[7],[],on_time -> backlog
OUT:leaf_out:PRO:EVmaker_Local,EVmaker_Local:PRO:2026-W09:00177,7,[7],[],[7],[],on_time -> backlog
OUT:leaf_out:PRO:EVmaker_Local,EVmaker_Local:PRO:2026-W09:00178,7,[7],[],[7],[],on_time -> backlog
OUT:leaf_out:PRO:EVmaker_Local,EVmaker_Local:PRO:2026-W09:00179,7,[7],[],[7],[],on_time -> backlog
OUT:leaf_out:PRO:EVmaker_Local,EVmaker_Local:PRO:2026-W09:00180,7,[7],[],[7],[],on_time -> backlog
OUT:leaf_out:PRO:EVmaker_Local,EVmaker_Local:PRO:2026-W09:00181,7,[7],[],[7],[],on_time -> backlog
OUT:leaf_out:PRO:EVmaker_Local,EVmaker_Local:PRO:2026-W09:00182,7,[7],[],[7],[],on_time -> backlog
OUT:leaf_out:PRO:EVmaker_Local,EVmaker_Local:PRO:2026-W09:00183,7,[7],[],[7],[],on_time -> backlog
OUT:leaf_out:PRO:EVmaker_Local,EVmaker_Local:PRO:2026-W09:00184,7,[7],[],[7],[],on_time -> backlog
OUT:leaf_out:PRO:EVmaker_Local,EVmaker_Local:PRO:2026-W09:00185,7,[7],[],[7],[],on_time -> backlog
OUT:leaf_out:PRO:EVmaker_Local,EVmaker_Local:PRO:2026-W09:00186,7,[7],[],[7],[],on_time -> backlog
OUT:leaf_out:PRO:EVmaker_Local,EVmaker_Local:PRO:2026-W09:00187,7,[7],[],[7],[],on_time -> backlog
OUT:leaf_out:PRO:EVmaker_Local,EVmaker_Local:PRO:2026-W09:00188,7,[7],[],[7],[],on_time -> backlog
OUT:leaf_out:PRO:EVmaker_Local,EVmaker_Local:PRO:2026-W09:00189,7,[7],[],[7],[],on_time -> backlog
OUT:leaf_out:PRO:EVmaker_Local,EVmaker_Local:PRO:2026-W09:00190,7,[7],[],[7],[],on_time -> backlog
OUT:leaf_out:PRO:EVmaker_Local,EVmaker_Local:PRO:2026-W09:00191,7,[7],[],[7],[],on_time -> backlog
OUT:leaf_out:PRO:EVmaker_Local,EVmaker_Local:PRO:2026-W09:00192,7,[7],[],[7],[],on_time -> backlog
OUT:leaf_out:PRO:EVmaker_Local,EVmaker_Local:PRO:2026-W09:00193,7,[7],[],[7],[],on_time -> backlog
OUT:leaf_out:PRO:EVmaker_Local,EVmaker_Local:PRO:2026-W09:00194,7,[7],[],[7],[],on_time -> backlog
OUT:leaf_out:PRO:EVmaker_Local,EVmaker_Local:PRO:2026-W09:00195,7,[7],[],[7],[],on_time -> backlog
OUT:leaf_out:PRO:EVmaker_Local,EVmaker_Local:PRO:2026-W09:00196,7,[7],[],[7],[],on_time -> backlog
OUT:leaf_out:PRO:EVmaker_Local,EVmaker_Local:PRO:2026-W09:00197,7,[7],[],[7],[],on_time -> backlog
OUT:leaf_out:PRO:EVmaker_Local,EVmaker_Local:PRO:2026-W09:00198,7,[7],[],[7],[],on_time -> backlog
OUT:leaf_out:PRO:EVmaker_Local,EVmaker_Local:PRO:2026-W09:00199,7,[7],[],[7],[],on_time -> backlog
OUT:leaf_out:PRO:EVmaker_Local,EVmaker_Local:PRO:2026-W09:00200,7,[7],[],[7],[],on_time -> backlog
IN:mom:Factory_Import_CN:EVmaker_Import,EVmaker_Import:BKK:2026-W19:00001,8,[8],[8],[8],[10],on_time -> on_time
IN:mom:Factory_Import_CN:EVmaker_Import,EVmaker_Import:BKK:2026-W19:00002,8,[8],[8],[8],[10],on_time -> on_time
IN:mom:Factory_Import_CN:EVmaker_Import,EVmaker_Import:BKK:2026-W19:00003,8,[8],[8],[8],[10],on_time -> on_time
IN:mom:Factory_Import_CN:EVmaker_Import,EVmaker_Import:BKK:2026-W19:00004,8,[8],[8],[8],[10],on_time -> on_time
IN:mom:Factory_Import_CN:EVmaker_Import,EVmaker_Import:BKK:2026-W19:00005,8,[8],[8],[8],[10],on_time -> on_time
IN:mom:Factory_Import_CN:EVmaker_Import,EVmaker_Import:BKK:2026-W19:00006,8,[8],[8],[8],[10],on_time -> on_time
IN:mom:Factory_Import_CN:EVmaker_Import,EVmaker_Import:BKK:2026-W19:00007,8,[8],[8],[8],[10],on_time -> on_time
IN:mom:Factory_Import_CN:EVmaker_Import,EVmaker_Import:BKK:2026-W19:00008,8,[8],[8],[8],[10],on_time -> on_time
IN:mom:Factory_Import_CN:EVmaker_Import,EVmaker_Import:BKK:2026-W19:00009,8,[8],[8],[8],[10],on_time -> on_time
IN:mom:Factory_Import_CN:EVmaker_Import,EVmaker_Import:BKK:2026-W19:00010,8,[8],[8],[8],[10],on_time -> on_time
IN:mom:Factory_Import_CN:EVmaker_Import,EVmaker_Import:BKK:2026-W19:00011,8,[8],[8],[8],[10],on_time -> on_time
IN:mom:Factory_Import_CN:EVmaker_Import,EVmaker_Import:BKK:2026-W19:00012,8,[8],[8],[8],[10],on_time -> on_time
IN:mom:Factory_Import_CN:EVmaker_Import,EVmaker_Import:BKK:2026-W19:00013,8,[8],[8],[8],[10],on_time -> on_time
IN:mom:Factory_Import_CN:EVmaker_Import,EVmaker_Import:BKK:2026-W19:00014,8,[8],[8],[8],[10],on_time -> on_time
IN:mom:Factory_Import_CN:EVmaker_Import,EVmaker_Import:BKK:2026-W19:00015,8,[8],[8],[8],[10],on_time -> on_time
IN:mom:Factory_Import_CN:EVmaker_Import,EVmaker_Import:BKK:2026-W19:00016,8,[8],[8],[8],[10],on_time -> on_time
IN:mom:Factory_Import_CN:EVmaker_Import,EVmaker_Import:BKK:2026-W19:00017,8,[8],[8],[8],[10],on_time -> on_time
IN:mom:Factory_Import_CN:EVmaker_Import,EVmaker_Import:BKK:2026-W19:00018,8,[8],[8],[8],[10],on_time -> on_time
IN:mom:Factory_Import_CN:EVmaker_Import,EVmaker_Import:BKK:2026-W19:00019,8,[8],[8],[8],[10],on_time -> on_time
IN:mom:Factory_Import_CN:EVmaker_Import,EVmaker_Import:BKK:2026-W19:00020,8,[8],[8],[8],[10],on_time -> on_time
IN:mom:Factory_Import_CN:EVmaker_Import,EVmaker_Import:BKK:2026-W19:00021,8,[8],[8],[8],[10],on_time -> on_time
IN:mom:Factory_Import_CN:EVmaker_Import,EVmaker_Import:BKK:2026-W19:00022,8,[8],[8],[8],[10],on_time -> on_time
IN:mom:Factory_Import_CN:EVmaker_Import,EVmaker_Import:BKK:2026-W19:00023,8,[8],[8],[8],[10],on_time -> on_time
IN:mom:Factory_Import_CN:EVmaker_Import,EVmaker_Import:BKK:2026-W19:00024,8,[8],[8],[8],[10],on_time -> on_time
IN:mom:Factory_Import_CN:EVmaker_Import,EVmaker_Import:BKK:2026-W19:00025,8,[8],[8],[8],[10],on_time -> on_time
IN:mom:Factory_Import_CN:EVmaker_Import,EVmaker_Import:BKK:2026-W19:00026,8,[8],[8],[8],[10],on_time -> on_time
IN:mom:Factory_Import_CN:EVmaker_Import,EVmaker_Import:BKK:2026-W19:00027,8,[8],[8],[8],[10],on_time -> on_time
IN:mom:Factory_Import_CN:EVmaker_Import,EVmaker_Import:BKK:2026-W19:00028,8,[8],[8],[8],[10],on_time -> on_time
IN:mom:Factory_Import_CN:EVmaker_Import,EVmaker_Import:BKK:2026-W19:00029,8,[8],[8],[8],[10],on_time -> on_time
IN:mom:Factory_Import_CN:EVmaker_Import,EVmaker_Import:BKK:2026-W19:00030,8,[8],[8],[8],[10],on_time -> on_time
IN:mom:Factory_Import_CN:EVmaker_Import,EVmaker_Import:BKK:2026-W19:00031,8,[8],[8],[8],[10],on_time -> on_time
IN:mom:Factory_Import_CN:EVmaker_Import,EVmaker_Import:BKK:2026-W19:00032,8,[8],[8],[8],[10],on_time -> on_time
IN:mom:Factory_Import_CN:EVmaker_Import,EVmaker_Import:BKK:2026-W19:00033,8,[8],[8],[8],[10],on_time -> on_time
IN:mom:Factory_Import_CN:EVmaker_Import,EVmaker_Import:BKK:2026-W19:00034,8,[8],[8],[8],[10],on_time -> on_time
IN:mom:Factory_Import_CN:EVmaker_Import,EVmaker_Import:BKK:2026-W19:00035,8,[8],[8],[8],[10],on_time -> on_time
IN:mom:Factory_Import_CN:EVmaker_Import,EVmaker_Import:BKK:2026-W19:00036,8,[8],[8],[8],[10],on_time -> on_time
IN:mom:Factory_Import_CN:EVmaker_Import,EVmaker_Import:BKK:2026-W19:00037,8,[8],[8],[8],[10],on_time -> on_time
IN:mom:Factory_Import_CN:EVmaker_Import,EVmaker_Import:BKK:2026-W19:00038,8,[8],[8],[8],[10],on_time -> on_time
IN:mom:Factory_Import_CN:EVmaker_Import,EVmaker_Import:BKK:2026-W19:00039,8,[8],[8],[8],[10],on_time -> on_time
IN:mom:Factory_Import_CN:EVmaker_Import,EVmaker_Import:BKK:2026-W19:00040,8,[8],[8],[8],[10],on_time -> on_time
IN:mom:Factory_Import_CN:EVmaker_Import,EVmaker_Import:BKK:2026-W19:00041,8,[8],[8],[8],[10],on_time -> on_time
IN:mom:Factory_Import_CN:EVmaker_Import,EVmaker_Import:BKK:2026-W19:00042,8,[8],[8],[8],[10],on_time -> on_time
IN:mom:Factory_Import_CN:EVmaker_Import,EVmaker_Import:BKK:2026-W19:00043,8,[8],[8],[8],[10],on_time -> on_time
IN:mom:Factory_Import_CN:EVmaker_Import,EVmaker_Import:BKK:2026-W19:00044,8,[8],[8],[8],[10],on_time -> on_time
IN:mom:Factory_Import_CN:EVmaker_Import,EVmaker_Import:BKK:2026-W19:00045,8,[8],[8],[8],[10],on_time -> on_time
IN:mom:Factory_Import_CN:EVmaker_Import,EVmaker_Import:BKK:2026-W19:00046,8,[8],[8],[8],[10],on_time -> on_time
IN:mom:Factory_Import_CN:EVmaker_Import,EVmaker_Import:BKK:2026-W19:00047,8,[8],[8],[8],[10],on_time -> on_time
IN:mom:Factory_Import_CN:EVmaker_Import,EVmaker_Import:BKK:2026-W19:00048,8,[8],[8],[8],[10],on_time -> on_time
IN:mom:Factory_Import_CN:EVmaker_Import,EVmaker_Import:BKK:2026-W19:00049,8,[8],[8],[8],[10],on_time -> on_time
IN:mom:Factory_Import_CN:EVmaker_Import,EVmaker_Import:BKK:2026-W19:00050,8,[8],[8],[8],[10],on_time -> on_time
IN:mom:Factory_Import_CN:EVmaker_Import,EVmaker_Import:ONL:2026-W18:00001,8,[7],[7],[8],[9],on_time -> on_time
IN:mom:Factory_Import_CN:EVmaker_Import,EVmaker_Import:ONL:2026-W18:00002,8,[7],[7],[8],[9],on_time -> on_time
IN:mom:Factory_Import_CN:EVmaker_Import,EVmaker_Import:ONL:2026-W18:00003,8,[7],[7],[8],[9],on_time -> on_time
IN:mom:Factory_Import_CN:EVmaker_Import,EVmaker_Import:ONL:2026-W18:00004,8,[7],[7],[8],[9],on_time -> on_time
IN:mom:Factory_Import_CN:EVmaker_Import,EVmaker_Import:ONL:2026-W18:00005,8,[7],[7],[8],[9],on_time -> on_time
IN:mom:Factory_Import_CN:EVmaker_Import,EVmaker_Import:ONL:2026-W18:00006,8,[7],[7],[8],[9],on_time -> on_time
IN:mom:Factory_Import_CN:EVmaker_Import,EVmaker_Import:ONL:2026-W18:00007,8,[7],[7],[8],[9],on_time -> on_time
IN:mom:Factory_Import_CN:EVmaker_Import,EVmaker_Import:ONL:2026-W18:00008,8,[7],[7],[8],[9],on_time -> on_time
IN:mom:Factory_Import_CN:EVmaker_Import,EVmaker_Import:ONL:2026-W18:00009,8,[7],[7],[8],[9],on_time -> on_time
IN:mom:Factory_Import_CN:EVmaker_Import,EVmaker_Import:ONL:2026-W18:00010,8,[7],[7],[8],[9],on_time -> on_time
IN:mom:Factory_Import_CN:EVmaker_Import,EVmaker_Import:PRO:2026-W19:00019,8,[7],[7],[8],[9],on_time -> on_time
IN:mom:Factory_Import_CN:EVmaker_Import,EVmaker_Import:PRO:2026-W19:00020,8,[7],[7],[8],[9],on_time -> on_time
IN:mom:Factory_Import_CN:EVmaker_Import,EVmaker_Import:PRO:2026-W19:00021,8,[7],[7],[8],[9],on_time -> on_time
IN:mom:Factory_Import_CN:EVmaker_Import,EVmaker_Import:PRO:2026-W19:00022,8,[7],[7],[8],[9],on_time -> on_time
IN:mom:Factory_Import_CN:EVmaker_Import,EVmaker_Import:PRO:2026-W19:00023,8,[7],[7],[8],[9],on_time -> on_time
IN:mom:Factory_Import_CN:EVmaker_Import,EVmaker_Import:PRO:2026-W19:00024,8,[7],[7],[8],[9],on_time -> on_time
IN:mom:Factory_Import_CN:EVmaker_Import,EVmaker_Import:PRO:2026-W19:00025,8,[7],[7],[8],[9],on_time -> on_time
IN:mom:Factory_Import_CN:EVmaker_Import,EVmaker_Import:PRO:2026-W19:00026,8,[7],[7],[8],[9],on_time -> on_time
IN:mom:Factory_Import_CN:EVmaker_Import,EVmaker_Import:PRO:2026-W19:00027,8,[7],[7],[8],[9],on_time -> on_time
IN:mom:Factory_Import_CN:EVmaker_Import,EVmaker_Import:PRO:2026-W19:00028,8,[7],[7],[8],[9],on_time -> on_time
IN:mom:Factory_Import_CN:EVmaker_Import,EVmaker_Import:PRO:2026-W19:00029,8,[7],[7],[8],[9],on_time -> on_time
IN:mom:Factory_Import_CN:EVmaker_Import,EVmaker_Import:PRO:2026-W19:00030,8,[7],[7],[8],[9],on_time -> on_time
IN:mom:Factory_Import_CN:EVmaker_Import,EVmaker_Import:PRO:2026-W19:00031,8,[7],[7],[8],[9],on_time -> on_time
IN:mom:Factory_Import_CN:EVmaker_Import,EVmaker_Import:PRO:2026-W19:00032,8,[7],[7],[8],[9],on_time -> on_time
IN:mom:Factory_Import_CN:EVmaker_Import,EVmaker_Import:PRO:2026-W19:00033,8,[7],[7],[8],[9],on_time -> on_time
IN:mom:Factory_Import_CN:EVmaker_Import,EVmaker_Import:PRO:2026-W19:00034,8,[7],[7],[8],[9],on_time -> on_time
IN:mom:Factory_Import_CN:EVmaker_Import,EVmaker_Import:PRO:2026-W19:00035,8,[7],[7],[8],[9],on_time -> on_time
IN:mom:Factory_Import_CN:EVmaker_Import,EVmaker_Import:PRO:2026-W19:00036,8,[7],[7],[8],[9],on_time -> on_time
IN:mom:Factory_Import_CN:EVmaker_Import,EVmaker_Import:PRO:2026-W19:00037,8,[7],[7],[8],[9],on_time -> on_time
IN:mom:Factory_Import_CN:EVmaker_Import,EVmaker_Import:PRO:2026-W19:00038,8,[7],[7],[8],[9],on_time -> on_time
IN:mom:Factory_Import_CN:EVmaker_Import,EVmaker_Import:PRO:2026-W19:00039,8,[7],[7],[8],[9],on_time -> on_time
IN:mom:Factory_Import_CN:EVmaker_Import,EVmaker_Import:PRO:2026-W19:00040,8,[7],[7],[8],[9],on_time -> on_time
IN:mom:Factory_Import_CN:EVmaker_Import,EVmaker_Import:PRO:2026-W20:00001,8,[8],[8],[8],[10],on_time -> on_time
IN:mom:Factory_Import_CN:EVmaker_Import,EVmaker_Import:PRO:2026-W20:00002,8,[8],[8],[8],[10],on_time -> on_time
IN:mom:Factory_Import_CN:EVmaker_Import,EVmaker_Import:PRO:2026-W20:00003,8,[8],[8],[8],[10],on_time -> on_time
IN:mom:Factory_Import_CN:EVmaker_Import,EVmaker_Import:PRO:2026-W20:00004,8,[8],[8],[8],[10],on_time -> on_time
IN:mom:Factory_Import_CN:EVmaker_Import,EVmaker_Import:PRO:2026-W20:00005,8,[8],[8],[8],[10],on_time -> on_time
IN:mom:Factory_Import_CN:EVmaker_Import,EVmaker_Import:PRO:2026-W20:00006,8,[8],[8],[8],[10],on_time -> on_time
IN:mom:Factory_Import_CN:EVmaker_Import,EVmaker_Import:PRO:2026-W20:00007,8,[8],[8],[8],[10],on_time -> on_time
IN:mom:Factory_Import_CN:EVmaker_Import,EVmaker_Import:PRO:2026-W20:00008,8,[8],[8],[8],[10],on_time -> on_time
IN:mom:Factory_Import_CN:EVmaker_Import,EVmaker_Import:PRO:2026-W20:00009,8,[8],[8],[8],[10],on_time -> on_time
IN:mom:Factory_Import_CN:EVmaker_Import,EVmaker_Import:PRO:2026-W20:00010,8,[8],[8],[8],[10],on_time -> on_time
IN:mom:Factory_Import_CN:EVmaker_Import,EVmaker_Import:PRO:2026-W20:00011,8,[8],[8],[8],[10],on_time -> on_time
IN:mom:Factory_Import_CN:EVmaker_Import,EVmaker_Import:PRO:2026-W20:00012,8,[8],[8],[8],[10],on_time -> on_time
IN:mom:Factory_Import_CN:EVmaker_Import,EVmaker_Import:PRO:2026-W20:00013,8,[8],[8],[8],[10],on_time -> on_time
IN:mom:Factory_Import_CN:EVmaker_Import,EVmaker_Import:PRO:2026-W20:00014,8,[8],[8],[8],[10],on_time -> on_time
IN:mom:Factory_Import_CN:EVmaker_Import,EVmaker_Import:PRO:2026-W20:00015,8,[8],[8],[8],[10],on_time -> on_time
IN:mom:Factory_Import_CN:EVmaker_Import,EVmaker_Import:PRO:2026-W20:00016,8,[8],[8],[8],[10],on_time -> on_time
IN:mom:Factory_Import_CN:EVmaker_Import,EVmaker_Import:PRO:2026-W20:00017,8,[8],[8],[8],[10],on_time -> on_time
IN:mom:Factory_Import_CN:EVmaker_Import,EVmaker_Import:PRO:2026-W20:00018,8,[8],[8],[8],[10],on_time -> on_time
OUT:leaf_out:BKK:EVmaker_Import,EVmaker_Import:BKK:2026-W10:00001,8,[8],[],[8],[],on_time -> backlog
OUT:leaf_out:BKK:EVmaker_Import,EVmaker_Import:BKK:2026-W10:00002,8,[8],[],[8],[],on_time -> backlog
OUT:leaf_out:BKK:EVmaker_Import,EVmaker_Import:BKK:2026-W10:00003,8,[8],[],[8],[],on_time -> backlog
OUT:leaf_out:BKK:EVmaker_Import,EVmaker_Import:BKK:2026-W10:00004,8,[8],[],[8],[],on_time -> backlog
OUT:leaf_out:BKK:EVmaker_Import,EVmaker_Import:BKK:2026-W10:00005,8,[8],[],[8],[],on_time -> backlog
OUT:leaf_out:BKK:EVmaker_Import,EVmaker_Import:BKK:2026-W10:00006,8,[8],[],[8],[],on_time -> backlog
OUT:leaf_out:BKK:EVmaker_Import,EVmaker_Import:BKK:2026-W10:00007,8,[8],[],[8],[],on_time -> backlog
OUT:leaf_out:BKK:EVmaker_Import,EVmaker_Import:BKK:2026-W10:00008,8,[8],[],[8],[],on_time -> backlog
OUT:leaf_out:BKK:EVmaker_Import,EVmaker_Import:BKK:2026-W10:00009,8,[8],[],[8],[],on_time -> backlog
OUT:leaf_out:BKK:EVmaker_Import,EVmaker_Import:BKK:2026-W10:00010,8,[8],[],[8],[],on_time -> backlog
OUT:leaf_out:BKK:EVmaker_Import,EVmaker_Import:BKK:2026-W10:00011,8,[8],[],[8],[],on_time -> backlog
OUT:leaf_out:BKK:EVmaker_Import,EVmaker_Import:BKK:2026-W10:00012,8,[8],[],[8],[],on_time -> backlog
OUT:leaf_out:BKK:EVmaker_Import,EVmaker_Import:BKK:2026-W10:00013,8,[8],[],[8],[],on_time -> backlog
OUT:leaf_out:BKK:EVmaker_Import,EVmaker_Import:BKK:2026-W10:00014,8,[8],[],[8],[],on_time -> backlog
OUT:leaf_out:BKK:EVmaker_Import,EVmaker_Import:BKK:2026-W10:00015,8,[8],[],[8],[],on_time -> backlog
OUT:leaf_out:BKK:EVmaker_Import,EVmaker_Import:BKK:2026-W10:00016,8,[8],[],[8],[],on_time -> backlog
OUT:leaf_out:BKK:EVmaker_Import,EVmaker_Import:BKK:2026-W10:00017,8,[8],[],[8],[],on_time -> backlog
OUT:leaf_out:BKK:EVmaker_Import,EVmaker_Import:BKK:2026-W10:00018,8,[8],[],[8],[],on_time -> backlog
OUT:leaf_out:BKK:EVmaker_Import,EVmaker_Import:BKK:2026-W10:00019,8,[8],[],[8],[],on_time -> backlog
OUT:leaf_out:BKK:EVmaker_Import,EVmaker_Import:BKK:2026-W10:00020,8,[8],[],[8],[],on_time -> backlog
OUT:leaf_out:BKK:EVmaker_Import,EVmaker_Import:BKK:2026-W10:00021,8,[8],[],[8],[],on_time -> backlog
OUT:leaf_out:BKK:EVmaker_Import,EVmaker_Import:BKK:2026-W10:00022,8,[8],[],[8],[],on_time -> backlog
OUT:leaf_out:BKK:EVmaker_Import,EVmaker_Import:BKK:2026-W10:00023,8,[8],[],[8],[],on_time -> backlog
OUT:leaf_out:BKK:EVmaker_Import,EVmaker_Import:BKK:2026-W10:00024,8,[8],[],[8],[],on_time -> backlog
OUT:leaf_out:BKK:EVmaker_Import,EVmaker_Import:BKK:2026-W10:00025,8,[8],[],[8],[],on_time -> backlog
OUT:leaf_out:BKK:EVmaker_Import,EVmaker_Import:BKK:2026-W10:00026,8,[8],[],[8],[],on_time -> backlog
OUT:leaf_out:BKK:EVmaker_Import,EVmaker_Import:BKK:2026-W10:00027,8,[8],[],[8],[],on_time -> backlog
OUT:leaf_out:BKK:EVmaker_Import,EVmaker_Import:BKK:2026-W10:00028,8,[8],[],[8],[],on_time -> backlog
OUT:leaf_out:BKK:EVmaker_Import,EVmaker_Import:BKK:2026-W10:00029,8,[8],[],[8],[],on_time -> backlog
OUT:leaf_out:BKK:EVmaker_Import,EVmaker_Import:BKK:2026-W10:00030,8,[8],[],[8],[],on_time -> backlog
OUT:leaf_out:BKK:EVmaker_Import,EVmaker_Import:BKK:2026-W10:00031,8,[8],[],[8],[],on_time -> backlog
OUT:leaf_out:BKK:EVmaker_Import,EVmaker_Import:BKK:2026-W10:00032,8,[8],[],[8],[],on_time -> backlog
OUT:leaf_out:BKK:EVmaker_Import,EVmaker_Import:BKK:2026-W10:00033,8,[8],[],[8],[],on_time -> backlog
OUT:leaf_out:BKK:EVmaker_Import,EVmaker_Import:BKK:2026-W10:00034,8,[8],[],[8],[],on_time -> backlog
OUT:leaf_out:BKK:EVmaker_Import,EVmaker_Import:BKK:2026-W10:00035,8,[8],[],[8],[],on_time -> backlog
OUT:leaf_out:BKK:EVmaker_Import,EVmaker_Import:BKK:2026-W10:00036,8,[8],[],[8],[],on_time -> backlog
OUT:leaf_out:BKK:EVmaker_Import,EVmaker_Import:BKK:2026-W10:00037,8,[8],[],[8],[],on_time -> backlog
OUT:leaf_out:BKK:EVmaker_Import,EVmaker_Import:BKK:2026-W10:00038,8,[8],[],[8],[],on_time -> backlog
OUT:leaf_out:BKK:EVmaker_Import,EVmaker_Import:BKK:2026-W10:00039,8,[8],[],[8],[],on_time -> backlog
OUT:leaf_out:BKK:EVmaker_Import,EVmaker_Import:BKK:2026-W10:00040,8,[8],[],[8],[],on_time -> backlog
OUT:leaf_out:BKK:EVmaker_Import,EVmaker_Import:BKK:2026-W10:00041,8,[8],[],[8],[],on_time -> backlog
OUT:leaf_out:BKK:EVmaker_Import,EVmaker_Import:BKK:2026-W10:00042,8,[8],[],[8],[],on_time -> backlog
OUT:leaf_out:BKK:EVmaker_Import,EVmaker_Import:BKK:2026-W10:00043,8,[8],[],[8],[],on_time -> backlog
OUT:leaf_out:BKK:EVmaker_Import,EVmaker_Import:BKK:2026-W10:00044,8,[8],[],[8],[],on_time -> backlog
OUT:leaf_out:BKK:EVmaker_Import,EVmaker_Import:BKK:2026-W10:00045,8,[8],[],[8],[],on_time -> backlog
OUT:leaf_out:BKK:EVmaker_Import,EVmaker_Import:BKK:2026-W10:00046,8,[8],[],[8],[],on_time -> backlog
OUT:leaf_out:BKK:EVmaker_Import,EVmaker_Import:BKK:2026-W10:00047,8,[8],[],[8],[],on_time -> backlog
OUT:leaf_out:BKK:EVmaker_Import,EVmaker_Import:BKK:2026-W10:00048,8,[8],[],[8],[],on_time -> backlog
OUT:leaf_out:BKK:EVmaker_Import,EVmaker_Import:BKK:2026-W10:00049,8,[8],[],[8],[],on_time -> backlog
OUT:leaf_out:BKK:EVmaker_Import,EVmaker_Import:BKK:2026-W10:00050,8,[8],[],[8],[],on_time -> backlog
OUT:leaf_out:ONL:EVmaker_Import,EVmaker_Import:ONL:2026-W10:00001,8,[8],[],[8],[],on_time -> backlog
OUT:leaf_out:ONL:EVmaker_Import,EVmaker_Import:ONL:2026-W10:00002,8,[8],[],[8],[],on_time -> backlog
OUT:leaf_out:ONL:EVmaker_Import,EVmaker_Import:ONL:2026-W10:00003,8,[8],[],[8],[],on_time -> backlog
OUT:leaf_out:ONL:EVmaker_Import,EVmaker_Import:ONL:2026-W10:00004,8,[8],[],[8],[],on_time -> backlog
OUT:leaf_out:ONL:EVmaker_Import,EVmaker_Import:ONL:2026-W10:00005,8,[8],[],[8],[],on_time -> backlog
OUT:leaf_out:ONL:EVmaker_Import,EVmaker_Import:ONL:2026-W10:00006,8,[8],[],[8],[],on_time -> backlog
OUT:leaf_out:ONL:EVmaker_Import,EVmaker_Import:ONL:2026-W10:00007,8,[8],[],[8],[],on_time -> backlog
OUT:leaf_out:ONL:EVmaker_Import,EVmaker_Import:ONL:2026-W10:00008,8,[8],[],[8],[],on_time -> backlog
OUT:leaf_out:ONL:EVmaker_Import,EVmaker_Import:ONL:2026-W10:00009,8,[8],[],[8],[],on_time -> backlog
OUT:leaf_out:ONL:EVmaker_Import,EVmaker_Import:ONL:2026-W10:00010,8,[8],[],[8],[],on_time -> backlog
OUT:leaf_out:PRO:EVmaker_Import,EVmaker_Import:PRO:2026-W10:00001,8,[8],[],[8],[],on_time -> backlog
OUT:leaf_out:PRO:EVmaker_Import,EVmaker_Import:PRO:2026-W10:00002,8,[8],[],[8],[],on_time -> backlog
OUT:leaf_out:PRO:EVmaker_Import,EVmaker_Import:PRO:2026-W10:00003,8,[8],[],[8],[],on_time -> backlog
OUT:leaf_out:PRO:EVmaker_Import,EVmaker_Import:PRO:2026-W10:00004,8,[8],[],[8],[],on_time -> backlog
OUT:leaf_out:PRO:EVmaker_Import,EVmaker_Import:PRO:2026-W10:00005,8,[8],[],[8],[],on_time -> backlog
OUT:leaf_out:PRO:EVmaker_Import,EVmaker_Import:PRO:2026-W10:00006,8,[8],[],[8],[],on_time -> backlog
OUT:leaf_out:PRO:EVmaker_Import,EVmaker_Import:PRO:2026-W10:00007,8,[8],[],[8],[],on_time -> backlog
OUT:leaf_out:PRO:EVmaker_Import,EVmaker_Import:PRO:2026-W10:00008,8,[8],[],[8],[],on_time -> backlog
OUT:leaf_out:PRO:EVmaker_Import,EVmaker_Import:PRO:2026-W10:00009,8,[8],[],[8],[],on_time -> backlog
OUT:leaf_out:PRO:EVmaker_Import,EVmaker_Import:PRO:2026-W10:00010,8,[8],[],[8],[],on_time -> backlog
OUT:leaf_out:PRO:EVmaker_Import,EVmaker_Import:PRO:2026-W10:00011,8,[8],[],[8],[],on_time -> backlog
OUT:leaf_out:PRO:EVmaker_Import,EVmaker_Import:PRO:2026-W10:00012,8,[8],[],[8],[],on_time -> backlog
OUT:leaf_out:PRO:EVmaker_Import,EVmaker_Import:PRO:2026-W10:00013,8,[8],[],[8],[],on_time -> backlog
OUT:leaf_out:PRO:EVmaker_Import,EVmaker_Import:PRO:2026-W10:00014,8,[8],[],[8],[],on_time -> backlog
OUT:leaf_out:PRO:EVmaker_Import,EVmaker_Import:PRO:2026-W10:00015,8,[8],[],[8],[],on_time -> backlog
OUT:leaf_out:PRO:EVmaker_Import,EVmaker_Import:PRO:2026-W10:00016,8,[8],[],[8],[],on_time -> backlog
OUT:leaf_out:PRO:EVmaker_Import,EVmaker_Import:PRO:2026-W10:00017,8,[8],[],[8],[],on_time -> backlog
OUT:leaf_out:PRO:EVmaker_Import,EVmaker_Import:PRO:2026-W10:00018,8,[8],[],[8],[],on_time -> backlog
OUT:leaf_out:PRO:EVmaker_Import,EVmaker_Import:PRO:2026-W10:00019,8,[8],[],[8],[],on_time -> backlog
OUT:leaf_out:PRO:EVmaker_Import,EVmaker_Import:PRO:2026-W10:00020,8,[8],[],[8],[],on_time -> backlog
OUT:leaf_out:PRO:EVmaker_Import,EVmaker_Import:PRO:2026-W10:00021,8,[8],[],[8],[],on_time -> backlog
OUT:leaf_out:PRO:EVmaker_Import,EVmaker_Import:PRO:2026-W10:00022,8,[8],[],[8],[],on_time -> backlog
OUT:leaf_out:PRO:EVmaker_Import,EVmaker_Import:PRO:2026-W10:00023,8,[8],[],[8],[],on_time -> backlog
OUT:leaf_out:PRO:EVmaker_Import,EVmaker_Import:PRO:2026-W10:00024,8,[8],[],[8],[],on_time -> backlog
OUT:leaf_out:PRO:EVmaker_Import,EVmaker_Import:PRO:2026-W10:00025,8,[8],[],[8],[],on_time -> backlog
OUT:leaf_out:PRO:EVmaker_Import,EVmaker_Import:PRO:2026-W10:00026,8,[8],[],[8],[],on_time -> backlog
OUT:leaf_out:PRO:EVmaker_Import,EVmaker_Import:PRO:2026-W10:00027,8,[8],[],[8],[],on_time -> backlog
OUT:leaf_out:PRO:EVmaker_Import,EVmaker_Import:PRO:2026-W10:00028,8,[8],[],[8],[],on_time -> backlog
OUT:leaf_out:PRO:EVmaker_Import,EVmaker_Import:PRO:2026-W10:00029,8,[8],[],[8],[],on_time -> backlog
OUT:leaf_out:PRO:EVmaker_Import,EVmaker_Import:PRO:2026-W10:00030,8,[8],[],[8],[],on_time -> backlog
OUT:leaf_out:PRO:EVmaker_Import,EVmaker_Import:PRO:2026-W10:00031,8,[8],[],[8],[],on_time -> backlog
OUT:leaf_out:PRO:EVmaker_Import,EVmaker_Import:PRO:2026-W10:00032,8,[8],[],[8],[],on_time -> backlog
OUT:leaf_out:PRO:EVmaker_Import,EVmaker_Import:PRO:2026-W10:00033,8,[8],[],[8],[],on_time -> backlog
OUT:leaf_out:PRO:EVmaker_Import,EVmaker_Import:PRO:2026-W10:00034,8,[8],[],[8],[],on_time -> backlog
OUT:leaf_out:PRO:EVmaker_Import,EVmaker_Import:PRO:2026-W10:00035,8,[8],[],[8],[],on_time -> backlog
OUT:leaf_out:PRO:EVmaker_Import,EVmaker_Import:PRO:2026-W10:00036,8,[8],[],[8],[],on_time -> backlog
OUT:leaf_out:PRO:EVmaker_Import,EVmaker_Import:PRO:2026-W10:00037,8,[8],[],[8],[],on_time -> backlog
OUT:leaf_out:PRO:EVmaker_Import,EVmaker_Import:PRO:2026-W10:00038,8,[8],[],[8],[],on_time -> backlog
OUT:leaf_out:PRO:EVmaker_Import,EVmaker_Import:PRO:2026-W10:00039,8,[8],[],[8],[],on_time -> backlog
OUT:leaf_out:PRO:EVmaker_Import,EVmaker_Import:PRO:2026-W10:00040,8,[8],[],[8],[],on_time -> backlog
IN:mom:Factory_Import_CN:EVmaker_Import,EVmaker_Import:BKK:2026-W20:00001,9,[9],[9],[9],[11],on_time -> on_time
IN:mom:Factory_Import_CN:EVmaker_Import,EVmaker_Import:BKK:2026-W20:00002,9,[9],[9],[9],[11],on_time -> on_time
IN:mom:Factory_Import_CN:EVmaker_Import,EVmaker_Import:BKK:2026-W20:00003,9,[9],[9],[9],[11],on_time -> on_time
IN:mom:Factory_Import_CN:EVmaker_Import,EVmaker_Import:BKK:2026-W20:00004,9,[9],[9],[9],[11],on_time -> on_time
IN:mom:Factory_Import_CN:EVmaker_Import,EVmaker_Import:BKK:2026-W20:00005,9,[9],[9],[9],[11],on_time -> on_time
IN:mom:Factory_Import_CN:EVmaker_Import,EVmaker_Import:BKK:2026-W20:00006,9,[9],[9],[9],[11],on_time -> on_time
IN:mom:Factory_Import_CN:EVmaker_Import,EVmaker_Import:BKK:2026-W20:00007,9,[9],[9],[9],[11],on_time -> on_time
IN:mom:Factory_Import_CN:EVmaker_Import,EVmaker_Import:BKK:2026-W20:00008,9,[9],[9],[9],[11],on_time -> on_time
IN:mom:Factory_Import_CN:EVmaker_Import,EVmaker_Import:BKK:2026-W20:00009,9,[9],[9],[9],[11],on_time -> on_time
IN:mom:Factory_Import_CN:EVmaker_Import,EVmaker_Import:BKK:2026-W20:00010,9,[9],[9],[9],[11],on_time -> on_time
IN:mom:Factory_Import_CN:EVmaker_Import,EVmaker_Import:BKK:2026-W20:00011,9,[9],[9],[9],[11],on_time -> on_time
IN:mom:Factory_Import_CN:EVmaker_Import,EVmaker_Import:BKK:2026-W20:00012,9,[9],[9],[9],[11],on_time -> on_time
IN:mom:Factory_Import_CN:EVmaker_Import,EVmaker_Import:BKK:2026-W20:00013,9,[9],[9],[9],[11],on_time -> on_time
IN:mom:Factory_Import_CN:EVmaker_Import,EVmaker_Import:BKK:2026-W20:00014,9,[9],[9],[9],[11],on_time -> on_time
IN:mom:Factory_Import_CN:EVmaker_Import,EVmaker_Import:BKK:2026-W20:00015,9,[9],[9],[9],[11],on_time -> on_time
IN:mom:Factory_Import_CN:EVmaker_Import,EVmaker_Import:BKK:2026-W20:00016,9,[9],[9],[9],[11],on_time -> on_time
IN:mom:Factory_Import_CN:EVmaker_Import,EVmaker_Import:BKK:2026-W20:00017,9,[9],[9],[9],[11],on_time -> on_time
IN:mom:Factory_Import_CN:EVmaker_Import,EVmaker_Import:BKK:2026-W20:00018,9,[9],[9],[9],[11],on_time -> on_time
IN:mom:Factory_Import_CN:EVmaker_Import,EVmaker_Import:BKK:2026-W20:00019,9,[9],[9],[9],[11],on_time -> on_time
IN:mom:Factory_Import_CN:EVmaker_Import,EVmaker_Import:BKK:2026-W20:00020,9,[9],[9],[9],[11],on_time -> on_time
IN:mom:Factory_Import_CN:EVmaker_Import,EVmaker_Import:BKK:2026-W20:00021,9,[9],[9],[9],[11],on_time -> on_time
IN:mom:Factory_Import_CN:EVmaker_Import,EVmaker_Import:BKK:2026-W20:00022,9,[9],[9],[9],[11],on_time -> on_time
IN:mom:Factory_Import_CN:EVmaker_Import,EVmaker_Import:BKK:2026-W20:00023,9,[9],[9],[9],[11],on_time -> on_time
IN:mom:Factory_Import_CN:EVmaker_Import,EVmaker_Import:BKK:2026-W20:00024,9,[9],[9],[9],[11],on_time -> on_time
IN:mom:Factory_Import_CN:EVmaker_Import,EVmaker_Import:BKK:2026-W20:00025,9,[9],[9],[9],[11],on_time -> on_time
IN:mom:Factory_Import_CN:EVmaker_Import,EVmaker_Import:BKK:2026-W20:00026,9,[9],[9],[9],[11],on_time -> on_time
IN:mom:Factory_Import_CN:EVmaker_Import,EVmaker_Import:BKK:2026-W20:00027,9,[9],[9],[9],[11],on_time -> on_time
IN:mom:Factory_Import_CN:EVmaker_Import,EVmaker_Import:BKK:2026-W20:00028,9,[9],[9],[9],[11],on_time -> on_time
IN:mom:Factory_Import_CN:EVmaker_Import,EVmaker_Import:BKK:2026-W20:00029,9,[9],[9],[9],[11],on_time -> on_time
IN:mom:Factory_Import_CN:EVmaker_Import,EVmaker_Import:BKK:2026-W20:00030,9,[9],[9],[9],[11],on_time -> on_time
IN:mom:Factory_Import_CN:EVmaker_Import,EVmaker_Import:BKK:2026-W20:00031,9,[9],[9],[9],[11],on_time -> on_time
IN:mom:Factory_Import_CN:EVmaker_Import,EVmaker_Import:BKK:2026-W20:00032,9,[9],[9],[9],[11],on_time -> on_time
IN:mom:Factory_Import_CN:EVmaker_Import,EVmaker_Import:BKK:2026-W20:00033,9,[9],[9],[9],[11],on_time -> on_time
IN:mom:Factory_Import_CN:EVmaker_Import,EVmaker_Import:BKK:2026-W20:00034,9,[9],[9],[9],[11],on_time -> on_time
IN:mom:Factory_Import_CN:EVmaker_Import,EVmaker_Import:BKK:2026-W20:00035,9,[9],[9],[9],[11],on_time -> on_time
IN:mom:Factory_Import_CN:EVmaker_Import,EVmaker_Import:BKK:2026-W20:00036,9,[9],[9],[9],[11],on_time -> on_time
IN:mom:Factory_Import_CN:EVmaker_Import,EVmaker_Import:BKK:2026-W20:00037,9,[9],[9],[9],[11],on_time -> on_time
IN:mom:Factory_Import_CN:EVmaker_Import,EVmaker_Import:BKK:2026-W20:00038,9,[9],[9],[9],[11],on_time -> on_time
IN:mom:Factory_Import_CN:EVmaker_Import,EVmaker_Import:BKK:2026-W20:00039,9,[9],[9],[9],[11],on_time -> on_time
IN:mom:Factory_Import_CN:EVmaker_Import,EVmaker_Import:BKK:2026-W20:00040,9,[9],[9],[9],[11],on_time -> on_time
IN:mom:Factory_Import_CN:EVmaker_Import,EVmaker_Import:BKK:2026-W20:00041,9,[9],[9],[9],[11],on_time -> on_time
IN:mom:Factory_Import_CN:EVmaker_Import,EVmaker_Import:BKK:2026-W20:00042,9,[9],[9],[9],[11],on_time -> on_time
IN:mom:Factory_Import_CN:EVmaker_Import,EVmaker_Import:BKK:2026-W20:00043,9,[9],[9],[9],[11],on_time -> on_time
IN:mom:Factory_Import_CN:EVmaker_Import,EVmaker_Import:BKK:2026-W20:00044,9,[9],[9],[9],[11],on_time -> on_time
IN:mom:Factory_Import_CN:EVmaker_Import,EVmaker_Import:BKK:2026-W20:00045,9,[9],[9],[9],[11],on_time -> on_time
IN:mom:Factory_Import_CN:EVmaker_Import,EVmaker_Import:BKK:2026-W20:00046,9,[9],[9],[9],[11],on_time -> on_time
IN:mom:Factory_Import_CN:EVmaker_Import,EVmaker_Import:BKK:2026-W20:00047,9,[9],[9],[9],[11],on_time -> on_time
IN:mom:Factory_Import_CN:EVmaker_Import,EVmaker_Import:BKK:2026-W20:00048,9,[9],[9],[9],[11],on_time -> on_time
IN:mom:Factory_Import_CN:EVmaker_Import,EVmaker_Import:BKK:2026-W20:00049,9,[9],[9],[9],[11],on_time -> on_time
IN:mom:Factory_Import_CN:EVmaker_Import,EVmaker_Import:BKK:2026-W20:00050,9,[9],[9],[9],[11],on_time -> on_time
IN:mom:Factory_Import_CN:EVmaker_Import,EVmaker_Import:ONL:2026-W19:00001,9,[8],[8],[9],[10],on_time -> on_time
IN:mom:Factory_Import_CN:EVmaker_Import,EVmaker_Import:ONL:2026-W19:00002,9,[8],[8],[9],[10],on_time -> on_time
IN:mom:Factory_Import_CN:EVmaker_Import,EVmaker_Import:ONL:2026-W19:00003,9,[8],[8],[9],[10],on_time -> on_time
IN:mom:Factory_Import_CN:EVmaker_Import,EVmaker_Import:ONL:2026-W19:00004,9,[8],[8],[9],[10],on_time -> on_time
IN:mom:Factory_Import_CN:EVmaker_Import,EVmaker_Import:ONL:2026-W19:00005,9,[8],[8],[9],[10],on_time -> on_time
IN:mom:Factory_Import_CN:EVmaker_Import,EVmaker_Import:ONL:2026-W19:00006,9,[8],[8],[9],[10],on_time -> on_time
IN:mom:Factory_Import_CN:EVmaker_Import,EVmaker_Import:ONL:2026-W19:00007,9,[8],[8],[9],[10],on_time -> on_time
IN:mom:Factory_Import_CN:EVmaker_Import,EVmaker_Import:ONL:2026-W19:00008,9,[8],[8],[9],[10],on_time -> on_time
IN:mom:Factory_Import_CN:EVmaker_Import,EVmaker_Import:ONL:2026-W19:00009,9,[8],[8],[9],[10],on_time -> on_time
IN:mom:Factory_Import_CN:EVmaker_Import,EVmaker_Import:ONL:2026-W19:00010,9,[8],[8],[9],[10],on_time -> on_time
IN:mom:Factory_Import_CN:EVmaker_Import,EVmaker_Import:PRO:2026-W20:00019,9,[8],[8],[9],[10],on_time -> on_time
IN:mom:Factory_Import_CN:EVmaker_Import,EVmaker_Import:PRO:2026-W20:00020,9,[8],[8],[9],[10],on_time -> on_time
IN:mom:Factory_Import_CN:EVmaker_Import,EVmaker_Import:PRO:2026-W20:00021,9,[8],[8],[9],[10],on_time -> on_time
IN:mom:Factory_Import_CN:EVmaker_Import,EVmaker_Import:PRO:2026-W20:00022,9,[8],[8],[9],[10],on_time -> on_time
IN:mom:Factory_Import_CN:EVmaker_Import,EVmaker_Import:PRO:2026-W20:00023,9,[8],[8],[9],[10],on_time -> on_time
IN:mom:Factory_Import_CN:EVmaker_Import,EVmaker_Import:PRO:2026-W20:00024,9,[8],[8],[9],[10],on_time -> on_time
IN:mom:Factory_Import_CN:EVmaker_Import,EVmaker_Import:PRO:2026-W20:00025,9,[8],[8],[9],[10],on_time -> on_time
IN:mom:Factory_Import_CN:EVmaker_Import,EVmaker_Import:PRO:2026-W20:00026,9,[8],[8],[9],[10],on_time -> on_time
IN:mom:Factory_Import_CN:EVmaker_Import,EVmaker_Import:PRO:2026-W20:00027,9,[8],[8],[9],[10],on_time -> on_time
IN:mom:Factory_Import_CN:EVmaker_Import,EVmaker_Import:PRO:2026-W20:00028,9,[8],[8],[9],[10],on_time -> on_time
IN:mom:Factory_Import_CN:EVmaker_Import,EVmaker_Import:PRO:2026-W20:00029,9,[8],[8],[9],[10],on_time -> on_time
IN:mom:Factory_Import_CN:EVmaker_Import,EVmaker_Import:PRO:2026-W20:00030,9,[8],[8],[9],[10],on_time -> on_time
IN:mom:Factory_Import_CN:EVmaker_Import,EVmaker_Import:PRO:2026-W20:00031,9,[8],[8],[9],[10],on_time -> on_time
IN:mom:Factory_Import_CN:EVmaker_Import,EVmaker_Import:PRO:2026-W20:00032,9,[8],[8],[9],[10],on_time -> on_time
IN:mom:Factory_Import_CN:EVmaker_Import,EVmaker_Import:PRO:2026-W20:00033,9,[8],[8],[9],[10],on_time -> on_time
IN:mom:Factory_Import_CN:EVmaker_Import,EVmaker_Import:PRO:2026-W20:00034,9,[8],[8],[9],[10],on_time -> on_time
IN:mom:Factory_Import_CN:EVmaker_Import,EVmaker_Import:PRO:2026-W20:00035,9,[8],[8],[9],[10],on_time -> on_time
IN:mom:Factory_Import_CN:EVmaker_Import,EVmaker_Import:PRO:2026-W20:00036,9,[8],[8],[9],[10],on_time -> on_time
IN:mom:Factory_Import_CN:EVmaker_Import,EVmaker_Import:PRO:2026-W20:00037,9,[8],[8],[9],[10],on_time -> on_time
IN:mom:Factory_Import_CN:EVmaker_Import,EVmaker_Import:PRO:2026-W20:00038,9,[8],[8],[9],[10],on_time -> on_time
IN:mom:Factory_Import_CN:EVmaker_Import,EVmaker_Import:PRO:2026-W20:00039,9,[8],[8],[9],[10],on_time -> on_time
IN:mom:Factory_Import_CN:EVmaker_Import,EVmaker_Import:PRO:2026-W20:00040,9,[8],[8],[9],[10],on_time -> on_time
IN:mom:Factory_Import_CN:EVmaker_Import,EVmaker_Import:PRO:2026-W21:00001,9,[9],[9],[9],[11],on_time -> on_time
IN:mom:Factory_Import_CN:EVmaker_Import,EVmaker_Import:PRO:2026-W21:00002,9,[9],[9],[9],[11],on_time -> on_time
IN:mom:Factory_Import_CN:EVmaker_Import,EVmaker_Import:PRO:2026-W21:00003,9,[9],[9],[9],[11],on_time -> on_time
IN:mom:Factory_Import_CN:EVmaker_Import,EVmaker_Import:PRO:2026-W21:00004,9,[9],[9],[9],[11],on_time -> on_time
IN:mom:Factory_Import_CN:EVmaker_Import,EVmaker_Import:PRO:2026-W21:00005,9,[9],[9],[9],[11],on_time -> on_time
IN:mom:Factory_Import_CN:EVmaker_Import,EVmaker_Import:PRO:2026-W21:00006,9,[9],[9],[9],[11],on_time -> on_time
IN:mom:Factory_Import_CN:EVmaker_Import,EVmaker_Import:PRO:2026-W21:00007,9,[9],[9],[9],[11],on_time -> on_time
IN:mom:Factory_Import_CN:EVmaker_Import,EVmaker_Import:PRO:2026-W21:00008,9,[9],[9],[9],[11],on_time -> on_time
IN:mom:Factory_Import_CN:EVmaker_Import,EVmaker_Import:PRO:2026-W21:00009,9,[9],[9],[9],[11],on_time -> on_time
IN:mom:Factory_Import_CN:EVmaker_Import,EVmaker_Import:PRO:2026-W21:00010,9,[9],[9],[9],[11],on_time -> on_time
IN:mom:Factory_Import_CN:EVmaker_Import,EVmaker_Import:PRO:2026-W21:00011,9,[9],[9],[9],[11],on_time -> on_time
IN:mom:Factory_Import_CN:EVmaker_Import,EVmaker_Import:PRO:2026-W21:00012,9,[9],[9],[9],[11],on_time -> on_time
IN:mom:Factory_Import_CN:EVmaker_Import,EVmaker_Import:PRO:2026-W21:00013,9,[9],[9],[9],[11],on_time -> on_time
IN:mom:Factory_Import_CN:EVmaker_Import,EVmaker_Import:PRO:2026-W21:00014,9,[9],[9],[9],[11],on_time -> on_time
IN:mom:Factory_Import_CN:EVmaker_Import,EVmaker_Import:PRO:2026-W21:00015,9,[9],[9],[9],[11],on_time -> on_time
IN:mom:Factory_Import_CN:EVmaker_Import,EVmaker_Import:PRO:2026-W21:00016,9,[9],[9],[9],[11],on_time -> on_time
IN:mom:Factory_Import_CN:EVmaker_Import,EVmaker_Import:PRO:2026-W21:00017,9,[9],[9],[9],[11],on_time -> on_time
IN:mom:Factory_Import_CN:EVmaker_Import,EVmaker_Import:PRO:2026-W21:00018,9,[9],[9],[9],[11],on_time -> on_time
OUT:leaf_out:BKK:EVmaker_Import,EVmaker_Import:BKK:2026-W11:00001,9,[9],[],[9],[],on_time -> backlog
OUT:leaf_out:BKK:EVmaker_Import,EVmaker_Import:BKK:2026-W11:00002,9,[9],[],[9],[],on_time -> backlog
OUT:leaf_out:BKK:EVmaker_Import,EVmaker_Import:BKK:2026-W11:00003,9,[9],[],[9],[],on_time -> backlog
OUT:leaf_out:BKK:EVmaker_Import,EVmaker_Import:BKK:2026-W11:00004,9,[9],[],[9],[],on_time -> backlog
OUT:leaf_out:BKK:EVmaker_Import,EVmaker_Import:BKK:2026-W11:00005,9,[9],[],[9],[],on_time -> backlog
OUT:leaf_out:BKK:EVmaker_Import,EVmaker_Import:BKK:2026-W11:00006,9,[9],[],[9],[],on_time -> backlog
OUT:leaf_out:BKK:EVmaker_Import,EVmaker_Import:BKK:2026-W11:00007,9,[9],[],[9],[],on_time -> backlog
OUT:leaf_out:BKK:EVmaker_Import,EVmaker_Import:BKK:2026-W11:00008,9,[9],[],[9],[],on_time -> backlog
OUT:leaf_out:BKK:EVmaker_Import,EVmaker_Import:BKK:2026-W11:00009,9,[9],[],[9],[],on_time -> backlog
OUT:leaf_out:BKK:EVmaker_Import,EVmaker_Import:BKK:2026-W11:00010,9,[9],[],[9],[],on_time -> backlog
OUT:leaf_out:BKK:EVmaker_Import,EVmaker_Import:BKK:2026-W11:00011,9,[9],[],[9],[],on_time -> backlog
OUT:leaf_out:BKK:EVmaker_Import,EVmaker_Import:BKK:2026-W11:00012,9,[9],[],[9],[],on_time -> backlog
OUT:leaf_out:BKK:EVmaker_Import,EVmaker_Import:BKK:2026-W11:00013,9,[9],[],[9],[],on_time -> backlog
OUT:leaf_out:BKK:EVmaker_Import,EVmaker_Import:BKK:2026-W11:00014,9,[9],[],[9],[],on_time -> backlog
OUT:leaf_out:BKK:EVmaker_Import,EVmaker_Import:BKK:2026-W11:00015,9,[9],[],[9],[],on_time -> backlog
OUT:leaf_out:BKK:EVmaker_Import,EVmaker_Import:BKK:2026-W11:00016,9,[9],[],[9],[],on_time -> backlog
OUT:leaf_out:BKK:EVmaker_Import,EVmaker_Import:BKK:2026-W11:00017,9,[9],[],[9],[],on_time -> backlog
OUT:leaf_out:BKK:EVmaker_Import,EVmaker_Import:BKK:2026-W11:00018,9,[9],[],[9],[],on_time -> backlog
OUT:leaf_out:BKK:EVmaker_Import,EVmaker_Import:BKK:2026-W11:00019,9,[9],[],[9],[],on_time -> backlog
OUT:leaf_out:BKK:EVmaker_Import,EVmaker_Import:BKK:2026-W11:00020,9,[9],[],[9],[],on_time -> backlog
OUT:leaf_out:BKK:EVmaker_Import,EVmaker_Import:BKK:2026-W11:00021,9,[9],[],[9],[],on_time -> backlog
OUT:leaf_out:BKK:EVmaker_Import,EVmaker_Import:BKK:2026-W11:00022,9,[9],[],[9],[],on_time -> backlog
OUT:leaf_out:BKK:EVmaker_Import,EVmaker_Import:BKK:2026-W11:00023,9,[9],[],[9],[],on_time -> backlog
OUT:leaf_out:BKK:EVmaker_Import,EVmaker_Import:BKK:2026-W11:00024,9,[9],[],[9],[],on_time -> backlog
OUT:leaf_out:BKK:EVmaker_Import,EVmaker_Import:BKK:2026-W11:00025,9,[9],[],[9],[],on_time -> backlog
OUT:leaf_out:BKK:EVmaker_Import,EVmaker_Import:BKK:2026-W11:00026,9,[9],[],[9],[],on_time -> backlog
OUT:leaf_out:BKK:EVmaker_Import,EVmaker_Import:BKK:2026-W11:00027,9,[9],[],[9],[],on_time -> backlog
OUT:leaf_out:BKK:EVmaker_Import,EVmaker_Import:BKK:2026-W11:00028,9,[9],[],[9],[],on_time -> backlog
OUT:leaf_out:BKK:EVmaker_Import,EVmaker_Import:BKK:2026-W11:00029,9,[9],[],[9],[],on_time -> backlog
OUT:leaf_out:BKK:EVmaker_Import,EVmaker_Import:BKK:2026-W11:00030,9,[9],[],[9],[],on_time -> backlog
OUT:leaf_out:BKK:EVmaker_Import,EVmaker_Import:BKK:2026-W11:00031,9,[9],[],[9],[],on_time -> backlog
OUT:leaf_out:BKK:EVmaker_Import,EVmaker_Import:BKK:2026-W11:00032,9,[9],[],[9],[],on_time -> backlog
OUT:leaf_out:BKK:EVmaker_Import,EVmaker_Import:BKK:2026-W11:00033,9,[9],[],[9],[],on_time -> backlog
OUT:leaf_out:BKK:EVmaker_Import,EVmaker_Import:BKK:2026-W11:00034,9,[9],[],[9],[],on_time -> backlog
OUT:leaf_out:BKK:EVmaker_Import,EVmaker_Import:BKK:2026-W11:00035,9,[9],[],[9],[],on_time -> backlog
OUT:leaf_out:BKK:EVmaker_Import,EVmaker_Import:BKK:2026-W11:00036,9,[9],[],[9],[],on_time -> backlog
OUT:leaf_out:BKK:EVmaker_Import,EVmaker_Import:BKK:2026-W11:00037,9,[9],[],[9],[],on_time -> backlog
OUT:leaf_out:BKK:EVmaker_Import,EVmaker_Import:BKK:2026-W11:00038,9,[9],[],[9],[],on_time -> backlog
OUT:leaf_out:BKK:EVmaker_Import,EVmaker_Import:BKK:2026-W11:00039,9,[9],[],[9],[],on_time -> backlog
OUT:leaf_out:BKK:EVmaker_Import,EVmaker_Import:BKK:2026-W11:00040,9,[9],[],[9],[],on_time -> backlog
OUT:leaf_out:BKK:EVmaker_Import,EVmaker_Import:BKK:2026-W11:00041,9,[9],[],[9],[],on_time -> backlog
OUT:leaf_out:BKK:EVmaker_Import,EVmaker_Import:BKK:2026-W11:00042,9,[9],[],[9],[],on_time -> backlog
OUT:leaf_out:BKK:EVmaker_Import,EVmaker_Import:BKK:2026-W11:00043,9,[9],[],[9],[],on_time -> backlog
OUT:leaf_out:BKK:EVmaker_Import,EVmaker_Import:BKK:2026-W11:00044,9,[9],[],[9],[],on_time -> backlog
OUT:leaf_out:BKK:EVmaker_Import,EVmaker_Import:BKK:2026-W11:00045,9,[9],[],[9],[],on_time -> backlog
OUT:leaf_out:BKK:EVmaker_Import,EVmaker_Import:BKK:2026-W11:00046,9,[9],[],[9],[],on_time -> backlog
OUT:leaf_out:BKK:EVmaker_Import,EVmaker_Import:BKK:2026-W11:00047,9,[9],[],[9],[],on_time -> backlog
OUT:leaf_out:BKK:EVmaker_Import,EVmaker_Import:BKK:2026-W11:00048,9,[9],[],[9],[],on_time -> backlog
OUT:leaf_out:BKK:EVmaker_Import,EVmaker_Import:BKK:2026-W11:00049,9,[9],[],[9],[],on_time -> backlog
OUT:leaf_out:BKK:EVmaker_Import,EVmaker_Import:BKK:2026-W11:00050,9,[9],[],[9],[],on_time -> backlog
OUT:leaf_out:ONL:EVmaker_Import,EVmaker_Import:ONL:2026-W11:00001,9,[9],[],[9],[],on_time -> backlog
OUT:leaf_out:ONL:EVmaker_Import,EVmaker_Import:ONL:2026-W11:00002,9,[9],[],[9],[],on_time -> backlog
OUT:leaf_out:ONL:EVmaker_Import,EVmaker_Import:ONL:2026-W11:00003,9,[9],[],[9],[],on_time -> backlog
OUT:leaf_out:ONL:EVmaker_Import,EVmaker_Import:ONL:2026-W11:00004,9,[9],[],[9],[],on_time -> backlog
OUT:leaf_out:ONL:EVmaker_Import,EVmaker_Import:ONL:2026-W11:00005,9,[9],[],[9],[],on_time -> backlog
OUT:leaf_out:ONL:EVmaker_Import,EVmaker_Import:ONL:2026-W11:00006,9,[9],[],[9],[],on_time -> backlog
OUT:leaf_out:ONL:EVmaker_Import,EVmaker_Import:ONL:2026-W11:00007,9,[9],[],[9],[],on_time -> backlog
OUT:leaf_out:ONL:EVmaker_Import,EVmaker_Import:ONL:2026-W11:00008,9,[9],[],[9],[],on_time -> backlog
OUT:leaf_out:ONL:EVmaker_Import,EVmaker_Import:ONL:2026-W11:00009,9,[9],[],[9],[],on_time -> backlog
OUT:leaf_out:ONL:EVmaker_Import,EVmaker_Import:ONL:2026-W11:00010,9,[9],[],[9],[],on_time -> backlog
OUT:leaf_out:PRO:EVmaker_Import,EVmaker_Import:PRO:2026-W11:00001,9,[9],[],[9],[],on_time -> backlog
OUT:leaf_out:PRO:EVmaker_Import,EVmaker_Import:PRO:2026-W11:00002,9,[9],[],[9],[],on_time -> backlog
OUT:leaf_out:PRO:EVmaker_Import,EVmaker_Import:PRO:2026-W11:00003,9,[9],[],[9],[],on_time -> backlog
OUT:leaf_out:PRO:EVmaker_Import,EVmaker_Import:PRO:2026-W11:00004,9,[9],[],[9],[],on_time -> backlog
OUT:leaf_out:PRO:EVmaker_Import,EVmaker_Import:PRO:2026-W11:00005,9,[9],[],[9],[],on_time -> backlog
OUT:leaf_out:PRO:EVmaker_Import,EVmaker_Import:PRO:2026-W11:00006,9,[9],[],[9],[],on_time -> backlog
OUT:leaf_out:PRO:EVmaker_Import,EVmaker_Import:PRO:2026-W11:00007,9,[9],[],[9],[],on_time -> backlog
OUT:leaf_out:PRO:EVmaker_Import,EVmaker_Import:PRO:2026-W11:00008,9,[9],[],[9],[],on_time -> backlog
OUT:leaf_out:PRO:EVmaker_Import,EVmaker_Import:PRO:2026-W11:00009,9,[9],[],[9],[],on_time -> backlog
OUT:leaf_out:PRO:EVmaker_Import,EVmaker_Import:PRO:2026-W11:00010,9,[9],[],[9],[],on_time -> backlog
OUT:leaf_out:PRO:EVmaker_Import,EVmaker_Import:PRO:2026-W11:00011,9,[9],[],[9],[],on_time -> backlog
OUT:leaf_out:PRO:EVmaker_Import,EVmaker_Import:PRO:2026-W11:00012,9,[9],[],[9],[],on_time -> backlog
OUT:leaf_out:PRO:EVmaker_Import,EVmaker_Import:PRO:2026-W11:00013,9,[9],[],[9],[],on_time -> backlog
OUT:leaf_out:PRO:EVmaker_Import,EVmaker_Import:PRO:2026-W11:00014,9,[9],[],[9],[],on_time -> backlog
OUT:leaf_out:PRO:EVmaker_Import,EVmaker_Import:PRO:2026-W11:00015,9,[9],[],[9],[],on_time -> backlog
OUT:leaf_out:PRO:EVmaker_Import,EVmaker_Import:PRO:2026-W11:00016,9,[9],[],[9],[],on_time -> backlog
OUT:leaf_out:PRO:EVmaker_Import,EVmaker_Import:PRO:2026-W11:00017,9,[9],[],[9],[],on_time -> backlog
OUT:leaf_out:PRO:EVmaker_Import,EVmaker_Import:PRO:2026-W11:00018,9,[9],[],[9],[],on_time -> backlog
OUT:leaf_out:PRO:EVmaker_Import,EVmaker_Import:PRO:2026-W11:00019,9,[9],[],[9],[],on_time -> backlog
OUT:leaf_out:PRO:EVmaker_Import,EVmaker_Import:PRO:2026-W11:00020,9,[9],[],[9],[],on_time -> backlog
OUT:leaf_out:PRO:EVmaker_Import,EVmaker_Import:PRO:2026-W11:00021,9,[9],[],[9],[],on_time -> backlog
OUT:leaf_out:PRO:EVmaker_Import,EVmaker_Import:PRO:2026-W11:00022,9,[9],[],[9],[],on_time -> backlog
OUT:leaf_out:PRO:EVmaker_Import,EVmaker_Import:PRO:2026-W11:00023,9,[9],[],[9],[],on_time -> backlog
OUT:leaf_out:PRO:EVmaker_Import,EVmaker_Import:PRO:2026-W11:00024,9,[9],[],[9],[],on_time -> backlog
OUT:leaf_out:PRO:EVmaker_Import,EVmaker_Import:PRO:2026-W11:00025,9,[9],[],[9],[],on_time -> backlog
OUT:leaf_out:PRO:EVmaker_Import,EVmaker_Import:PRO:2026-W11:00026,9,[9],[],[9],[],on_time -> backlog
OUT:leaf_out:PRO:EVmaker_Import,EVmaker_Import:PRO:2026-W11:00027,9,[9],[],[9],[],on_time -> backlog
OUT:leaf_out:PRO:EVmaker_Import,EVmaker_Import:PRO:2026-W11:00028,9,[9],[],[9],[],on_time -> backlog
OUT:leaf_out:PRO:EVmaker_Import,EVmaker_Import:PRO:2026-W11:00029,9,[9],[],[9],[],on_time -> backlog
OUT:leaf_out:PRO:EVmaker_Import,EVmaker_Import:PRO:2026-W11:00030,9,[9],[],[9],[],on_time -> backlog
OUT:leaf_out:PRO:EVmaker_Import,EVmaker_Import:PRO:2026-W11:00031,9,[9],[],[9],[],on_time -> backlog
OUT:leaf_out:PRO:EVmaker_Import,EVmaker_Import:PRO:2026-W11:00032,9,[9],[],[9],[],on_time -> backlog
OUT:leaf_out:PRO:EVmaker_Import,EVmaker_Import:PRO:2026-W11:00033,9,[9],[],[9],[],on_time -> backlog
OUT:leaf_out:PRO:EVmaker_Import,EVmaker_Import:PRO:2026-W11:00034,9,[9],[],[9],[],on_time -> backlog
OUT:leaf_out:PRO:EVmaker_Import,EVmaker_Import:PRO:2026-W11:00035,9,[9],[],[9],[],on_time -> backlog
OUT:leaf_out:PRO:EVmaker_Import,EVmaker_Import:PRO:2026-W11:00036,9,[9],[],[9],[],on_time -> backlog
OUT:leaf_out:PRO:EVmaker_Import,EVmaker_Import:PRO:2026-W11:00037,9,[9],[],[9],[],on_time -> backlog
OUT:leaf_out:PRO:EVmaker_Import,EVmaker_Import:PRO:2026-W11:00038,9,[9],[],[9],[],on_time -> backlog
OUT:leaf_out:PRO:EVmaker_Import,EVmaker_Import:PRO:2026-W11:00039,9,[9],[],[9],[],on_time -> backlog
OUT:leaf_out:PRO:EVmaker_Import,EVmaker_Import:PRO:2026-W11:00040,9,[9],[],[9],[],on_time -> backlog
IN:mom:Factory_Import_CN:EVmaker_Import,EVmaker_Import:BKK:2026-W21:00001,10,[10],[10],[10],[12],on_time -> on_time
IN:mom:Factory_Import_CN:EVmaker_Import,EVmaker_Import:BKK:2026-W21:00002,10,[10],[10],[10],[12],on_time -> on_time
IN:mom:Factory_Import_CN:EVmaker_Import,EVmaker_Import:BKK:2026-W21:00003,10,[10],[10],[10],[12],on_time -> on_time
IN:mom:Factory_Import_CN:EVmaker_Import,EVmaker_Import:BKK:2026-W21:00004,10,[10],[10],[10],[12],on_time -> on_time
IN:mom:Factory_Import_CN:EVmaker_Import,EVmaker_Import:BKK:2026-W21:00005,10,[10],[10],[10],[12],on_time -> on_time
IN:mom:Factory_Import_CN:EVmaker_Import,EVmaker_Import:BKK:2026-W21:00006,10,[10],[10],[10],[12],on_time -> on_time
IN:mom:Factory_Import_CN:EVmaker_Import,EVmaker_Import:BKK:2026-W21:00007,10,[10],[10],[10],[12],on_time -> on_time
IN:mom:Factory_Import_CN:EVmaker_Import,EVmaker_Import:BKK:2026-W21:00008,10,[10],[10],[10],[12],on_time -> on_time
IN:mom:Factory_Import_CN:EVmaker_Import,EVmaker_Import:BKK:2026-W21:00009,10,[10],[10],[10],[12],on_time -> on_time
IN:mom:Factory_Import_CN:EVmaker_Import,EVmaker_Import:BKK:2026-W21:00010,10,[10],[10],[10],[12],on_time -> on_time
IN:mom:Factory_Import_CN:EVmaker_Import,EVmaker_Import:BKK:2026-W21:00011,10,[10],[10],[10],[12],on_time -> on_time
IN:mom:Factory_Import_CN:EVmaker_Import,EVmaker_Import:BKK:2026-W21:00012,10,[10],[10],[10],[12],on_time -> on_time
IN:mom:Factory_Import_CN:EVmaker_Import,EVmaker_Import:BKK:2026-W21:00013,10,[10],[10],[10],[12],on_time -> on_time
IN:mom:Factory_Import_CN:EVmaker_Import,EVmaker_Import:BKK:2026-W21:00014,10,[10],[10],[10],[12],on_time -> on_time
IN:mom:Factory_Import_CN:EVmaker_Import,EVmaker_Import:BKK:2026-W21:00015,10,[10],[10],[10],[12],on_time -> on_time
IN:mom:Factory_Import_CN:EVmaker_Import,EVmaker_Import:BKK:2026-W21:00016,10,[10],[10],[10],[12],on_time -> on_time
IN:mom:Factory_Import_CN:EVmaker_Import,EVmaker_Import:BKK:2026-W21:00017,10,[10],[10],[10],[12],on_time -> on_time
IN:mom:Factory_Import_CN:EVmaker_Import,EVmaker_Import:BKK:2026-W21:00018,10,[10],[10],[10],[12],on_time -> on_time
IN:mom:Factory_Import_CN:EVmaker_Import,EVmaker_Import:BKK:2026-W21:00019,10,[10],[10],[10],[12],on_time -> on_time
IN:mom:Factory_Import_CN:EVmaker_Import,EVmaker_Import:BKK:2026-W21:00020,10,[10],[10],[10],[12],on_time -> on_time
IN:mom:Factory_Import_CN:EVmaker_Import,EVmaker_Import:BKK:2026-W21:00021,10,[10],[10],[10],[12],on_time -> on_time
IN:mom:Factory_Import_CN:EVmaker_Import,EVmaker_Import:BKK:2026-W21:00022,10,[10],[10],[10],[12],on_time -> on_time
IN:mom:Factory_Import_CN:EVmaker_Import,EVmaker_Import:BKK:2026-W21:00023,10,[10],[10],[10],[12],on_time -> on_time
IN:mom:Factory_Import_CN:EVmaker_Import,EVmaker_Import:BKK:2026-W21:00024,10,[10],[10],[10],[12],on_time -> on_time
IN:mom:Factory_Import_CN:EVmaker_Import,EVmaker_Import:BKK:2026-W21:00025,10,[10],[10],[10],[12],on_time -> on_time
IN:mom:Factory_Import_CN:EVmaker_Import,EVmaker_Import:BKK:2026-W21:00026,10,[10],[10],[10],[12],on_time -> on_time
IN:mom:Factory_Import_CN:EVmaker_Import,EVmaker_Import:BKK:2026-W21:00027,10,[10],[10],[10],[12],on_time -> on_time
IN:mom:Factory_Import_CN:EVmaker_Import,EVmaker_Import:BKK:2026-W21:00028,10,[10],[10],[10],[12],on_time -> on_time
IN:mom:Factory_Import_CN:EVmaker_Import,EVmaker_Import:BKK:2026-W21:00029,10,[10],[10],[10],[12],on_time -> on_time
IN:mom:Factory_Import_CN:EVmaker_Import,EVmaker_Import:BKK:2026-W21:00030,10,[10],[10],[10],[12],on_time -> on_time
IN:mom:Factory_Import_CN:EVmaker_Import,EVmaker_Import:BKK:2026-W21:00031,10,[10],[10],[10],[12],on_time -> on_time
IN:mom:Factory_Import_CN:EVmaker_Import,EVmaker_Import:BKK:2026-W21:00032,10,[10],[10],[10],[12],on_time -> on_time
IN:mom:Factory_Import_CN:EVmaker_Import,EVmaker_Import:BKK:2026-W21:00033,10,[10],[10],[10],[12],on_time -> on_time
IN:mom:Factory_Import_CN:EVmaker_Import,EVmaker_Import:BKK:2026-W21:00034,10,[10],[10],[10],[12],on_time -> on_time
IN:mom:Factory_Import_CN:EVmaker_Import,EVmaker_Import:BKK:2026-W21:00035,10,[10],[10],[10],[12],on_time -> on_time
IN:mom:Factory_Import_CN:EVmaker_Import,EVmaker_Import:BKK:2026-W21:00036,10,[10],[10],[10],[12],on_time -> on_time
IN:mom:Factory_Import_CN:EVmaker_Import,EVmaker_Import:BKK:2026-W21:00037,10,[10],[10],[10],[12],on_time -> on_time
IN:mom:Factory_Import_CN:EVmaker_Import,EVmaker_Import:BKK:2026-W21:00038,10,[10],[10],[10],[12],on_time -> on_time
IN:mom:Factory_Import_CN:EVmaker_Import,EVmaker_Import:BKK:2026-W21:00039,10,[10],[10],[10],[12],on_time -> on_time
IN:mom:Factory_Import_CN:EVmaker_Import,EVmaker_Import:BKK:2026-W21:00040,10,[10],[10],[10],[12],on_time -> on_time
IN:mom:Factory_Import_CN:EVmaker_Import,EVmaker_Import:BKK:2026-W21:00041,10,[10],[10],[10],[12],on_time -> on_time
IN:mom:Factory_Import_CN:EVmaker_Import,EVmaker_Import:BKK:2026-W21:00042,10,[10],[10],[10],[12],on_time -> on_time
IN:mom:Factory_Import_CN:EVmaker_Import,EVmaker_Import:BKK:2026-W21:00043,10,[10],[10],[10],[12],on_time -> on_time
IN:mom:Factory_Import_CN:EVmaker_Import,EVmaker_Import:BKK:2026-W21:00044,10,[10],[10],[10],[12],on_time -> on_time
IN:mom:Factory_Import_CN:EVmaker_Import,EVmaker_Import:BKK:2026-W21:00045,10,[10],[10],[10],[12],on_time -> on_time
IN:mom:Factory_Import_CN:EVmaker_Import,EVmaker_Import:BKK:2026-W21:00046,10,[10],[10],[10],[12],on_time -> on_time
IN:mom:Factory_Import_CN:EVmaker_Import,EVmaker_Import:BKK:2026-W21:00047,10,[10],[10],[10],[12],on_time -> on_time
IN:mom:Factory_Import_CN:EVmaker_Import,EVmaker_Import:BKK:2026-W21:00048,10,[10],[10],[10],[12],on_time -> on_time
IN:mom:Factory_Import_CN:EVmaker_Import,EVmaker_Import:BKK:2026-W21:00049,10,[10],[10],[10],[12],on_time -> on_time
IN:mom:Factory_Import_CN:EVmaker_Import,EVmaker_Import:BKK:2026-W21:00050,10,[10],[10],[10],[12],on_time -> on_time
IN:mom:Factory_Import_CN:EVmaker_Import,EVmaker_Import:ONL:2026-W20:00001,10,[9],[9],[10],[11],on_time -> on_time
IN:mom:Factory_Import_CN:EVmaker_Import,EVmaker_Import:ONL:2026-W20:00002,10,[9],[9],[10],[11],on_time -> on_time
IN:mom:Factory_Import_CN:EVmaker_Import,EVmaker_Import:ONL:2026-W20:00003,10,[9],[9],[10],[11],on_time -> on_time
IN:mom:Factory_Import_CN:EVmaker_Import,EVmaker_Import:ONL:2026-W20:00004,10,[9],[9],[10],[11],on_time -> on_time
IN:mom:Factory_Import_CN:EVmaker_Import,EVmaker_Import:ONL:2026-W20:00005,10,[9],[9],[10],[11],on_time -> on_time
IN:mom:Factory_Import_CN:EVmaker_Import,EVmaker_Import:ONL:2026-W20:00006,10,[9],[9],[10],[11],on_time -> on_time
IN:mom:Factory_Import_CN:EVmaker_Import,EVmaker_Import:ONL:2026-W20:00007,10,[9],[9],[10],[11],on_time -> on_time
IN:mom:Factory_Import_CN:EVmaker_Import,EVmaker_Import:ONL:2026-W20:00008,10,[9],[9],[10],[11],on_time -> on_time
IN:mom:Factory_Import_CN:EVmaker_Import,EVmaker_Import:ONL:2026-W20:00009,10,[9],[9],[10],[11],on_time -> on_time
IN:mom:Factory_Import_CN:EVmaker_Import,EVmaker_Import:ONL:2026-W20:00010,10,[9],[9],[10],[11],on_time -> on_time
IN:mom:Factory_Import_CN:EVmaker_Import,EVmaker_Import:PRO:2026-W21:00019,10,[9],[9],[10],[11],on_time -> on_time
IN:mom:Factory_Import_CN:EVmaker_Import,EVmaker_Import:PRO:2026-W21:00020,10,[9],[9],[10],[11],on_time -> on_time
IN:mom:Factory_Import_CN:EVmaker_Import,EVmaker_Import:PRO:2026-W21:00021,10,[9],[9],[10],[11],on_time -> on_time
IN:mom:Factory_Import_CN:EVmaker_Import,EVmaker_Import:PRO:2026-W21:00022,10,[9],[9],[10],[11],on_time -> on_time
IN:mom:Factory_Import_CN:EVmaker_Import,EVmaker_Import:PRO:2026-W21:00023,10,[9],[9],[10],[11],on_time -> on_time
IN:mom:Factory_Import_CN:EVmaker_Import,EVmaker_Import:PRO:2026-W21:00024,10,[9],[9],[10],[11],on_time -> on_time
IN:mom:Factory_Import_CN:EVmaker_Import,EVmaker_Import:PRO:2026-W21:00025,10,[9],[9],[10],[11],on_time -> on_time
IN:mom:Factory_Import_CN:EVmaker_Import,EVmaker_Import:PRO:2026-W21:00026,10,[9],[9],[10],[11],on_time -> on_time
IN:mom:Factory_Import_CN:EVmaker_Import,EVmaker_Import:PRO:2026-W21:00027,10,[9],[9],[10],[11],on_time -> on_time
IN:mom:Factory_Import_CN:EVmaker_Import,EVmaker_Import:PRO:2026-W21:00028,10,[9],[9],[10],[11],on_time -> on_time
IN:mom:Factory_Import_CN:EVmaker_Import,EVmaker_Import:PRO:2026-W21:00029,10,[9],[9],[10],[11],on_time -> on_time
IN:mom:Factory_Import_CN:EVmaker_Import,EVmaker_Import:PRO:2026-W21:00030,10,[9],[9],[10],[11],on_time -> on_time
IN:mom:Factory_Import_CN:EVmaker_Import,EVmaker_Import:PRO:2026-W21:00031,10,[9],[9],[10],[11],on_time -> on_time
IN:mom:Factory_Import_CN:EVmaker_Import,EVmaker_Import:PRO:2026-W21:00032,10,[9],[9],[10],[11],on_time -> on_time
IN:mom:Factory_Import_CN:EVmaker_Import,EVmaker_Import:PRO:2026-W21:00033,10,[9],[9],[10],[11],on_time -> on_time
IN:mom:Factory_Import_CN:EVmaker_Import,EVmaker_Import:PRO:2026-W21:00034,10,[9],[9],[10],[11],on_time -> on_time
IN:mom:Factory_Import_CN:EVmaker_Import,EVmaker_Import:PRO:2026-W21:00035,10,[9],[9],[10],[11],on_time -> on_time
IN:mom:Factory_Import_CN:EVmaker_Import,EVmaker_Import:PRO:2026-W21:00036,10,[9],[9],[10],[11],on_time -> on_time
IN:mom:Factory_Import_CN:EVmaker_Import,EVmaker_Import:PRO:2026-W21:00037,10,[9],[9],[10],[11],on_time -> on_time
IN:mom:Factory_Import_CN:EVmaker_Import,EVmaker_Import:PRO:2026-W21:00038,10,[9],[9],[10],[11],on_time -> on_time
IN:mom:Factory_Import_CN:EVmaker_Import,EVmaker_Import:PRO:2026-W21:00039,10,[9],[9],[10],[11],on_time -> on_time
IN:mom:Factory_Import_CN:EVmaker_Import,EVmaker_Import:PRO:2026-W21:00040,10,[9],[9],[10],[11],on_time -> on_time
IN:mom:Factory_Import_CN:EVmaker_Import,EVmaker_Import:PRO:2026-W22:00001,10,[10],[10],[10],[12],on_time -> on_time
IN:mom:Factory_Import_CN:EVmaker_Import,EVmaker_Import:PRO:2026-W22:00002,10,[10],[10],[10],[12],on_time -> on_time
IN:mom:Factory_Import_CN:EVmaker_Import,EVmaker_Import:PRO:2026-W22:00003,10,[10],[10],[10],[12],on_time -> on_time
IN:mom:Factory_Import_CN:EVmaker_Import,EVmaker_Import:PRO:2026-W22:00004,10,[10],[10],[10],[12],on_time -> on_time
IN:mom:Factory_Import_CN:EVmaker_Import,EVmaker_Import:PRO:2026-W22:00005,10,[10],[10],[10],[12],on_time -> on_time
IN:mom:Factory_Import_CN:EVmaker_Import,EVmaker_Import:PRO:2026-W22:00006,10,[10],[10],[10],[12],on_time -> on_time
IN:mom:Factory_Import_CN:EVmaker_Import,EVmaker_Import:PRO:2026-W22:00007,10,[10],[10],[10],[12],on_time -> on_time
IN:mom:Factory_Import_CN:EVmaker_Import,EVmaker_Import:PRO:2026-W22:00008,10,[10],[10],[10],[12],on_time -> on_time
IN:mom:Factory_Import_CN:EVmaker_Import,EVmaker_Import:PRO:2026-W22:00009,10,[10],[10],[10],[12],on_time -> on_time
IN:mom:Factory_Import_CN:EVmaker_Import,EVmaker_Import:PRO:2026-W22:00010,10,[10],[10],[10],[12],on_time -> on_time
IN:mom:Factory_Import_CN:EVmaker_Import,EVmaker_Import:PRO:2026-W22:00011,10,[10],[10],[10],[12],on_time -> on_time
IN:mom:Factory_Import_CN:EVmaker_Import,EVmaker_Import:PRO:2026-W22:00012,10,[10],[10],[10],[12],on_time -> on_time
IN:mom:Factory_Import_CN:EVmaker_Import,EVmaker_Import:PRO:2026-W22:00013,10,[10],[10],[10],[12],on_time -> on_time
IN:mom:Factory_Import_CN:EVmaker_Import,EVmaker_Import:PRO:2026-W22:00014,10,[10],[10],[10],[12],on_time -> on_time
IN:mom:Factory_Import_CN:EVmaker_Import,EVmaker_Import:PRO:2026-W22:00015,10,[10],[10],[10],[12],on_time -> on_time
IN:mom:Factory_Import_CN:EVmaker_Import,EVmaker_Import:PRO:2026-W22:00016,10,[10],[10],[10],[12],on_time -> on_time
IN:mom:Factory_Import_CN:EVmaker_Import,EVmaker_Import:PRO:2026-W22:00017,10,[10],[10],[10],[12],on_time -> on_time
IN:mom:Factory_Import_CN:EVmaker_Import,EVmaker_Import:PRO:2026-W22:00018,10,[10],[10],[10],[12],on_time -> on_time
OUT:leaf_out:BKK:EVmaker_Import,EVmaker_Import:BKK:2026-W12:00001,10,[10],[],[10],[],on_time -> backlog
OUT:leaf_out:BKK:EVmaker_Import,EVmaker_Import:BKK:2026-W12:00002,10,[10],[],[10],[],on_time -> backlog
OUT:leaf_out:BKK:EVmaker_Import,EVmaker_Import:BKK:2026-W12:00003,10,[10],[],[10],[],on_time -> backlog
OUT:leaf_out:BKK:EVmaker_Import,EVmaker_Import:BKK:2026-W12:00004,10,[10],[],[10],[],on_time -> backlog
OUT:leaf_out:BKK:EVmaker_Import,EVmaker_Import:BKK:2026-W12:00005,10,[10],[],[10],[],on_time -> backlog
OUT:leaf_out:BKK:EVmaker_Import,EVmaker_Import:BKK:2026-W12:00006,10,[10],[],[10],[],on_time -> backlog
OUT:leaf_out:BKK:EVmaker_Import,EVmaker_Import:BKK:2026-W12:00007,10,[10],[],[10],[],on_time -> backlog
OUT:leaf_out:BKK:EVmaker_Import,EVmaker_Import:BKK:2026-W12:00008,10,[10],[],[10],[],on_time -> backlog
OUT:leaf_out:BKK:EVmaker_Import,EVmaker_Import:BKK:2026-W12:00009,10,[10],[],[10],[],on_time -> backlog
OUT:leaf_out:BKK:EVmaker_Import,EVmaker_Import:BKK:2026-W12:00010,10,[10],[],[10],[],on_time -> backlog
OUT:leaf_out:BKK:EVmaker_Import,EVmaker_Import:BKK:2026-W12:00011,10,[10],[],[10],[],on_time -> backlog
OUT:leaf_out:BKK:EVmaker_Import,EVmaker_Import:BKK:2026-W12:00012,10,[10],[],[10],[],on_time -> backlog
OUT:leaf_out:BKK:EVmaker_Import,EVmaker_Import:BKK:2026-W12:00013,10,[10],[],[10],[],on_time -> backlog
OUT:leaf_out:BKK:EVmaker_Import,EVmaker_Import:BKK:2026-W12:00014,10,[10],[],[10],[],on_time -> backlog
OUT:leaf_out:BKK:EVmaker_Import,EVmaker_Import:BKK:2026-W12:00015,10,[10],[],[10],[],on_time -> backlog
OUT:leaf_out:BKK:EVmaker_Import,EVmaker_Import:BKK:2026-W12:00016,10,[10],[],[10],[],on_time -> backlog
OUT:leaf_out:BKK:EVmaker_Import,EVmaker_Import:BKK:2026-W12:00017,10,[10],[],[10],[],on_time -> backlog
OUT:leaf_out:BKK:EVmaker_Import,EVmaker_Import:BKK:2026-W12:00018,10,[10],[],[10],[],on_time -> backlog
OUT:leaf_out:BKK:EVmaker_Import,EVmaker_Import:BKK:2026-W12:00019,10,[10],[],[10],[],on_time -> backlog
OUT:leaf_out:BKK:EVmaker_Import,EVmaker_Import:BKK:2026-W12:00020,10,[10],[],[10],[],on_time -> backlog
OUT:leaf_out:BKK:EVmaker_Import,EVmaker_Import:BKK:2026-W12:00021,10,[10],[],[10],[],on_time -> backlog
OUT:leaf_out:BKK:EVmaker_Import,EVmaker_Import:BKK:2026-W12:00022,10,[10],[],[10],[],on_time -> backlog
OUT:leaf_out:BKK:EVmaker_Import,EVmaker_Import:BKK:2026-W12:00023,10,[10],[],[10],[],on_time -> backlog
OUT:leaf_out:BKK:EVmaker_Import,EVmaker_Import:BKK:2026-W12:00024,10,[10],[],[10],[],on_time -> backlog
OUT:leaf_out:BKK:EVmaker_Import,EVmaker_Import:BKK:2026-W12:00025,10,[10],[],[10],[],on_time -> backlog
OUT:leaf_out:BKK:EVmaker_Import,EVmaker_Import:BKK:2026-W12:00026,10,[10],[],[10],[],on_time -> backlog
OUT:leaf_out:BKK:EVmaker_Import,EVmaker_Import:BKK:2026-W12:00027,10,[10],[],[10],[],on_time -> backlog
OUT:leaf_out:BKK:EVmaker_Import,EVmaker_Import:BKK:2026-W12:00028,10,[10],[],[10],[],on_time -> backlog
OUT:leaf_out:BKK:EVmaker_Import,EVmaker_Import:BKK:2026-W12:00029,10,[10],[],[10],[],on_time -> backlog
OUT:leaf_out:BKK:EVmaker_Import,EVmaker_Import:BKK:2026-W12:00030,10,[10],[],[10],[],on_time -> backlog
OUT:leaf_out:BKK:EVmaker_Import,EVmaker_Import:BKK:2026-W12:00031,10,[10],[],[10],[],on_time -> backlog
OUT:leaf_out:BKK:EVmaker_Import,EVmaker_Import:BKK:2026-W12:00032,10,[10],[],[10],[],on_time -> backlog
OUT:leaf_out:BKK:EVmaker_Import,EVmaker_Import:BKK:2026-W12:00033,10,[10],[],[10],[],on_time -> backlog
OUT:leaf_out:BKK:EVmaker_Import,EVmaker_Import:BKK:2026-W12:00034,10,[10],[],[10],[],on_time -> backlog
OUT:leaf_out:BKK:EVmaker_Import,EVmaker_Import:BKK:2026-W12:00035,10,[10],[],[10],[],on_time -> backlog
OUT:leaf_out:BKK:EVmaker_Import,EVmaker_Import:BKK:2026-W12:00036,10,[10],[],[10],[],on_time -> backlog
OUT:leaf_out:BKK:EVmaker_Import,EVmaker_Import:BKK:2026-W12:00037,10,[10],[],[10],[],on_time -> backlog
OUT:leaf_out:BKK:EVmaker_Import,EVmaker_Import:BKK:2026-W12:00038,10,[10],[],[10],[],on_time -> backlog
OUT:leaf_out:BKK:EVmaker_Import,EVmaker_Import:BKK:2026-W12:00039,10,[10],[],[10],[],on_time -> backlog
OUT:leaf_out:BKK:EVmaker_Import,EVmaker_Import:BKK:2026-W12:00040,10,[10],[],[10],[],on_time -> backlog
OUT:leaf_out:BKK:EVmaker_Import,EVmaker_Import:BKK:2026-W12:00041,10,[10],[],[10],[],on_time -> backlog
OUT:leaf_out:BKK:EVmaker_Import,EVmaker_Import:BKK:2026-W12:00042,10,[10],[],[10],[],on_time -> backlog
OUT:leaf_out:BKK:EVmaker_Import,EVmaker_Import:BKK:2026-W12:00043,10,[10],[],[10],[],on_time -> backlog
OUT:leaf_out:BKK:EVmaker_Import,EVmaker_Import:BKK:2026-W12:00044,10,[10],[],[10],[],on_time -> backlog
OUT:leaf_out:BKK:EVmaker_Import,EVmaker_Import:BKK:2026-W12:00045,10,[10],[],[10],[],on_time -> backlog
OUT:leaf_out:BKK:EVmaker_Import,EVmaker_Import:BKK:2026-W12:00046,10,[10],[],[10],[],on_time -> backlog
OUT:leaf_out:BKK:EVmaker_Import,EVmaker_Import:BKK:2026-W12:00047,10,[10],[],[10],[],on_time -> backlog
OUT:leaf_out:BKK:EVmaker_Import,EVmaker_Import:BKK:2026-W12:00048,10,[10],[],[10],[],on_time -> backlog
OUT:leaf_out:BKK:EVmaker_Import,EVmaker_Import:BKK:2026-W12:00049,10,[10],[],[10],[],on_time -> backlog
OUT:leaf_out:BKK:EVmaker_Import,EVmaker_Import:BKK:2026-W12:00050,10,[10],[],[10],[],on_time -> backlog
OUT:leaf_out:ONL:EVmaker_Import,EVmaker_Import:ONL:2026-W12:00001,10,[10],[],[10],[],on_time -> backlog
OUT:leaf_out:ONL:EVmaker_Import,EVmaker_Import:ONL:2026-W12:00002,10,[10],[],[10],[],on_time -> backlog
OUT:leaf_out:ONL:EVmaker_Import,EVmaker_Import:ONL:2026-W12:00003,10,[10],[],[10],[],on_time -> backlog
OUT:leaf_out:ONL:EVmaker_Import,EVmaker_Import:ONL:2026-W12:00004,10,[10],[],[10],[],on_time -> backlog
OUT:leaf_out:ONL:EVmaker_Import,EVmaker_Import:ONL:2026-W12:00005,10,[10],[],[10],[],on_time -> backlog
OUT:leaf_out:ONL:EVmaker_Import,EVmaker_Import:ONL:2026-W12:00006,10,[10],[],[10],[],on_time -> backlog
OUT:leaf_out:ONL:EVmaker_Import,EVmaker_Import:ONL:2026-W12:00007,10,[10],[],[10],[],on_time -> backlog
OUT:leaf_out:ONL:EVmaker_Import,EVmaker_Import:ONL:2026-W12:00008,10,[10],[],[10],[],on_time -> backlog
OUT:leaf_out:ONL:EVmaker_Import,EVmaker_Import:ONL:2026-W12:00009,10,[10],[],[10],[],on_time -> backlog
OUT:leaf_out:ONL:EVmaker_Import,EVmaker_Import:ONL:2026-W12:00010,10,[10],[],[10],[],on_time -> backlog
OUT:leaf_out:PRO:EVmaker_Import,EVmaker_Import:PRO:2026-W12:00001,10,[10],[],[10],[],on_time -> backlog
OUT:leaf_out:PRO:EVmaker_Import,EVmaker_Import:PRO:2026-W12:00002,10,[10],[],[10],[],on_time -> backlog
OUT:leaf_out:PRO:EVmaker_Import,EVmaker_Import:PRO:2026-W12:00003,10,[10],[],[10],[],on_time -> backlog
OUT:leaf_out:PRO:EVmaker_Import,EVmaker_Import:PRO:2026-W12:00004,10,[10],[],[10],[],on_time -> backlog
OUT:leaf_out:PRO:EVmaker_Import,EVmaker_Import:PRO:2026-W12:00005,10,[10],[],[10],[],on_time -> backlog
OUT:leaf_out:PRO:EVmaker_Import,EVmaker_Import:PRO:2026-W12:00006,10,[10],[],[10],[],on_time -> backlog
OUT:leaf_out:PRO:EVmaker_Import,EVmaker_Import:PRO:2026-W12:00007,10,[10],[],[10],[],on_time -> backlog
OUT:leaf_out:PRO:EVmaker_Import,EVmaker_Import:PRO:2026-W12:00008,10,[10],[],[10],[],on_time -> backlog
OUT:leaf_out:PRO:EVmaker_Import,EVmaker_Import:PRO:2026-W12:00009,10,[10],[],[10],[],on_time -> backlog
OUT:leaf_out:PRO:EVmaker_Import,EVmaker_Import:PRO:2026-W12:00010,10,[10],[],[10],[],on_time -> backlog
OUT:leaf_out:PRO:EVmaker_Import,EVmaker_Import:PRO:2026-W12:00011,10,[10],[],[10],[],on_time -> backlog
OUT:leaf_out:PRO:EVmaker_Import,EVmaker_Import:PRO:2026-W12:00012,10,[10],[],[10],[],on_time -> backlog
OUT:leaf_out:PRO:EVmaker_Import,EVmaker_Import:PRO:2026-W12:00013,10,[10],[],[10],[],on_time -> backlog
OUT:leaf_out:PRO:EVmaker_Import,EVmaker_Import:PRO:2026-W12:00014,10,[10],[],[10],[],on_time -> backlog
OUT:leaf_out:PRO:EVmaker_Import,EVmaker_Import:PRO:2026-W12:00015,10,[10],[],[10],[],on_time -> backlog
OUT:leaf_out:PRO:EVmaker_Import,EVmaker_Import:PRO:2026-W12:00016,10,[10],[],[10],[],on_time -> backlog
OUT:leaf_out:PRO:EVmaker_Import,EVmaker_Import:PRO:2026-W12:00017,10,[10],[],[10],[],on_time -> backlog
OUT:leaf_out:PRO:EVmaker_Import,EVmaker_Import:PRO:2026-W12:00018,10,[10],[],[10],[],on_time -> backlog
OUT:leaf_out:PRO:EVmaker_Import,EVmaker_Import:PRO:2026-W12:00019,10,[10],[],[10],[],on_time -> backlog
OUT:leaf_out:PRO:EVmaker_Import,EVmaker_Import:PRO:2026-W12:00020,10,[10],[],[10],[],on_time -> backlog
OUT:leaf_out:PRO:EVmaker_Import,EVmaker_Import:PRO:2026-W12:00021,10,[10],[],[10],[],on_time -> backlog
OUT:leaf_out:PRO:EVmaker_Import,EVmaker_Import:PRO:2026-W12:00022,10,[10],[],[10],[],on_time -> backlog
OUT:leaf_out:PRO:EVmaker_Import,EVmaker_Import:PRO:2026-W12:00023,10,[10],[],[10],[],on_time -> backlog
OUT:leaf_out:PRO:EVmaker_Import,EVmaker_Import:PRO:2026-W12:00024,10,[10],[],[10],[],on_time -> backlog
OUT:leaf_out:PRO:EVmaker_Import,EVmaker_Import:PRO:2026-W12:00025,10,[10],[],[10],[],on_time -> backlog
OUT:leaf_out:PRO:EVmaker_Import,EVmaker_Import:PRO:2026-W12:00026,10,[10],[],[10],[],on_time -> backlog
OUT:leaf_out:PRO:EVmaker_Import,EVmaker_Import:PRO:2026-W12:00027,10,[10],[],[10],[],on_time -> backlog
OUT:leaf_out:PRO:EVmaker_Import,EVmaker_Import:PRO:2026-W12:00028,10,[10],[],[10],[],on_time -> backlog
OUT:leaf_out:PRO:EVmaker_Import,EVmaker_Import:PRO:2026-W12:00029,10,[10],[],[10],[],on_time -> backlog
OUT:leaf_out:PRO:EVmaker_Import,EVmaker_Import:PRO:2026-W12:00030,10,[10],[],[10],[],on_time -> backlog
OUT:leaf_out:PRO:EVmaker_Import,EVmaker_Import:PRO:2026-W12:00031,10,[10],[],[10],[],on_time -> backlog
OUT:leaf_out:PRO:EVmaker_Import,EVmaker_Import:PRO:2026-W12:00032,10,[10],[],[10],[],on_time -> backlog
OUT:leaf_out:PRO:EVmaker_Import,EVmaker_Import:PRO:2026-W12:00033,10,[10],[],[10],[],on_time -> backlog
OUT:leaf_out:PRO:EVmaker_Import,EVmaker_Import:PRO:2026-W12:00034,10,[10],[],[10],[],on_time -> backlog
OUT:leaf_out:PRO:EVmaker_Import,EVmaker_Import:PRO:2026-W12:00035,10,[10],[],[10],[],on_time -> backlog
OUT:leaf_out:PRO:EVmaker_Import,EVmaker_Import:PRO:2026-W12:00036,10,[10],[],[10],[],on_time -> backlog
OUT:leaf_out:PRO:EVmaker_Import,EVmaker_Import:PRO:2026-W12:00037,10,[10],[],[10],[],on_time -> backlog
OUT:leaf_out:PRO:EVmaker_Import,EVmaker_Import:PRO:2026-W12:00038,10,[10],[],[10],[],on_time -> backlog
OUT:leaf_out:PRO:EVmaker_Import,EVmaker_Import:PRO:2026-W12:00039,10,[10],[],[10],[],on_time -> backlog
OUT:leaf_out:PRO:EVmaker_Import,EVmaker_Import:PRO:2026-W12:00040,10,[10],[],[10],[],on_time -> backlog
IN:mom:Factory_Import_CN:EVmaker_Import,EVmaker_Import:BKK:2026-W22:00001,11,[11],[11],[11],[13],on_time -> on_time
IN:mom:Factory_Import_CN:EVmaker_Import,EVmaker_Import:BKK:2026-W22:00002,11,[11],[11],[11],[13],on_time -> on_time
IN:mom:Factory_Import_CN:EVmaker_Import,EVmaker_Import:BKK:2026-W22:00003,11,[11],[11],[11],[13],on_time -> on_time
IN:mom:Factory_Import_CN:EVmaker_Import,EVmaker_Import:BKK:2026-W22:00004,11,[11],[11],[11],[13],on_time -> on_time
IN:mom:Factory_Import_CN:EVmaker_Import,EVmaker_Import:BKK:2026-W22:00005,11,[11],[11],[11],[13],on_time -> on_time
IN:mom:Factory_Import_CN:EVmaker_Import,EVmaker_Import:BKK:2026-W22:00006,11,[11],[11],[11],[13],on_time -> on_time
IN:mom:Factory_Import_CN:EVmaker_Import,EVmaker_Import:BKK:2026-W22:00007,11,[11],[11],[11],[13],on_time -> on_time
IN:mom:Factory_Import_CN:EVmaker_Import,EVmaker_Import:BKK:2026-W22:00008,11,[11],[11],[11],[13],on_time -> on_time
IN:mom:Factory_Import_CN:EVmaker_Import,EVmaker_Import:BKK:2026-W22:00009,11,[11],[11],[11],[13],on_time -> on_time
IN:mom:Factory_Import_CN:EVmaker_Import,EVmaker_Import:BKK:2026-W22:00010,11,[11],[11],[11],[13],on_time -> on_time
IN:mom:Factory_Import_CN:EVmaker_Import,EVmaker_Import:BKK:2026-W22:00011,11,[11],[11],[11],[13],on_time -> on_time
IN:mom:Factory_Import_CN:EVmaker_Import,EVmaker_Import:BKK:2026-W22:00012,11,[11],[11],[11],[13],on_time -> on_time
IN:mom:Factory_Import_CN:EVmaker_Import,EVmaker_Import:BKK:2026-W22:00013,11,[11],[11],[11],[13],on_time -> on_time
IN:mom:Factory_Import_CN:EVmaker_Import,EVmaker_Import:BKK:2026-W22:00014,11,[11],[11],[11],[13],on_time -> on_time
IN:mom:Factory_Import_CN:EVmaker_Import,EVmaker_Import:BKK:2026-W22:00015,11,[11],[11],[11],[13],on_time -> on_time
IN:mom:Factory_Import_CN:EVmaker_Import,EVmaker_Import:BKK:2026-W22:00016,11,[11],[11],[11],[13],on_time -> on_time
IN:mom:Factory_Import_CN:EVmaker_Import,EVmaker_Import:BKK:2026-W22:00017,11,[11],[11],[11],[13],on_time -> on_time
IN:mom:Factory_Import_CN:EVmaker_Import,EVmaker_Import:BKK:2026-W22:00018,11,[11],[11],[11],[13],on_time -> on_time
IN:mom:Factory_Import_CN:EVmaker_Import,EVmaker_Import:BKK:2026-W22:00019,11,[11],[11],[11],[13],on_time -> on_time
IN:mom:Factory_Import_CN:EVmaker_Import,EVmaker_Import:BKK:2026-W22:00020,11,[11],[11],[11],[13],on_time -> on_time
IN:mom:Factory_Import_CN:EVmaker_Import,EVmaker_Import:BKK:2026-W22:00021,11,[11],[11],[11],[13],on_time -> on_time
IN:mom:Factory_Import_CN:EVmaker_Import,EVmaker_Import:BKK:2026-W22:00022,11,[11],[11],[11],[13],on_time -> on_time
IN:mom:Factory_Import_CN:EVmaker_Import,EVmaker_Import:BKK:2026-W22:00023,11,[11],[11],[11],[13],on_time -> on_time
IN:mom:Factory_Import_CN:EVmaker_Import,EVmaker_Import:BKK:2026-W22:00024,11,[11],[11],[11],[13],on_time -> on_time
IN:mom:Factory_Import_CN:EVmaker_Import,EVmaker_Import:BKK:2026-W22:00025,11,[11],[11],[11],[13],on_time -> on_time
IN:mom:Factory_Import_CN:EVmaker_Import,EVmaker_Import:BKK:2026-W22:00026,11,[11],[11],[11],[13],on_time -> on_time
IN:mom:Factory_Import_CN:EVmaker_Import,EVmaker_Import:BKK:2026-W22:00027,11,[11],[11],[11],[13],on_time -> on_time
IN:mom:Factory_Import_CN:EVmaker_Import,EVmaker_Import:BKK:2026-W22:00028,11,[11],[11],[11],[13],on_time -> on_time
IN:mom:Factory_Import_CN:EVmaker_Import,EVmaker_Import:BKK:2026-W22:00029,11,[11],[11],[11],[13],on_time -> on_time
IN:mom:Factory_Import_CN:EVmaker_Import,EVmaker_Import:BKK:2026-W22:00030,11,[11],[11],[11],[13],on_time -> on_time
IN:mom:Factory_Import_CN:EVmaker_Import,EVmaker_Import:BKK:2026-W22:00031,11,[11],[11],[11],[13],on_time -> on_time
IN:mom:Factory_Import_CN:EVmaker_Import,EVmaker_Import:BKK:2026-W22:00032,11,[11],[11],[11],[13],on_time -> on_time
IN:mom:Factory_Import_CN:EVmaker_Import,EVmaker_Import:BKK:2026-W22:00033,11,[11],[11],[11],[13],on_time -> on_time
IN:mom:Factory_Import_CN:EVmaker_Import,EVmaker_Import:BKK:2026-W22:00034,11,[11],[11],[11],[13],on_time -> on_time
IN:mom:Factory_Import_CN:EVmaker_Import,EVmaker_Import:BKK:2026-W22:00035,11,[11],[11],[11],[13],on_time -> on_time
IN:mom:Factory_Import_CN:EVmaker_Import,EVmaker_Import:BKK:2026-W22:00036,11,[11],[11],[11],[13],on_time -> on_time
IN:mom:Factory_Import_CN:EVmaker_Import,EVmaker_Import:BKK:2026-W22:00037,11,[11],[11],[11],[13],on_time -> on_time
IN:mom:Factory_Import_CN:EVmaker_Import,EVmaker_Import:BKK:2026-W22:00038,11,[11],[11],[11],[13],on_time -> on_time
IN:mom:Factory_Import_CN:EVmaker_Import,EVmaker_Import:BKK:2026-W22:00039,11,[11],[11],[11],[13],on_time -> on_time
IN:mom:Factory_Import_CN:EVmaker_Import,EVmaker_Import:BKK:2026-W22:00040,11,[11],[11],[11],[13],on_time -> on_time
IN:mom:Factory_Import_CN:EVmaker_Import,EVmaker_Import:BKK:2026-W22:00041,11,[11],[11],[11],[13],on_time -> on_time
IN:mom:Factory_Import_CN:EVmaker_Import,EVmaker_Import:BKK:2026-W22:00042,11,[11],[11],[11],[13],on_time -> on_time
IN:mom:Factory_Import_CN:EVmaker_Import,EVmaker_Import:BKK:2026-W22:00043,11,[11],[11],[11],[13],on_time -> on_time
IN:mom:Factory_Import_CN:EVmaker_Import,EVmaker_Import:BKK:2026-W22:00044,11,[11],[11],[11],[13],on_time -> on_time
IN:mom:Factory_Import_CN:EVmaker_Import,EVmaker_Import:BKK:2026-W22:00045,11,[11],[11],[11],[13],on_time -> on_time
IN:mom:Factory_Import_CN:EVmaker_Import,EVmaker_Import:BKK:2026-W22:00046,11,[11],[11],[11],[13],on_time -> on_time
IN:mom:Factory_Import_CN:EVmaker_Import,EVmaker_Import:BKK:2026-W22:00047,11,[11],[11],[11],[13],on_time -> on_time
IN:mom:Factory_Import_CN:EVmaker_Import,EVmaker_Import:BKK:2026-W22:00048,11,[11],[11],[11],[13],on_time -> on_time
IN:mom:Factory_Import_CN:EVmaker_Import,EVmaker_Import:BKK:2026-W22:00049,11,[11],[11],[11],[13],on_time -> on_time
IN:mom:Factory_Import_CN:EVmaker_Import,EVmaker_Import:BKK:2026-W22:00050,11,[11],[11],[11],[13],on_time -> on_time
IN:mom:Factory_Import_CN:EVmaker_Import,EVmaker_Import:ONL:2026-W21:00001,11,[10],[10],[11],[12],on_time -> on_time
IN:mom:Factory_Import_CN:EVmaker_Import,EVmaker_Import:ONL:2026-W21:00002,11,[10],[10],[11],[12],on_time -> on_time
IN:mom:Factory_Import_CN:EVmaker_Import,EVmaker_Import:ONL:2026-W21:00003,11,[10],[10],[11],[12],on_time -> on_time
IN:mom:Factory_Import_CN:EVmaker_Import,EVmaker_Import:ONL:2026-W21:00004,11,[10],[10],[11],[12],on_time -> on_time
IN:mom:Factory_Import_CN:EVmaker_Import,EVmaker_Import:ONL:2026-W21:00005,11,[10],[10],[11],[12],on_time -> on_time
IN:mom:Factory_Import_CN:EVmaker_Import,EVmaker_Import:ONL:2026-W21:00006,11,[10],[10],[11],[12],on_time -> on_time
IN:mom:Factory_Import_CN:EVmaker_Import,EVmaker_Import:ONL:2026-W21:00007,11,[10],[10],[11],[12],on_time -> on_time
IN:mom:Factory_Import_CN:EVmaker_Import,EVmaker_Import:ONL:2026-W21:00008,11,[10],[10],[11],[12],on_time -> on_time
IN:mom:Factory_Import_CN:EVmaker_Import,EVmaker_Import:ONL:2026-W21:00009,11,[10],[10],[11],[12],on_time -> on_time
IN:mom:Factory_Import_CN:EVmaker_Import,EVmaker_Import:ONL:2026-W21:00010,11,[10],[10],[11],[12],on_time -> on_time
IN:mom:Factory_Import_CN:EVmaker_Import,EVmaker_Import:PRO:2026-W22:00019,11,[10],[10],[11],[12],on_time -> on_time
IN:mom:Factory_Import_CN:EVmaker_Import,EVmaker_Import:PRO:2026-W22:00020,11,[10],[10],[11],[12],on_time -> on_time
IN:mom:Factory_Import_CN:EVmaker_Import,EVmaker_Import:PRO:2026-W22:00021,11,[10],[10],[11],[12],on_time -> on_time
IN:mom:Factory_Import_CN:EVmaker_Import,EVmaker_Import:PRO:2026-W22:00022,11,[10],[10],[11],[12],on_time -> on_time
IN:mom:Factory_Import_CN:EVmaker_Import,EVmaker_Import:PRO:2026-W22:00023,11,[10],[10],[11],[12],on_time -> on_time
IN:mom:Factory_Import_CN:EVmaker_Import,EVmaker_Import:PRO:2026-W22:00024,11,[10],[10],[11],[12],on_time -> on_time
IN:mom:Factory_Import_CN:EVmaker_Import,EVmaker_Import:PRO:2026-W22:00025,11,[10],[10],[11],[12],on_time -> on_time
IN:mom:Factory_Import_CN:EVmaker_Import,EVmaker_Import:PRO:2026-W22:00026,11,[10],[10],[11],[12],on_time -> on_time
IN:mom:Factory_Import_CN:EVmaker_Import,EVmaker_Import:PRO:2026-W22:00027,11,[10],[10],[11],[12],on_time -> on_time
IN:mom:Factory_Import_CN:EVmaker_Import,EVmaker_Import:PRO:2026-W22:00028,11,[10],[10],[11],[12],on_time -> on_time
IN:mom:Factory_Import_CN:EVmaker_Import,EVmaker_Import:PRO:2026-W22:00029,11,[10],[10],[11],[12],on_time -> on_time
IN:mom:Factory_Import_CN:EVmaker_Import,EVmaker_Import:PRO:2026-W22:00030,11,[10],[10],[11],[12],on_time -> on_time
IN:mom:Factory_Import_CN:EVmaker_Import,EVmaker_Import:PRO:2026-W22:00031,11,[10],[10],[11],[12],on_time -> on_time
IN:mom:Factory_Import_CN:EVmaker_Import,EVmaker_Import:PRO:2026-W22:00032,11,[10],[10],[11],[12],on_time -> on_time
IN:mom:Factory_Import_CN:EVmaker_Import,EVmaker_Import:PRO:2026-W22:00033,11,[10],[10],[11],[12],on_time -> on_time
IN:mom:Factory_Import_CN:EVmaker_Import,EVmaker_Import:PRO:2026-W22:00034,11,[10],[10],[11],[12],on_time -> on_time
IN:mom:Factory_Import_CN:EVmaker_Import,EVmaker_Import:PRO:2026-W22:00035,11,[10],[10],[11],[12],on_time -> on_time
IN:mom:Factory_Import_CN:EVmaker_Import,EVmaker_Import:PRO:2026-W22:00036,11,[10],[10],[11],[12],on_time -> on_time
IN:mom:Factory_Import_CN:EVmaker_Import,EVmaker_Import:PRO:2026-W22:00037,11,[10],[10],[11],[12],on_time -> on_time
IN:mom:Factory_Import_CN:EVmaker_Import,EVmaker_Import:PRO:2026-W22:00038,11,[10],[10],[11],[12],on_time -> on_time
IN:mom:Factory_Import_CN:EVmaker_Import,EVmaker_Import:PRO:2026-W22:00039,11,[10],[10],[11],[12],on_time -> on_time
IN:mom:Factory_Import_CN:EVmaker_Import,EVmaker_Import:PRO:2026-W22:00040,11,[10],[10],[11],[12],on_time -> on_time
IN:mom:Factory_Import_CN:EVmaker_Import,EVmaker_Import:PRO:2026-W23:00001,11,[11],[11],[11],[13],on_time -> on_time
IN:mom:Factory_Import_CN:EVmaker_Import,EVmaker_Import:PRO:2026-W23:00002,11,[11],[11],[11],[13],on_time -> on_time
IN:mom:Factory_Import_CN:EVmaker_Import,EVmaker_Import:PRO:2026-W23:00003,11,[11],[11],[11],[13],on_time -> on_time
IN:mom:Factory_Import_CN:EVmaker_Import,EVmaker_Import:PRO:2026-W23:00004,11,[11],[11],[11],[13],on_time -> on_time
IN:mom:Factory_Import_CN:EVmaker_Import,EVmaker_Import:PRO:2026-W23:00005,11,[11],[11],[11],[13],on_time -> on_time
IN:mom:Factory_Import_CN:EVmaker_Import,EVmaker_Import:PRO:2026-W23:00006,11,[11],[11],[11],[13],on_time -> on_time
IN:mom:Factory_Import_CN:EVmaker_Import,EVmaker_Import:PRO:2026-W23:00007,11,[11],[11],[11],[13],on_time -> on_time
IN:mom:Factory_Import_CN:EVmaker_Import,EVmaker_Import:PRO:2026-W23:00008,11,[11],[11],[11],[13],on_time -> on_time
IN:mom:Factory_Import_CN:EVmaker_Import,EVmaker_Import:PRO:2026-W23:00009,11,[11],[11],[11],[13],on_time -> on_time
IN:mom:Factory_Import_CN:EVmaker_Import,EVmaker_Import:PRO:2026-W23:00010,11,[11],[11],[11],[13],on_time -> on_time
IN:mom:Factory_Import_CN:EVmaker_Import,EVmaker_Import:PRO:2026-W23:00011,11,[11],[11],[11],[13],on_time -> on_time
IN:mom:Factory_Import_CN:EVmaker_Import,EVmaker_Import:PRO:2026-W23:00012,11,[11],[11],[11],[13],on_time -> on_time
IN:mom:Factory_Import_CN:EVmaker_Import,EVmaker_Import:PRO:2026-W23:00013,11,[11],[11],[11],[13],on_time -> on_time
IN:mom:Factory_Import_CN:EVmaker_Import,EVmaker_Import:PRO:2026-W23:00014,11,[11],[11],[11],[13],on_time -> on_time
IN:mom:Factory_Import_CN:EVmaker_Import,EVmaker_Import:PRO:2026-W23:00015,11,[11],[11],[11],[13],on_time -> on_time
IN:mom:Factory_Import_CN:EVmaker_Import,EVmaker_Import:PRO:2026-W23:00016,11,[11],[11],[11],[13],on_time -> on_time
IN:mom:Factory_Import_CN:EVmaker_Import,EVmaker_Import:PRO:2026-W23:00017,11,[11],[11],[11],[13],on_time -> on_time
IN:mom:Factory_Import_CN:EVmaker_Import,EVmaker_Import:PRO:2026-W23:00018,11,[11],[11],[11],[13],on_time -> on_time
OUT:leaf_out:PRO:EVmaker_Import,EVmaker_Import:PRO:2026-W13:00001,11,[11],[],[11],[],on_time -> backlog
OUT:leaf_out:PRO:EVmaker_Import,EVmaker_Import:PRO:2026-W13:00002,11,[11],[],[11],[],on_time -> backlog
OUT:leaf_out:PRO:EVmaker_Import,EVmaker_Import:PRO:2026-W13:00003,11,[11],[],[11],[],on_time -> backlog
OUT:leaf_out:PRO:EVmaker_Import,EVmaker_Import:PRO:2026-W13:00004,11,[11],[],[11],[],on_time -> backlog
OUT:leaf_out:PRO:EVmaker_Import,EVmaker_Import:PRO:2026-W13:00005,11,[11],[],[11],[],on_time -> backlog
OUT:leaf_out:PRO:EVmaker_Import,EVmaker_Import:PRO:2026-W13:00006,11,[11],[],[11],[],on_time -> backlog
OUT:leaf_out:PRO:EVmaker_Import,EVmaker_Import:PRO:2026-W13:00007,11,[11],[],[11],[],on_time -> backlog
OUT:leaf_out:PRO:EVmaker_Import,EVmaker_Import:PRO:2026-W13:00008,11,[11],[],[11],[],on_time -> backlog
OUT:leaf_out:PRO:EVmaker_Import,EVmaker_Import:PRO:2026-W13:00009,11,[11],[],[11],[],on_time -> backlog
OUT:leaf_out:PRO:EVmaker_Import,EVmaker_Import:PRO:2026-W13:00010,11,[11],[],[11],[],on_time -> backlog
OUT:leaf_out:PRO:EVmaker_Import,EVmaker_Import:PRO:2026-W13:00011,11,[11],[],[11],[],on_time -> backlog
OUT:leaf_out:PRO:EVmaker_Import,EVmaker_Import:PRO:2026-W13:00012,11,[11],[],[11],[],on_time -> backlog
OUT:leaf_out:PRO:EVmaker_Import,EVmaker_Import:PRO:2026-W13:00013,11,[11],[],[11],[],on_time -> backlog
OUT:leaf_out:PRO:EVmaker_Import,EVmaker_Import:PRO:2026-W13:00014,11,[11],[],[11],[],on_time -> backlog
OUT:leaf_out:PRO:EVmaker_Import,EVmaker_Import:PRO:2026-W13:00015,11,[11],[],[11],[],on_time -> backlog
OUT:leaf_out:PRO:EVmaker_Import,EVmaker_Import:PRO:2026-W13:00016,11,[11],[],[11],[],on_time -> backlog
OUT:leaf_out:PRO:EVmaker_Import,EVmaker_Import:PRO:2026-W13:00017,11,[11],[],[11],[],on_time -> backlog
OUT:leaf_out:PRO:EVmaker_Import,EVmaker_Import:PRO:2026-W13:00018,11,[11],[],[11],[],on_time -> backlog
OUT:leaf_out:PRO:EVmaker_Import,EVmaker_Import:PRO:2026-W13:00019,11,[11],[],[11],[],on_time -> backlog
OUT:leaf_out:PRO:EVmaker_Import,EVmaker_Import:PRO:2026-W13:00020,11,[11],[],[11],[],on_time -> backlog
OUT:leaf_out:PRO:EVmaker_Import,EVmaker_Import:PRO:2026-W13:00021,11,[11],[],[11],[],on_time -> backlog
OUT:leaf_out:PRO:EVmaker_Import,EVmaker_Import:PRO:2026-W13:00022,11,[11],[],[11],[],on_time -> backlog
OUT:leaf_out:PRO:EVmaker_Import,EVmaker_Import:PRO:2026-W13:00023,11,[11],[],[11],[],on_time -> backlog
OUT:leaf_out:PRO:EVmaker_Import,EVmaker_Import:PRO:2026-W13:00024,11,[11],[],[11],[],on_time -> backlog
OUT:leaf_out:PRO:EVmaker_Import,EVmaker_Import:PRO:2026-W13:00025,11,[11],[],[11],[],on_time -> backlog
OUT:leaf_out:PRO:EVmaker_Import,EVmaker_Import:PRO:2026-W13:00026,11,[11],[],[11],[],on_time -> backlog
OUT:leaf_out:PRO:EVmaker_Import,EVmaker_Import:PRO:2026-W13:00027,11,[11],[],[11],[],on_time -> backlog
OUT:leaf_out:PRO:EVmaker_Import,EVmaker_Import:PRO:2026-W13:00028,11,[11],[],[11],[],on_time -> backlog
OUT:leaf_out:PRO:EVmaker_Import,EVmaker_Import:PRO:2026-W13:00029,11,[11],[],[11],[],on_time -> backlog
OUT:leaf_out:PRO:EVmaker_Import,EVmaker_Import:PRO:2026-W13:00030,11,[11],[],[11],[],on_time -> backlog
OUT:leaf_out:PRO:EVmaker_Import,EVmaker_Import:PRO:2026-W13:00031,11,[11],[],[11],[],on_time -> backlog
OUT:leaf_out:PRO:EVmaker_Import,EVmaker_Import:PRO:2026-W13:00032,11,[11],[],[11],[],on_time -> backlog
OUT:leaf_out:PRO:EVmaker_Import,EVmaker_Import:PRO:2026-W13:00033,11,[11],[],[11],[],on_time -> backlog
OUT:leaf_out:PRO:EVmaker_Import,EVmaker_Import:PRO:2026-W13:00034,11,[11],[],[11],[],on_time -> backlog
OUT:leaf_out:PRO:EVmaker_Import,EVmaker_Import:PRO:2026-W13:00035,11,[11],[],[11],[],on_time -> backlog
OUT:leaf_out:PRO:EVmaker_Import,EVmaker_Import:PRO:2026-W13:00036,11,[11],[],[11],[],on_time -> backlog
OUT:leaf_out:PRO:EVmaker_Import,EVmaker_Import:PRO:2026-W13:00037,11,[11],[],[11],[],on_time -> backlog
OUT:leaf_out:PRO:EVmaker_Import,EVmaker_Import:PRO:2026-W13:00038,11,[11],[],[11],[],on_time -> backlog
OUT:leaf_out:PRO:EVmaker_Import,EVmaker_Import:PRO:2026-W13:00039,11,[11],[],[11],[],on_time -> backlog
OUT:leaf_out:PRO:EVmaker_Import,EVmaker_Import:PRO:2026-W13:00040,11,[11],[],[11],[],on_time -> backlog
IN:mom:Factory_Import_CN:EVmaker_Import,EVmaker_Import:BKK:2026-W23:00001,12,[12],[12],[12],[14],on_time -> on_time
IN:mom:Factory_Import_CN:EVmaker_Import,EVmaker_Import:BKK:2026-W23:00002,12,[12],[12],[12],[14],on_time -> on_time
IN:mom:Factory_Import_CN:EVmaker_Import,EVmaker_Import:BKK:2026-W23:00003,12,[12],[12],[12],[14],on_time -> on_time
IN:mom:Factory_Import_CN:EVmaker_Import,EVmaker_Import:BKK:2026-W23:00004,12,[12],[12],[12],[14],on_time -> on_time
IN:mom:Factory_Import_CN:EVmaker_Import,EVmaker_Import:BKK:2026-W23:00005,12,[12],[12],[12],[14],on_time -> on_time
IN:mom:Factory_Import_CN:EVmaker_Import,EVmaker_Import:BKK:2026-W23:00006,12,[12],[12],[12],[14],on_time -> on_time
IN:mom:Factory_Import_CN:EVmaker_Import,EVmaker_Import:BKK:2026-W23:00007,12,[12],[12],[12],[14],on_time -> on_time
IN:mom:Factory_Import_CN:EVmaker_Import,EVmaker_Import:BKK:2026-W23:00008,12,[12],[12],[12],[14],on_time -> on_time
IN:mom:Factory_Import_CN:EVmaker_Import,EVmaker_Import:BKK:2026-W23:00009,12,[12],[12],[12],[14],on_time -> on_time
IN:mom:Factory_Import_CN:EVmaker_Import,EVmaker_Import:BKK:2026-W23:00010,12,[12],[12],[12],[14],on_time -> on_time
IN:mom:Factory_Import_CN:EVmaker_Import,EVmaker_Import:BKK:2026-W23:00011,12,[12],[12],[12],[14],on_time -> on_time
IN:mom:Factory_Import_CN:EVmaker_Import,EVmaker_Import:BKK:2026-W23:00012,12,[12],[12],[12],[14],on_time -> on_time
IN:mom:Factory_Import_CN:EVmaker_Import,EVmaker_Import:BKK:2026-W23:00013,12,[12],[12],[12],[14],on_time -> on_time
IN:mom:Factory_Import_CN:EVmaker_Import,EVmaker_Import:BKK:2026-W23:00014,12,[12],[12],[12],[14],on_time -> on_time
IN:mom:Factory_Import_CN:EVmaker_Import,EVmaker_Import:BKK:2026-W23:00015,12,[12],[12],[12],[14],on_time -> on_time
IN:mom:Factory_Import_CN:EVmaker_Import,EVmaker_Import:BKK:2026-W23:00016,12,[12],[12],[12],[14],on_time -> on_time
IN:mom:Factory_Import_CN:EVmaker_Import,EVmaker_Import:BKK:2026-W23:00017,12,[12],[12],[12],[14],on_time -> on_time
IN:mom:Factory_Import_CN:EVmaker_Import,EVmaker_Import:BKK:2026-W23:00018,12,[12],[12],[12],[14],on_time -> on_time
IN:mom:Factory_Import_CN:EVmaker_Import,EVmaker_Import:BKK:2026-W23:00019,12,[12],[12],[12],[14],on_time -> on_time
IN:mom:Factory_Import_CN:EVmaker_Import,EVmaker_Import:BKK:2026-W23:00020,12,[12],[12],[12],[14],on_time -> on_time
IN:mom:Factory_Import_CN:EVmaker_Import,EVmaker_Import:BKK:2026-W23:00021,12,[12],[12],[12],[14],on_time -> on_time
IN:mom:Factory_Import_CN:EVmaker_Import,EVmaker_Import:BKK:2026-W23:00022,12,[12],[12],[12],[14],on_time -> on_time
IN:mom:Factory_Import_CN:EVmaker_Import,EVmaker_Import:BKK:2026-W23:00023,12,[12],[12],[12],[14],on_time -> on_time
IN:mom:Factory_Import_CN:EVmaker_Import,EVmaker_Import:BKK:2026-W23:00024,12,[12],[12],[12],[14],on_time -> on_time
IN:mom:Factory_Import_CN:EVmaker_Import,EVmaker_Import:BKK:2026-W23:00025,12,[12],[12],[12],[14],on_time -> on_time
IN:mom:Factory_Import_CN:EVmaker_Import,EVmaker_Import:BKK:2026-W23:00026,12,[12],[12],[12],[14],on_time -> on_time
IN:mom:Factory_Import_CN:EVmaker_Import,EVmaker_Import:BKK:2026-W23:00027,12,[12],[12],[12],[14],on_time -> on_time
IN:mom:Factory_Import_CN:EVmaker_Import,EVmaker_Import:BKK:2026-W23:00028,12,[12],[12],[12],[14],on_time -> on_time
IN:mom:Factory_Import_CN:EVmaker_Import,EVmaker_Import:BKK:2026-W23:00029,12,[12],[12],[12],[14],on_time -> on_time
IN:mom:Factory_Import_CN:EVmaker_Import,EVmaker_Import:BKK:2026-W23:00030,12,[12],[12],[12],[14],on_time -> on_time
IN:mom:Factory_Import_CN:EVmaker_Import,EVmaker_Import:BKK:2026-W23:00031,12,[12],[12],[12],[14],on_time -> on_time
IN:mom:Factory_Import_CN:EVmaker_Import,EVmaker_Import:BKK:2026-W23:00032,12,[12],[12],[12],[14],on_time -> on_time
IN:mom:Factory_Import_CN:EVmaker_Import,EVmaker_Import:BKK:2026-W23:00033,12,[12],[12],[12],[14],on_time -> on_time
IN:mom:Factory_Import_CN:EVmaker_Import,EVmaker_Import:BKK:2026-W23:00034,12,[12],[12],[12],[14],on_time -> on_time
IN:mom:Factory_Import_CN:EVmaker_Import,EVmaker_Import:BKK:2026-W23:00035,12,[12],[12],[12],[14],on_time -> on_time
IN:mom:Factory_Import_CN:EVmaker_Import,EVmaker_Import:BKK:2026-W23:00036,12,[12],[12],[12],[14],on_time -> on_time
IN:mom:Factory_Import_CN:EVmaker_Import,EVmaker_Import:BKK:2026-W23:00037,12,[12],[12],[12],[14],on_time -> on_time
IN:mom:Factory_Import_CN:EVmaker_Import,EVmaker_Import:BKK:2026-W23:00038,12,[12],[12],[12],[14],on_time -> on_time
IN:mom:Factory_Import_CN:EVmaker_Import,EVmaker_Import:BKK:2026-W23:00039,12,[12],[12],[12],[14],on_time -> on_time
IN:mom:Factory_Import_CN:EVmaker_Import,EVmaker_Import:BKK:2026-W23:00040,12,[12],[12],[12],[14],on_time -> on_time
IN:mom:Factory_Import_CN:EVmaker_Import,EVmaker_Import:BKK:2026-W23:00041,12,[12],[12],[12],[14],on_time -> on_time
IN:mom:Factory_Import_CN:EVmaker_Import,EVmaker_Import:BKK:2026-W23:00042,12,[12],[12],[12],[14],on_time -> on_time
IN:mom:Factory_Import_CN:EVmaker_Import,EVmaker_Import:BKK:2026-W23:00043,12,[12],[12],[12],[14],on_time -> on_time
IN:mom:Factory_Import_CN:EVmaker_Import,EVmaker_Import:BKK:2026-W23:00044,12,[12],[12],[12],[14],on_time -> on_time
IN:mom:Factory_Import_CN:EVmaker_Import,EVmaker_Import:BKK:2026-W23:00045,12,[12],[12],[12],[14],on_time -> on_time
IN:mom:Factory_Import_CN:EVmaker_Import,EVmaker_Import:BKK:2026-W23:00046,12,[12],[12],[12],[14],on_time -> on_time
IN:mom:Factory_Import_CN:EVmaker_Import,EVmaker_Import:BKK:2026-W23:00047,12,[12],[12],[12],[14],on_time -> on_time
IN:mom:Factory_Import_CN:EVmaker_Import,EVmaker_Import:BKK:2026-W23:00048,12,[12],[12],[12],[14],on_time -> on_time
IN:mom:Factory_Import_CN:EVmaker_Import,EVmaker_Import:BKK:2026-W23:00049,12,[12],[12],[12],[14],on_time -> on_time
IN:mom:Factory_Import_CN:EVmaker_Import,EVmaker_Import:BKK:2026-W23:00050,12,[12],[12],[12],[14],on_time -> on_time
IN:mom:Factory_Import_CN:EVmaker_Import,EVmaker_Import:ONL:2026-W22:00001,12,[11],[11],[12],[13],on_time -> on_time
IN:mom:Factory_Import_CN:EVmaker_Import,EVmaker_Import:ONL:2026-W22:00002,12,[11],[11],[12],[13],on_time -> on_time
IN:mom:Factory_Import_CN:EVmaker_Import,EVmaker_Import:ONL:2026-W22:00003,12,[11],[11],[12],[13],on_time -> on_time
IN:mom:Factory_Import_CN:EVmaker_Import,EVmaker_Import:ONL:2026-W22:00004,12,[11],[11],[12],[13],on_time -> on_time
IN:mom:Factory_Import_CN:EVmaker_Import,EVmaker_Import:ONL:2026-W22:00005,12,[11],[11],[12],[13],on_time -> on_time
IN:mom:Factory_Import_CN:EVmaker_Import,EVmaker_Import:ONL:2026-W22:00006,12,[11],[11],[12],[13],on_time -> on_time
IN:mom:Factory_Import_CN:EVmaker_Import,EVmaker_Import:ONL:2026-W22:00007,12,[11],[11],[12],[13],on_time -> on_time
IN:mom:Factory_Import_CN:EVmaker_Import,EVmaker_Import:ONL:2026-W22:00008,12,[11],[11],[12],[13],on_time -> on_time
IN:mom:Factory_Import_CN:EVmaker_Import,EVmaker_Import:ONL:2026-W22:00009,12,[11],[11],[12],[13],on_time -> on_time
IN:mom:Factory_Import_CN:EVmaker_Import,EVmaker_Import:ONL:2026-W22:00010,12,[11],[11],[12],[13],on_time -> on_time
IN:mom:Factory_Import_CN:EVmaker_Import,EVmaker_Import:PRO:2026-W23:00019,12,[11],[11],[12],[13],on_time -> on_time
IN:mom:Factory_Import_CN:EVmaker_Import,EVmaker_Import:PRO:2026-W23:00020,12,[11],[11],[12],[13],on_time -> on_time
IN:mom:Factory_Import_CN:EVmaker_Import,EVmaker_Import:PRO:2026-W23:00021,12,[11],[11],[12],[13],on_time -> on_time
IN:mom:Factory_Import_CN:EVmaker_Import,EVmaker_Import:PRO:2026-W23:00022,12,[11],[11],[12],[13],on_time -> on_time
IN:mom:Factory_Import_CN:EVmaker_Import,EVmaker_Import:PRO:2026-W23:00023,12,[11],[11],[12],[13],on_time -> on_time
IN:mom:Factory_Import_CN:EVmaker_Import,EVmaker_Import:PRO:2026-W23:00024,12,[11],[11],[12],[13],on_time -> on_time
IN:mom:Factory_Import_CN:EVmaker_Import,EVmaker_Import:PRO:2026-W23:00025,12,[11],[11],[12],[13],on_time -> on_time
IN:mom:Factory_Import_CN:EVmaker_Import,EVmaker_Import:PRO:2026-W23:00026,12,[11],[11],[12],[13],on_time -> on_time
IN:mom:Factory_Import_CN:EVmaker_Import,EVmaker_Import:PRO:2026-W23:00027,12,[11],[11],[12],[13],on_time -> on_time
IN:mom:Factory_Import_CN:EVmaker_Import,EVmaker_Import:PRO:2026-W23:00028,12,[11],[11],[12],[13],on_time -> on_time
IN:mom:Factory_Import_CN:EVmaker_Import,EVmaker_Import:PRO:2026-W23:00029,12,[11],[11],[12],[13],on_time -> on_time
IN:mom:Factory_Import_CN:EVmaker_Import,EVmaker_Import:PRO:2026-W23:00030,12,[11],[11],[12],[13],on_time -> on_time
IN:mom:Factory_Import_CN:EVmaker_Import,EVmaker_Import:PRO:2026-W23:00031,12,[11],[11],[12],[13],on_time -> on_time
IN:mom:Factory_Import_CN:EVmaker_Import,EVmaker_Import:PRO:2026-W23:00032,12,[11],[11],[12],[13],on_time -> on_time
IN:mom:Factory_Import_CN:EVmaker_Import,EVmaker_Import:PRO:2026-W23:00033,12,[11],[11],[12],[13],on_time -> on_time
IN:mom:Factory_Import_CN:EVmaker_Import,EVmaker_Import:PRO:2026-W23:00034,12,[11],[11],[12],[13],on_time -> on_time
IN:mom:Factory_Import_CN:EVmaker_Import,EVmaker_Import:PRO:2026-W23:00035,12,[11],[11],[12],[13],on_time -> on_time
IN:mom:Factory_Import_CN:EVmaker_Import,EVmaker_Import:PRO:2026-W23:00036,12,[11],[11],[12],[13],on_time -> on_time
IN:mom:Factory_Import_CN:EVmaker_Import,EVmaker_Import:PRO:2026-W23:00037,12,[11],[11],[12],[13],on_time -> on_time
IN:mom:Factory_Import_CN:EVmaker_Import,EVmaker_Import:PRO:2026-W23:00038,12,[11],[11],[12],[13],on_time -> on_time
IN:mom:Factory_Import_CN:EVmaker_Import,EVmaker_Import:PRO:2026-W23:00039,12,[11],[11],[12],[13],on_time -> on_time
IN:mom:Factory_Import_CN:EVmaker_Import,EVmaker_Import:PRO:2026-W23:00040,12,[11],[11],[12],[13],on_time -> on_time
IN:mom:Factory_Import_CN:EVmaker_Import,EVmaker_Import:PRO:2026-W24:00001,12,[12],[12],[12],[14],on_time -> on_time
IN:mom:Factory_Import_CN:EVmaker_Import,EVmaker_Import:PRO:2026-W24:00002,12,[12],[12],[12],[14],on_time -> on_time
IN:mom:Factory_Import_CN:EVmaker_Import,EVmaker_Import:PRO:2026-W24:00003,12,[12],[12],[12],[14],on_time -> on_time
IN:mom:Factory_Import_CN:EVmaker_Import,EVmaker_Import:PRO:2026-W24:00004,12,[12],[12],[12],[14],on_time -> on_time
IN:mom:Factory_Import_CN:EVmaker_Import,EVmaker_Import:PRO:2026-W24:00005,12,[12],[12],[12],[14],on_time -> on_time
IN:mom:Factory_Import_CN:EVmaker_Import,EVmaker_Import:PRO:2026-W24:00006,12,[12],[12],[12],[14],on_time -> on_time
IN:mom:Factory_Import_CN:EVmaker_Import,EVmaker_Import:PRO:2026-W24:00007,12,[12],[12],[12],[14],on_time -> on_time
IN:mom:Factory_Import_CN:EVmaker_Import,EVmaker_Import:PRO:2026-W24:00008,12,[12],[12],[12],[14],on_time -> on_time
IN:mom:Factory_Import_CN:EVmaker_Import,EVmaker_Import:PRO:2026-W24:00009,12,[12],[12],[12],[14],on_time -> on_time
IN:mom:Factory_Import_CN:EVmaker_Import,EVmaker_Import:PRO:2026-W24:00010,12,[12],[12],[12],[14],on_time -> on_time
IN:mom:Factory_Import_CN:EVmaker_Import,EVmaker_Import:PRO:2026-W24:00011,12,[12],[12],[12],[14],on_time -> on_time
IN:mom:Factory_Import_CN:EVmaker_Import,EVmaker_Import:PRO:2026-W24:00012,12,[12],[12],[12],[14],on_time -> on_time
IN:mom:Factory_Import_CN:EVmaker_Import,EVmaker_Import:PRO:2026-W24:00013,12,[12],[12],[12],[14],on_time -> on_time
IN:mom:Factory_Import_CN:EVmaker_Import,EVmaker_Import:PRO:2026-W24:00014,12,[12],[12],[12],[14],on_time -> on_time
IN:mom:Factory_Import_CN:EVmaker_Import,EVmaker_Import:PRO:2026-W24:00015,12,[12],[12],[12],[14],on_time -> on_time
IN:mom:Factory_Import_CN:EVmaker_Import,EVmaker_Import:PRO:2026-W24:00016,12,[12],[12],[12],[14],on_time -> on_time
IN:mom:Factory_Import_CN:EVmaker_Import,EVmaker_Import:PRO:2026-W24:00017,12,[12],[12],[12],[14],on_time -> on_time
IN:mom:Factory_Import_CN:EVmaker_Import,EVmaker_Import:PRO:2026-W24:00018,12,[12],[12],[12],[14],on_time -> on_time
IN:mom:Factory_Import_CN:EVmaker_Import,EVmaker_Import:BKK:2026-W24:00001,13,[13],[13],[13],[15],on_time -> on_time
IN:mom:Factory_Import_CN:EVmaker_Import,EVmaker_Import:BKK:2026-W24:00002,13,[13],[13],[13],[15],on_time -> on_time
IN:mom:Factory_Import_CN:EVmaker_Import,EVmaker_Import:BKK:2026-W24:00003,13,[13],[13],[13],[15],on_time -> on_time
IN:mom:Factory_Import_CN:EVmaker_Import,EVmaker_Import:BKK:2026-W24:00004,13,[13],[13],[13],[15],on_time -> on_time
IN:mom:Factory_Import_CN:EVmaker_Import,EVmaker_Import:BKK:2026-W24:00005,13,[13],[13],[13],[15],on_time -> on_time
IN:mom:Factory_Import_CN:EVmaker_Import,EVmaker_Import:BKK:2026-W24:00006,13,[13],[13],[13],[15],on_time -> on_time
IN:mom:Factory_Import_CN:EVmaker_Import,EVmaker_Import:BKK:2026-W24:00007,13,[13],[13],[13],[15],on_time -> on_time
IN:mom:Factory_Import_CN:EVmaker_Import,EVmaker_Import:BKK:2026-W24:00008,13,[13],[13],[13],[15],on_time -> on_time
IN:mom:Factory_Import_CN:EVmaker_Import,EVmaker_Import:BKK:2026-W24:00009,13,[13],[13],[13],[15],on_time -> on_time
IN:mom:Factory_Import_CN:EVmaker_Import,EVmaker_Import:BKK:2026-W24:00010,13,[13],[13],[13],[15],on_time -> on_time
IN:mom:Factory_Import_CN:EVmaker_Import,EVmaker_Import:BKK:2026-W24:00011,13,[13],[13],[13],[15],on_time -> on_time
IN:mom:Factory_Import_CN:EVmaker_Import,EVmaker_Import:BKK:2026-W24:00012,13,[13],[13],[13],[15],on_time -> on_time
IN:mom:Factory_Import_CN:EVmaker_Import,EVmaker_Import:BKK:2026-W24:00013,13,[13],[13],[13],[15],on_time -> on_time
IN:mom:Factory_Import_CN:EVmaker_Import,EVmaker_Import:BKK:2026-W24:00014,13,[13],[13],[13],[15],on_time -> on_time
IN:mom:Factory_Import_CN:EVmaker_Import,EVmaker_Import:BKK:2026-W24:00015,13,[13],[13],[13],[15],on_time -> on_time
IN:mom:Factory_Import_CN:EVmaker_Import,EVmaker_Import:BKK:2026-W24:00016,13,[13],[13],[13],[15],on_time -> on_time
IN:mom:Factory_Import_CN:EVmaker_Import,EVmaker_Import:BKK:2026-W24:00017,13,[13],[13],[13],[15],on_time -> on_time
IN:mom:Factory_Import_CN:EVmaker_Import,EVmaker_Import:BKK:2026-W24:00018,13,[13],[13],[13],[15],on_time -> on_time
IN:mom:Factory_Import_CN:EVmaker_Import,EVmaker_Import:BKK:2026-W24:00019,13,[13],[13],[13],[15],on_time -> on_time
IN:mom:Factory_Import_CN:EVmaker_Import,EVmaker_Import:BKK:2026-W24:00020,13,[13],[13],[13],[15],on_time -> on_time
IN:mom:Factory_Import_CN:EVmaker_Import,EVmaker_Import:BKK:2026-W24:00021,13,[13],[13],[13],[15],on_time -> on_time
IN:mom:Factory_Import_CN:EVmaker_Import,EVmaker_Import:BKK:2026-W24:00022,13,[13],[13],[13],[15],on_time -> on_time
IN:mom:Factory_Import_CN:EVmaker_Import,EVmaker_Import:BKK:2026-W24:00023,13,[13],[13],[13],[15],on_time -> on_time
IN:mom:Factory_Import_CN:EVmaker_Import,EVmaker_Import:BKK:2026-W24:00024,13,[13],[13],[13],[15],on_time -> on_time
IN:mom:Factory_Import_CN:EVmaker_Import,EVmaker_Import:BKK:2026-W24:00025,13,[13],[13],[13],[15],on_time -> on_time
IN:mom:Factory_Import_CN:EVmaker_Import,EVmaker_Import:BKK:2026-W24:00026,13,[13],[13],[13],[15],on_time -> on_time
IN:mom:Factory_Import_CN:EVmaker_Import,EVmaker_Import:BKK:2026-W24:00027,13,[13],[13],[13],[15],on_time -> on_time
IN:mom:Factory_Import_CN:EVmaker_Import,EVmaker_Import:BKK:2026-W24:00028,13,[13],[13],[13],[15],on_time -> on_time
IN:mom:Factory_Import_CN:EVmaker_Import,EVmaker_Import:BKK:2026-W24:00029,13,[13],[13],[13],[15],on_time -> on_time
IN:mom:Factory_Import_CN:EVmaker_Import,EVmaker_Import:BKK:2026-W24:00030,13,[13],[13],[13],[15],on_time -> on_time
IN:mom:Factory_Import_CN:EVmaker_Import,EVmaker_Import:BKK:2026-W24:00031,13,[13],[13],[13],[15],on_time -> on_time
IN:mom:Factory_Import_CN:EVmaker_Import,EVmaker_Import:BKK:2026-W24:00032,13,[13],[13],[13],[15],on_time -> on_time
IN:mom:Factory_Import_CN:EVmaker_Import,EVmaker_Import:BKK:2026-W24:00033,13,[13],[13],[13],[15],on_time -> on_time
IN:mom:Factory_Import_CN:EVmaker_Import,EVmaker_Import:BKK:2026-W24:00034,13,[13],[13],[13],[15],on_time -> on_time
IN:mom:Factory_Import_CN:EVmaker_Import,EVmaker_Import:BKK:2026-W24:00035,13,[13],[13],[13],[15],on_time -> on_time
IN:mom:Factory_Import_CN:EVmaker_Import,EVmaker_Import:BKK:2026-W24:00036,13,[13],[13],[13],[15],on_time -> on_time
IN:mom:Factory_Import_CN:EVmaker_Import,EVmaker_Import:BKK:2026-W24:00037,13,[13],[13],[13],[15],on_time -> on_time
IN:mom:Factory_Import_CN:EVmaker_Import,EVmaker_Import:BKK:2026-W24:00038,13,[13],[13],[13],[15],on_time -> on_time
IN:mom:Factory_Import_CN:EVmaker_Import,EVmaker_Import:BKK:2026-W24:00039,13,[13],[13],[13],[15],on_time -> on_time
IN:mom:Factory_Import_CN:EVmaker_Import,EVmaker_Import:BKK:2026-W24:00040,13,[13],[13],[13],[15],on_time -> on_time
IN:mom:Factory_Import_CN:EVmaker_Import,EVmaker_Import:BKK:2026-W24:00041,13,[13],[13],[13],[15],on_time -> on_time
IN:mom:Factory_Import_CN:EVmaker_Import,EVmaker_Import:BKK:2026-W24:00042,13,[13],[13],[13],[15],on_time -> on_time
IN:mom:Factory_Import_CN:EVmaker_Import,EVmaker_Import:BKK:2026-W24:00043,13,[13],[13],[13],[15],on_time -> on_time
IN:mom:Factory_Import_CN:EVmaker_Import,EVmaker_Import:BKK:2026-W24:00044,13,[13],[13],[13],[15],on_time -> on_time
IN:mom:Factory_Import_CN:EVmaker_Import,EVmaker_Import:BKK:2026-W24:00045,13,[13],[13],[13],[15],on_time -> on_time
IN:mom:Factory_Import_CN:EVmaker_Import,EVmaker_Import:BKK:2026-W24:00046,13,[13],[13],[13],[15],on_time -> on_time
IN:mom:Factory_Import_CN:EVmaker_Import,EVmaker_Import:BKK:2026-W24:00047,13,[13],[13],[13],[15],on_time -> on_time
IN:mom:Factory_Import_CN:EVmaker_Import,EVmaker_Import:BKK:2026-W24:00048,13,[13],[13],[13],[15],on_time -> on_time
IN:mom:Factory_Import_CN:EVmaker_Import,EVmaker_Import:BKK:2026-W24:00049,13,[13],[13],[13],[15],on_time -> on_time
IN:mom:Factory_Import_CN:EVmaker_Import,EVmaker_Import:BKK:2026-W24:00050,13,[13],[13],[13],[15],on_time -> on_time
IN:mom:Factory_Import_CN:EVmaker_Import,EVmaker_Import:ONL:2026-W23:00001,13,[12],[12],[13],[14],on_time -> on_time
IN:mom:Factory_Import_CN:EVmaker_Import,EVmaker_Import:ONL:2026-W23:00002,13,[12],[12],[13],[14],on_time -> on_time
IN:mom:Factory_Import_CN:EVmaker_Import,EVmaker_Import:ONL:2026-W23:00003,13,[12],[12],[13],[14],on_time -> on_time
IN:mom:Factory_Import_CN:EVmaker_Import,EVmaker_Import:ONL:2026-W23:00004,13,[12],[12],[13],[14],on_time -> on_time
IN:mom:Factory_Import_CN:EVmaker_Import,EVmaker_Import:ONL:2026-W23:00005,13,[12],[12],[13],[14],on_time -> on_time
IN:mom:Factory_Import_CN:EVmaker_Import,EVmaker_Import:ONL:2026-W23:00006,13,[12],[12],[13],[14],on_time -> on_time
IN:mom:Factory_Import_CN:EVmaker_Import,EVmaker_Import:ONL:2026-W23:00007,13,[12],[12],[13],[14],on_time -> on_time
IN:mom:Factory_Import_CN:EVmaker_Import,EVmaker_Import:ONL:2026-W23:00008,13,[12],[12],[13],[14],on_time -> on_time
IN:mom:Factory_Import_CN:EVmaker_Import,EVmaker_Import:ONL:2026-W23:00009,13,[12],[12],[13],[14],on_time -> on_time
IN:mom:Factory_Import_CN:EVmaker_Import,EVmaker_Import:ONL:2026-W23:00010,13,[12],[12],[13],[14],on_time -> on_time
IN:mom:Factory_Import_CN:EVmaker_Import,EVmaker_Import:PRO:2026-W24:00019,13,[12],[12],[13],[14],on_time -> on_time
IN:mom:Factory_Import_CN:EVmaker_Import,EVmaker_Import:PRO:2026-W24:00020,13,[12],[12],[13],[14],on_time -> on_time
IN:mom:Factory_Import_CN:EVmaker_Import,EVmaker_Import:PRO:2026-W24:00021,13,[12],[12],[13],[14],on_time -> on_time
IN:mom:Factory_Import_CN:EVmaker_Import,EVmaker_Import:PRO:2026-W24:00022,13,[12],[12],[13],[14],on_time -> on_time
IN:mom:Factory_Import_CN:EVmaker_Import,EVmaker_Import:PRO:2026-W24:00023,13,[12],[12],[13],[14],on_time -> on_time
IN:mom:Factory_Import_CN:EVmaker_Import,EVmaker_Import:PRO:2026-W24:00024,13,[12],[12],[13],[14],on_time -> on_time
IN:mom:Factory_Import_CN:EVmaker_Import,EVmaker_Import:PRO:2026-W24:00025,13,[12],[12],[13],[14],on_time -> on_time
IN:mom:Factory_Import_CN:EVmaker_Import,EVmaker_Import:PRO:2026-W24:00026,13,[12],[12],[13],[14],on_time -> on_time
IN:mom:Factory_Import_CN:EVmaker_Import,EVmaker_Import:PRO:2026-W24:00027,13,[12],[12],[13],[14],on_time -> on_time
IN:mom:Factory_Import_CN:EVmaker_Import,EVmaker_Import:PRO:2026-W24:00028,13,[12],[12],[13],[14],on_time -> on_time
IN:mom:Factory_Import_CN:EVmaker_Import,EVmaker_Import:PRO:2026-W24:00029,13,[12],[12],[13],[14],on_time -> on_time
IN:mom:Factory_Import_CN:EVmaker_Import,EVmaker_Import:PRO:2026-W24:00030,13,[12],[12],[13],[14],on_time -> on_time
IN:mom:Factory_Import_CN:EVmaker_Import,EVmaker_Import:PRO:2026-W24:00031,13,[12],[12],[13],[14],on_time -> on_time
IN:mom:Factory_Import_CN:EVmaker_Import,EVmaker_Import:PRO:2026-W24:00032,13,[12],[12],[13],[14],on_time -> on_time
IN:mom:Factory_Import_CN:EVmaker_Import,EVmaker_Import:PRO:2026-W24:00033,13,[12],[12],[13],[14],on_time -> on_time
IN:mom:Factory_Import_CN:EVmaker_Import,EVmaker_Import:PRO:2026-W24:00034,13,[12],[12],[13],[14],on_time -> on_time
IN:mom:Factory_Import_CN:EVmaker_Import,EVmaker_Import:PRO:2026-W24:00035,13,[12],[12],[13],[14],on_time -> on_time
IN:mom:Factory_Import_CN:EVmaker_Import,EVmaker_Import:PRO:2026-W24:00036,13,[12],[12],[13],[14],on_time -> on_time
IN:mom:Factory_Import_CN:EVmaker_Import,EVmaker_Import:PRO:2026-W24:00037,13,[12],[12],[13],[14],on_time -> on_time
IN:mom:Factory_Import_CN:EVmaker_Import,EVmaker_Import:PRO:2026-W24:00038,13,[12],[12],[13],[14],on_time -> on_time
IN:mom:Factory_Import_CN:EVmaker_Import,EVmaker_Import:PRO:2026-W24:00039,13,[12],[12],[13],[14],on_time -> on_time
IN:mom:Factory_Import_CN:EVmaker_Import,EVmaker_Import:PRO:2026-W24:00040,13,[12],[12],[13],[14],on_time -> on_time
IN:mom:Factory_Import_CN:EVmaker_Import,EVmaker_Import:PRO:2026-W25:00001,13,[13],[13],[13],[15],on_time -> on_time
IN:mom:Factory_Import_CN:EVmaker_Import,EVmaker_Import:PRO:2026-W25:00002,13,[13],[13],[13],[15],on_time -> on_time
IN:mom:Factory_Import_CN:EVmaker_Import,EVmaker_Import:PRO:2026-W25:00003,13,[13],[13],[13],[15],on_time -> on_time
IN:mom:Factory_Import_CN:EVmaker_Import,EVmaker_Import:PRO:2026-W25:00004,13,[13],[13],[13],[15],on_time -> on_time
IN:mom:Factory_Import_CN:EVmaker_Import,EVmaker_Import:PRO:2026-W25:00005,13,[13],[13],[13],[15],on_time -> on_time
IN:mom:Factory_Import_CN:EVmaker_Import,EVmaker_Import:PRO:2026-W25:00006,13,[13],[13],[13],[15],on_time -> on_time
IN:mom:Factory_Import_CN:EVmaker_Import,EVmaker_Import:PRO:2026-W25:00007,13,[13],[13],[13],[15],on_time -> on_time
IN:mom:Factory_Import_CN:EVmaker_Import,EVmaker_Import:PRO:2026-W25:00008,13,[13],[13],[13],[15],on_time -> on_time
IN:mom:Factory_Import_CN:EVmaker_Import,EVmaker_Import:PRO:2026-W25:00009,13,[13],[13],[13],[15],on_time -> on_time
IN:mom:Factory_Import_CN:EVmaker_Import,EVmaker_Import:PRO:2026-W25:00010,13,[13],[13],[13],[15],on_time -> on_time
IN:mom:Factory_Import_CN:EVmaker_Import,EVmaker_Import:PRO:2026-W25:00011,13,[13],[13],[13],[15],on_time -> on_time
IN:mom:Factory_Import_CN:EVmaker_Import,EVmaker_Import:PRO:2026-W25:00012,13,[13],[13],[13],[15],on_time -> on_time
IN:mom:Factory_Import_CN:EVmaker_Import,EVmaker_Import:PRO:2026-W25:00013,13,[13],[13],[13],[15],on_time -> on_time
IN:mom:Factory_Import_CN:EVmaker_Import,EVmaker_Import:PRO:2026-W25:00014,13,[13],[13],[13],[15],on_time -> on_time
IN:mom:Factory_Import_CN:EVmaker_Import,EVmaker_Import:PRO:2026-W25:00015,13,[13],[13],[13],[15],on_time -> on_time
IN:mom:Factory_Import_CN:EVmaker_Import,EVmaker_Import:PRO:2026-W25:00016,13,[13],[13],[13],[15],on_time -> on_time
IN:mom:Factory_Import_CN:EVmaker_Import,EVmaker_Import:PRO:2026-W25:00017,13,[13],[13],[13],[15],on_time -> on_time
IN:mom:Factory_Import_CN:EVmaker_Import,EVmaker_Import:PRO:2026-W25:00018,13,[13],[13],[13],[15],on_time -> on_time
IN:mom:Factory_Import_CN:EVmaker_Import,EVmaker_Import:BKK:2026-W25:00001,14,[14],[14],[14],[16],on_time -> on_time
IN:mom:Factory_Import_CN:EVmaker_Import,EVmaker_Import:BKK:2026-W25:00002,14,[14],[14],[14],[16],on_time -> on_time
IN:mom:Factory_Import_CN:EVmaker_Import,EVmaker_Import:BKK:2026-W25:00003,14,[14],[14],[14],[16],on_time -> on_time
IN:mom:Factory_Import_CN:EVmaker_Import,EVmaker_Import:BKK:2026-W25:00004,14,[14],[14],[14],[16],on_time -> on_time
IN:mom:Factory_Import_CN:EVmaker_Import,EVmaker_Import:BKK:2026-W25:00005,14,[14],[14],[14],[16],on_time -> on_time
IN:mom:Factory_Import_CN:EVmaker_Import,EVmaker_Import:BKK:2026-W25:00006,14,[14],[14],[14],[16],on_time -> on_time
IN:mom:Factory_Import_CN:EVmaker_Import,EVmaker_Import:BKK:2026-W25:00007,14,[14],[14],[14],[16],on_time -> on_time
IN:mom:Factory_Import_CN:EVmaker_Import,EVmaker_Import:BKK:2026-W25:00008,14,[14],[14],[14],[16],on_time -> on_time
IN:mom:Factory_Import_CN:EVmaker_Import,EVmaker_Import:BKK:2026-W25:00009,14,[14],[14],[14],[16],on_time -> on_time
IN:mom:Factory_Import_CN:EVmaker_Import,EVmaker_Import:BKK:2026-W25:00010,14,[14],[14],[14],[16],on_time -> on_time
IN:mom:Factory_Import_CN:EVmaker_Import,EVmaker_Import:BKK:2026-W25:00011,14,[14],[14],[14],[16],on_time -> on_time
IN:mom:Factory_Import_CN:EVmaker_Import,EVmaker_Import:BKK:2026-W25:00012,14,[14],[14],[14],[16],on_time -> on_time
IN:mom:Factory_Import_CN:EVmaker_Import,EVmaker_Import:BKK:2026-W25:00013,14,[14],[14],[14],[16],on_time -> on_time
IN:mom:Factory_Import_CN:EVmaker_Import,EVmaker_Import:BKK:2026-W25:00014,14,[14],[14],[14],[16],on_time -> on_time
IN:mom:Factory_Import_CN:EVmaker_Import,EVmaker_Import:BKK:2026-W25:00015,14,[14],[14],[14],[16],on_time -> on_time
IN:mom:Factory_Import_CN:EVmaker_Import,EVmaker_Import:BKK:2026-W25:00016,14,[14],[14],[14],[16],on_time -> on_time
IN:mom:Factory_Import_CN:EVmaker_Import,EVmaker_Import:BKK:2026-W25:00017,14,[14],[14],[14],[16],on_time -> on_time
IN:mom:Factory_Import_CN:EVmaker_Import,EVmaker_Import:BKK:2026-W25:00018,14,[14],[14],[14],[16],on_time -> on_time
IN:mom:Factory_Import_CN:EVmaker_Import,EVmaker_Import:BKK:2026-W25:00019,14,[14],[14],[14],[16],on_time -> on_time
IN:mom:Factory_Import_CN:EVmaker_Import,EVmaker_Import:BKK:2026-W25:00020,14,[14],[14],[14],[16],on_time -> on_time
IN:mom:Factory_Import_CN:EVmaker_Import,EVmaker_Import:BKK:2026-W25:00021,14,[14],[14],[14],[16],on_time -> on_time
IN:mom:Factory_Import_CN:EVmaker_Import,EVmaker_Import:BKK:2026-W25:00022,14,[14],[14],[14],[16],on_time -> on_time
IN:mom:Factory_Import_CN:EVmaker_Import,EVmaker_Import:BKK:2026-W25:00023,14,[14],[14],[14],[16],on_time -> on_time
IN:mom:Factory_Import_CN:EVmaker_Import,EVmaker_Import:BKK:2026-W25:00024,14,[14],[14],[14],[16],on_time -> on_time
IN:mom:Factory_Import_CN:EVmaker_Import,EVmaker_Import:BKK:2026-W25:00025,14,[14],[14],[14],[16],on_time -> on_time
IN:mom:Factory_Import_CN:EVmaker_Import,EVmaker_Import:BKK:2026-W25:00026,14,[14],[14],[14],[16],on_time -> on_time
IN:mom:Factory_Import_CN:EVmaker_Import,EVmaker_Import:BKK:2026-W25:00027,14,[14],[14],[14],[16],on_time -> on_time
IN:mom:Factory_Import_CN:EVmaker_Import,EVmaker_Import:BKK:2026-W25:00028,14,[14],[14],[14],[16],on_time -> on_time
IN:mom:Factory_Import_CN:EVmaker_Import,EVmaker_Import:BKK:2026-W25:00029,14,[14],[14],[14],[16],on_time -> on_time
IN:mom:Factory_Import_CN:EVmaker_Import,EVmaker_Import:BKK:2026-W25:00030,14,[14],[14],[14],[16],on_time -> on_time
IN:mom:Factory_Import_CN:EVmaker_Import,EVmaker_Import:BKK:2026-W25:00031,14,[14],[14],[14],[16],on_time -> on_time
IN:mom:Factory_Import_CN:EVmaker_Import,EVmaker_Import:BKK:2026-W25:00032,14,[14],[14],[14],[16],on_time -> on_time
IN:mom:Factory_Import_CN:EVmaker_Import,EVmaker_Import:BKK:2026-W25:00033,14,[14],[14],[14],[16],on_time -> on_time
IN:mom:Factory_Import_CN:EVmaker_Import,EVmaker_Import:BKK:2026-W25:00034,14,[14],[14],[14],[16],on_time -> on_time
IN:mom:Factory_Import_CN:EVmaker_Import,EVmaker_Import:BKK:2026-W25:00035,14,[14],[14],[14],[16],on_time -> on_time
IN:mom:Factory_Import_CN:EVmaker_Import,EVmaker_Import:BKK:2026-W25:00036,14,[14],[14],[14],[16],on_time -> on_time
IN:mom:Factory_Import_CN:EVmaker_Import,EVmaker_Import:BKK:2026-W25:00037,14,[14],[14],[14],[16],on_time -> on_time
IN:mom:Factory_Import_CN:EVmaker_Import,EVmaker_Import:BKK:2026-W25:00038,14,[14],[14],[14],[16],on_time -> on_time
IN:mom:Factory_Import_CN:EVmaker_Import,EVmaker_Import:BKK:2026-W25:00039,14,[14],[14],[14],[16],on_time -> on_time
IN:mom:Factory_Import_CN:EVmaker_Import,EVmaker_Import:BKK:2026-W25:00040,14,[14],[14],[14],[16],on_time -> on_time
IN:mom:Factory_Import_CN:EVmaker_Import,EVmaker_Import:BKK:2026-W25:00041,14,[14],[14],[14],[16],on_time -> on_time
IN:mom:Factory_Import_CN:EVmaker_Import,EVmaker_Import:BKK:2026-W25:00042,14,[14],[14],[14],[16],on_time -> on_time
IN:mom:Factory_Import_CN:EVmaker_Import,EVmaker_Import:BKK:2026-W25:00043,14,[14],[14],[14],[16],on_time -> on_time
IN:mom:Factory_Import_CN:EVmaker_Import,EVmaker_Import:BKK:2026-W25:00044,14,[14],[14],[14],[16],on_time -> on_time
IN:mom:Factory_Import_CN:EVmaker_Import,EVmaker_Import:BKK:2026-W25:00045,14,[14],[14],[14],[16],on_time -> on_time
IN:mom:Factory_Import_CN:EVmaker_Import,EVmaker_Import:BKK:2026-W25:00046,14,[14],[14],[14],[16],on_time -> on_time
IN:mom:Factory_Import_CN:EVmaker_Import,EVmaker_Import:BKK:2026-W25:00047,14,[14],[14],[14],[16],on_time -> on_time
IN:mom:Factory_Import_CN:EVmaker_Import,EVmaker_Import:BKK:2026-W25:00048,14,[14],[14],[14],[16],on_time -> on_time
IN:mom:Factory_Import_CN:EVmaker_Import,EVmaker_Import:BKK:2026-W25:00049,14,[14],[14],[14],[16],on_time -> on_time
IN:mom:Factory_Import_CN:EVmaker_Import,EVmaker_Import:BKK:2026-W25:00050,14,[14],[14],[14],[16],on_time -> on_time
IN:mom:Factory_Import_CN:EVmaker_Import,EVmaker_Import:ONL:2026-W24:00001,14,[13],[13],[14],[15],on_time -> on_time
IN:mom:Factory_Import_CN:EVmaker_Import,EVmaker_Import:ONL:2026-W24:00002,14,[13],[13],[14],[15],on_time -> on_time
IN:mom:Factory_Import_CN:EVmaker_Import,EVmaker_Import:ONL:2026-W24:00003,14,[13],[13],[14],[15],on_time -> on_time
IN:mom:Factory_Import_CN:EVmaker_Import,EVmaker_Import:ONL:2026-W24:00004,14,[13],[13],[14],[15],on_time -> on_time
IN:mom:Factory_Import_CN:EVmaker_Import,EVmaker_Import:ONL:2026-W24:00005,14,[13],[13],[14],[15],on_time -> on_time
IN:mom:Factory_Import_CN:EVmaker_Import,EVmaker_Import:ONL:2026-W24:00006,14,[13],[13],[14],[15],on_time -> on_time
IN:mom:Factory_Import_CN:EVmaker_Import,EVmaker_Import:ONL:2026-W24:00007,14,[13],[13],[14],[15],on_time -> on_time
IN:mom:Factory_Import_CN:EVmaker_Import,EVmaker_Import:ONL:2026-W24:00008,14,[13],[13],[14],[15],on_time -> on_time
IN:mom:Factory_Import_CN:EVmaker_Import,EVmaker_Import:ONL:2026-W24:00009,14,[13],[13],[14],[15],on_time -> on_time
IN:mom:Factory_Import_CN:EVmaker_Import,EVmaker_Import:ONL:2026-W24:00010,14,[13],[13],[14],[15],on_time -> on_time
IN:mom:Factory_Import_CN:EVmaker_Import,EVmaker_Import:PRO:2026-W25:00019,14,[13],[13],[14],[15],on_time -> on_time
IN:mom:Factory_Import_CN:EVmaker_Import,EVmaker_Import:PRO:2026-W25:00020,14,[13],[13],[14],[15],on_time -> on_time
IN:mom:Factory_Import_CN:EVmaker_Import,EVmaker_Import:PRO:2026-W25:00021,14,[13],[13],[14],[15],on_time -> on_time
IN:mom:Factory_Import_CN:EVmaker_Import,EVmaker_Import:PRO:2026-W25:00022,14,[13],[13],[14],[15],on_time -> on_time
IN:mom:Factory_Import_CN:EVmaker_Import,EVmaker_Import:PRO:2026-W25:00023,14,[13],[13],[14],[15],on_time -> on_time
IN:mom:Factory_Import_CN:EVmaker_Import,EVmaker_Import:PRO:2026-W25:00024,14,[13],[13],[14],[15],on_time -> on_time
IN:mom:Factory_Import_CN:EVmaker_Import,EVmaker_Import:PRO:2026-W25:00025,14,[13],[13],[14],[15],on_time -> on_time
IN:mom:Factory_Import_CN:EVmaker_Import,EVmaker_Import:PRO:2026-W25:00026,14,[13],[13],[14],[15],on_time -> on_time
IN:mom:Factory_Import_CN:EVmaker_Import,EVmaker_Import:PRO:2026-W25:00027,14,[13],[13],[14],[15],on_time -> on_time
IN:mom:Factory_Import_CN:EVmaker_Import,EVmaker_Import:PRO:2026-W25:00028,14,[13],[13],[14],[15],on_time -> on_time
IN:mom:Factory_Import_CN:EVmaker_Import,EVmaker_Import:PRO:2026-W25:00029,14,[13],[13],[14],[15],on_time -> on_time
IN:mom:Factory_Import_CN:EVmaker_Import,EVmaker_Import:PRO:2026-W25:00030,14,[13],[13],[14],[15],on_time -> on_time
IN:mom:Factory_Import_CN:EVmaker_Import,EVmaker_Import:PRO:2026-W25:00031,14,[13],[13],[14],[15],on_time -> on_time
IN:mom:Factory_Import_CN:EVmaker_Import,EVmaker_Import:PRO:2026-W25:00032,14,[13],[13],[14],[15],on_time -> on_time
IN:mom:Factory_Import_CN:EVmaker_Import,EVmaker_Import:PRO:2026-W25:00033,14,[13],[13],[14],[15],on_time -> on_time
IN:mom:Factory_Import_CN:EVmaker_Import,EVmaker_Import:PRO:2026-W25:00034,14,[13],[13],[14],[15],on_time -> on_time
IN:mom:Factory_Import_CN:EVmaker_Import,EVmaker_Import:PRO:2026-W25:00035,14,[13],[13],[14],[15],on_time -> on_time
IN:mom:Factory_Import_CN:EVmaker_Import,EVmaker_Import:PRO:2026-W25:00036,14,[13],[13],[14],[15],on_time -> on_time
IN:mom:Factory_Import_CN:EVmaker_Import,EVmaker_Import:PRO:2026-W25:00037,14,[13],[13],[14],[15],on_time -> on_time
IN:mom:Factory_Import_CN:EVmaker_Import,EVmaker_Import:PRO:2026-W25:00038,14,[13],[13],[14],[15],on_time -> on_time
IN:mom:Factory_Import_CN:EVmaker_Import,EVmaker_Import:PRO:2026-W25:00039,14,[13],[13],[14],[15],on_time -> on_time
IN:mom:Factory_Import_CN:EVmaker_Import,EVmaker_Import:PRO:2026-W25:00040,14,[13],[13],[14],[15],on_time -> on_time
IN:mom:Factory_Import_CN:EVmaker_Import,EVmaker_Import:PRO:2026-W26:00001,14,[14],[14],[14],[16],on_time -> on_time
IN:mom:Factory_Import_CN:EVmaker_Import,EVmaker_Import:PRO:2026-W26:00002,14,[14],[14],[14],[16],on_time -> on_time
IN:mom:Factory_Import_CN:EVmaker_Import,EVmaker_Import:PRO:2026-W26:00003,14,[14],[14],[14],[16],on_time -> on_time
IN:mom:Factory_Import_CN:EVmaker_Import,EVmaker_Import:PRO:2026-W26:00004,14,[14],[14],[14],[16],on_time -> on_time
IN:mom:Factory_Import_CN:EVmaker_Import,EVmaker_Import:PRO:2026-W26:00005,14,[14],[14],[14],[16],on_time -> on_time
IN:mom:Factory_Import_CN:EVmaker_Import,EVmaker_Import:PRO:2026-W26:00006,14,[14],[14],[14],[16],on_time -> on_time
IN:mom:Factory_Import_CN:EVmaker_Import,EVmaker_Import:PRO:2026-W26:00007,14,[14],[14],[14],[16],on_time -> on_time
IN:mom:Factory_Import_CN:EVmaker_Import,EVmaker_Import:PRO:2026-W26:00008,14,[14],[14],[14],[16],on_time -> on_time
IN:mom:Factory_Import_CN:EVmaker_Import,EVmaker_Import:PRO:2026-W26:00009,14,[14],[14],[14],[16],on_time -> on_time
IN:mom:Factory_Import_CN:EVmaker_Import,EVmaker_Import:PRO:2026-W26:00010,14,[14],[14],[14],[16],on_time -> on_time
IN:mom:Factory_Import_CN:EVmaker_Import,EVmaker_Import:PRO:2026-W26:00011,14,[14],[14],[14],[16],on_time -> on_time
IN:mom:Factory_Import_CN:EVmaker_Import,EVmaker_Import:PRO:2026-W26:00012,14,[14],[14],[14],[16],on_time -> on_time
IN:mom:Factory_Import_CN:EVmaker_Import,EVmaker_Import:PRO:2026-W26:00013,14,[14],[14],[14],[16],on_time -> on_time
IN:mom:Factory_Import_CN:EVmaker_Import,EVmaker_Import:PRO:2026-W26:00014,14,[14],[14],[14],[16],on_time -> on_time
IN:mom:Factory_Import_CN:EVmaker_Import,EVmaker_Import:PRO:2026-W26:00015,14,[14],[14],[14],[16],on_time -> on_time
IN:mom:Factory_Import_CN:EVmaker_Import,EVmaker_Import:PRO:2026-W26:00016,14,[14],[14],[14],[16],on_time -> on_time
IN:mom:Factory_Import_CN:EVmaker_Import,EVmaker_Import:PRO:2026-W26:00017,14,[14],[14],[14],[16],on_time -> on_time
IN:mom:Factory_Import_CN:EVmaker_Import,EVmaker_Import:PRO:2026-W26:00018,14,[14],[14],[14],[16],on_time -> on_time
IN:mom:Factory_Import_CN:EVmaker_Import,EVmaker_Import:BKK:2026-W26:00001,15,[15],[15],[15],[17],on_time -> on_time
IN:mom:Factory_Import_CN:EVmaker_Import,EVmaker_Import:BKK:2026-W26:00002,15,[15],[15],[15],[17],on_time -> on_time
IN:mom:Factory_Import_CN:EVmaker_Import,EVmaker_Import:BKK:2026-W26:00003,15,[15],[15],[15],[17],on_time -> on_time
IN:mom:Factory_Import_CN:EVmaker_Import,EVmaker_Import:BKK:2026-W26:00004,15,[15],[15],[15],[17],on_time -> on_time
IN:mom:Factory_Import_CN:EVmaker_Import,EVmaker_Import:BKK:2026-W26:00005,15,[15],[15],[15],[17],on_time -> on_time
IN:mom:Factory_Import_CN:EVmaker_Import,EVmaker_Import:BKK:2026-W26:00006,15,[15],[15],[15],[17],on_time -> on_time
IN:mom:Factory_Import_CN:EVmaker_Import,EVmaker_Import:BKK:2026-W26:00007,15,[15],[15],[15],[17],on_time -> on_time
IN:mom:Factory_Import_CN:EVmaker_Import,EVmaker_Import:BKK:2026-W26:00008,15,[15],[15],[15],[17],on_time -> on_time
IN:mom:Factory_Import_CN:EVmaker_Import,EVmaker_Import:BKK:2026-W26:00009,15,[15],[15],[15],[17],on_time -> on_time
IN:mom:Factory_Import_CN:EVmaker_Import,EVmaker_Import:BKK:2026-W26:00010,15,[15],[15],[15],[17],on_time -> on_time
IN:mom:Factory_Import_CN:EVmaker_Import,EVmaker_Import:BKK:2026-W26:00011,15,[15],[15],[15],[17],on_time -> on_time
IN:mom:Factory_Import_CN:EVmaker_Import,EVmaker_Import:BKK:2026-W26:00012,15,[15],[15],[15],[17],on_time -> on_time
IN:mom:Factory_Import_CN:EVmaker_Import,EVmaker_Import:BKK:2026-W26:00013,15,[15],[15],[15],[17],on_time -> on_time
IN:mom:Factory_Import_CN:EVmaker_Import,EVmaker_Import:BKK:2026-W26:00014,15,[15],[15],[15],[17],on_time -> on_time
IN:mom:Factory_Import_CN:EVmaker_Import,EVmaker_Import:BKK:2026-W26:00015,15,[15],[15],[15],[17],on_time -> on_time
IN:mom:Factory_Import_CN:EVmaker_Import,EVmaker_Import:BKK:2026-W26:00016,15,[15],[15],[15],[17],on_time -> on_time
IN:mom:Factory_Import_CN:EVmaker_Import,EVmaker_Import:BKK:2026-W26:00017,15,[15],[15],[15],[17],on_time -> on_time
IN:mom:Factory_Import_CN:EVmaker_Import,EVmaker_Import:BKK:2026-W26:00018,15,[15],[15],[15],[17],on_time -> on_time
IN:mom:Factory_Import_CN:EVmaker_Import,EVmaker_Import:BKK:2026-W26:00019,15,[15],[15],[15],[17],on_time -> on_time
IN:mom:Factory_Import_CN:EVmaker_Import,EVmaker_Import:BKK:2026-W26:00020,15,[15],[15],[15],[17],on_time -> on_time
IN:mom:Factory_Import_CN:EVmaker_Import,EVmaker_Import:BKK:2026-W26:00021,15,[15],[15],[15],[17],on_time -> on_time
IN:mom:Factory_Import_CN:EVmaker_Import,EVmaker_Import:BKK:2026-W26:00022,15,[15],[15],[15],[17],on_time -> on_time
IN:mom:Factory_Import_CN:EVmaker_Import,EVmaker_Import:BKK:2026-W26:00023,15,[15],[15],[15],[17],on_time -> on_time
IN:mom:Factory_Import_CN:EVmaker_Import,EVmaker_Import:BKK:2026-W26:00024,15,[15],[15],[15],[17],on_time -> on_time
IN:mom:Factory_Import_CN:EVmaker_Import,EVmaker_Import:BKK:2026-W26:00025,15,[15],[15],[15],[17],on_time -> on_time
IN:mom:Factory_Import_CN:EVmaker_Import,EVmaker_Import:BKK:2026-W26:00026,15,[15],[15],[15],[17],on_time -> on_time
IN:mom:Factory_Import_CN:EVmaker_Import,EVmaker_Import:BKK:2026-W26:00027,15,[15],[15],[15],[17],on_time -> on_time
IN:mom:Factory_Import_CN:EVmaker_Import,EVmaker_Import:BKK:2026-W26:00028,15,[15],[15],[15],[17],on_time -> on_time
IN:mom:Factory_Import_CN:EVmaker_Import,EVmaker_Import:BKK:2026-W26:00029,15,[15],[15],[15],[17],on_time -> on_time
IN:mom:Factory_Import_CN:EVmaker_Import,EVmaker_Import:BKK:2026-W26:00030,15,[15],[15],[15],[17],on_time -> on_time
IN:mom:Factory_Import_CN:EVmaker_Import,EVmaker_Import:BKK:2026-W26:00031,15,[15],[15],[15],[17],on_time -> on_time
IN:mom:Factory_Import_CN:EVmaker_Import,EVmaker_Import:BKK:2026-W26:00032,15,[15],[15],[15],[17],on_time -> on_time
IN:mom:Factory_Import_CN:EVmaker_Import,EVmaker_Import:BKK:2026-W26:00033,15,[15],[15],[15],[17],on_time -> on_time
IN:mom:Factory_Import_CN:EVmaker_Import,EVmaker_Import:BKK:2026-W26:00034,15,[15],[15],[15],[17],on_time -> on_time
IN:mom:Factory_Import_CN:EVmaker_Import,EVmaker_Import:BKK:2026-W26:00035,15,[15],[15],[15],[17],on_time -> on_time
IN:mom:Factory_Import_CN:EVmaker_Import,EVmaker_Import:BKK:2026-W26:00036,15,[15],[15],[15],[17],on_time -> on_time
IN:mom:Factory_Import_CN:EVmaker_Import,EVmaker_Import:BKK:2026-W26:00037,15,[15],[15],[15],[17],on_time -> on_time
IN:mom:Factory_Import_CN:EVmaker_Import,EVmaker_Import:BKK:2026-W26:00038,15,[15],[15],[15],[17],on_time -> on_time
IN:mom:Factory_Import_CN:EVmaker_Import,EVmaker_Import:BKK:2026-W26:00039,15,[15],[15],[15],[17],on_time -> on_time
IN:mom:Factory_Import_CN:EVmaker_Import,EVmaker_Import:BKK:2026-W26:00040,15,[15],[15],[15],[17],on_time -> on_time
IN:mom:Factory_Import_CN:EVmaker_Import,EVmaker_Import:BKK:2026-W26:00041,15,[15],[15],[15],[17],on_time -> on_time
IN:mom:Factory_Import_CN:EVmaker_Import,EVmaker_Import:BKK:2026-W26:00042,15,[15],[15],[15],[17],on_time -> on_time
IN:mom:Factory_Import_CN:EVmaker_Import,EVmaker_Import:BKK:2026-W26:00043,15,[15],[15],[15],[17],on_time -> on_time
IN:mom:Factory_Import_CN:EVmaker_Import,EVmaker_Import:BKK:2026-W26:00044,15,[15],[15],[15],[17],on_time -> on_time
IN:mom:Factory_Import_CN:EVmaker_Import,EVmaker_Import:BKK:2026-W26:00045,15,[15],[15],[15],[17],on_time -> on_time
IN:mom:Factory_Import_CN:EVmaker_Import,EVmaker_Import:BKK:2026-W26:00046,15,[15],[15],[15],[17],on_time -> on_time
IN:mom:Factory_Import_CN:EVmaker_Import,EVmaker_Import:BKK:2026-W26:00047,15,[15],[15],[15],[17],on_time -> on_time
IN:mom:Factory_Import_CN:EVmaker_Import,EVmaker_Import:BKK:2026-W26:00048,15,[15],[15],[15],[17],on_time -> on_time
IN:mom:Factory_Import_CN:EVmaker_Import,EVmaker_Import:BKK:2026-W26:00049,15,[15],[15],[15],[17],on_time -> on_time
IN:mom:Factory_Import_CN:EVmaker_Import,EVmaker_Import:BKK:2026-W26:00050,15,[15],[15],[15],[17],on_time -> on_time
IN:mom:Factory_Import_CN:EVmaker_Import,EVmaker_Import:ONL:2026-W25:00001,15,[14],[14],[15],[16],on_time -> on_time
IN:mom:Factory_Import_CN:EVmaker_Import,EVmaker_Import:ONL:2026-W25:00002,15,[14],[14],[15],[16],on_time -> on_time
IN:mom:Factory_Import_CN:EVmaker_Import,EVmaker_Import:ONL:2026-W25:00003,15,[14],[14],[15],[16],on_time -> on_time
IN:mom:Factory_Import_CN:EVmaker_Import,EVmaker_Import:ONL:2026-W25:00004,15,[14],[14],[15],[16],on_time -> on_time
IN:mom:Factory_Import_CN:EVmaker_Import,EVmaker_Import:ONL:2026-W25:00005,15,[14],[14],[15],[16],on_time -> on_time
IN:mom:Factory_Import_CN:EVmaker_Import,EVmaker_Import:ONL:2026-W25:00006,15,[14],[14],[15],[16],on_time -> on_time
IN:mom:Factory_Import_CN:EVmaker_Import,EVmaker_Import:ONL:2026-W25:00007,15,[14],[14],[15],[16],on_time -> on_time
IN:mom:Factory_Import_CN:EVmaker_Import,EVmaker_Import:ONL:2026-W25:00008,15,[14],[14],[15],[16],on_time -> on_time
IN:mom:Factory_Import_CN:EVmaker_Import,EVmaker_Import:ONL:2026-W25:00009,15,[14],[14],[15],[16],on_time -> on_time
IN:mom:Factory_Import_CN:EVmaker_Import,EVmaker_Import:ONL:2026-W25:00010,15,[14],[14],[15],[16],on_time -> on_time
IN:mom:Factory_Import_CN:EVmaker_Import,EVmaker_Import:PRO:2026-W26:00019,15,[14],[14],[15],[16],on_time -> on_time
IN:mom:Factory_Import_CN:EVmaker_Import,EVmaker_Import:PRO:2026-W26:00020,15,[14],[14],[15],[16],on_time -> on_time
IN:mom:Factory_Import_CN:EVmaker_Import,EVmaker_Import:PRO:2026-W26:00021,15,[14],[14],[15],[16],on_time -> on_time
IN:mom:Factory_Import_CN:EVmaker_Import,EVmaker_Import:PRO:2026-W26:00022,15,[14],[14],[15],[16],on_time -> on_time
IN:mom:Factory_Import_CN:EVmaker_Import,EVmaker_Import:PRO:2026-W26:00023,15,[14],[14],[15],[16],on_time -> on_time
IN:mom:Factory_Import_CN:EVmaker_Import,EVmaker_Import:PRO:2026-W26:00024,15,[14],[14],[15],[16],on_time -> on_time
IN:mom:Factory_Import_CN:EVmaker_Import,EVmaker_Import:PRO:2026-W26:00025,15,[14],[14],[15],[16],on_time -> on_time
IN:mom:Factory_Import_CN:EVmaker_Import,EVmaker_Import:PRO:2026-W26:00026,15,[14],[14],[15],[16],on_time -> on_time
IN:mom:Factory_Import_CN:EVmaker_Import,EVmaker_Import:PRO:2026-W26:00027,15,[14],[14],[15],[16],on_time -> on_time
IN:mom:Factory_Import_CN:EVmaker_Import,EVmaker_Import:PRO:2026-W26:00028,15,[14],[14],[15],[16],on_time -> on_time
IN:mom:Factory_Import_CN:EVmaker_Import,EVmaker_Import:PRO:2026-W26:00029,15,[14],[14],[15],[16],on_time -> on_time
IN:mom:Factory_Import_CN:EVmaker_Import,EVmaker_Import:PRO:2026-W26:00030,15,[14],[14],[15],[16],on_time -> on_time
IN:mom:Factory_Import_CN:EVmaker_Import,EVmaker_Import:PRO:2026-W26:00031,15,[14],[14],[15],[16],on_time -> on_time
IN:mom:Factory_Import_CN:EVmaker_Import,EVmaker_Import:PRO:2026-W26:00032,15,[14],[14],[15],[16],on_time -> on_time
IN:mom:Factory_Import_CN:EVmaker_Import,EVmaker_Import:PRO:2026-W26:00033,15,[14],[14],[15],[16],on_time -> on_time
IN:mom:Factory_Import_CN:EVmaker_Import,EVmaker_Import:PRO:2026-W26:00034,15,[14],[14],[15],[16],on_time -> on_time
IN:mom:Factory_Import_CN:EVmaker_Import,EVmaker_Import:PRO:2026-W26:00035,15,[14],[14],[15],[16],on_time -> on_time
IN:mom:Factory_Import_CN:EVmaker_Import,EVmaker_Import:PRO:2026-W26:00036,15,[14],[14],[15],[16],on_time -> on_time
IN:mom:Factory_Import_CN:EVmaker_Import,EVmaker_Import:PRO:2026-W26:00037,15,[14],[14],[15],[16],on_time -> on_time
IN:mom:Factory_Import_CN:EVmaker_Import,EVmaker_Import:PRO:2026-W26:00038,15,[14],[14],[15],[16],on_time -> on_time
IN:mom:Factory_Import_CN:EVmaker_Import,EVmaker_Import:PRO:2026-W26:00039,15,[14],[14],[15],[16],on_time -> on_time
IN:mom:Factory_Import_CN:EVmaker_Import,EVmaker_Import:PRO:2026-W26:00040,15,[14],[14],[15],[16],on_time -> on_time
IN:mom:Factory_Import_CN:EVmaker_Import,EVmaker_Import:PRO:2026-W27:00001,15,[15],[15],[15],[17],on_time -> on_time
IN:mom:Factory_Import_CN:EVmaker_Import,EVmaker_Import:PRO:2026-W27:00002,15,[15],[15],[15],[17],on_time -> on_time
IN:mom:Factory_Import_CN:EVmaker_Import,EVmaker_Import:PRO:2026-W27:00003,15,[15],[15],[15],[17],on_time -> on_time
IN:mom:Factory_Import_CN:EVmaker_Import,EVmaker_Import:PRO:2026-W27:00004,15,[15],[15],[15],[17],on_time -> on_time
IN:mom:Factory_Import_CN:EVmaker_Import,EVmaker_Import:PRO:2026-W27:00005,15,[15],[15],[15],[17],on_time -> on_time
IN:mom:Factory_Import_CN:EVmaker_Import,EVmaker_Import:PRO:2026-W27:00006,15,[15],[15],[15],[17],on_time -> on_time
IN:mom:Factory_Import_CN:EVmaker_Import,EVmaker_Import:PRO:2026-W27:00007,15,[15],[15],[15],[17],on_time -> on_time
IN:mom:Factory_Import_CN:EVmaker_Import,EVmaker_Import:PRO:2026-W27:00008,15,[15],[15],[15],[17],on_time -> on_time
IN:mom:Factory_Import_CN:EVmaker_Import,EVmaker_Import:PRO:2026-W27:00009,15,[15],[15],[15],[17],on_time -> on_time
IN:mom:Factory_Import_CN:EVmaker_Import,EVmaker_Import:PRO:2026-W27:00010,15,[15],[15],[15],[17],on_time -> on_time
IN:mom:Factory_Import_CN:EVmaker_Import,EVmaker_Import:PRO:2026-W27:00011,15,[15],[15],[15],[17],on_time -> on_time
IN:mom:Factory_Import_CN:EVmaker_Import,EVmaker_Import:PRO:2026-W27:00012,15,[15],[15],[15],[17],on_time -> on_time
IN:mom:Factory_Import_CN:EVmaker_Import,EVmaker_Import:PRO:2026-W27:00013,15,[15],[15],[15],[17],on_time -> on_time
IN:mom:Factory_Import_CN:EVmaker_Import,EVmaker_Import:PRO:2026-W27:00014,15,[15],[15],[15],[17],on_time -> on_time
IN:mom:Factory_Import_CN:EVmaker_Import,EVmaker_Import:PRO:2026-W27:00015,15,[15],[15],[15],[17],on_time -> on_time
IN:mom:Factory_Import_CN:EVmaker_Import,EVmaker_Import:PRO:2026-W27:00016,15,[15],[15],[15],[17],on_time -> on_time
IN:mom:Factory_Import_CN:EVmaker_Import,EVmaker_Import:PRO:2026-W27:00017,15,[15],[15],[15],[17],on_time -> on_time
IN:mom:Factory_Import_CN:EVmaker_Import,EVmaker_Import:PRO:2026-W27:00018,15,[15],[15],[15],[17],on_time -> on_time
IN:mom:Factory_Import_CN:EVmaker_Import,EVmaker_Import:BKK:2026-W27:00001,16,[16],[16],[16],[18],on_time -> on_time
IN:mom:Factory_Import_CN:EVmaker_Import,EVmaker_Import:BKK:2026-W27:00002,16,[16],[16],[16],[18],on_time -> on_time
IN:mom:Factory_Import_CN:EVmaker_Import,EVmaker_Import:BKK:2026-W27:00003,16,[16],[16],[16],[18],on_time -> on_time
IN:mom:Factory_Import_CN:EVmaker_Import,EVmaker_Import:BKK:2026-W27:00004,16,[16],[16],[16],[18],on_time -> on_time
IN:mom:Factory_Import_CN:EVmaker_Import,EVmaker_Import:BKK:2026-W27:00005,16,[16],[16],[16],[18],on_time -> on_time
IN:mom:Factory_Import_CN:EVmaker_Import,EVmaker_Import:BKK:2026-W27:00006,16,[16],[16],[16],[18],on_time -> on_time
IN:mom:Factory_Import_CN:EVmaker_Import,EVmaker_Import:BKK:2026-W27:00007,16,[16],[16],[16],[18],on_time -> on_time
IN:mom:Factory_Import_CN:EVmaker_Import,EVmaker_Import:BKK:2026-W27:00008,16,[16],[16],[16],[18],on_time -> on_time
IN:mom:Factory_Import_CN:EVmaker_Import,EVmaker_Import:BKK:2026-W27:00009,16,[16],[16],[16],[18],on_time -> on_time
IN:mom:Factory_Import_CN:EVmaker_Import,EVmaker_Import:BKK:2026-W27:00010,16,[16],[16],[16],[18],on_time -> on_time
IN:mom:Factory_Import_CN:EVmaker_Import,EVmaker_Import:BKK:2026-W27:00011,16,[16],[16],[16],[18],on_time -> on_time
IN:mom:Factory_Import_CN:EVmaker_Import,EVmaker_Import:BKK:2026-W27:00012,16,[16],[16],[16],[18],on_time -> on_time
IN:mom:Factory_Import_CN:EVmaker_Import,EVmaker_Import:BKK:2026-W27:00013,16,[16],[16],[16],[18],on_time -> on_time
IN:mom:Factory_Import_CN:EVmaker_Import,EVmaker_Import:BKK:2026-W27:00014,16,[16],[16],[16],[18],on_time -> on_time
IN:mom:Factory_Import_CN:EVmaker_Import,EVmaker_Import:BKK:2026-W27:00015,16,[16],[16],[16],[18],on_time -> on_time
IN:mom:Factory_Import_CN:EVmaker_Import,EVmaker_Import:BKK:2026-W27:00016,16,[16],[16],[16],[18],on_time -> on_time
IN:mom:Factory_Import_CN:EVmaker_Import,EVmaker_Import:BKK:2026-W27:00017,16,[16],[16],[16],[18],on_time -> on_time
IN:mom:Factory_Import_CN:EVmaker_Import,EVmaker_Import:BKK:2026-W27:00018,16,[16],[16],[16],[18],on_time -> on_time
IN:mom:Factory_Import_CN:EVmaker_Import,EVmaker_Import:BKK:2026-W27:00019,16,[16],[16],[16],[18],on_time -> on_time
IN:mom:Factory_Import_CN:EVmaker_Import,EVmaker_Import:BKK:2026-W27:00020,16,[16],[16],[16],[18],on_time -> on_time
IN:mom:Factory_Import_CN:EVmaker_Import,EVmaker_Import:BKK:2026-W27:00021,16,[16],[16],[16],[18],on_time -> on_time
IN:mom:Factory_Import_CN:EVmaker_Import,EVmaker_Import:BKK:2026-W27:00022,16,[16],[16],[16],[18],on_time -> on_time
IN:mom:Factory_Import_CN:EVmaker_Import,EVmaker_Import:BKK:2026-W27:00023,16,[16],[16],[16],[18],on_time -> on_time
IN:mom:Factory_Import_CN:EVmaker_Import,EVmaker_Import:BKK:2026-W27:00024,16,[16],[16],[16],[18],on_time -> on_time
IN:mom:Factory_Import_CN:EVmaker_Import,EVmaker_Import:BKK:2026-W27:00025,16,[16],[16],[16],[18],on_time -> on_time
IN:mom:Factory_Import_CN:EVmaker_Import,EVmaker_Import:BKK:2026-W27:00026,16,[16],[16],[16],[18],on_time -> on_time
IN:mom:Factory_Import_CN:EVmaker_Import,EVmaker_Import:BKK:2026-W27:00027,16,[16],[16],[16],[18],on_time -> on_time
IN:mom:Factory_Import_CN:EVmaker_Import,EVmaker_Import:BKK:2026-W27:00028,16,[16],[16],[16],[18],on_time -> on_time
IN:mom:Factory_Import_CN:EVmaker_Import,EVmaker_Import:BKK:2026-W27:00029,16,[16],[16],[16],[18],on_time -> on_time
IN:mom:Factory_Import_CN:EVmaker_Import,EVmaker_Import:BKK:2026-W27:00030,16,[16],[16],[16],[18],on_time -> on_time
IN:mom:Factory_Import_CN:EVmaker_Import,EVmaker_Import:BKK:2026-W27:00031,16,[16],[16],[16],[18],on_time -> on_time
IN:mom:Factory_Import_CN:EVmaker_Import,EVmaker_Import:BKK:2026-W27:00032,16,[16],[16],[16],[18],on_time -> on_time
IN:mom:Factory_Import_CN:EVmaker_Import,EVmaker_Import:BKK:2026-W27:00033,16,[16],[16],[16],[18],on_time -> on_time
IN:mom:Factory_Import_CN:EVmaker_Import,EVmaker_Import:BKK:2026-W27:00034,16,[16],[16],[16],[18],on_time -> on_time
IN:mom:Factory_Import_CN:EVmaker_Import,EVmaker_Import:BKK:2026-W27:00035,16,[16],[16],[16],[18],on_time -> on_time
IN:mom:Factory_Import_CN:EVmaker_Import,EVmaker_Import:BKK:2026-W27:00036,16,[16],[16],[16],[18],on_time -> on_time
IN:mom:Factory_Import_CN:EVmaker_Import,EVmaker_Import:BKK:2026-W27:00037,16,[16],[16],[16],[18],on_time -> on_time
IN:mom:Factory_Import_CN:EVmaker_Import,EVmaker_Import:BKK:2026-W27:00038,16,[16],[16],[16],[18],on_time -> on_time
IN:mom:Factory_Import_CN:EVmaker_Import,EVmaker_Import:BKK:2026-W27:00039,16,[16],[16],[16],[18],on_time -> on_time
IN:mom:Factory_Import_CN:EVmaker_Import,EVmaker_Import:BKK:2026-W27:00040,16,[16],[16],[16],[18],on_time -> on_time
IN:mom:Factory_Import_CN:EVmaker_Import,EVmaker_Import:BKK:2026-W27:00041,16,[16],[16],[16],[18],on_time -> on_time
IN:mom:Factory_Import_CN:EVmaker_Import,EVmaker_Import:BKK:2026-W27:00042,16,[16],[16],[16],[18],on_time -> on_time
IN:mom:Factory_Import_CN:EVmaker_Import,EVmaker_Import:BKK:2026-W27:00043,16,[16],[16],[16],[18],on_time -> on_time
IN:mom:Factory_Import_CN:EVmaker_Import,EVmaker_Import:BKK:2026-W27:00044,16,[16],[16],[16],[18],on_time -> on_time
IN:mom:Factory_Import_CN:EVmaker_Import,EVmaker_Import:BKK:2026-W27:00045,16,[16],[16],[16],[18],on_time -> on_time
IN:mom:Factory_Import_CN:EVmaker_Import,EVmaker_Import:BKK:2026-W27:00046,16,[16],[16],[16],[18],on_time -> on_time
IN:mom:Factory_Import_CN:EVmaker_Import,EVmaker_Import:BKK:2026-W27:00047,16,[16],[16],[16],[18],on_time -> on_time
IN:mom:Factory_Import_CN:EVmaker_Import,EVmaker_Import:BKK:2026-W27:00048,16,[16],[16],[16],[18],on_time -> on_time
IN:mom:Factory_Import_CN:EVmaker_Import,EVmaker_Import:BKK:2026-W27:00049,16,[16],[16],[16],[18],on_time -> on_time
IN:mom:Factory_Import_CN:EVmaker_Import,EVmaker_Import:BKK:2026-W27:00050,16,[16],[16],[16],[18],on_time -> on_time
IN:mom:Factory_Import_CN:EVmaker_Import,EVmaker_Import:ONL:2026-W26:00001,16,[15],[15],[16],[17],on_time -> on_time
IN:mom:Factory_Import_CN:EVmaker_Import,EVmaker_Import:ONL:2026-W26:00002,16,[15],[15],[16],[17],on_time -> on_time
IN:mom:Factory_Import_CN:EVmaker_Import,EVmaker_Import:ONL:2026-W26:00003,16,[15],[15],[16],[17],on_time -> on_time
IN:mom:Factory_Import_CN:EVmaker_Import,EVmaker_Import:ONL:2026-W26:00004,16,[15],[15],[16],[17],on_time -> on_time
IN:mom:Factory_Import_CN:EVmaker_Import,EVmaker_Import:ONL:2026-W26:00005,16,[15],[15],[16],[17],on_time -> on_time
IN:mom:Factory_Import_CN:EVmaker_Import,EVmaker_Import:ONL:2026-W26:00006,16,[15],[15],[16],[17],on_time -> on_time
IN:mom:Factory_Import_CN:EVmaker_Import,EVmaker_Import:ONL:2026-W26:00007,16,[15],[15],[16],[17],on_time -> on_time
IN:mom:Factory_Import_CN:EVmaker_Import,EVmaker_Import:ONL:2026-W26:00008,16,[15],[15],[16],[17],on_time -> on_time
IN:mom:Factory_Import_CN:EVmaker_Import,EVmaker_Import:ONL:2026-W26:00009,16,[15],[15],[16],[17],on_time -> on_time
IN:mom:Factory_Import_CN:EVmaker_Import,EVmaker_Import:ONL:2026-W26:00010,16,[15],[15],[16],[17],on_time -> on_time
IN:mom:Factory_Import_CN:EVmaker_Import,EVmaker_Import:PRO:2026-W27:00019,16,[15],[15],[16],[17],on_time -> on_time
IN:mom:Factory_Import_CN:EVmaker_Import,EVmaker_Import:PRO:2026-W27:00020,16,[15],[15],[16],[17],on_time -> on_time
IN:mom:Factory_Import_CN:EVmaker_Import,EVmaker_Import:PRO:2026-W27:00021,16,[15],[15],[16],[17],on_time -> on_time
IN:mom:Factory_Import_CN:EVmaker_Import,EVmaker_Import:PRO:2026-W27:00022,16,[15],[15],[16],[17],on_time -> on_time
IN:mom:Factory_Import_CN:EVmaker_Import,EVmaker_Import:PRO:2026-W27:00023,16,[15],[15],[16],[17],on_time -> on_time
IN:mom:Factory_Import_CN:EVmaker_Import,EVmaker_Import:PRO:2026-W27:00024,16,[15],[15],[16],[17],on_time -> on_time
IN:mom:Factory_Import_CN:EVmaker_Import,EVmaker_Import:PRO:2026-W27:00025,16,[15],[15],[16],[17],on_time -> on_time
IN:mom:Factory_Import_CN:EVmaker_Import,EVmaker_Import:PRO:2026-W27:00026,16,[15],[15],[16],[17],on_time -> on_time
IN:mom:Factory_Import_CN:EVmaker_Import,EVmaker_Import:PRO:2026-W27:00027,16,[15],[15],[16],[17],on_time -> on_time
IN:mom:Factory_Import_CN:EVmaker_Import,EVmaker_Import:PRO:2026-W27:00028,16,[15],[15],[16],[17],on_time -> on_time
IN:mom:Factory_Import_CN:EVmaker_Import,EVmaker_Import:PRO:2026-W27:00029,16,[15],[15],[16],[17],on_time -> on_time
IN:mom:Factory_Import_CN:EVmaker_Import,EVmaker_Import:PRO:2026-W27:00030,16,[15],[15],[16],[17],on_time -> on_time
IN:mom:Factory_Import_CN:EVmaker_Import,EVmaker_Import:PRO:2026-W27:00031,16,[15],[15],[16],[17],on_time -> on_time
IN:mom:Factory_Import_CN:EVmaker_Import,EVmaker_Import:PRO:2026-W27:00032,16,[15],[15],[16],[17],on_time -> on_time
IN:mom:Factory_Import_CN:EVmaker_Import,EVmaker_Import:PRO:2026-W27:00033,16,[15],[15],[16],[17],on_time -> on_time
IN:mom:Factory_Import_CN:EVmaker_Import,EVmaker_Import:PRO:2026-W27:00034,16,[15],[15],[16],[17],on_time -> on_time
IN:mom:Factory_Import_CN:EVmaker_Import,EVmaker_Import:PRO:2026-W27:00035,16,[15],[15],[16],[17],on_time -> on_time
IN:mom:Factory_Import_CN:EVmaker_Import,EVmaker_Import:PRO:2026-W27:00036,16,[15],[15],[16],[17],on_time -> on_time
IN:mom:Factory_Import_CN:EVmaker_Import,EVmaker_Import:PRO:2026-W27:00037,16,[15],[15],[16],[17],on_time -> on_time
IN:mom:Factory_Import_CN:EVmaker_Import,EVmaker_Import:PRO:2026-W27:00038,16,[15],[15],[16],[17],on_time -> on_time
IN:mom:Factory_Import_CN:EVmaker_Import,EVmaker_Import:PRO:2026-W27:00039,16,[15],[15],[16],[17],on_time -> on_time
IN:mom:Factory_Import_CN:EVmaker_Import,EVmaker_Import:PRO:2026-W27:00040,16,[15],[15],[16],[17],on_time -> on_time
IN:mom:Factory_Import_CN:EVmaker_Import,EVmaker_Import:PRO:2026-W28:00001,16,[16],[16],[16],[18],on_time -> on_time
IN:mom:Factory_Import_CN:EVmaker_Import,EVmaker_Import:PRO:2026-W28:00002,16,[16],[16],[16],[18],on_time -> on_time
IN:mom:Factory_Import_CN:EVmaker_Import,EVmaker_Import:PRO:2026-W28:00003,16,[16],[16],[16],[18],on_time -> on_time
IN:mom:Factory_Import_CN:EVmaker_Import,EVmaker_Import:PRO:2026-W28:00004,16,[16],[16],[16],[18],on_time -> on_time
IN:mom:Factory_Import_CN:EVmaker_Import,EVmaker_Import:PRO:2026-W28:00005,16,[16],[16],[16],[18],on_time -> on_time
IN:mom:Factory_Import_CN:EVmaker_Import,EVmaker_Import:PRO:2026-W28:00006,16,[16],[16],[16],[18],on_time -> on_time
IN:mom:Factory_Import_CN:EVmaker_Import,EVmaker_Import:PRO:2026-W28:00007,16,[16],[16],[16],[18],on_time -> on_time
IN:mom:Factory_Import_CN:EVmaker_Import,EVmaker_Import:PRO:2026-W28:00008,16,[16],[16],[16],[18],on_time -> on_time
IN:mom:Factory_Import_CN:EVmaker_Import,EVmaker_Import:PRO:2026-W28:00009,16,[16],[16],[16],[18],on_time -> on_time
IN:mom:Factory_Import_CN:EVmaker_Import,EVmaker_Import:PRO:2026-W28:00010,16,[16],[16],[16],[18],on_time -> on_time
IN:mom:Factory_Import_CN:EVmaker_Import,EVmaker_Import:PRO:2026-W28:00011,16,[16],[16],[16],[18],on_time -> on_time
IN:mom:Factory_Import_CN:EVmaker_Import,EVmaker_Import:PRO:2026-W28:00012,16,[16],[16],[16],[18],on_time -> on_time
IN:mom:Factory_Import_CN:EVmaker_Import,EVmaker_Import:PRO:2026-W28:00013,16,[16],[16],[16],[18],on_time -> on_time
IN:mom:Factory_Import_CN:EVmaker_Import,EVmaker_Import:PRO:2026-W28:00014,16,[16],[16],[16],[18],on_time -> on_time
IN:mom:Factory_Import_CN:EVmaker_Import,EVmaker_Import:PRO:2026-W28:00015,16,[16],[16],[16],[18],on_time -> on_time
IN:mom:Factory_Import_CN:EVmaker_Import,EVmaker_Import:PRO:2026-W28:00016,16,[16],[16],[16],[18],on_time -> on_time
IN:mom:Factory_Import_CN:EVmaker_Import,EVmaker_Import:PRO:2026-W28:00017,16,[16],[16],[16],[18],on_time -> on_time
IN:mom:Factory_Import_CN:EVmaker_Import,EVmaker_Import:PRO:2026-W28:00018,16,[16],[16],[16],[18],on_time -> on_time
IN:mom:Factory_Import_CN:EVmaker_Import,EVmaker_Import:BKK:2026-W28:00001,17,[17],[17],[17],[19],on_time -> on_time
IN:mom:Factory_Import_CN:EVmaker_Import,EVmaker_Import:BKK:2026-W28:00002,17,[17],[17],[17],[19],on_time -> on_time
IN:mom:Factory_Import_CN:EVmaker_Import,EVmaker_Import:BKK:2026-W28:00003,17,[17],[17],[17],[19],on_time -> on_time
IN:mom:Factory_Import_CN:EVmaker_Import,EVmaker_Import:BKK:2026-W28:00004,17,[17],[17],[17],[19],on_time -> on_time
IN:mom:Factory_Import_CN:EVmaker_Import,EVmaker_Import:BKK:2026-W28:00005,17,[17],[17],[17],[19],on_time -> on_time
IN:mom:Factory_Import_CN:EVmaker_Import,EVmaker_Import:BKK:2026-W28:00006,17,[17],[17],[17],[19],on_time -> on_time
IN:mom:Factory_Import_CN:EVmaker_Import,EVmaker_Import:BKK:2026-W28:00007,17,[17],[17],[17],[19],on_time -> on_time
IN:mom:Factory_Import_CN:EVmaker_Import,EVmaker_Import:BKK:2026-W28:00008,17,[17],[17],[17],[19],on_time -> on_time
IN:mom:Factory_Import_CN:EVmaker_Import,EVmaker_Import:BKK:2026-W28:00009,17,[17],[17],[17],[19],on_time -> on_time
IN:mom:Factory_Import_CN:EVmaker_Import,EVmaker_Import:BKK:2026-W28:00010,17,[17],[17],[17],[19],on_time -> on_time
IN:mom:Factory_Import_CN:EVmaker_Import,EVmaker_Import:BKK:2026-W28:00011,17,[17],[17],[17],[19],on_time -> on_time
IN:mom:Factory_Import_CN:EVmaker_Import,EVmaker_Import:BKK:2026-W28:00012,17,[17],[17],[17],[19],on_time -> on_time
IN:mom:Factory_Import_CN:EVmaker_Import,EVmaker_Import:BKK:2026-W28:00013,17,[17],[17],[17],[19],on_time -> on_time
IN:mom:Factory_Import_CN:EVmaker_Import,EVmaker_Import:BKK:2026-W28:00014,17,[17],[17],[17],[19],on_time -> on_time
IN:mom:Factory_Import_CN:EVmaker_Import,EVmaker_Import:BKK:2026-W28:00015,17,[17],[17],[17],[19],on_time -> on_time
IN:mom:Factory_Import_CN:EVmaker_Import,EVmaker_Import:BKK:2026-W28:00016,17,[17],[17],[17],[19],on_time -> on_time
IN:mom:Factory_Import_CN:EVmaker_Import,EVmaker_Import:BKK:2026-W28:00017,17,[17],[17],[17],[19],on_time -> on_time
IN:mom:Factory_Import_CN:EVmaker_Import,EVmaker_Import:BKK:2026-W28:00018,17,[17],[17],[17],[19],on_time -> on_time
IN:mom:Factory_Import_CN:EVmaker_Import,EVmaker_Import:BKK:2026-W28:00019,17,[17],[17],[17],[19],on_time -> on_time
IN:mom:Factory_Import_CN:EVmaker_Import,EVmaker_Import:BKK:2026-W28:00020,17,[17],[17],[17],[19],on_time -> on_time
IN:mom:Factory_Import_CN:EVmaker_Import,EVmaker_Import:BKK:2026-W28:00021,17,[17],[17],[17],[19],on_time -> on_time
IN:mom:Factory_Import_CN:EVmaker_Import,EVmaker_Import:BKK:2026-W28:00022,17,[17],[17],[17],[19],on_time -> on_time
IN:mom:Factory_Import_CN:EVmaker_Import,EVmaker_Import:BKK:2026-W28:00023,17,[17],[17],[17],[19],on_time -> on_time
IN:mom:Factory_Import_CN:EVmaker_Import,EVmaker_Import:BKK:2026-W28:00024,17,[17],[17],[17],[19],on_time -> on_time
IN:mom:Factory_Import_CN:EVmaker_Import,EVmaker_Import:BKK:2026-W28:00025,17,[17],[17],[17],[19],on_time -> on_time
IN:mom:Factory_Import_CN:EVmaker_Import,EVmaker_Import:BKK:2026-W28:00026,17,[17],[17],[17],[19],on_time -> on_time
IN:mom:Factory_Import_CN:EVmaker_Import,EVmaker_Import:BKK:2026-W28:00027,17,[17],[17],[17],[19],on_time -> on_time
IN:mom:Factory_Import_CN:EVmaker_Import,EVmaker_Import:BKK:2026-W28:00028,17,[17],[17],[17],[19],on_time -> on_time
IN:mom:Factory_Import_CN:EVmaker_Import,EVmaker_Import:BKK:2026-W28:00029,17,[17],[17],[17],[19],on_time -> on_time
IN:mom:Factory_Import_CN:EVmaker_Import,EVmaker_Import:BKK:2026-W28:00030,17,[17],[17],[17],[19],on_time -> on_time
IN:mom:Factory_Import_CN:EVmaker_Import,EVmaker_Import:BKK:2026-W28:00031,17,[17],[17],[17],[19],on_time -> on_time
IN:mom:Factory_Import_CN:EVmaker_Import,EVmaker_Import:BKK:2026-W28:00032,17,[17],[17],[17],[19],on_time -> on_time
IN:mom:Factory_Import_CN:EVmaker_Import,EVmaker_Import:BKK:2026-W28:00033,17,[17],[17],[17],[19],on_time -> on_time
IN:mom:Factory_Import_CN:EVmaker_Import,EVmaker_Import:BKK:2026-W28:00034,17,[17],[17],[17],[19],on_time -> on_time
IN:mom:Factory_Import_CN:EVmaker_Import,EVmaker_Import:BKK:2026-W28:00035,17,[17],[17],[17],[19],on_time -> on_time
IN:mom:Factory_Import_CN:EVmaker_Import,EVmaker_Import:BKK:2026-W28:00036,17,[17],[17],[17],[19],on_time -> on_time
IN:mom:Factory_Import_CN:EVmaker_Import,EVmaker_Import:BKK:2026-W28:00037,17,[17],[17],[17],[19],on_time -> on_time
IN:mom:Factory_Import_CN:EVmaker_Import,EVmaker_Import:BKK:2026-W28:00038,17,[17],[17],[17],[19],on_time -> on_time
IN:mom:Factory_Import_CN:EVmaker_Import,EVmaker_Import:BKK:2026-W28:00039,17,[17],[17],[17],[19],on_time -> on_time
IN:mom:Factory_Import_CN:EVmaker_Import,EVmaker_Import:BKK:2026-W28:00040,17,[17],[17],[17],[19],on_time -> on_time
IN:mom:Factory_Import_CN:EVmaker_Import,EVmaker_Import:BKK:2026-W28:00041,17,[17],[17],[17],[19],on_time -> on_time
IN:mom:Factory_Import_CN:EVmaker_Import,EVmaker_Import:BKK:2026-W28:00042,17,[17],[17],[17],[19],on_time -> on_time
IN:mom:Factory_Import_CN:EVmaker_Import,EVmaker_Import:BKK:2026-W28:00043,17,[17],[17],[17],[19],on_time -> on_time
IN:mom:Factory_Import_CN:EVmaker_Import,EVmaker_Import:BKK:2026-W28:00044,17,[17],[17],[17],[19],on_time -> on_time
IN:mom:Factory_Import_CN:EVmaker_Import,EVmaker_Import:BKK:2026-W28:00045,17,[17],[17],[17],[19],on_time -> on_time
IN:mom:Factory_Import_CN:EVmaker_Import,EVmaker_Import:BKK:2026-W28:00046,17,[17],[17],[17],[19],on_time -> on_time
IN:mom:Factory_Import_CN:EVmaker_Import,EVmaker_Import:BKK:2026-W28:00047,17,[17],[17],[17],[19],on_time -> on_time
IN:mom:Factory_Import_CN:EVmaker_Import,EVmaker_Import:BKK:2026-W28:00048,17,[17],[17],[17],[19],on_time -> on_time
IN:mom:Factory_Import_CN:EVmaker_Import,EVmaker_Import:BKK:2026-W28:00049,17,[17],[17],[17],[19],on_time -> on_time
IN:mom:Factory_Import_CN:EVmaker_Import,EVmaker_Import:BKK:2026-W28:00050,17,[17],[17],[17],[19],on_time -> on_time
IN:mom:Factory_Import_CN:EVmaker_Import,EVmaker_Import:ONL:2026-W27:00001,17,[16],[16],[17],[18],on_time -> on_time
IN:mom:Factory_Import_CN:EVmaker_Import,EVmaker_Import:ONL:2026-W27:00002,17,[16],[16],[17],[18],on_time -> on_time
IN:mom:Factory_Import_CN:EVmaker_Import,EVmaker_Import:ONL:2026-W27:00003,17,[16],[16],[17],[18],on_time -> on_time
IN:mom:Factory_Import_CN:EVmaker_Import,EVmaker_Import:ONL:2026-W27:00004,17,[16],[16],[17],[18],on_time -> on_time
IN:mom:Factory_Import_CN:EVmaker_Import,EVmaker_Import:ONL:2026-W27:00005,17,[16],[16],[17],[18],on_time -> on_time
IN:mom:Factory_Import_CN:EVmaker_Import,EVmaker_Import:ONL:2026-W27:00006,17,[16],[16],[17],[18],on_time -> on_time
IN:mom:Factory_Import_CN:EVmaker_Import,EVmaker_Import:ONL:2026-W27:00007,17,[16],[16],[17],[18],on_time -> on_time
IN:mom:Factory_Import_CN:EVmaker_Import,EVmaker_Import:ONL:2026-W27:00008,17,[16],[16],[17],[18],on_time -> on_time
IN:mom:Factory_Import_CN:EVmaker_Import,EVmaker_Import:ONL:2026-W27:00009,17,[16],[16],[17],[18],on_time -> on_time
IN:mom:Factory_Import_CN:EVmaker_Import,EVmaker_Import:ONL:2026-W27:00010,17,[16],[16],[17],[18],on_time -> on_time
IN:mom:Factory_Import_CN:EVmaker_Import,EVmaker_Import:PRO:2026-W28:00019,17,[16],[16],[17],[18],on_time -> on_time
IN:mom:Factory_Import_CN:EVmaker_Import,EVmaker_Import:PRO:2026-W28:00020,17,[16],[16],[17],[18],on_time -> on_time
IN:mom:Factory_Import_CN:EVmaker_Import,EVmaker_Import:PRO:2026-W28:00021,17,[16],[16],[17],[18],on_time -> on_time
IN:mom:Factory_Import_CN:EVmaker_Import,EVmaker_Import:PRO:2026-W28:00022,17,[16],[16],[17],[18],on_time -> on_time
IN:mom:Factory_Import_CN:EVmaker_Import,EVmaker_Import:PRO:2026-W28:00023,17,[16],[16],[17],[18],on_time -> on_time
IN:mom:Factory_Import_CN:EVmaker_Import,EVmaker_Import:PRO:2026-W28:00024,17,[16],[16],[17],[18],on_time -> on_time
IN:mom:Factory_Import_CN:EVmaker_Import,EVmaker_Import:PRO:2026-W28:00025,17,[16],[16],[17],[18],on_time -> on_time
IN:mom:Factory_Import_CN:EVmaker_Import,EVmaker_Import:PRO:2026-W28:00026,17,[16],[16],[17],[18],on_time -> on_time
IN:mom:Factory_Import_CN:EVmaker_Import,EVmaker_Import:PRO:2026-W28:00027,17,[16],[16],[17],[18],on_time -> on_time
IN:mom:Factory_Import_CN:EVmaker_Import,EVmaker_Import:PRO:2026-W28:00028,17,[16],[16],[17],[18],on_time -> on_time
IN:mom:Factory_Import_CN:EVmaker_Import,EVmaker_Import:PRO:2026-W28:00029,17,[16],[16],[17],[18],on_time -> on_time
IN:mom:Factory_Import_CN:EVmaker_Import,EVmaker_Import:PRO:2026-W28:00030,17,[16],[16],[17],[18],on_time -> on_time
IN:mom:Factory_Import_CN:EVmaker_Import,EVmaker_Import:PRO:2026-W28:00031,17,[16],[16],[17],[18],on_time -> on_time
IN:mom:Factory_Import_CN:EVmaker_Import,EVmaker_Import:PRO:2026-W28:00032,17,[16],[16],[17],[18],on_time -> on_time
IN:mom:Factory_Import_CN:EVmaker_Import,EVmaker_Import:PRO:2026-W28:00033,17,[16],[16],[17],[18],on_time -> on_time
IN:mom:Factory_Import_CN:EVmaker_Import,EVmaker_Import:PRO:2026-W28:00034,17,[16],[16],[17],[18],on_time -> on_time
IN:mom:Factory_Import_CN:EVmaker_Import,EVmaker_Import:PRO:2026-W28:00035,17,[16],[16],[17],[18],on_time -> on_time
IN:mom:Factory_Import_CN:EVmaker_Import,EVmaker_Import:PRO:2026-W28:00036,17,[16],[16],[17],[18],on_time -> on_time
IN:mom:Factory_Import_CN:EVmaker_Import,EVmaker_Import:PRO:2026-W28:00037,17,[16],[16],[17],[18],on_time -> on_time
IN:mom:Factory_Import_CN:EVmaker_Import,EVmaker_Import:PRO:2026-W28:00038,17,[16],[16],[17],[18],on_time -> on_time
IN:mom:Factory_Import_CN:EVmaker_Import,EVmaker_Import:PRO:2026-W28:00039,17,[16],[16],[17],[18],on_time -> on_time
IN:mom:Factory_Import_CN:EVmaker_Import,EVmaker_Import:PRO:2026-W28:00040,17,[16],[16],[17],[18],on_time -> on_time
IN:mom:Factory_Import_CN:EVmaker_Import,EVmaker_Import:PRO:2026-W29:00001,17,[17],[17],[17],[19],on_time -> on_time
IN:mom:Factory_Import_CN:EVmaker_Import,EVmaker_Import:PRO:2026-W29:00002,17,[17],[17],[17],[19],on_time -> on_time
IN:mom:Factory_Import_CN:EVmaker_Import,EVmaker_Import:PRO:2026-W29:00003,17,[17],[17],[17],[19],on_time -> on_time
IN:mom:Factory_Import_CN:EVmaker_Import,EVmaker_Import:PRO:2026-W29:00004,17,[17],[17],[17],[19],on_time -> on_time
IN:mom:Factory_Import_CN:EVmaker_Import,EVmaker_Import:PRO:2026-W29:00005,17,[17],[17],[17],[19],on_time -> on_time
IN:mom:Factory_Import_CN:EVmaker_Import,EVmaker_Import:PRO:2026-W29:00006,17,[17],[17],[17],[19],on_time -> on_time
IN:mom:Factory_Import_CN:EVmaker_Import,EVmaker_Import:PRO:2026-W29:00007,17,[17],[17],[17],[19],on_time -> on_time
IN:mom:Factory_Import_CN:EVmaker_Import,EVmaker_Import:PRO:2026-W29:00008,17,[17],[17],[17],[19],on_time -> on_time
IN:mom:Factory_Import_CN:EVmaker_Import,EVmaker_Import:PRO:2026-W29:00009,17,[17],[17],[17],[19],on_time -> on_time
IN:mom:Factory_Import_CN:EVmaker_Import,EVmaker_Import:PRO:2026-W29:00010,17,[17],[17],[17],[19],on_time -> on_time
IN:mom:Factory_Import_CN:EVmaker_Import,EVmaker_Import:PRO:2026-W29:00011,17,[17],[17],[17],[19],on_time -> on_time
IN:mom:Factory_Import_CN:EVmaker_Import,EVmaker_Import:PRO:2026-W29:00012,17,[17],[17],[17],[19],on_time -> on_time
IN:mom:Factory_Import_CN:EVmaker_Import,EVmaker_Import:PRO:2026-W29:00013,17,[17],[17],[17],[19],on_time -> on_time
IN:mom:Factory_Import_CN:EVmaker_Import,EVmaker_Import:PRO:2026-W29:00014,17,[17],[17],[17],[19],on_time -> on_time
IN:mom:Factory_Import_CN:EVmaker_Import,EVmaker_Import:PRO:2026-W29:00015,17,[17],[17],[17],[19],on_time -> on_time
IN:mom:Factory_Import_CN:EVmaker_Import,EVmaker_Import:PRO:2026-W29:00016,17,[17],[17],[17],[19],on_time -> on_time
IN:mom:Factory_Import_CN:EVmaker_Import,EVmaker_Import:PRO:2026-W29:00017,17,[17],[17],[17],[19],on_time -> on_time
IN:mom:Factory_Import_CN:EVmaker_Import,EVmaker_Import:PRO:2026-W29:00018,17,[17],[17],[17],[19],on_time -> on_time
IN:mom:Factory_Import_CN:EVmaker_Import,EVmaker_Import:BKK:2026-W29:00001,18,[18],[18],[18],[20],on_time -> on_time
IN:mom:Factory_Import_CN:EVmaker_Import,EVmaker_Import:BKK:2026-W29:00002,18,[18],[18],[18],[20],on_time -> on_time
IN:mom:Factory_Import_CN:EVmaker_Import,EVmaker_Import:BKK:2026-W29:00003,18,[18],[18],[18],[20],on_time -> on_time
IN:mom:Factory_Import_CN:EVmaker_Import,EVmaker_Import:BKK:2026-W29:00004,18,[18],[18],[18],[20],on_time -> on_time
IN:mom:Factory_Import_CN:EVmaker_Import,EVmaker_Import:BKK:2026-W29:00005,18,[18],[18],[18],[20],on_time -> on_time
IN:mom:Factory_Import_CN:EVmaker_Import,EVmaker_Import:BKK:2026-W29:00006,18,[18],[18],[18],[20],on_time -> on_time
IN:mom:Factory_Import_CN:EVmaker_Import,EVmaker_Import:BKK:2026-W29:00007,18,[18],[18],[18],[20],on_time -> on_time
IN:mom:Factory_Import_CN:EVmaker_Import,EVmaker_Import:BKK:2026-W29:00008,18,[18],[18],[18],[20],on_time -> on_time
IN:mom:Factory_Import_CN:EVmaker_Import,EVmaker_Import:BKK:2026-W29:00009,18,[18],[18],[18],[20],on_time -> on_time
IN:mom:Factory_Import_CN:EVmaker_Import,EVmaker_Import:BKK:2026-W29:00010,18,[18],[18],[18],[20],on_time -> on_time
IN:mom:Factory_Import_CN:EVmaker_Import,EVmaker_Import:BKK:2026-W29:00011,18,[18],[18],[18],[20],on_time -> on_time
IN:mom:Factory_Import_CN:EVmaker_Import,EVmaker_Import:BKK:2026-W29:00012,18,[18],[18],[18],[20],on_time -> on_time
IN:mom:Factory_Import_CN:EVmaker_Import,EVmaker_Import:BKK:2026-W29:00013,18,[18],[18],[18],[20],on_time -> on_time
IN:mom:Factory_Import_CN:EVmaker_Import,EVmaker_Import:BKK:2026-W29:00014,18,[18],[18],[18],[20],on_time -> on_time
IN:mom:Factory_Import_CN:EVmaker_Import,EVmaker_Import:BKK:2026-W29:00015,18,[18],[18],[18],[20],on_time -> on_time
IN:mom:Factory_Import_CN:EVmaker_Import,EVmaker_Import:BKK:2026-W29:00016,18,[18],[18],[18],[20],on_time -> on_time
IN:mom:Factory_Import_CN:EVmaker_Import,EVmaker_Import:BKK:2026-W29:00017,18,[18],[18],[18],[20],on_time -> on_time
IN:mom:Factory_Import_CN:EVmaker_Import,EVmaker_Import:BKK:2026-W29:00018,18,[18],[18],[18],[20],on_time -> on_time
IN:mom:Factory_Import_CN:EVmaker_Import,EVmaker_Import:BKK:2026-W29:00019,18,[18],[18],[18],[20],on_time -> on_time
IN:mom:Factory_Import_CN:EVmaker_Import,EVmaker_Import:BKK:2026-W29:00020,18,[18],[18],[18],[20],on_time -> on_time
IN:mom:Factory_Import_CN:EVmaker_Import,EVmaker_Import:BKK:2026-W29:00021,18,[18],[18],[18],[20],on_time -> on_time
IN:mom:Factory_Import_CN:EVmaker_Import,EVmaker_Import:BKK:2026-W29:00022,18,[18],[18],[18],[20],on_time -> on_time
IN:mom:Factory_Import_CN:EVmaker_Import,EVmaker_Import:BKK:2026-W29:00023,18,[18],[18],[18],[20],on_time -> on_time
IN:mom:Factory_Import_CN:EVmaker_Import,EVmaker_Import:BKK:2026-W29:00024,18,[18],[18],[18],[20],on_time -> on_time
IN:mom:Factory_Import_CN:EVmaker_Import,EVmaker_Import:BKK:2026-W29:00025,18,[18],[18],[18],[20],on_time -> on_time
IN:mom:Factory_Import_CN:EVmaker_Import,EVmaker_Import:BKK:2026-W29:00026,18,[18],[18],[18],[20],on_time -> on_time
IN:mom:Factory_Import_CN:EVmaker_Import,EVmaker_Import:BKK:2026-W29:00027,18,[18],[18],[18],[20],on_time -> on_time
IN:mom:Factory_Import_CN:EVmaker_Import,EVmaker_Import:BKK:2026-W29:00028,18,[18],[18],[18],[20],on_time -> on_time
IN:mom:Factory_Import_CN:EVmaker_Import,EVmaker_Import:BKK:2026-W29:00029,18,[18],[18],[18],[20],on_time -> on_time
IN:mom:Factory_Import_CN:EVmaker_Import,EVmaker_Import:BKK:2026-W29:00030,18,[18],[18],[18],[20],on_time -> on_time
IN:mom:Factory_Import_CN:EVmaker_Import,EVmaker_Import:BKK:2026-W29:00031,18,[18],[18],[18],[20],on_time -> on_time
IN:mom:Factory_Import_CN:EVmaker_Import,EVmaker_Import:BKK:2026-W29:00032,18,[18],[18],[18],[20],on_time -> on_time
IN:mom:Factory_Import_CN:EVmaker_Import,EVmaker_Import:BKK:2026-W29:00033,18,[18],[18],[18],[20],on_time -> on_time
IN:mom:Factory_Import_CN:EVmaker_Import,EVmaker_Import:BKK:2026-W29:00034,18,[18],[18],[18],[20],on_time -> on_time
IN:mom:Factory_Import_CN:EVmaker_Import,EVmaker_Import:BKK:2026-W29:00035,18,[18],[18],[18],[20],on_time -> on_time
IN:mom:Factory_Import_CN:EVmaker_Import,EVmaker_Import:BKK:2026-W29:00036,18,[18],[18],[18],[20],on_time -> on_time
IN:mom:Factory_Import_CN:EVmaker_Import,EVmaker_Import:BKK:2026-W29:00037,18,[18],[18],[18],[20],on_time -> on_time
IN:mom:Factory_Import_CN:EVmaker_Import,EVmaker_Import:BKK:2026-W29:00038,18,[18],[18],[18],[20],on_time -> on_time
IN:mom:Factory_Import_CN:EVmaker_Import,EVmaker_Import:BKK:2026-W29:00039,18,[18],[18],[18],[20],on_time -> on_time
IN:mom:Factory_Import_CN:EVmaker_Import,EVmaker_Import:BKK:2026-W29:00040,18,[18],[18],[18],[20],on_time -> on_time
IN:mom:Factory_Import_CN:EVmaker_Import,EVmaker_Import:BKK:2026-W29:00041,18,[18],[18],[18],[20],on_time -> on_time
IN:mom:Factory_Import_CN:EVmaker_Import,EVmaker_Import:BKK:2026-W29:00042,18,[18],[18],[18],[20],on_time -> on_time
IN:mom:Factory_Import_CN:EVmaker_Import,EVmaker_Import:BKK:2026-W29:00043,18,[18],[18],[18],[20],on_time -> on_time
IN:mom:Factory_Import_CN:EVmaker_Import,EVmaker_Import:BKK:2026-W29:00044,18,[18],[18],[18],[20],on_time -> on_time
IN:mom:Factory_Import_CN:EVmaker_Import,EVmaker_Import:BKK:2026-W29:00045,18,[18],[18],[18],[20],on_time -> on_time
IN:mom:Factory_Import_CN:EVmaker_Import,EVmaker_Import:BKK:2026-W29:00046,18,[18],[18],[18],[20],on_time -> on_time
IN:mom:Factory_Import_CN:EVmaker_Import,EVmaker_Import:BKK:2026-W29:00047,18,[18],[18],[18],[20],on_time -> on_time
IN:mom:Factory_Import_CN:EVmaker_Import,EVmaker_Import:BKK:2026-W29:00048,18,[18],[18],[18],[20],on_time -> on_time
IN:mom:Factory_Import_CN:EVmaker_Import,EVmaker_Import:BKK:2026-W29:00049,18,[18],[18],[18],[20],on_time -> on_time
IN:mom:Factory_Import_CN:EVmaker_Import,EVmaker_Import:BKK:2026-W29:00050,18,[18],[18],[18],[20],on_time -> on_time
IN:mom:Factory_Import_CN:EVmaker_Import,EVmaker_Import:ONL:2026-W28:00001,18,[17],[17],[18],[19],on_time -> on_time
IN:mom:Factory_Import_CN:EVmaker_Import,EVmaker_Import:ONL:2026-W28:00002,18,[17],[17],[18],[19],on_time -> on_time
IN:mom:Factory_Import_CN:EVmaker_Import,EVmaker_Import:ONL:2026-W28:00003,18,[17],[17],[18],[19],on_time -> on_time
IN:mom:Factory_Import_CN:EVmaker_Import,EVmaker_Import:ONL:2026-W28:00004,18,[17],[17],[18],[19],on_time -> on_time
IN:mom:Factory_Import_CN:EVmaker_Import,EVmaker_Import:ONL:2026-W28:00005,18,[17],[17],[18],[19],on_time -> on_time
IN:mom:Factory_Import_CN:EVmaker_Import,EVmaker_Import:ONL:2026-W28:00006,18,[17],[17],[18],[19],on_time -> on_time
IN:mom:Factory_Import_CN:EVmaker_Import,EVmaker_Import:ONL:2026-W28:00007,18,[17],[17],[18],[19],on_time -> on_time
IN:mom:Factory_Import_CN:EVmaker_Import,EVmaker_Import:ONL:2026-W28:00008,18,[17],[17],[18],[19],on_time -> on_time
IN:mom:Factory_Import_CN:EVmaker_Import,EVmaker_Import:ONL:2026-W28:00009,18,[17],[17],[18],[19],on_time -> on_time
IN:mom:Factory_Import_CN:EVmaker_Import,EVmaker_Import:ONL:2026-W28:00010,18,[17],[17],[18],[19],on_time -> on_time
IN:mom:Factory_Import_CN:EVmaker_Import,EVmaker_Import:PRO:2026-W29:00019,18,[17],[17],[18],[19],on_time -> on_time
IN:mom:Factory_Import_CN:EVmaker_Import,EVmaker_Import:PRO:2026-W29:00020,18,[17],[17],[18],[19],on_time -> on_time
IN:mom:Factory_Import_CN:EVmaker_Import,EVmaker_Import:PRO:2026-W29:00021,18,[17],[17],[18],[19],on_time -> on_time
IN:mom:Factory_Import_CN:EVmaker_Import,EVmaker_Import:PRO:2026-W29:00022,18,[17],[17],[18],[19],on_time -> on_time
IN:mom:Factory_Import_CN:EVmaker_Import,EVmaker_Import:PRO:2026-W29:00023,18,[17],[17],[18],[19],on_time -> on_time
IN:mom:Factory_Import_CN:EVmaker_Import,EVmaker_Import:PRO:2026-W29:00024,18,[17],[17],[18],[19],on_time -> on_time
IN:mom:Factory_Import_CN:EVmaker_Import,EVmaker_Import:PRO:2026-W29:00025,18,[17],[17],[18],[19],on_time -> on_time
IN:mom:Factory_Import_CN:EVmaker_Import,EVmaker_Import:PRO:2026-W29:00026,18,[17],[17],[18],[19],on_time -> on_time
IN:mom:Factory_Import_CN:EVmaker_Import,EVmaker_Import:PRO:2026-W29:00027,18,[17],[17],[18],[19],on_time -> on_time
IN:mom:Factory_Import_CN:EVmaker_Import,EVmaker_Import:PRO:2026-W29:00028,18,[17],[17],[18],[19],on_time -> on_time
IN:mom:Factory_Import_CN:EVmaker_Import,EVmaker_Import:PRO:2026-W29:00029,18,[17],[17],[18],[19],on_time -> on_time
IN:mom:Factory_Import_CN:EVmaker_Import,EVmaker_Import:PRO:2026-W29:00030,18,[17],[17],[18],[19],on_time -> on_time
IN:mom:Factory_Import_CN:EVmaker_Import,EVmaker_Import:PRO:2026-W29:00031,18,[17],[17],[18],[19],on_time -> on_time
IN:mom:Factory_Import_CN:EVmaker_Import,EVmaker_Import:PRO:2026-W29:00032,18,[17],[17],[18],[19],on_time -> on_time
IN:mom:Factory_Import_CN:EVmaker_Import,EVmaker_Import:PRO:2026-W29:00033,18,[17],[17],[18],[19],on_time -> on_time
IN:mom:Factory_Import_CN:EVmaker_Import,EVmaker_Import:PRO:2026-W29:00034,18,[17],[17],[18],[19],on_time -> on_time
IN:mom:Factory_Import_CN:EVmaker_Import,EVmaker_Import:PRO:2026-W29:00035,18,[17],[17],[18],[19],on_time -> on_time
IN:mom:Factory_Import_CN:EVmaker_Import,EVmaker_Import:PRO:2026-W29:00036,18,[17],[17],[18],[19],on_time -> on_time
IN:mom:Factory_Import_CN:EVmaker_Import,EVmaker_Import:PRO:2026-W29:00037,18,[17],[17],[18],[19],on_time -> on_time
IN:mom:Factory_Import_CN:EVmaker_Import,EVmaker_Import:PRO:2026-W29:00038,18,[17],[17],[18],[19],on_time -> on_time
IN:mom:Factory_Import_CN:EVmaker_Import,EVmaker_Import:PRO:2026-W29:00039,18,[17],[17],[18],[19],on_time -> on_time
IN:mom:Factory_Import_CN:EVmaker_Import,EVmaker_Import:PRO:2026-W29:00040,18,[17],[17],[18],[19],on_time -> on_time
IN:mom:Factory_Import_CN:EVmaker_Import,EVmaker_Import:PRO:2026-W30:00001,18,[18],[18],[18],[20],on_time -> on_time
IN:mom:Factory_Import_CN:EVmaker_Import,EVmaker_Import:PRO:2026-W30:00002,18,[18],[18],[18],[20],on_time -> on_time
IN:mom:Factory_Import_CN:EVmaker_Import,EVmaker_Import:PRO:2026-W30:00003,18,[18],[18],[18],[20],on_time -> on_time
IN:mom:Factory_Import_CN:EVmaker_Import,EVmaker_Import:PRO:2026-W30:00004,18,[18],[18],[18],[20],on_time -> on_time
IN:mom:Factory_Import_CN:EVmaker_Import,EVmaker_Import:PRO:2026-W30:00005,18,[18],[18],[18],[20],on_time -> on_time
IN:mom:Factory_Import_CN:EVmaker_Import,EVmaker_Import:PRO:2026-W30:00006,18,[18],[18],[18],[20],on_time -> on_time
IN:mom:Factory_Import_CN:EVmaker_Import,EVmaker_Import:PRO:2026-W30:00007,18,[18],[18],[18],[20],on_time -> on_time
IN:mom:Factory_Import_CN:EVmaker_Import,EVmaker_Import:PRO:2026-W30:00008,18,[18],[18],[18],[20],on_time -> on_time
IN:mom:Factory_Import_CN:EVmaker_Import,EVmaker_Import:PRO:2026-W30:00009,18,[18],[18],[18],[20],on_time -> on_time
IN:mom:Factory_Import_CN:EVmaker_Import,EVmaker_Import:PRO:2026-W30:00010,18,[18],[18],[18],[20],on_time -> on_time
IN:mom:Factory_Import_CN:EVmaker_Import,EVmaker_Import:PRO:2026-W30:00011,18,[18],[18],[18],[20],on_time -> on_time
IN:mom:Factory_Import_CN:EVmaker_Import,EVmaker_Import:PRO:2026-W30:00012,18,[18],[18],[18],[20],on_time -> on_time
IN:mom:Factory_Import_CN:EVmaker_Import,EVmaker_Import:PRO:2026-W30:00013,18,[18],[18],[18],[20],on_time -> on_time
IN:mom:Factory_Import_CN:EVmaker_Import,EVmaker_Import:PRO:2026-W30:00014,18,[18],[18],[18],[20],on_time -> on_time
IN:mom:Factory_Import_CN:EVmaker_Import,EVmaker_Import:PRO:2026-W30:00015,18,[18],[18],[18],[20],on_time -> on_time
IN:mom:Factory_Import_CN:EVmaker_Import,EVmaker_Import:PRO:2026-W30:00016,18,[18],[18],[18],[20],on_time -> on_time
IN:mom:Factory_Import_CN:EVmaker_Import,EVmaker_Import:PRO:2026-W30:00017,18,[18],[18],[18],[20],on_time -> on_time
IN:mom:Factory_Import_CN:EVmaker_Import,EVmaker_Import:PRO:2026-W30:00018,18,[18],[18],[18],[20],on_time -> on_time
IN:mom:Factory_Import_CN:EVmaker_Import,EVmaker_Import:BKK:2026-W30:00001,19,[19],[19],[19],[21],on_time -> on_time
IN:mom:Factory_Import_CN:EVmaker_Import,EVmaker_Import:BKK:2026-W30:00002,19,[19],[19],[19],[21],on_time -> on_time
IN:mom:Factory_Import_CN:EVmaker_Import,EVmaker_Import:BKK:2026-W30:00003,19,[19],[19],[19],[21],on_time -> on_time
IN:mom:Factory_Import_CN:EVmaker_Import,EVmaker_Import:BKK:2026-W30:00004,19,[19],[19],[19],[21],on_time -> on_time
IN:mom:Factory_Import_CN:EVmaker_Import,EVmaker_Import:BKK:2026-W30:00005,19,[19],[19],[19],[21],on_time -> on_time
IN:mom:Factory_Import_CN:EVmaker_Import,EVmaker_Import:BKK:2026-W30:00006,19,[19],[19],[19],[21],on_time -> on_time
IN:mom:Factory_Import_CN:EVmaker_Import,EVmaker_Import:BKK:2026-W30:00007,19,[19],[19],[19],[21],on_time -> on_time
IN:mom:Factory_Import_CN:EVmaker_Import,EVmaker_Import:BKK:2026-W30:00008,19,[19],[19],[19],[21],on_time -> on_time
IN:mom:Factory_Import_CN:EVmaker_Import,EVmaker_Import:BKK:2026-W30:00009,19,[19],[19],[19],[21],on_time -> on_time
IN:mom:Factory_Import_CN:EVmaker_Import,EVmaker_Import:BKK:2026-W30:00010,19,[19],[19],[19],[21],on_time -> on_time
IN:mom:Factory_Import_CN:EVmaker_Import,EVmaker_Import:BKK:2026-W30:00011,19,[19],[19],[19],[21],on_time -> on_time
IN:mom:Factory_Import_CN:EVmaker_Import,EVmaker_Import:BKK:2026-W30:00012,19,[19],[19],[19],[21],on_time -> on_time
IN:mom:Factory_Import_CN:EVmaker_Import,EVmaker_Import:BKK:2026-W30:00013,19,[19],[19],[19],[21],on_time -> on_time
IN:mom:Factory_Import_CN:EVmaker_Import,EVmaker_Import:BKK:2026-W30:00014,19,[19],[19],[19],[21],on_time -> on_time
IN:mom:Factory_Import_CN:EVmaker_Import,EVmaker_Import:BKK:2026-W30:00015,19,[19],[19],[19],[21],on_time -> on_time
IN:mom:Factory_Import_CN:EVmaker_Import,EVmaker_Import:BKK:2026-W30:00016,19,[19],[19],[19],[21],on_time -> on_time
IN:mom:Factory_Import_CN:EVmaker_Import,EVmaker_Import:BKK:2026-W30:00017,19,[19],[19],[19],[21],on_time -> on_time
IN:mom:Factory_Import_CN:EVmaker_Import,EVmaker_Import:BKK:2026-W30:00018,19,[19],[19],[19],[21],on_time -> on_time
IN:mom:Factory_Import_CN:EVmaker_Import,EVmaker_Import:BKK:2026-W30:00019,19,[19],[19],[19],[21],on_time -> on_time
IN:mom:Factory_Import_CN:EVmaker_Import,EVmaker_Import:BKK:2026-W30:00020,19,[19],[19],[19],[21],on_time -> on_time
IN:mom:Factory_Import_CN:EVmaker_Import,EVmaker_Import:BKK:2026-W30:00021,19,[19],[19],[19],[21],on_time -> on_time
IN:mom:Factory_Import_CN:EVmaker_Import,EVmaker_Import:BKK:2026-W30:00022,19,[19],[19],[19],[21],on_time -> on_time
IN:mom:Factory_Import_CN:EVmaker_Import,EVmaker_Import:BKK:2026-W30:00023,19,[19],[19],[19],[21],on_time -> on_time
IN:mom:Factory_Import_CN:EVmaker_Import,EVmaker_Import:BKK:2026-W30:00024,19,[19],[19],[19],[21],on_time -> on_time
IN:mom:Factory_Import_CN:EVmaker_Import,EVmaker_Import:BKK:2026-W30:00025,19,[19],[19],[19],[21],on_time -> on_time
IN:mom:Factory_Import_CN:EVmaker_Import,EVmaker_Import:BKK:2026-W30:00026,19,[19],[19],[19],[21],on_time -> on_time
IN:mom:Factory_Import_CN:EVmaker_Import,EVmaker_Import:BKK:2026-W30:00027,19,[19],[19],[19],[21],on_time -> on_time
IN:mom:Factory_Import_CN:EVmaker_Import,EVmaker_Import:BKK:2026-W30:00028,19,[19],[19],[19],[21],on_time -> on_time
IN:mom:Factory_Import_CN:EVmaker_Import,EVmaker_Import:BKK:2026-W30:00029,19,[19],[19],[19],[21],on_time -> on_time
IN:mom:Factory_Import_CN:EVmaker_Import,EVmaker_Import:BKK:2026-W30:00030,19,[19],[19],[19],[21],on_time -> on_time
IN:mom:Factory_Import_CN:EVmaker_Import,EVmaker_Import:BKK:2026-W30:00031,19,[19],[19],[19],[21],on_time -> on_time
IN:mom:Factory_Import_CN:EVmaker_Import,EVmaker_Import:BKK:2026-W30:00032,19,[19],[19],[19],[21],on_time -> on_time
IN:mom:Factory_Import_CN:EVmaker_Import,EVmaker_Import:BKK:2026-W30:00033,19,[19],[19],[19],[21],on_time -> on_time
IN:mom:Factory_Import_CN:EVmaker_Import,EVmaker_Import:BKK:2026-W30:00034,19,[19],[19],[19],[21],on_time -> on_time
IN:mom:Factory_Import_CN:EVmaker_Import,EVmaker_Import:BKK:2026-W30:00035,19,[19],[19],[19],[21],on_time -> on_time
IN:mom:Factory_Import_CN:EVmaker_Import,EVmaker_Import:BKK:2026-W30:00036,19,[19],[19],[19],[21],on_time -> on_time
IN:mom:Factory_Import_CN:EVmaker_Import,EVmaker_Import:BKK:2026-W30:00037,19,[19],[19],[19],[21],on_time -> on_time
IN:mom:Factory_Import_CN:EVmaker_Import,EVmaker_Import:BKK:2026-W30:00038,19,[19],[19],[19],[21],on_time -> on_time
IN:mom:Factory_Import_CN:EVmaker_Import,EVmaker_Import:BKK:2026-W30:00039,19,[19],[19],[19],[21],on_time -> on_time
IN:mom:Factory_Import_CN:EVmaker_Import,EVmaker_Import:BKK:2026-W30:00040,19,[19],[19],[19],[21],on_time -> on_time
IN:mom:Factory_Import_CN:EVmaker_Import,EVmaker_Import:BKK:2026-W30:00041,19,[19],[19],[19],[21],on_time -> on_time
IN:mom:Factory_Import_CN:EVmaker_Import,EVmaker_Import:BKK:2026-W30:00042,19,[19],[19],[19],[21],on_time -> on_time
IN:mom:Factory_Import_CN:EVmaker_Import,EVmaker_Import:BKK:2026-W30:00043,19,[19],[19],[19],[21],on_time -> on_time
IN:mom:Factory_Import_CN:EVmaker_Import,EVmaker_Import:BKK:2026-W30:00044,19,[19],[19],[19],[21],on_time -> on_time
IN:mom:Factory_Import_CN:EVmaker_Import,EVmaker_Import:BKK:2026-W30:00045,19,[19],[19],[19],[21],on_time -> on_time
IN:mom:Factory_Import_CN:EVmaker_Import,EVmaker_Import:BKK:2026-W30:00046,19,[19],[19],[19],[21],on_time -> on_time
IN:mom:Factory_Import_CN:EVmaker_Import,EVmaker_Import:BKK:2026-W30:00047,19,[19],[19],[19],[21],on_time -> on_time
IN:mom:Factory_Import_CN:EVmaker_Import,EVmaker_Import:BKK:2026-W30:00048,19,[19],[19],[19],[21],on_time -> on_time
IN:mom:Factory_Import_CN:EVmaker_Import,EVmaker_Import:BKK:2026-W30:00049,19,[19],[19],[19],[21],on_time -> on_time
IN:mom:Factory_Import_CN:EVmaker_Import,EVmaker_Import:BKK:2026-W30:00050,19,[19],[19],[19],[21],on_time -> on_time
IN:mom:Factory_Import_CN:EVmaker_Import,EVmaker_Import:ONL:2026-W29:00001,19,[18],[18],[19],[20],on_time -> on_time
IN:mom:Factory_Import_CN:EVmaker_Import,EVmaker_Import:ONL:2026-W29:00002,19,[18],[18],[19],[20],on_time -> on_time
IN:mom:Factory_Import_CN:EVmaker_Import,EVmaker_Import:ONL:2026-W29:00003,19,[18],[18],[19],[20],on_time -> on_time
IN:mom:Factory_Import_CN:EVmaker_Import,EVmaker_Import:ONL:2026-W29:00004,19,[18],[18],[19],[20],on_time -> on_time
IN:mom:Factory_Import_CN:EVmaker_Import,EVmaker_Import:ONL:2026-W29:00005,19,[18],[18],[19],[20],on_time -> on_time
IN:mom:Factory_Import_CN:EVmaker_Import,EVmaker_Import:ONL:2026-W29:00006,19,[18],[18],[19],[20],on_time -> on_time
IN:mom:Factory_Import_CN:EVmaker_Import,EVmaker_Import:ONL:2026-W29:00007,19,[18],[18],[19],[20],on_time -> on_time
IN:mom:Factory_Import_CN:EVmaker_Import,EVmaker_Import:ONL:2026-W29:00008,19,[18],[18],[19],[20],on_time -> on_time
IN:mom:Factory_Import_CN:EVmaker_Import,EVmaker_Import:ONL:2026-W29:00009,19,[18],[18],[19],[20],on_time -> on_time
IN:mom:Factory_Import_CN:EVmaker_Import,EVmaker_Import:ONL:2026-W29:00010,19,[18],[18],[19],[20],on_time -> on_time
IN:mom:Factory_Import_CN:EVmaker_Import,EVmaker_Import:PRO:2026-W30:00019,19,[18],[18],[19],[20],on_time -> on_time
IN:mom:Factory_Import_CN:EVmaker_Import,EVmaker_Import:PRO:2026-W30:00020,19,[18],[18],[19],[20],on_time -> on_time
IN:mom:Factory_Import_CN:EVmaker_Import,EVmaker_Import:PRO:2026-W30:00021,19,[18],[18],[19],[20],on_time -> on_time
IN:mom:Factory_Import_CN:EVmaker_Import,EVmaker_Import:PRO:2026-W30:00022,19,[18],[18],[19],[20],on_time -> on_time
IN:mom:Factory_Import_CN:EVmaker_Import,EVmaker_Import:PRO:2026-W30:00023,19,[18],[18],[19],[20],on_time -> on_time
IN:mom:Factory_Import_CN:EVmaker_Import,EVmaker_Import:PRO:2026-W30:00024,19,[18],[18],[19],[20],on_time -> on_time
IN:mom:Factory_Import_CN:EVmaker_Import,EVmaker_Import:PRO:2026-W30:00025,19,[18],[18],[19],[20],on_time -> on_time
IN:mom:Factory_Import_CN:EVmaker_Import,EVmaker_Import:PRO:2026-W30:00026,19,[18],[18],[19],[20],on_time -> on_time
IN:mom:Factory_Import_CN:EVmaker_Import,EVmaker_Import:PRO:2026-W30:00027,19,[18],[18],[19],[20],on_time -> on_time
IN:mom:Factory_Import_CN:EVmaker_Import,EVmaker_Import:PRO:2026-W30:00028,19,[18],[18],[19],[20],on_time -> on_time
IN:mom:Factory_Import_CN:EVmaker_Import,EVmaker_Import:PRO:2026-W30:00029,19,[18],[18],[19],[20],on_time -> on_time
IN:mom:Factory_Import_CN:EVmaker_Import,EVmaker_Import:PRO:2026-W30:00030,19,[18],[18],[19],[20],on_time -> on_time
IN:mom:Factory_Import_CN:EVmaker_Import,EVmaker_Import:PRO:2026-W30:00031,19,[18],[18],[19],[20],on_time -> on_time
IN:mom:Factory_Import_CN:EVmaker_Import,EVmaker_Import:PRO:2026-W30:00032,19,[18],[18],[19],[20],on_time -> on_time
IN:mom:Factory_Import_CN:EVmaker_Import,EVmaker_Import:PRO:2026-W30:00033,19,[18],[18],[19],[20],on_time -> on_time
IN:mom:Factory_Import_CN:EVmaker_Import,EVmaker_Import:PRO:2026-W30:00034,19,[18],[18],[19],[20],on_time -> on_time
IN:mom:Factory_Import_CN:EVmaker_Import,EVmaker_Import:PRO:2026-W30:00035,19,[18],[18],[19],[20],on_time -> on_time
IN:mom:Factory_Import_CN:EVmaker_Import,EVmaker_Import:PRO:2026-W30:00036,19,[18],[18],[19],[20],on_time -> on_time
IN:mom:Factory_Import_CN:EVmaker_Import,EVmaker_Import:PRO:2026-W30:00037,19,[18],[18],[19],[20],on_time -> on_time
IN:mom:Factory_Import_CN:EVmaker_Import,EVmaker_Import:PRO:2026-W30:00038,19,[18],[18],[19],[20],on_time -> on_time
IN:mom:Factory_Import_CN:EVmaker_Import,EVmaker_Import:PRO:2026-W30:00039,19,[18],[18],[19],[20],on_time -> on_time
IN:mom:Factory_Import_CN:EVmaker_Import,EVmaker_Import:PRO:2026-W30:00040,19,[18],[18],[19],[20],on_time -> on_time
IN:mom:Factory_Import_CN:EVmaker_Import,EVmaker_Import:PRO:2026-W31:00001,19,[19],[19],[19],[21],on_time -> on_time
IN:mom:Factory_Import_CN:EVmaker_Import,EVmaker_Import:PRO:2026-W31:00002,19,[19],[19],[19],[21],on_time -> on_time
IN:mom:Factory_Import_CN:EVmaker_Import,EVmaker_Import:PRO:2026-W31:00003,19,[19],[19],[19],[21],on_time -> on_time
IN:mom:Factory_Import_CN:EVmaker_Import,EVmaker_Import:PRO:2026-W31:00004,19,[19],[19],[19],[21],on_time -> on_time
IN:mom:Factory_Import_CN:EVmaker_Import,EVmaker_Import:PRO:2026-W31:00005,19,[19],[19],[19],[21],on_time -> on_time
IN:mom:Factory_Import_CN:EVmaker_Import,EVmaker_Import:PRO:2026-W31:00006,19,[19],[19],[19],[21],on_time -> on_time
IN:mom:Factory_Import_CN:EVmaker_Import,EVmaker_Import:PRO:2026-W31:00007,19,[19],[19],[19],[21],on_time -> on_time
IN:mom:Factory_Import_CN:EVmaker_Import,EVmaker_Import:PRO:2026-W31:00008,19,[19],[19],[19],[21],on_time -> on_time
IN:mom:Factory_Import_CN:EVmaker_Import,EVmaker_Import:PRO:2026-W31:00009,19,[19],[19],[19],[21],on_time -> on_time
IN:mom:Factory_Import_CN:EVmaker_Import,EVmaker_Import:PRO:2026-W31:00010,19,[19],[19],[19],[21],on_time -> on_time
IN:mom:Factory_Import_CN:EVmaker_Import,EVmaker_Import:PRO:2026-W31:00011,19,[19],[19],[19],[21],on_time -> on_time
IN:mom:Factory_Import_CN:EVmaker_Import,EVmaker_Import:PRO:2026-W31:00012,19,[19],[19],[19],[21],on_time -> on_time
IN:mom:Factory_Import_CN:EVmaker_Import,EVmaker_Import:PRO:2026-W31:00013,19,[19],[19],[19],[21],on_time -> on_time
IN:mom:Factory_Import_CN:EVmaker_Import,EVmaker_Import:PRO:2026-W31:00014,19,[19],[19],[19],[21],on_time -> on_time
IN:mom:Factory_Import_CN:EVmaker_Import,EVmaker_Import:PRO:2026-W31:00015,19,[19],[19],[19],[21],on_time -> on_time
IN:mom:Factory_Import_CN:EVmaker_Import,EVmaker_Import:PRO:2026-W31:00016,19,[19],[19],[19],[21],on_time -> on_time
IN:mom:Factory_Import_CN:EVmaker_Import,EVmaker_Import:PRO:2026-W31:00017,19,[19],[19],[19],[21],on_time -> on_time
IN:mom:Factory_Import_CN:EVmaker_Import,EVmaker_Import:PRO:2026-W31:00018,19,[19],[19],[19],[21],on_time -> on_time
IN:mom:Factory_Import_CN:EVmaker_Import,EVmaker_Import:BKK:2026-W31:00001,20,[20],[20],[20],[22],on_time -> on_time
IN:mom:Factory_Import_CN:EVmaker_Import,EVmaker_Import:BKK:2026-W31:00002,20,[20],[20],[20],[22],on_time -> on_time
IN:mom:Factory_Import_CN:EVmaker_Import,EVmaker_Import:BKK:2026-W31:00003,20,[20],[20],[20],[22],on_time -> on_time
IN:mom:Factory_Import_CN:EVmaker_Import,EVmaker_Import:BKK:2026-W31:00004,20,[20],[20],[20],[22],on_time -> on_time
IN:mom:Factory_Import_CN:EVmaker_Import,EVmaker_Import:BKK:2026-W31:00005,20,[20],[20],[20],[22],on_time -> on_time
IN:mom:Factory_Import_CN:EVmaker_Import,EVmaker_Import:BKK:2026-W31:00006,20,[20],[20],[20],[22],on_time -> on_time
IN:mom:Factory_Import_CN:EVmaker_Import,EVmaker_Import:BKK:2026-W31:00007,20,[20],[20],[20],[22],on_time -> on_time
IN:mom:Factory_Import_CN:EVmaker_Import,EVmaker_Import:BKK:2026-W31:00008,20,[20],[20],[20],[22],on_time -> on_time
IN:mom:Factory_Import_CN:EVmaker_Import,EVmaker_Import:BKK:2026-W31:00009,20,[20],[20],[20],[22],on_time -> on_time
IN:mom:Factory_Import_CN:EVmaker_Import,EVmaker_Import:BKK:2026-W31:00010,20,[20],[20],[20],[22],on_time -> on_time
IN:mom:Factory_Import_CN:EVmaker_Import,EVmaker_Import:BKK:2026-W31:00011,20,[20],[20],[20],[22],on_time -> on_time
IN:mom:Factory_Import_CN:EVmaker_Import,EVmaker_Import:BKK:2026-W31:00012,20,[20],[20],[20],[22],on_time -> on_time
IN:mom:Factory_Import_CN:EVmaker_Import,EVmaker_Import:BKK:2026-W31:00013,20,[20],[20],[20],[22],on_time -> on_time
IN:mom:Factory_Import_CN:EVmaker_Import,EVmaker_Import:BKK:2026-W31:00014,20,[20],[20],[20],[22],on_time -> on_time
IN:mom:Factory_Import_CN:EVmaker_Import,EVmaker_Import:BKK:2026-W31:00015,20,[20],[20],[20],[22],on_time -> on_time
IN:mom:Factory_Import_CN:EVmaker_Import,EVmaker_Import:BKK:2026-W31:00016,20,[20],[20],[20],[22],on_time -> on_time
IN:mom:Factory_Import_CN:EVmaker_Import,EVmaker_Import:BKK:2026-W31:00017,20,[20],[20],[20],[22],on_time -> on_time
IN:mom:Factory_Import_CN:EVmaker_Import,EVmaker_Import:BKK:2026-W31:00018,20,[20],[20],[20],[22],on_time -> on_time
IN:mom:Factory_Import_CN:EVmaker_Import,EVmaker_Import:BKK:2026-W31:00019,20,[20],[20],[20],[22],on_time -> on_time
IN:mom:Factory_Import_CN:EVmaker_Import,EVmaker_Import:BKK:2026-W31:00020,20,[20],[20],[20],[22],on_time -> on_time
IN:mom:Factory_Import_CN:EVmaker_Import,EVmaker_Import:BKK:2026-W31:00021,20,[20],[20],[20],[22],on_time -> on_time
IN:mom:Factory_Import_CN:EVmaker_Import,EVmaker_Import:BKK:2026-W31:00022,20,[20],[20],[20],[22],on_time -> on_time
IN:mom:Factory_Import_CN:EVmaker_Import,EVmaker_Import:BKK:2026-W31:00023,20,[20],[20],[20],[22],on_time -> on_time
IN:mom:Factory_Import_CN:EVmaker_Import,EVmaker_Import:BKK:2026-W31:00024,20,[20],[20],[20],[22],on_time -> on_time
IN:mom:Factory_Import_CN:EVmaker_Import,EVmaker_Import:BKK:2026-W31:00025,20,[20],[20],[20],[22],on_time -> on_time
IN:mom:Factory_Import_CN:EVmaker_Import,EVmaker_Import:BKK:2026-W31:00026,20,[20],[20],[20],[22],on_time -> on_time
IN:mom:Factory_Import_CN:EVmaker_Import,EVmaker_Import:BKK:2026-W31:00027,20,[20],[20],[20],[22],on_time -> on_time
IN:mom:Factory_Import_CN:EVmaker_Import,EVmaker_Import:BKK:2026-W31:00028,20,[20],[20],[20],[22],on_time -> on_time
IN:mom:Factory_Import_CN:EVmaker_Import,EVmaker_Import:BKK:2026-W31:00029,20,[20],[20],[20],[22],on_time -> on_time
IN:mom:Factory_Import_CN:EVmaker_Import,EVmaker_Import:BKK:2026-W31:00030,20,[20],[20],[20],[22],on_time -> on_time
IN:mom:Factory_Import_CN:EVmaker_Import,EVmaker_Import:BKK:2026-W31:00031,20,[20],[20],[20],[22],on_time -> on_time
IN:mom:Factory_Import_CN:EVmaker_Import,EVmaker_Import:BKK:2026-W31:00032,20,[20],[20],[20],[22],on_time -> on_time
IN:mom:Factory_Import_CN:EVmaker_Import,EVmaker_Import:BKK:2026-W31:00033,20,[20],[20],[20],[22],on_time -> on_time
IN:mom:Factory_Import_CN:EVmaker_Import,EVmaker_Import:BKK:2026-W31:00034,20,[20],[20],[20],[22],on_time -> on_time
IN:mom:Factory_Import_CN:EVmaker_Import,EVmaker_Import:BKK:2026-W31:00035,20,[20],[20],[20],[22],on_time -> on_time
IN:mom:Factory_Import_CN:EVmaker_Import,EVmaker_Import:BKK:2026-W31:00036,20,[20],[20],[20],[22],on_time -> on_time
IN:mom:Factory_Import_CN:EVmaker_Import,EVmaker_Import:BKK:2026-W31:00037,20,[20],[20],[20],[22],on_time -> on_time
IN:mom:Factory_Import_CN:EVmaker_Import,EVmaker_Import:BKK:2026-W31:00038,20,[20],[20],[20],[22],on_time -> on_time
IN:mom:Factory_Import_CN:EVmaker_Import,EVmaker_Import:BKK:2026-W31:00039,20,[20],[20],[20],[22],on_time -> on_time
IN:mom:Factory_Import_CN:EVmaker_Import,EVmaker_Import:BKK:2026-W31:00040,20,[20],[20],[20],[22],on_time -> on_time
IN:mom:Factory_Import_CN:EVmaker_Import,EVmaker_Import:BKK:2026-W31:00041,20,[20],[20],[20],[22],on_time -> on_time
IN:mom:Factory_Import_CN:EVmaker_Import,EVmaker_Import:BKK:2026-W31:00042,20,[20],[20],[20],[22],on_time -> on_time
IN:mom:Factory_Import_CN:EVmaker_Import,EVmaker_Import:BKK:2026-W31:00043,20,[20],[20],[20],[22],on_time -> on_time
IN:mom:Factory_Import_CN:EVmaker_Import,EVmaker_Import:BKK:2026-W31:00044,20,[20],[20],[20],[22],on_time -> on_time
IN:mom:Factory_Import_CN:EVmaker_Import,EVmaker_Import:BKK:2026-W31:00045,20,[20],[20],[20],[22],on_time -> on_time
IN:mom:Factory_Import_CN:EVmaker_Import,EVmaker_Import:BKK:2026-W31:00046,20,[20],[20],[20],[22],on_time -> on_time
IN:mom:Factory_Import_CN:EVmaker_Import,EVmaker_Import:BKK:2026-W31:00047,20,[20],[20],[20],[22],on_time -> on_time
IN:mom:Factory_Import_CN:EVmaker_Import,EVmaker_Import:BKK:2026-W31:00048,20,[20],[20],[20],[22],on_time -> on_time
IN:mom:Factory_Import_CN:EVmaker_Import,EVmaker_Import:BKK:2026-W31:00049,20,[20],[20],[20],[22],on_time -> on_time
IN:mom:Factory_Import_CN:EVmaker_Import,EVmaker_Import:BKK:2026-W31:00050,20,[20],[20],[20],[22],on_time -> on_time
IN:mom:Factory_Import_CN:EVmaker_Import,EVmaker_Import:ONL:2026-W30:00001,20,[19],[19],[20],[21],on_time -> on_time
IN:mom:Factory_Import_CN:EVmaker_Import,EVmaker_Import:ONL:2026-W30:00002,20,[19],[19],[20],[21],on_time -> on_time
IN:mom:Factory_Import_CN:EVmaker_Import,EVmaker_Import:ONL:2026-W30:00003,20,[19],[19],[20],[21],on_time -> on_time
IN:mom:Factory_Import_CN:EVmaker_Import,EVmaker_Import:ONL:2026-W30:00004,20,[19],[19],[20],[21],on_time -> on_time
IN:mom:Factory_Import_CN:EVmaker_Import,EVmaker_Import:ONL:2026-W30:00005,20,[19],[19],[20],[21],on_time -> on_time
IN:mom:Factory_Import_CN:EVmaker_Import,EVmaker_Import:ONL:2026-W30:00006,20,[19],[19],[20],[21],on_time -> on_time
IN:mom:Factory_Import_CN:EVmaker_Import,EVmaker_Import:ONL:2026-W30:00007,20,[19],[19],[20],[21],on_time -> on_time
IN:mom:Factory_Import_CN:EVmaker_Import,EVmaker_Import:ONL:2026-W30:00008,20,[19],[19],[20],[21],on_time -> on_time
IN:mom:Factory_Import_CN:EVmaker_Import,EVmaker_Import:ONL:2026-W30:00009,20,[19],[19],[20],[21],on_time -> on_time
IN:mom:Factory_Import_CN:EVmaker_Import,EVmaker_Import:ONL:2026-W30:00010,20,[19],[19],[20],[21],on_time -> on_time
IN:mom:Factory_Import_CN:EVmaker_Import,EVmaker_Import:PRO:2026-W31:00019,20,[19],[19],[20],[21],on_time -> on_time
IN:mom:Factory_Import_CN:EVmaker_Import,EVmaker_Import:PRO:2026-W31:00020,20,[19],[19],[20],[21],on_time -> on_time
IN:mom:Factory_Import_CN:EVmaker_Import,EVmaker_Import:PRO:2026-W31:00021,20,[19],[19],[20],[21],on_time -> on_time
IN:mom:Factory_Import_CN:EVmaker_Import,EVmaker_Import:PRO:2026-W31:00022,20,[19],[19],[20],[21],on_time -> on_time
IN:mom:Factory_Import_CN:EVmaker_Import,EVmaker_Import:PRO:2026-W31:00023,20,[19],[19],[20],[21],on_time -> on_time
IN:mom:Factory_Import_CN:EVmaker_Import,EVmaker_Import:PRO:2026-W31:00024,20,[19],[19],[20],[21],on_time -> on_time
IN:mom:Factory_Import_CN:EVmaker_Import,EVmaker_Import:PRO:2026-W31:00025,20,[19],[19],[20],[21],on_time -> on_time
IN:mom:Factory_Import_CN:EVmaker_Import,EVmaker_Import:PRO:2026-W31:00026,20,[19],[19],[20],[21],on_time -> on_time
IN:mom:Factory_Import_CN:EVmaker_Import,EVmaker_Import:PRO:2026-W31:00027,20,[19],[19],[20],[21],on_time -> on_time
IN:mom:Factory_Import_CN:EVmaker_Import,EVmaker_Import:PRO:2026-W31:00028,20,[19],[19],[20],[21],on_time -> on_time
IN:mom:Factory_Import_CN:EVmaker_Import,EVmaker_Import:PRO:2026-W31:00029,20,[19],[19],[20],[21],on_time -> on_time
IN:mom:Factory_Import_CN:EVmaker_Import,EVmaker_Import:PRO:2026-W31:00030,20,[19],[19],[20],[21],on_time -> on_time
IN:mom:Factory_Import_CN:EVmaker_Import,EVmaker_Import:PRO:2026-W31:00031,20,[19],[19],[20],[21],on_time -> on_time
IN:mom:Factory_Import_CN:EVmaker_Import,EVmaker_Import:PRO:2026-W31:00032,20,[19],[19],[20],[21],on_time -> on_time
IN:mom:Factory_Import_CN:EVmaker_Import,EVmaker_Import:PRO:2026-W31:00033,20,[19],[19],[20],[21],on_time -> on_time
IN:mom:Factory_Import_CN:EVmaker_Import,EVmaker_Import:PRO:2026-W31:00034,20,[19],[19],[20],[21],on_time -> on_time
IN:mom:Factory_Import_CN:EVmaker_Import,EVmaker_Import:PRO:2026-W31:00035,20,[19],[19],[20],[21],on_time -> on_time
IN:mom:Factory_Import_CN:EVmaker_Import,EVmaker_Import:PRO:2026-W31:00036,20,[19],[19],[20],[21],on_time -> on_time
IN:mom:Factory_Import_CN:EVmaker_Import,EVmaker_Import:PRO:2026-W31:00037,20,[19],[19],[20],[21],on_time -> on_time
IN:mom:Factory_Import_CN:EVmaker_Import,EVmaker_Import:PRO:2026-W31:00038,20,[19],[19],[20],[21],on_time -> on_time
IN:mom:Factory_Import_CN:EVmaker_Import,EVmaker_Import:PRO:2026-W31:00039,20,[19],[19],[20],[21],on_time -> on_time
IN:mom:Factory_Import_CN:EVmaker_Import,EVmaker_Import:PRO:2026-W31:00040,20,[19],[19],[20],[21],on_time -> on_time
IN:mom:Factory_Import_CN:EVmaker_Import,EVmaker_Import:PRO:2026-W32:00001,20,[20],[20],[20],[22],on_time -> on_time
IN:mom:Factory_Import_CN:EVmaker_Import,EVmaker_Import:PRO:2026-W32:00002,20,[20],[20],[20],[22],on_time -> on_time
IN:mom:Factory_Import_CN:EVmaker_Import,EVmaker_Import:PRO:2026-W32:00003,20,[20],[20],[20],[22],on_time -> on_time
IN:mom:Factory_Import_CN:EVmaker_Import,EVmaker_Import:PRO:2026-W32:00004,20,[20],[20],[20],[22],on_time -> on_time
IN:mom:Factory_Import_CN:EVmaker_Import,EVmaker_Import:PRO:2026-W32:00005,20,[20],[20],[20],[22],on_time -> on_time
IN:mom:Factory_Import_CN:EVmaker_Import,EVmaker_Import:PRO:2026-W32:00006,20,[20],[20],[20],[22],on_time -> on_time
IN:mom:Factory_Import_CN:EVmaker_Import,EVmaker_Import:PRO:2026-W32:00007,20,[20],[20],[20],[22],on_time -> on_time
IN:mom:Factory_Import_CN:EVmaker_Import,EVmaker_Import:PRO:2026-W32:00008,20,[20],[20],[20],[22],on_time -> on_time
IN:mom:Factory_Import_CN:EVmaker_Import,EVmaker_Import:PRO:2026-W32:00009,20,[20],[20],[20],[22],on_time -> on_time
IN:mom:Factory_Import_CN:EVmaker_Import,EVmaker_Import:PRO:2026-W32:00010,20,[20],[20],[20],[22],on_time -> on_time
IN:mom:Factory_Import_CN:EVmaker_Import,EVmaker_Import:PRO:2026-W32:00011,20,[20],[20],[20],[22],on_time -> on_time
IN:mom:Factory_Import_CN:EVmaker_Import,EVmaker_Import:PRO:2026-W32:00012,20,[20],[20],[20],[22],on_time -> on_time
IN:mom:Factory_Import_CN:EVmaker_Import,EVmaker_Import:PRO:2026-W32:00013,20,[20],[20],[20],[22],on_time -> on_time
IN:mom:Factory_Import_CN:EVmaker_Import,EVmaker_Import:PRO:2026-W32:00014,20,[20],[20],[20],[22],on_time -> on_time
IN:mom:Factory_Import_CN:EVmaker_Import,EVmaker_Import:PRO:2026-W32:00015,20,[20],[20],[20],[22],on_time -> on_time
IN:mom:Factory_Import_CN:EVmaker_Import,EVmaker_Import:PRO:2026-W32:00016,20,[20],[20],[20],[22],on_time -> on_time
IN:mom:Factory_Import_CN:EVmaker_Import,EVmaker_Import:PRO:2026-W32:00017,20,[20],[20],[20],[22],on_time -> on_time
IN:mom:Factory_Import_CN:EVmaker_Import,EVmaker_Import:PRO:2026-W32:00018,20,[20],[20],[20],[22],on_time -> on_time
IN:mom:Factory_Import_CN:EVmaker_Import,EVmaker_Import:BKK:2026-W32:00001,21,[21],[21],[21],[23],on_time -> on_time
IN:mom:Factory_Import_CN:EVmaker_Import,EVmaker_Import:BKK:2026-W32:00002,21,[21],[21],[21],[23],on_time -> on_time
IN:mom:Factory_Import_CN:EVmaker_Import,EVmaker_Import:BKK:2026-W32:00003,21,[21],[21],[21],[23],on_time -> on_time
IN:mom:Factory_Import_CN:EVmaker_Import,EVmaker_Import:BKK:2026-W32:00004,21,[21],[21],[21],[23],on_time -> on_time
IN:mom:Factory_Import_CN:EVmaker_Import,EVmaker_Import:BKK:2026-W32:00005,21,[21],[21],[21],[23],on_time -> on_time
IN:mom:Factory_Import_CN:EVmaker_Import,EVmaker_Import:BKK:2026-W32:00006,21,[21],[21],[21],[23],on_time -> on_time
IN:mom:Factory_Import_CN:EVmaker_Import,EVmaker_Import:BKK:2026-W32:00007,21,[21],[21],[21],[23],on_time -> on_time
IN:mom:Factory_Import_CN:EVmaker_Import,EVmaker_Import:BKK:2026-W32:00008,21,[21],[21],[21],[23],on_time -> on_time
IN:mom:Factory_Import_CN:EVmaker_Import,EVmaker_Import:BKK:2026-W32:00009,21,[21],[21],[21],[23],on_time -> on_time
IN:mom:Factory_Import_CN:EVmaker_Import,EVmaker_Import:BKK:2026-W32:00010,21,[21],[21],[21],[23],on_time -> on_time
IN:mom:Factory_Import_CN:EVmaker_Import,EVmaker_Import:BKK:2026-W32:00011,21,[21],[21],[21],[23],on_time -> on_time
IN:mom:Factory_Import_CN:EVmaker_Import,EVmaker_Import:BKK:2026-W32:00012,21,[21],[21],[21],[23],on_time -> on_time
IN:mom:Factory_Import_CN:EVmaker_Import,EVmaker_Import:BKK:2026-W32:00013,21,[21],[21],[21],[23],on_time -> on_time
IN:mom:Factory_Import_CN:EVmaker_Import,EVmaker_Import:BKK:2026-W32:00014,21,[21],[21],[21],[23],on_time -> on_time
IN:mom:Factory_Import_CN:EVmaker_Import,EVmaker_Import:BKK:2026-W32:00015,21,[21],[21],[21],[23],on_time -> on_time
IN:mom:Factory_Import_CN:EVmaker_Import,EVmaker_Import:BKK:2026-W32:00016,21,[21],[21],[21],[23],on_time -> on_time
IN:mom:Factory_Import_CN:EVmaker_Import,EVmaker_Import:BKK:2026-W32:00017,21,[21],[21],[21],[23],on_time -> on_time
IN:mom:Factory_Import_CN:EVmaker_Import,EVmaker_Import:BKK:2026-W32:00018,21,[21],[21],[21],[23],on_time -> on_time
IN:mom:Factory_Import_CN:EVmaker_Import,EVmaker_Import:BKK:2026-W32:00019,21,[21],[21],[21],[23],on_time -> on_time
IN:mom:Factory_Import_CN:EVmaker_Import,EVmaker_Import:BKK:2026-W32:00020,21,[21],[21],[21],[23],on_time -> on_time
IN:mom:Factory_Import_CN:EVmaker_Import,EVmaker_Import:BKK:2026-W32:00021,21,[21],[21],[21],[23],on_time -> on_time
IN:mom:Factory_Import_CN:EVmaker_Import,EVmaker_Import:BKK:2026-W32:00022,21,[21],[21],[21],[23],on_time -> on_time
IN:mom:Factory_Import_CN:EVmaker_Import,EVmaker_Import:BKK:2026-W32:00023,21,[21],[21],[21],[23],on_time -> on_time
IN:mom:Factory_Import_CN:EVmaker_Import,EVmaker_Import:BKK:2026-W32:00024,21,[21],[21],[21],[23],on_time -> on_time
IN:mom:Factory_Import_CN:EVmaker_Import,EVmaker_Import:BKK:2026-W32:00025,21,[21],[21],[21],[23],on_time -> on_time
IN:mom:Factory_Import_CN:EVmaker_Import,EVmaker_Import:BKK:2026-W32:00026,21,[21],[21],[21],[23],on_time -> on_time
IN:mom:Factory_Import_CN:EVmaker_Import,EVmaker_Import:BKK:2026-W32:00027,21,[21],[21],[21],[23],on_time -> on_time
IN:mom:Factory_Import_CN:EVmaker_Import,EVmaker_Import:BKK:2026-W32:00028,21,[21],[21],[21],[23],on_time -> on_time
IN:mom:Factory_Import_CN:EVmaker_Import,EVmaker_Import:BKK:2026-W32:00029,21,[21],[21],[21],[23],on_time -> on_time
IN:mom:Factory_Import_CN:EVmaker_Import,EVmaker_Import:BKK:2026-W32:00030,21,[21],[21],[21],[23],on_time -> on_time
IN:mom:Factory_Import_CN:EVmaker_Import,EVmaker_Import:BKK:2026-W32:00031,21,[21],[21],[21],[23],on_time -> on_time
IN:mom:Factory_Import_CN:EVmaker_Import,EVmaker_Import:BKK:2026-W32:00032,21,[21],[21],[21],[23],on_time -> on_time
IN:mom:Factory_Import_CN:EVmaker_Import,EVmaker_Import:BKK:2026-W32:00033,21,[21],[21],[21],[23],on_time -> on_time
IN:mom:Factory_Import_CN:EVmaker_Import,EVmaker_Import:BKK:2026-W32:00034,21,[21],[21],[21],[23],on_time -> on_time
IN:mom:Factory_Import_CN:EVmaker_Import,EVmaker_Import:BKK:2026-W32:00035,21,[21],[21],[21],[23],on_time -> on_time
IN:mom:Factory_Import_CN:EVmaker_Import,EVmaker_Import:BKK:2026-W32:00036,21,[21],[21],[21],[23],on_time -> on_time
IN:mom:Factory_Import_CN:EVmaker_Import,EVmaker_Import:BKK:2026-W32:00037,21,[21],[21],[21],[23],on_time -> on_time
IN:mom:Factory_Import_CN:EVmaker_Import,EVmaker_Import:BKK:2026-W32:00038,21,[21],[21],[21],[23],on_time -> on_time
IN:mom:Factory_Import_CN:EVmaker_Import,EVmaker_Import:BKK:2026-W32:00039,21,[21],[21],[21],[23],on_time -> on_time
IN:mom:Factory_Import_CN:EVmaker_Import,EVmaker_Import:BKK:2026-W32:00040,21,[21],[21],[21],[23],on_time -> on_time
IN:mom:Factory_Import_CN:EVmaker_Import,EVmaker_Import:BKK:2026-W32:00041,21,[21],[21],[21],[23],on_time -> on_time
IN:mom:Factory_Import_CN:EVmaker_Import,EVmaker_Import:BKK:2026-W32:00042,21,[21],[21],[21],[23],on_time -> on_time
IN:mom:Factory_Import_CN:EVmaker_Import,EVmaker_Import:BKK:2026-W32:00043,21,[21],[21],[21],[23],on_time -> on_time
IN:mom:Factory_Import_CN:EVmaker_Import,EVmaker_Import:BKK:2026-W32:00044,21,[21],[21],[21],[23],on_time -> on_time
IN:mom:Factory_Import_CN:EVmaker_Import,EVmaker_Import:BKK:2026-W32:00045,21,[21],[21],[21],[23],on_time -> on_time
IN:mom:Factory_Import_CN:EVmaker_Import,EVmaker_Import:BKK:2026-W32:00046,21,[21],[21],[21],[23],on_time -> on_time
IN:mom:Factory_Import_CN:EVmaker_Import,EVmaker_Import:BKK:2026-W32:00047,21,[21],[21],[21],[23],on_time -> on_time
IN:mom:Factory_Import_CN:EVmaker_Import,EVmaker_Import:BKK:2026-W32:00048,21,[21],[21],[21],[23],on_time -> on_time
IN:mom:Factory_Import_CN:EVmaker_Import,EVmaker_Import:BKK:2026-W32:00049,21,[21],[21],[21],[23],on_time -> on_time
IN:mom:Factory_Import_CN:EVmaker_Import,EVmaker_Import:BKK:2026-W32:00050,21,[21],[21],[21],[23],on_time -> on_time
IN:mom:Factory_Import_CN:EVmaker_Import,EVmaker_Import:ONL:2026-W31:00001,21,[20],[20],[21],[22],on_time -> on_time
IN:mom:Factory_Import_CN:EVmaker_Import,EVmaker_Import:ONL:2026-W31:00002,21,[20],[20],[21],[22],on_time -> on_time
IN:mom:Factory_Import_CN:EVmaker_Import,EVmaker_Import:ONL:2026-W31:00003,21,[20],[20],[21],[22],on_time -> on_time
IN:mom:Factory_Import_CN:EVmaker_Import,EVmaker_Import:ONL:2026-W31:00004,21,[20],[20],[21],[22],on_time -> on_time
IN:mom:Factory_Import_CN:EVmaker_Import,EVmaker_Import:ONL:2026-W31:00005,21,[20],[20],[21],[22],on_time -> on_time
IN:mom:Factory_Import_CN:EVmaker_Import,EVmaker_Import:ONL:2026-W31:00006,21,[20],[20],[21],[22],on_time -> on_time
IN:mom:Factory_Import_CN:EVmaker_Import,EVmaker_Import:ONL:2026-W31:00007,21,[20],[20],[21],[22],on_time -> on_time
IN:mom:Factory_Import_CN:EVmaker_Import,EVmaker_Import:ONL:2026-W31:00008,21,[20],[20],[21],[22],on_time -> on_time
IN:mom:Factory_Import_CN:EVmaker_Import,EVmaker_Import:ONL:2026-W31:00009,21,[20],[20],[21],[22],on_time -> on_time
IN:mom:Factory_Import_CN:EVmaker_Import,EVmaker_Import:ONL:2026-W31:00010,21,[20],[20],[21],[22],on_time -> on_time
IN:mom:Factory_Import_CN:EVmaker_Import,EVmaker_Import:PRO:2026-W32:00019,21,[20],[20],[21],[22],on_time -> on_time
IN:mom:Factory_Import_CN:EVmaker_Import,EVmaker_Import:PRO:2026-W32:00020,21,[20],[20],[21],[22],on_time -> on_time
IN:mom:Factory_Import_CN:EVmaker_Import,EVmaker_Import:PRO:2026-W32:00021,21,[20],[20],[21],[22],on_time -> on_time
IN:mom:Factory_Import_CN:EVmaker_Import,EVmaker_Import:PRO:2026-W32:00022,21,[20],[20],[21],[22],on_time -> on_time
IN:mom:Factory_Import_CN:EVmaker_Import,EVmaker_Import:PRO:2026-W32:00023,21,[20],[20],[21],[22],on_time -> on_time
IN:mom:Factory_Import_CN:EVmaker_Import,EVmaker_Import:PRO:2026-W32:00024,21,[20],[20],[21],[22],on_time -> on_time
IN:mom:Factory_Import_CN:EVmaker_Import,EVmaker_Import:PRO:2026-W32:00025,21,[20],[20],[21],[22],on_time -> on_time
IN:mom:Factory_Import_CN:EVmaker_Import,EVmaker_Import:PRO:2026-W32:00026,21,[20],[20],[21],[22],on_time -> on_time
IN:mom:Factory_Import_CN:EVmaker_Import,EVmaker_Import:PRO:2026-W32:00027,21,[20],[20],[21],[22],on_time -> on_time
IN:mom:Factory_Import_CN:EVmaker_Import,EVmaker_Import:PRO:2026-W32:00028,21,[20],[20],[21],[22],on_time -> on_time
IN:mom:Factory_Import_CN:EVmaker_Import,EVmaker_Import:PRO:2026-W32:00029,21,[20],[20],[21],[22],on_time -> on_time
IN:mom:Factory_Import_CN:EVmaker_Import,EVmaker_Import:PRO:2026-W32:00030,21,[20],[20],[21],[22],on_time -> on_time
IN:mom:Factory_Import_CN:EVmaker_Import,EVmaker_Import:PRO:2026-W32:00031,21,[20],[20],[21],[22],on_time -> on_time
IN:mom:Factory_Import_CN:EVmaker_Import,EVmaker_Import:PRO:2026-W32:00032,21,[20],[20],[21],[22],on_time -> on_time
IN:mom:Factory_Import_CN:EVmaker_Import,EVmaker_Import:PRO:2026-W32:00033,21,[20],[20],[21],[22],on_time -> on_time
IN:mom:Factory_Import_CN:EVmaker_Import,EVmaker_Import:PRO:2026-W32:00034,21,[20],[20],[21],[22],on_time -> on_time
IN:mom:Factory_Import_CN:EVmaker_Import,EVmaker_Import:PRO:2026-W32:00035,21,[20],[20],[21],[22],on_time -> on_time
IN:mom:Factory_Import_CN:EVmaker_Import,EVmaker_Import:PRO:2026-W32:00036,21,[20],[20],[21],[22],on_time -> on_time
IN:mom:Factory_Import_CN:EVmaker_Import,EVmaker_Import:PRO:2026-W32:00037,21,[20],[20],[21],[22],on_time -> on_time
IN:mom:Factory_Import_CN:EVmaker_Import,EVmaker_Import:PRO:2026-W32:00038,21,[20],[20],[21],[22],on_time -> on_time
IN:mom:Factory_Import_CN:EVmaker_Import,EVmaker_Import:PRO:2026-W32:00039,21,[20],[20],[21],[22],on_time -> on_time
IN:mom:Factory_Import_CN:EVmaker_Import,EVmaker_Import:PRO:2026-W32:00040,21,[20],[20],[21],[22],on_time -> on_time
IN:mom:Factory_Import_CN:EVmaker_Import,EVmaker_Import:PRO:2026-W33:00001,21,[21],[21],[21],[23],on_time -> on_time
IN:mom:Factory_Import_CN:EVmaker_Import,EVmaker_Import:PRO:2026-W33:00002,21,[21],[21],[21],[23],on_time -> on_time
IN:mom:Factory_Import_CN:EVmaker_Import,EVmaker_Import:PRO:2026-W33:00003,21,[21],[21],[21],[23],on_time -> on_time
IN:mom:Factory_Import_CN:EVmaker_Import,EVmaker_Import:PRO:2026-W33:00004,21,[21],[21],[21],[23],on_time -> on_time
IN:mom:Factory_Import_CN:EVmaker_Import,EVmaker_Import:PRO:2026-W33:00005,21,[21],[21],[21],[23],on_time -> on_time
IN:mom:Factory_Import_CN:EVmaker_Import,EVmaker_Import:PRO:2026-W33:00006,21,[21],[21],[21],[23],on_time -> on_time
IN:mom:Factory_Import_CN:EVmaker_Import,EVmaker_Import:PRO:2026-W33:00007,21,[21],[21],[21],[23],on_time -> on_time
IN:mom:Factory_Import_CN:EVmaker_Import,EVmaker_Import:PRO:2026-W33:00008,21,[21],[21],[21],[23],on_time -> on_time
IN:mom:Factory_Import_CN:EVmaker_Import,EVmaker_Import:PRO:2026-W33:00009,21,[21],[21],[21],[23],on_time -> on_time
IN:mom:Factory_Import_CN:EVmaker_Import,EVmaker_Import:PRO:2026-W33:00010,21,[21],[21],[21],[23],on_time -> on_time
IN:mom:Factory_Import_CN:EVmaker_Import,EVmaker_Import:PRO:2026-W33:00011,21,[21],[21],[21],[23],on_time -> on_time
IN:mom:Factory_Import_CN:EVmaker_Import,EVmaker_Import:PRO:2026-W33:00012,21,[21],[21],[21],[23],on_time -> on_time
IN:mom:Factory_Import_CN:EVmaker_Import,EVmaker_Import:PRO:2026-W33:00013,21,[21],[21],[21],[23],on_time -> on_time
IN:mom:Factory_Import_CN:EVmaker_Import,EVmaker_Import:PRO:2026-W33:00014,21,[21],[21],[21],[23],on_time -> on_time
IN:mom:Factory_Import_CN:EVmaker_Import,EVmaker_Import:PRO:2026-W33:00015,21,[21],[21],[21],[23],on_time -> on_time
IN:mom:Factory_Import_CN:EVmaker_Import,EVmaker_Import:PRO:2026-W33:00016,21,[21],[21],[21],[23],on_time -> on_time
IN:mom:Factory_Import_CN:EVmaker_Import,EVmaker_Import:PRO:2026-W33:00017,21,[21],[21],[21],[23],on_time -> on_time
IN:mom:Factory_Import_CN:EVmaker_Import,EVmaker_Import:PRO:2026-W33:00018,21,[21],[21],[21],[23],on_time -> on_time
IN:mom:Factory_Import_CN:EVmaker_Import,EVmaker_Import:BKK:2026-W33:00001,22,[22],[22],[22],[24],on_time -> on_time
IN:mom:Factory_Import_CN:EVmaker_Import,EVmaker_Import:BKK:2026-W33:00002,22,[22],[22],[22],[24],on_time -> on_time
IN:mom:Factory_Import_CN:EVmaker_Import,EVmaker_Import:BKK:2026-W33:00003,22,[22],[22],[22],[24],on_time -> on_time
IN:mom:Factory_Import_CN:EVmaker_Import,EVmaker_Import:BKK:2026-W33:00004,22,[22],[22],[22],[24],on_time -> on_time
IN:mom:Factory_Import_CN:EVmaker_Import,EVmaker_Import:BKK:2026-W33:00005,22,[22],[22],[22],[24],on_time -> on_time
IN:mom:Factory_Import_CN:EVmaker_Import,EVmaker_Import:BKK:2026-W33:00006,22,[22],[22],[22],[24],on_time -> on_time
IN:mom:Factory_Import_CN:EVmaker_Import,EVmaker_Import:BKK:2026-W33:00007,22,[22],[22],[22],[24],on_time -> on_time
IN:mom:Factory_Import_CN:EVmaker_Import,EVmaker_Import:BKK:2026-W33:00008,22,[22],[22],[22],[24],on_time -> on_time
IN:mom:Factory_Import_CN:EVmaker_Import,EVmaker_Import:BKK:2026-W33:00009,22,[22],[22],[22],[24],on_time -> on_time
IN:mom:Factory_Import_CN:EVmaker_Import,EVmaker_Import:BKK:2026-W33:00010,22,[22],[22],[22],[24],on_time -> on_time
IN:mom:Factory_Import_CN:EVmaker_Import,EVmaker_Import:BKK:2026-W33:00011,22,[22],[22],[22],[24],on_time -> on_time
IN:mom:Factory_Import_CN:EVmaker_Import,EVmaker_Import:BKK:2026-W33:00012,22,[22],[22],[22],[24],on_time -> on_time
IN:mom:Factory_Import_CN:EVmaker_Import,EVmaker_Import:BKK:2026-W33:00013,22,[22],[22],[22],[24],on_time -> on_time
IN:mom:Factory_Import_CN:EVmaker_Import,EVmaker_Import:BKK:2026-W33:00014,22,[22],[22],[22],[24],on_time -> on_time
IN:mom:Factory_Import_CN:EVmaker_Import,EVmaker_Import:BKK:2026-W33:00015,22,[22],[22],[22],[24],on_time -> on_time
IN:mom:Factory_Import_CN:EVmaker_Import,EVmaker_Import:BKK:2026-W33:00016,22,[22],[22],[22],[24],on_time -> on_time
IN:mom:Factory_Import_CN:EVmaker_Import,EVmaker_Import:BKK:2026-W33:00017,22,[22],[22],[22],[24],on_time -> on_time
IN:mom:Factory_Import_CN:EVmaker_Import,EVmaker_Import:BKK:2026-W33:00018,22,[22],[22],[22],[24],on_time -> on_time
IN:mom:Factory_Import_CN:EVmaker_Import,EVmaker_Import:BKK:2026-W33:00019,22,[22],[22],[22],[24],on_time -> on_time
IN:mom:Factory_Import_CN:EVmaker_Import,EVmaker_Import:BKK:2026-W33:00020,22,[22],[22],[22],[24],on_time -> on_time
IN:mom:Factory_Import_CN:EVmaker_Import,EVmaker_Import:BKK:2026-W33:00021,22,[22],[22],[22],[24],on_time -> on_time
IN:mom:Factory_Import_CN:EVmaker_Import,EVmaker_Import:BKK:2026-W33:00022,22,[22],[22],[22],[24],on_time -> on_time
IN:mom:Factory_Import_CN:EVmaker_Import,EVmaker_Import:BKK:2026-W33:00023,22,[22],[22],[22],[24],on_time -> on_time
IN:mom:Factory_Import_CN:EVmaker_Import,EVmaker_Import:BKK:2026-W33:00024,22,[22],[22],[22],[24],on_time -> on_time
IN:mom:Factory_Import_CN:EVmaker_Import,EVmaker_Import:BKK:2026-W33:00025,22,[22],[22],[22],[24],on_time -> on_time
IN:mom:Factory_Import_CN:EVmaker_Import,EVmaker_Import:BKK:2026-W33:00026,22,[22],[22],[22],[24],on_time -> on_time
IN:mom:Factory_Import_CN:EVmaker_Import,EVmaker_Import:BKK:2026-W33:00027,22,[22],[22],[22],[24],on_time -> on_time
IN:mom:Factory_Import_CN:EVmaker_Import,EVmaker_Import:BKK:2026-W33:00028,22,[22],[22],[22],[24],on_time -> on_time
IN:mom:Factory_Import_CN:EVmaker_Import,EVmaker_Import:BKK:2026-W33:00029,22,[22],[22],[22],[24],on_time -> on_time
IN:mom:Factory_Import_CN:EVmaker_Import,EVmaker_Import:BKK:2026-W33:00030,22,[22],[22],[22],[24],on_time -> on_time
IN:mom:Factory_Import_CN:EVmaker_Import,EVmaker_Import:BKK:2026-W33:00031,22,[22],[22],[22],[24],on_time -> on_time
IN:mom:Factory_Import_CN:EVmaker_Import,EVmaker_Import:BKK:2026-W33:00032,22,[22],[22],[22],[24],on_time -> on_time
IN:mom:Factory_Import_CN:EVmaker_Import,EVmaker_Import:BKK:2026-W33:00033,22,[22],[22],[22],[24],on_time -> on_time
IN:mom:Factory_Import_CN:EVmaker_Import,EVmaker_Import:BKK:2026-W33:00034,22,[22],[22],[22],[24],on_time -> on_time
IN:mom:Factory_Import_CN:EVmaker_Import,EVmaker_Import:BKK:2026-W33:00035,22,[22],[22],[22],[24],on_time -> on_time
IN:mom:Factory_Import_CN:EVmaker_Import,EVmaker_Import:BKK:2026-W33:00036,22,[22],[22],[22],[24],on_time -> on_time
IN:mom:Factory_Import_CN:EVmaker_Import,EVmaker_Import:BKK:2026-W33:00037,22,[22],[22],[22],[24],on_time -> on_time
IN:mom:Factory_Import_CN:EVmaker_Import,EVmaker_Import:BKK:2026-W33:00038,22,[22],[22],[22],[24],on_time -> on_time
IN:mom:Factory_Import_CN:EVmaker_Import,EVmaker_Import:BKK:2026-W33:00039,22,[22],[22],[22],[24],on_time -> on_time
IN:mom:Factory_Import_CN:EVmaker_Import,EVmaker_Import:BKK:2026-W33:00040,22,[22],[22],[22],[24],on_time -> on_time
IN:mom:Factory_Import_CN:EVmaker_Import,EVmaker_Import:BKK:2026-W33:00041,22,[22],[22],[22],[24],on_time -> on_time
IN:mom:Factory_Import_CN:EVmaker_Import,EVmaker_Import:BKK:2026-W33:00042,22,[22],[22],[22],[24],on_time -> on_time
IN:mom:Factory_Import_CN:EVmaker_Import,EVmaker_Import:BKK:2026-W33:00043,22,[22],[22],[22],[24],on_time -> on_time
IN:mom:Factory_Import_CN:EVmaker_Import,EVmaker_Import:BKK:2026-W33:00044,22,[22],[22],[22],[24],on_time -> on_time
IN:mom:Factory_Import_CN:EVmaker_Import,EVmaker_Import:BKK:2026-W33:00045,22,[22],[22],[22],[24],on_time -> on_time
IN:mom:Factory_Import_CN:EVmaker_Import,EVmaker_Import:BKK:2026-W33:00046,22,[22],[22],[22],[24],on_time -> on_time
IN:mom:Factory_Import_CN:EVmaker_Import,EVmaker_Import:BKK:2026-W33:00047,22,[22],[22],[22],[24],on_time -> on_time
IN:mom:Factory_Import_CN:EVmaker_Import,EVmaker_Import:BKK:2026-W33:00048,22,[22],[22],[22],[24],on_time -> on_time
IN:mom:Factory_Import_CN:EVmaker_Import,EVmaker_Import:BKK:2026-W33:00049,22,[22],[22],[22],[24],on_time -> on_time
IN:mom:Factory_Import_CN:EVmaker_Import,EVmaker_Import:BKK:2026-W33:00050,22,[22],[22],[22],[24],on_time -> on_time
IN:mom:Factory_Import_CN:EVmaker_Import,EVmaker_Import:ONL:2026-W32:00001,22,[21],[21],[22],[23],on_time -> on_time
IN:mom:Factory_Import_CN:EVmaker_Import,EVmaker_Import:ONL:2026-W32:00002,22,[21],[21],[22],[23],on_time -> on_time
IN:mom:Factory_Import_CN:EVmaker_Import,EVmaker_Import:ONL:2026-W32:00003,22,[21],[21],[22],[23],on_time -> on_time
IN:mom:Factory_Import_CN:EVmaker_Import,EVmaker_Import:ONL:2026-W32:00004,22,[21],[21],[22],[23],on_time -> on_time
IN:mom:Factory_Import_CN:EVmaker_Import,EVmaker_Import:ONL:2026-W32:00005,22,[21],[21],[22],[23],on_time -> on_time
IN:mom:Factory_Import_CN:EVmaker_Import,EVmaker_Import:ONL:2026-W32:00006,22,[21],[21],[22],[23],on_time -> on_time
IN:mom:Factory_Import_CN:EVmaker_Import,EVmaker_Import:ONL:2026-W32:00007,22,[21],[21],[22],[23],on_time -> on_time
IN:mom:Factory_Import_CN:EVmaker_Import,EVmaker_Import:ONL:2026-W32:00008,22,[21],[21],[22],[23],on_time -> on_time
IN:mom:Factory_Import_CN:EVmaker_Import,EVmaker_Import:ONL:2026-W32:00009,22,[21],[21],[22],[23],on_time -> on_time
IN:mom:Factory_Import_CN:EVmaker_Import,EVmaker_Import:ONL:2026-W32:00010,22,[21],[21],[22],[23],on_time -> on_time
IN:mom:Factory_Import_CN:EVmaker_Import,EVmaker_Import:PRO:2026-W33:00019,22,[21],[21],[22],[23],on_time -> on_time
IN:mom:Factory_Import_CN:EVmaker_Import,EVmaker_Import:PRO:2026-W33:00020,22,[21],[21],[22],[23],on_time -> on_time
IN:mom:Factory_Import_CN:EVmaker_Import,EVmaker_Import:PRO:2026-W33:00021,22,[21],[21],[22],[23],on_time -> on_time
IN:mom:Factory_Import_CN:EVmaker_Import,EVmaker_Import:PRO:2026-W33:00022,22,[21],[21],[22],[23],on_time -> on_time
IN:mom:Factory_Import_CN:EVmaker_Import,EVmaker_Import:PRO:2026-W33:00023,22,[21],[21],[22],[23],on_time -> on_time
IN:mom:Factory_Import_CN:EVmaker_Import,EVmaker_Import:PRO:2026-W33:00024,22,[21],[21],[22],[23],on_time -> on_time
IN:mom:Factory_Import_CN:EVmaker_Import,EVmaker_Import:PRO:2026-W33:00025,22,[21],[21],[22],[23],on_time -> on_time
IN:mom:Factory_Import_CN:EVmaker_Import,EVmaker_Import:PRO:2026-W33:00026,22,[21],[21],[22],[23],on_time -> on_time
IN:mom:Factory_Import_CN:EVmaker_Import,EVmaker_Import:PRO:2026-W33:00027,22,[21],[21],[22],[23],on_time -> on_time
IN:mom:Factory_Import_CN:EVmaker_Import,EVmaker_Import:PRO:2026-W33:00028,22,[21],[21],[22],[23],on_time -> on_time
IN:mom:Factory_Import_CN:EVmaker_Import,EVmaker_Import:PRO:2026-W33:00029,22,[21],[21],[22],[23],on_time -> on_time
IN:mom:Factory_Import_CN:EVmaker_Import,EVmaker_Import:PRO:2026-W33:00030,22,[21],[21],[22],[23],on_time -> on_time
IN:mom:Factory_Import_CN:EVmaker_Import,EVmaker_Import:PRO:2026-W33:00031,22,[21],[21],[22],[23],on_time -> on_time
IN:mom:Factory_Import_CN:EVmaker_Import,EVmaker_Import:PRO:2026-W33:00032,22,[21],[21],[22],[23],on_time -> on_time
IN:mom:Factory_Import_CN:EVmaker_Import,EVmaker_Import:PRO:2026-W33:00033,22,[21],[21],[22],[23],on_time -> on_time
IN:mom:Factory_Import_CN:EVmaker_Import,EVmaker_Import:PRO:2026-W33:00034,22,[21],[21],[22],[23],on_time -> on_time
IN:mom:Factory_Import_CN:EVmaker_Import,EVmaker_Import:PRO:2026-W33:00035,22,[21],[21],[22],[23],on_time -> on_time
IN:mom:Factory_Import_CN:EVmaker_Import,EVmaker_Import:PRO:2026-W33:00036,22,[21],[21],[22],[23],on_time -> on_time
IN:mom:Factory_Import_CN:EVmaker_Import,EVmaker_Import:PRO:2026-W33:00037,22,[21],[21],[22],[23],on_time -> on_time
IN:mom:Factory_Import_CN:EVmaker_Import,EVmaker_Import:PRO:2026-W33:00038,22,[21],[21],[22],[23],on_time -> on_time
IN:mom:Factory_Import_CN:EVmaker_Import,EVmaker_Import:PRO:2026-W33:00039,22,[21],[21],[22],[23],on_time -> on_time
IN:mom:Factory_Import_CN:EVmaker_Import,EVmaker_Import:PRO:2026-W33:00040,22,[21],[21],[22],[23],on_time -> on_time
IN:mom:Factory_Import_CN:EVmaker_Import,EVmaker_Import:PRO:2026-W34:00001,22,[22],[22],[22],[24],on_time -> on_time
IN:mom:Factory_Import_CN:EVmaker_Import,EVmaker_Import:PRO:2026-W34:00002,22,[22],[22],[22],[24],on_time -> on_time
IN:mom:Factory_Import_CN:EVmaker_Import,EVmaker_Import:PRO:2026-W34:00003,22,[22],[22],[22],[24],on_time -> on_time
IN:mom:Factory_Import_CN:EVmaker_Import,EVmaker_Import:PRO:2026-W34:00004,22,[22],[22],[22],[24],on_time -> on_time
IN:mom:Factory_Import_CN:EVmaker_Import,EVmaker_Import:PRO:2026-W34:00005,22,[22],[22],[22],[24],on_time -> on_time
IN:mom:Factory_Import_CN:EVmaker_Import,EVmaker_Import:PRO:2026-W34:00006,22,[22],[22],[22],[24],on_time -> on_time
IN:mom:Factory_Import_CN:EVmaker_Import,EVmaker_Import:PRO:2026-W34:00007,22,[22],[22],[22],[24],on_time -> on_time
IN:mom:Factory_Import_CN:EVmaker_Import,EVmaker_Import:PRO:2026-W34:00008,22,[22],[22],[22],[24],on_time -> on_time
IN:mom:Factory_Import_CN:EVmaker_Import,EVmaker_Import:PRO:2026-W34:00009,22,[22],[22],[22],[24],on_time -> on_time
IN:mom:Factory_Import_CN:EVmaker_Import,EVmaker_Import:PRO:2026-W34:00010,22,[22],[22],[22],[24],on_time -> on_time
IN:mom:Factory_Import_CN:EVmaker_Import,EVmaker_Import:PRO:2026-W34:00011,22,[22],[22],[22],[24],on_time -> on_time
IN:mom:Factory_Import_CN:EVmaker_Import,EVmaker_Import:PRO:2026-W34:00012,22,[22],[22],[22],[24],on_time -> on_time
IN:mom:Factory_Import_CN:EVmaker_Import,EVmaker_Import:PRO:2026-W34:00013,22,[22],[22],[22],[24],on_time -> on_time
IN:mom:Factory_Import_CN:EVmaker_Import,EVmaker_Import:PRO:2026-W34:00014,22,[22],[22],[22],[24],on_time -> on_time
IN:mom:Factory_Import_CN:EVmaker_Import,EVmaker_Import:PRO:2026-W34:00015,22,[22],[22],[22],[24],on_time -> on_time
IN:mom:Factory_Import_CN:EVmaker_Import,EVmaker_Import:PRO:2026-W34:00016,22,[22],[22],[22],[24],on_time -> on_time
IN:mom:Factory_Import_CN:EVmaker_Import,EVmaker_Import:PRO:2026-W34:00017,22,[22],[22],[22],[24],on_time -> on_time
IN:mom:Factory_Import_CN:EVmaker_Import,EVmaker_Import:PRO:2026-W34:00018,22,[22],[22],[22],[24],on_time -> on_time
IN:mom:Factory_Import_CN:EVmaker_Import,EVmaker_Import:BKK:2026-W34:00001,23,[23],[23],[23],[25],on_time -> on_time
IN:mom:Factory_Import_CN:EVmaker_Import,EVmaker_Import:BKK:2026-W34:00002,23,[23],[23],[23],[25],on_time -> on_time
IN:mom:Factory_Import_CN:EVmaker_Import,EVmaker_Import:BKK:2026-W34:00003,23,[23],[23],[23],[25],on_time -> on_time
IN:mom:Factory_Import_CN:EVmaker_Import,EVmaker_Import:BKK:2026-W34:00004,23,[23],[23],[23],[25],on_time -> on_time
IN:mom:Factory_Import_CN:EVmaker_Import,EVmaker_Import:BKK:2026-W34:00005,23,[23],[23],[23],[25],on_time -> on_time
IN:mom:Factory_Import_CN:EVmaker_Import,EVmaker_Import:BKK:2026-W34:00006,23,[23],[23],[23],[25],on_time -> on_time
IN:mom:Factory_Import_CN:EVmaker_Import,EVmaker_Import:BKK:2026-W34:00007,23,[23],[23],[23],[25],on_time -> on_time
IN:mom:Factory_Import_CN:EVmaker_Import,EVmaker_Import:BKK:2026-W34:00008,23,[23],[23],[23],[25],on_time -> on_time
IN:mom:Factory_Import_CN:EVmaker_Import,EVmaker_Import:BKK:2026-W34:00009,23,[23],[23],[23],[25],on_time -> on_time
IN:mom:Factory_Import_CN:EVmaker_Import,EVmaker_Import:BKK:2026-W34:00010,23,[23],[23],[23],[25],on_time -> on_time
IN:mom:Factory_Import_CN:EVmaker_Import,EVmaker_Import:BKK:2026-W34:00011,23,[23],[23],[23],[25],on_time -> on_time
IN:mom:Factory_Import_CN:EVmaker_Import,EVmaker_Import:BKK:2026-W34:00012,23,[23],[23],[23],[25],on_time -> on_time
IN:mom:Factory_Import_CN:EVmaker_Import,EVmaker_Import:BKK:2026-W34:00013,23,[23],[23],[23],[25],on_time -> on_time
IN:mom:Factory_Import_CN:EVmaker_Import,EVmaker_Import:BKK:2026-W34:00014,23,[23],[23],[23],[25],on_time -> on_time
IN:mom:Factory_Import_CN:EVmaker_Import,EVmaker_Import:BKK:2026-W34:00015,23,[23],[23],[23],[25],on_time -> on_time
IN:mom:Factory_Import_CN:EVmaker_Import,EVmaker_Import:BKK:2026-W34:00016,23,[23],[23],[23],[25],on_time -> on_time
IN:mom:Factory_Import_CN:EVmaker_Import,EVmaker_Import:BKK:2026-W34:00017,23,[23],[23],[23],[25],on_time -> on_time
IN:mom:Factory_Import_CN:EVmaker_Import,EVmaker_Import:BKK:2026-W34:00018,23,[23],[23],[23],[25],on_time -> on_time
IN:mom:Factory_Import_CN:EVmaker_Import,EVmaker_Import:BKK:2026-W34:00019,23,[23],[23],[23],[25],on_time -> on_time
IN:mom:Factory_Import_CN:EVmaker_Import,EVmaker_Import:BKK:2026-W34:00020,23,[23],[23],[23],[25],on_time -> on_time
IN:mom:Factory_Import_CN:EVmaker_Import,EVmaker_Import:BKK:2026-W34:00021,23,[23],[23],[23],[25],on_time -> on_time
IN:mom:Factory_Import_CN:EVmaker_Import,EVmaker_Import:BKK:2026-W34:00022,23,[23],[23],[23],[25],on_time -> on_time
IN:mom:Factory_Import_CN:EVmaker_Import,EVmaker_Import:BKK:2026-W34:00023,23,[23],[23],[23],[25],on_time -> on_time
IN:mom:Factory_Import_CN:EVmaker_Import,EVmaker_Import:BKK:2026-W34:00024,23,[23],[23],[23],[25],on_time -> on_time
IN:mom:Factory_Import_CN:EVmaker_Import,EVmaker_Import:BKK:2026-W34:00025,23,[23],[23],[23],[25],on_time -> on_time
IN:mom:Factory_Import_CN:EVmaker_Import,EVmaker_Import:BKK:2026-W34:00026,23,[23],[23],[23],[25],on_time -> on_time
IN:mom:Factory_Import_CN:EVmaker_Import,EVmaker_Import:BKK:2026-W34:00027,23,[23],[23],[23],[25],on_time -> on_time
IN:mom:Factory_Import_CN:EVmaker_Import,EVmaker_Import:BKK:2026-W34:00028,23,[23],[23],[23],[25],on_time -> on_time
IN:mom:Factory_Import_CN:EVmaker_Import,EVmaker_Import:BKK:2026-W34:00029,23,[23],[23],[23],[25],on_time -> on_time
IN:mom:Factory_Import_CN:EVmaker_Import,EVmaker_Import:BKK:2026-W34:00030,23,[23],[23],[23],[25],on_time -> on_time
IN:mom:Factory_Import_CN:EVmaker_Import,EVmaker_Import:BKK:2026-W34:00031,23,[23],[23],[23],[25],on_time -> on_time
IN:mom:Factory_Import_CN:EVmaker_Import,EVmaker_Import:BKK:2026-W34:00032,23,[23],[23],[23],[25],on_time -> on_time
IN:mom:Factory_Import_CN:EVmaker_Import,EVmaker_Import:BKK:2026-W34:00033,23,[23],[23],[23],[25],on_time -> on_time
IN:mom:Factory_Import_CN:EVmaker_Import,EVmaker_Import:BKK:2026-W34:00034,23,[23],[23],[23],[25],on_time -> on_time
IN:mom:Factory_Import_CN:EVmaker_Import,EVmaker_Import:BKK:2026-W34:00035,23,[23],[23],[23],[25],on_time -> on_time
IN:mom:Factory_Import_CN:EVmaker_Import,EVmaker_Import:BKK:2026-W34:00036,23,[23],[23],[23],[25],on_time -> on_time
IN:mom:Factory_Import_CN:EVmaker_Import,EVmaker_Import:BKK:2026-W34:00037,23,[23],[23],[23],[25],on_time -> on_time
IN:mom:Factory_Import_CN:EVmaker_Import,EVmaker_Import:BKK:2026-W34:00038,23,[23],[23],[23],[25],on_time -> on_time
IN:mom:Factory_Import_CN:EVmaker_Import,EVmaker_Import:BKK:2026-W34:00039,23,[23],[23],[23],[25],on_time -> on_time
IN:mom:Factory_Import_CN:EVmaker_Import,EVmaker_Import:BKK:2026-W34:00040,23,[23],[23],[23],[25],on_time -> on_time
IN:mom:Factory_Import_CN:EVmaker_Import,EVmaker_Import:BKK:2026-W34:00041,23,[23],[23],[23],[25],on_time -> on_time
IN:mom:Factory_Import_CN:EVmaker_Import,EVmaker_Import:BKK:2026-W34:00042,23,[23],[23],[23],[25],on_time -> on_time
IN:mom:Factory_Import_CN:EVmaker_Import,EVmaker_Import:BKK:2026-W34:00043,23,[23],[23],[23],[25],on_time -> on_time
IN:mom:Factory_Import_CN:EVmaker_Import,EVmaker_Import:BKK:2026-W34:00044,23,[23],[23],[23],[25],on_time -> on_time
IN:mom:Factory_Import_CN:EVmaker_Import,EVmaker_Import:BKK:2026-W34:00045,23,[23],[23],[23],[25],on_time -> on_time
IN:mom:Factory_Import_CN:EVmaker_Import,EVmaker_Import:BKK:2026-W34:00046,23,[23],[23],[23],[25],on_time -> on_time
IN:mom:Factory_Import_CN:EVmaker_Import,EVmaker_Import:BKK:2026-W34:00047,23,[23],[23],[23],[25],on_time -> on_time
IN:mom:Factory_Import_CN:EVmaker_Import,EVmaker_Import:BKK:2026-W34:00048,23,[23],[23],[23],[25],on_time -> on_time
IN:mom:Factory_Import_CN:EVmaker_Import,EVmaker_Import:BKK:2026-W34:00049,23,[23],[23],[23],[25],on_time -> on_time
IN:mom:Factory_Import_CN:EVmaker_Import,EVmaker_Import:BKK:2026-W34:00050,23,[23],[23],[23],[25],on_time -> on_time
IN:mom:Factory_Import_CN:EVmaker_Import,EVmaker_Import:ONL:2026-W33:00001,23,[22],[22],[23],[24],on_time -> on_time
IN:mom:Factory_Import_CN:EVmaker_Import,EVmaker_Import:ONL:2026-W33:00002,23,[22],[22],[23],[24],on_time -> on_time
IN:mom:Factory_Import_CN:EVmaker_Import,EVmaker_Import:ONL:2026-W33:00003,23,[22],[22],[23],[24],on_time -> on_time
IN:mom:Factory_Import_CN:EVmaker_Import,EVmaker_Import:ONL:2026-W33:00004,23,[22],[22],[23],[24],on_time -> on_time
IN:mom:Factory_Import_CN:EVmaker_Import,EVmaker_Import:ONL:2026-W33:00005,23,[22],[22],[23],[24],on_time -> on_time
IN:mom:Factory_Import_CN:EVmaker_Import,EVmaker_Import:ONL:2026-W33:00006,23,[22],[22],[23],[24],on_time -> on_time
IN:mom:Factory_Import_CN:EVmaker_Import,EVmaker_Import:ONL:2026-W33:00007,23,[22],[22],[23],[24],on_time -> on_time
IN:mom:Factory_Import_CN:EVmaker_Import,EVmaker_Import:ONL:2026-W33:00008,23,[22],[22],[23],[24],on_time -> on_time
IN:mom:Factory_Import_CN:EVmaker_Import,EVmaker_Import:ONL:2026-W33:00009,23,[22],[22],[23],[24],on_time -> on_time
IN:mom:Factory_Import_CN:EVmaker_Import,EVmaker_Import:ONL:2026-W33:00010,23,[22],[22],[23],[24],on_time -> on_time
IN:mom:Factory_Import_CN:EVmaker_Import,EVmaker_Import:PRO:2026-W34:00019,23,[22],[22],[23],[24],on_time -> on_time
IN:mom:Factory_Import_CN:EVmaker_Import,EVmaker_Import:PRO:2026-W34:00020,23,[22],[22],[23],[24],on_time -> on_time
IN:mom:Factory_Import_CN:EVmaker_Import,EVmaker_Import:PRO:2026-W34:00021,23,[22],[22],[23],[24],on_time -> on_time
IN:mom:Factory_Import_CN:EVmaker_Import,EVmaker_Import:PRO:2026-W34:00022,23,[22],[22],[23],[24],on_time -> on_time
IN:mom:Factory_Import_CN:EVmaker_Import,EVmaker_Import:PRO:2026-W34:00023,23,[22],[22],[23],[24],on_time -> on_time
IN:mom:Factory_Import_CN:EVmaker_Import,EVmaker_Import:PRO:2026-W34:00024,23,[22],[22],[23],[24],on_time -> on_time
IN:mom:Factory_Import_CN:EVmaker_Import,EVmaker_Import:PRO:2026-W34:00025,23,[22],[22],[23],[24],on_time -> on_time
IN:mom:Factory_Import_CN:EVmaker_Import,EVmaker_Import:PRO:2026-W34:00026,23,[22],[22],[23],[24],on_time -> on_time
IN:mom:Factory_Import_CN:EVmaker_Import,EVmaker_Import:PRO:2026-W34:00027,23,[22],[22],[23],[24],on_time -> on_time
IN:mom:Factory_Import_CN:EVmaker_Import,EVmaker_Import:PRO:2026-W34:00028,23,[22],[22],[23],[24],on_time -> on_time
IN:mom:Factory_Import_CN:EVmaker_Import,EVmaker_Import:PRO:2026-W34:00029,23,[22],[22],[23],[24],on_time -> on_time
IN:mom:Factory_Import_CN:EVmaker_Import,EVmaker_Import:PRO:2026-W34:00030,23,[22],[22],[23],[24],on_time -> on_time
IN:mom:Factory_Import_CN:EVmaker_Import,EVmaker_Import:PRO:2026-W34:00031,23,[22],[22],[23],[24],on_time -> on_time
IN:mom:Factory_Import_CN:EVmaker_Import,EVmaker_Import:PRO:2026-W34:00032,23,[22],[22],[23],[24],on_time -> on_time
IN:mom:Factory_Import_CN:EVmaker_Import,EVmaker_Import:PRO:2026-W34:00033,23,[22],[22],[23],[24],on_time -> on_time
IN:mom:Factory_Import_CN:EVmaker_Import,EVmaker_Import:PRO:2026-W34:00034,23,[22],[22],[23],[24],on_time -> on_time
IN:mom:Factory_Import_CN:EVmaker_Import,EVmaker_Import:PRO:2026-W34:00035,23,[22],[22],[23],[24],on_time -> on_time
IN:mom:Factory_Import_CN:EVmaker_Import,EVmaker_Import:PRO:2026-W34:00036,23,[22],[22],[23],[24],on_time -> on_time
IN:mom:Factory_Import_CN:EVmaker_Import,EVmaker_Import:PRO:2026-W34:00037,23,[22],[22],[23],[24],on_time -> on_time
IN:mom:Factory_Import_CN:EVmaker_Import,EVmaker_Import:PRO:2026-W34:00038,23,[22],[22],[23],[24],on_time -> on_time
IN:mom:Factory_Import_CN:EVmaker_Import,EVmaker_Import:PRO:2026-W34:00039,23,[22],[22],[23],[24],on_time -> on_time
IN:mom:Factory_Import_CN:EVmaker_Import,EVmaker_Import:PRO:2026-W34:00040,23,[22],[22],[23],[24],on_time -> on_time
IN:mom:Factory_Import_CN:EVmaker_Import,EVmaker_Import:PRO:2026-W35:00001,23,[23],[23],[23],[25],on_time -> on_time
IN:mom:Factory_Import_CN:EVmaker_Import,EVmaker_Import:PRO:2026-W35:00002,23,[23],[23],[23],[25],on_time -> on_time
IN:mom:Factory_Import_CN:EVmaker_Import,EVmaker_Import:PRO:2026-W35:00003,23,[23],[23],[23],[25],on_time -> on_time
IN:mom:Factory_Import_CN:EVmaker_Import,EVmaker_Import:PRO:2026-W35:00004,23,[23],[23],[23],[25],on_time -> on_time
IN:mom:Factory_Import_CN:EVmaker_Import,EVmaker_Import:PRO:2026-W35:00005,23,[23],[23],[23],[25],on_time -> on_time
IN:mom:Factory_Import_CN:EVmaker_Import,EVmaker_Import:PRO:2026-W35:00006,23,[23],[23],[23],[25],on_time -> on_time
IN:mom:Factory_Import_CN:EVmaker_Import,EVmaker_Import:PRO:2026-W35:00007,23,[23],[23],[23],[25],on_time -> on_time
IN:mom:Factory_Import_CN:EVmaker_Import,EVmaker_Import:PRO:2026-W35:00008,23,[23],[23],[23],[25],on_time -> on_time
IN:mom:Factory_Import_CN:EVmaker_Import,EVmaker_Import:PRO:2026-W35:00009,23,[23],[23],[23],[25],on_time -> on_time
IN:mom:Factory_Import_CN:EVmaker_Import,EVmaker_Import:PRO:2026-W35:00010,23,[23],[23],[23],[25],on_time -> on_time
IN:mom:Factory_Import_CN:EVmaker_Import,EVmaker_Import:PRO:2026-W35:00011,23,[23],[23],[23],[25],on_time -> on_time
IN:mom:Factory_Import_CN:EVmaker_Import,EVmaker_Import:PRO:2026-W35:00012,23,[23],[23],[23],[25],on_time -> on_time
IN:mom:Factory_Import_CN:EVmaker_Import,EVmaker_Import:PRO:2026-W35:00013,23,[23],[23],[23],[25],on_time -> on_time
IN:mom:Factory_Import_CN:EVmaker_Import,EVmaker_Import:PRO:2026-W35:00014,23,[23],[23],[23],[25],on_time -> on_time
IN:mom:Factory_Import_CN:EVmaker_Import,EVmaker_Import:PRO:2026-W35:00015,23,[23],[23],[23],[25],on_time -> on_time
IN:mom:Factory_Import_CN:EVmaker_Import,EVmaker_Import:PRO:2026-W35:00016,23,[23],[23],[23],[25],on_time -> on_time
IN:mom:Factory_Import_CN:EVmaker_Import,EVmaker_Import:PRO:2026-W35:00017,23,[23],[23],[23],[25],on_time -> on_time
IN:mom:Factory_Import_CN:EVmaker_Import,EVmaker_Import:PRO:2026-W35:00018,23,[23],[23],[23],[25],on_time -> on_time
IN:mom:Factory_Import_CN:EVmaker_Import,EVmaker_Import:BKK:2026-W35:00001,24,[24],[24],[24],[26],on_time -> on_time
IN:mom:Factory_Import_CN:EVmaker_Import,EVmaker_Import:BKK:2026-W35:00002,24,[24],[24],[24],[26],on_time -> on_time
IN:mom:Factory_Import_CN:EVmaker_Import,EVmaker_Import:BKK:2026-W35:00003,24,[24],[24],[24],[26],on_time -> on_time
IN:mom:Factory_Import_CN:EVmaker_Import,EVmaker_Import:BKK:2026-W35:00004,24,[24],[24],[24],[26],on_time -> on_time
IN:mom:Factory_Import_CN:EVmaker_Import,EVmaker_Import:BKK:2026-W35:00005,24,[24],[24],[24],[26],on_time -> on_time
IN:mom:Factory_Import_CN:EVmaker_Import,EVmaker_Import:BKK:2026-W35:00006,24,[24],[24],[24],[26],on_time -> on_time
IN:mom:Factory_Import_CN:EVmaker_Import,EVmaker_Import:BKK:2026-W35:00007,24,[24],[24],[24],[26],on_time -> on_time
IN:mom:Factory_Import_CN:EVmaker_Import,EVmaker_Import:BKK:2026-W35:00008,24,[24],[24],[24],[26],on_time -> on_time
IN:mom:Factory_Import_CN:EVmaker_Import,EVmaker_Import:BKK:2026-W35:00009,24,[24],[24],[24],[26],on_time -> on_time
IN:mom:Factory_Import_CN:EVmaker_Import,EVmaker_Import:BKK:2026-W35:00010,24,[24],[24],[24],[26],on_time -> on_time
IN:mom:Factory_Import_CN:EVmaker_Import,EVmaker_Import:BKK:2026-W35:00011,24,[24],[24],[24],[26],on_time -> on_time
IN:mom:Factory_Import_CN:EVmaker_Import,EVmaker_Import:BKK:2026-W35:00012,24,[24],[24],[24],[26],on_time -> on_time
IN:mom:Factory_Import_CN:EVmaker_Import,EVmaker_Import:BKK:2026-W35:00013,24,[24],[24],[24],[26],on_time -> on_time
IN:mom:Factory_Import_CN:EVmaker_Import,EVmaker_Import:BKK:2026-W35:00014,24,[24],[24],[24],[26],on_time -> on_time
IN:mom:Factory_Import_CN:EVmaker_Import,EVmaker_Import:BKK:2026-W35:00015,24,[24],[24],[24],[26],on_time -> on_time
IN:mom:Factory_Import_CN:EVmaker_Import,EVmaker_Import:BKK:2026-W35:00016,24,[24],[24],[24],[26],on_time -> on_time
IN:mom:Factory_Import_CN:EVmaker_Import,EVmaker_Import:BKK:2026-W35:00017,24,[24],[24],[24],[26],on_time -> on_time
IN:mom:Factory_Import_CN:EVmaker_Import,EVmaker_Import:BKK:2026-W35:00018,24,[24],[24],[24],[26],on_time -> on_time
IN:mom:Factory_Import_CN:EVmaker_Import,EVmaker_Import:BKK:2026-W35:00019,24,[24],[24],[24],[26],on_time -> on_time
IN:mom:Factory_Import_CN:EVmaker_Import,EVmaker_Import:BKK:2026-W35:00020,24,[24],[24],[24],[26],on_time -> on_time
IN:mom:Factory_Import_CN:EVmaker_Import,EVmaker_Import:BKK:2026-W35:00021,24,[24],[24],[24],[26],on_time -> on_time
IN:mom:Factory_Import_CN:EVmaker_Import,EVmaker_Import:BKK:2026-W35:00022,24,[24],[24],[24],[26],on_time -> on_time
IN:mom:Factory_Import_CN:EVmaker_Import,EVmaker_Import:BKK:2026-W35:00023,24,[24],[24],[24],[26],on_time -> on_time
IN:mom:Factory_Import_CN:EVmaker_Import,EVmaker_Import:BKK:2026-W35:00024,24,[24],[24],[24],[26],on_time -> on_time
IN:mom:Factory_Import_CN:EVmaker_Import,EVmaker_Import:BKK:2026-W35:00025,24,[24],[24],[24],[26],on_time -> on_time
IN:mom:Factory_Import_CN:EVmaker_Import,EVmaker_Import:BKK:2026-W35:00026,24,[24],[24],[24],[26],on_time -> on_time
IN:mom:Factory_Import_CN:EVmaker_Import,EVmaker_Import:BKK:2026-W35:00027,24,[24],[24],[24],[26],on_time -> on_time
IN:mom:Factory_Import_CN:EVmaker_Import,EVmaker_Import:BKK:2026-W35:00028,24,[24],[24],[24],[26],on_time -> on_time
IN:mom:Factory_Import_CN:EVmaker_Import,EVmaker_Import:BKK:2026-W35:00029,24,[24],[24],[24],[26],on_time -> on_time
IN:mom:Factory_Import_CN:EVmaker_Import,EVmaker_Import:BKK:2026-W35:00030,24,[24],[24],[24],[26],on_time -> on_time
IN:mom:Factory_Import_CN:EVmaker_Import,EVmaker_Import:BKK:2026-W35:00031,24,[24],[24],[24],[26],on_time -> on_time
IN:mom:Factory_Import_CN:EVmaker_Import,EVmaker_Import:BKK:2026-W35:00032,24,[24],[24],[24],[26],on_time -> on_time
IN:mom:Factory_Import_CN:EVmaker_Import,EVmaker_Import:BKK:2026-W35:00033,24,[24],[24],[24],[26],on_time -> on_time
IN:mom:Factory_Import_CN:EVmaker_Import,EVmaker_Import:BKK:2026-W35:00034,24,[24],[24],[24],[26],on_time -> on_time
IN:mom:Factory_Import_CN:EVmaker_Import,EVmaker_Import:BKK:2026-W35:00035,24,[24],[24],[24],[26],on_time -> on_time
IN:mom:Factory_Import_CN:EVmaker_Import,EVmaker_Import:BKK:2026-W35:00036,24,[24],[24],[24],[26],on_time -> on_time
IN:mom:Factory_Import_CN:EVmaker_Import,EVmaker_Import:BKK:2026-W35:00037,24,[24],[24],[24],[26],on_time -> on_time
IN:mom:Factory_Import_CN:EVmaker_Import,EVmaker_Import:BKK:2026-W35:00038,24,[24],[24],[24],[26],on_time -> on_time
IN:mom:Factory_Import_CN:EVmaker_Import,EVmaker_Import:BKK:2026-W35:00039,24,[24],[24],[24],[26],on_time -> on_time
IN:mom:Factory_Import_CN:EVmaker_Import,EVmaker_Import:BKK:2026-W35:00040,24,[24],[24],[24],[26],on_time -> on_time
IN:mom:Factory_Import_CN:EVmaker_Import,EVmaker_Import:BKK:2026-W35:00041,24,[24],[24],[24],[26],on_time -> on_time
IN:mom:Factory_Import_CN:EVmaker_Import,EVmaker_Import:BKK:2026-W35:00042,24,[24],[24],[24],[26],on_time -> on_time
IN:mom:Factory_Import_CN:EVmaker_Import,EVmaker_Import:BKK:2026-W35:00043,24,[24],[24],[24],[26],on_time -> on_time
IN:mom:Factory_Import_CN:EVmaker_Import,EVmaker_Import:BKK:2026-W35:00044,24,[24],[24],[24],[26],on_time -> on_time
IN:mom:Factory_Import_CN:EVmaker_Import,EVmaker_Import:BKK:2026-W35:00045,24,[24],[24],[24],[26],on_time -> on_time
IN:mom:Factory_Import_CN:EVmaker_Import,EVmaker_Import:BKK:2026-W35:00046,24,[24],[24],[24],[26],on_time -> on_time
IN:mom:Factory_Import_CN:EVmaker_Import,EVmaker_Import:BKK:2026-W35:00047,24,[24],[24],[24],[26],on_time -> on_time
IN:mom:Factory_Import_CN:EVmaker_Import,EVmaker_Import:BKK:2026-W35:00048,24,[24],[24],[24],[26],on_time -> on_time
IN:mom:Factory_Import_CN:EVmaker_Import,EVmaker_Import:BKK:2026-W35:00049,24,[24],[24],[24],[26],on_time -> on_time
IN:mom:Factory_Import_CN:EVmaker_Import,EVmaker_Import:BKK:2026-W35:00050,24,[24],[24],[24],[26],on_time -> on_time
IN:mom:Factory_Import_CN:EVmaker_Import,EVmaker_Import:ONL:2026-W34:00001,24,[23],[23],[24],[25],on_time -> on_time
IN:mom:Factory_Import_CN:EVmaker_Import,EVmaker_Import:ONL:2026-W34:00002,24,[23],[23],[24],[25],on_time -> on_time
IN:mom:Factory_Import_CN:EVmaker_Import,EVmaker_Import:ONL:2026-W34:00003,24,[23],[23],[24],[25],on_time -> on_time
IN:mom:Factory_Import_CN:EVmaker_Import,EVmaker_Import:ONL:2026-W34:00004,24,[23],[23],[24],[25],on_time -> on_time
IN:mom:Factory_Import_CN:EVmaker_Import,EVmaker_Import:ONL:2026-W34:00005,24,[23],[23],[24],[25],on_time -> on_time
IN:mom:Factory_Import_CN:EVmaker_Import,EVmaker_Import:ONL:2026-W34:00006,24,[23],[23],[24],[25],on_time -> on_time
IN:mom:Factory_Import_CN:EVmaker_Import,EVmaker_Import:ONL:2026-W34:00007,24,[23],[23],[24],[25],on_time -> on_time
IN:mom:Factory_Import_CN:EVmaker_Import,EVmaker_Import:ONL:2026-W34:00008,24,[23],[23],[24],[25],on_time -> on_time
IN:mom:Factory_Import_CN:EVmaker_Import,EVmaker_Import:ONL:2026-W34:00009,24,[23],[23],[24],[25],on_time -> on_time
IN:mom:Factory_Import_CN:EVmaker_Import,EVmaker_Import:ONL:2026-W34:00010,24,[23],[23],[24],[25],on_time -> on_time
IN:mom:Factory_Import_CN:EVmaker_Import,EVmaker_Import:PRO:2026-W35:00019,24,[23],[23],[24],[25],on_time -> on_time
IN:mom:Factory_Import_CN:EVmaker_Import,EVmaker_Import:PRO:2026-W35:00020,24,[23],[23],[24],[25],on_time -> on_time
IN:mom:Factory_Import_CN:EVmaker_Import,EVmaker_Import:PRO:2026-W35:00021,24,[23],[23],[24],[25],on_time -> on_time
IN:mom:Factory_Import_CN:EVmaker_Import,EVmaker_Import:PRO:2026-W35:00022,24,[23],[23],[24],[25],on_time -> on_time
IN:mom:Factory_Import_CN:EVmaker_Import,EVmaker_Import:PRO:2026-W35:00023,24,[23],[23],[24],[25],on_time -> on_time
IN:mom:Factory_Import_CN:EVmaker_Import,EVmaker_Import:PRO:2026-W35:00024,24,[23],[23],[24],[25],on_time -> on_time
IN:mom:Factory_Import_CN:EVmaker_Import,EVmaker_Import:PRO:2026-W35:00025,24,[23],[23],[24],[25],on_time -> on_time
IN:mom:Factory_Import_CN:EVmaker_Import,EVmaker_Import:PRO:2026-W35:00026,24,[23],[23],[24],[25],on_time -> on_time
IN:mom:Factory_Import_CN:EVmaker_Import,EVmaker_Import:PRO:2026-W35:00027,24,[23],[23],[24],[25],on_time -> on_time
IN:mom:Factory_Import_CN:EVmaker_Import,EVmaker_Import:PRO:2026-W35:00028,24,[23],[23],[24],[25],on_time -> on_time
IN:mom:Factory_Import_CN:EVmaker_Import,EVmaker_Import:PRO:2026-W35:00029,24,[23],[23],[24],[25],on_time -> on_time
IN:mom:Factory_Import_CN:EVmaker_Import,EVmaker_Import:PRO:2026-W35:00030,24,[23],[23],[24],[25],on_time -> on_time
IN:mom:Factory_Import_CN:EVmaker_Import,EVmaker_Import:PRO:2026-W35:00031,24,[23],[23],[24],[25],on_time -> on_time
IN:mom:Factory_Import_CN:EVmaker_Import,EVmaker_Import:PRO:2026-W35:00032,24,[23],[23],[24],[25],on_time -> on_time
IN:mom:Factory_Import_CN:EVmaker_Import,EVmaker_Import:PRO:2026-W35:00033,24,[23],[23],[24],[25],on_time -> on_time
IN:mom:Factory_Import_CN:EVmaker_Import,EVmaker_Import:PRO:2026-W35:00034,24,[23],[23],[24],[25],on_time -> on_time
IN:mom:Factory_Import_CN:EVmaker_Import,EVmaker_Import:PRO:2026-W35:00035,24,[23],[23],[24],[25],on_time -> on_time
IN:mom:Factory_Import_CN:EVmaker_Import,EVmaker_Import:PRO:2026-W35:00036,24,[23],[23],[24],[25],on_time -> on_time
IN:mom:Factory_Import_CN:EVmaker_Import,EVmaker_Import:PRO:2026-W35:00037,24,[23],[23],[24],[25],on_time -> on_time
IN:mom:Factory_Import_CN:EVmaker_Import,EVmaker_Import:PRO:2026-W35:00038,24,[23],[23],[24],[25],on_time -> on_time
IN:mom:Factory_Import_CN:EVmaker_Import,EVmaker_Import:PRO:2026-W35:00039,24,[23],[23],[24],[25],on_time -> on_time
IN:mom:Factory_Import_CN:EVmaker_Import,EVmaker_Import:PRO:2026-W35:00040,24,[23],[23],[24],[25],on_time -> on_time
IN:mom:Factory_Import_CN:EVmaker_Import,EVmaker_Import:PRO:2026-W36:00001,24,[24],[24],[24],[26],on_time -> on_time
IN:mom:Factory_Import_CN:EVmaker_Import,EVmaker_Import:PRO:2026-W36:00002,24,[24],[24],[24],[26],on_time -> on_time
IN:mom:Factory_Import_CN:EVmaker_Import,EVmaker_Import:PRO:2026-W36:00003,24,[24],[24],[24],[26],on_time -> on_time
IN:mom:Factory_Import_CN:EVmaker_Import,EVmaker_Import:PRO:2026-W36:00004,24,[24],[24],[24],[26],on_time -> on_time
IN:mom:Factory_Import_CN:EVmaker_Import,EVmaker_Import:PRO:2026-W36:00005,24,[24],[24],[24],[26],on_time -> on_time
IN:mom:Factory_Import_CN:EVmaker_Import,EVmaker_Import:PRO:2026-W36:00006,24,[24],[24],[24],[26],on_time -> on_time
IN:mom:Factory_Import_CN:EVmaker_Import,EVmaker_Import:PRO:2026-W36:00007,24,[24],[24],[24],[26],on_time -> on_time
IN:mom:Factory_Import_CN:EVmaker_Import,EVmaker_Import:PRO:2026-W36:00008,24,[24],[24],[24],[26],on_time -> on_time
IN:mom:Factory_Import_CN:EVmaker_Import,EVmaker_Import:PRO:2026-W36:00009,24,[24],[24],[24],[26],on_time -> on_time
IN:mom:Factory_Import_CN:EVmaker_Import,EVmaker_Import:PRO:2026-W36:00010,24,[24],[24],[24],[26],on_time -> on_time
IN:mom:Factory_Import_CN:EVmaker_Import,EVmaker_Import:PRO:2026-W36:00011,24,[24],[24],[24],[26],on_time -> on_time
IN:mom:Factory_Import_CN:EVmaker_Import,EVmaker_Import:PRO:2026-W36:00012,24,[24],[24],[24],[26],on_time -> on_time
IN:mom:Factory_Import_CN:EVmaker_Import,EVmaker_Import:PRO:2026-W36:00013,24,[24],[24],[24],[26],on_time -> on_time
IN:mom:Factory_Import_CN:EVmaker_Import,EVmaker_Import:PRO:2026-W36:00014,24,[24],[24],[24],[26],on_time -> on_time
IN:mom:Factory_Import_CN:EVmaker_Import,EVmaker_Import:PRO:2026-W36:00015,24,[24],[24],[24],[26],on_time -> on_time
IN:mom:Factory_Import_CN:EVmaker_Import,EVmaker_Import:PRO:2026-W36:00016,24,[24],[24],[24],[26],on_time -> on_time
IN:mom:Factory_Import_CN:EVmaker_Import,EVmaker_Import:PRO:2026-W36:00017,24,[24],[24],[24],[26],on_time -> on_time
IN:mom:Factory_Import_CN:EVmaker_Import,EVmaker_Import:PRO:2026-W36:00018,24,[24],[24],[24],[26],on_time -> on_time
IN:mom:Factory_Import_CN:EVmaker_Import,EVmaker_Import:BKK:2026-W36:00001,25,[25],[25],[25],[27],on_time -> on_time
IN:mom:Factory_Import_CN:EVmaker_Import,EVmaker_Import:BKK:2026-W36:00002,25,[25],[25],[25],[27],on_time -> on_time
IN:mom:Factory_Import_CN:EVmaker_Import,EVmaker_Import:BKK:2026-W36:00003,25,[25],[25],[25],[27],on_time -> on_time
IN:mom:Factory_Import_CN:EVmaker_Import,EVmaker_Import:BKK:2026-W36:00004,25,[25],[25],[25],[27],on_time -> on_time
IN:mom:Factory_Import_CN:EVmaker_Import,EVmaker_Import:BKK:2026-W36:00005,25,[25],[25],[25],[27],on_time -> on_time
IN:mom:Factory_Import_CN:EVmaker_Import,EVmaker_Import:BKK:2026-W36:00006,25,[25],[25],[25],[27],on_time -> on_time
IN:mom:Factory_Import_CN:EVmaker_Import,EVmaker_Import:BKK:2026-W36:00007,25,[25],[25],[25],[27],on_time -> on_time
IN:mom:Factory_Import_CN:EVmaker_Import,EVmaker_Import:BKK:2026-W36:00008,25,[25],[25],[25],[27],on_time -> on_time
IN:mom:Factory_Import_CN:EVmaker_Import,EVmaker_Import:BKK:2026-W36:00009,25,[25],[25],[25],[27],on_time -> on_time
IN:mom:Factory_Import_CN:EVmaker_Import,EVmaker_Import:BKK:2026-W36:00010,25,[25],[25],[25],[27],on_time -> on_time
IN:mom:Factory_Import_CN:EVmaker_Import,EVmaker_Import:BKK:2026-W36:00011,25,[25],[25],[25],[27],on_time -> on_time
IN:mom:Factory_Import_CN:EVmaker_Import,EVmaker_Import:BKK:2026-W36:00012,25,[25],[25],[25],[27],on_time -> on_time
IN:mom:Factory_Import_CN:EVmaker_Import,EVmaker_Import:BKK:2026-W36:00013,25,[25],[25],[25],[27],on_time -> on_time
IN:mom:Factory_Import_CN:EVmaker_Import,EVmaker_Import:BKK:2026-W36:00014,25,[25],[25],[25],[27],on_time -> on_time
IN:mom:Factory_Import_CN:EVmaker_Import,EVmaker_Import:BKK:2026-W36:00015,25,[25],[25],[25],[27],on_time -> on_time
IN:mom:Factory_Import_CN:EVmaker_Import,EVmaker_Import:BKK:2026-W36:00016,25,[25],[25],[25],[27],on_time -> on_time
IN:mom:Factory_Import_CN:EVmaker_Import,EVmaker_Import:BKK:2026-W36:00017,25,[25],[25],[25],[27],on_time -> on_time
IN:mom:Factory_Import_CN:EVmaker_Import,EVmaker_Import:BKK:2026-W36:00018,25,[25],[25],[25],[27],on_time -> on_time
IN:mom:Factory_Import_CN:EVmaker_Import,EVmaker_Import:BKK:2026-W36:00019,25,[25],[25],[25],[27],on_time -> on_time
IN:mom:Factory_Import_CN:EVmaker_Import,EVmaker_Import:BKK:2026-W36:00020,25,[25],[25],[25],[27],on_time -> on_time
IN:mom:Factory_Import_CN:EVmaker_Import,EVmaker_Import:BKK:2026-W36:00021,25,[25],[25],[25],[27],on_time -> on_time
IN:mom:Factory_Import_CN:EVmaker_Import,EVmaker_Import:BKK:2026-W36:00022,25,[25],[25],[25],[27],on_time -> on_time
IN:mom:Factory_Import_CN:EVmaker_Import,EVmaker_Import:BKK:2026-W36:00023,25,[25],[25],[25],[27],on_time -> on_time
IN:mom:Factory_Import_CN:EVmaker_Import,EVmaker_Import:BKK:2026-W36:00024,25,[25],[25],[25],[27],on_time -> on_time
IN:mom:Factory_Import_CN:EVmaker_Import,EVmaker_Import:BKK:2026-W36:00025,25,[25],[25],[25],[27],on_time -> on_time
IN:mom:Factory_Import_CN:EVmaker_Import,EVmaker_Import:BKK:2026-W36:00026,25,[25],[25],[25],[27],on_time -> on_time
IN:mom:Factory_Import_CN:EVmaker_Import,EVmaker_Import:BKK:2026-W36:00027,25,[25],[25],[25],[27],on_time -> on_time
IN:mom:Factory_Import_CN:EVmaker_Import,EVmaker_Import:BKK:2026-W36:00028,25,[25],[25],[25],[27],on_time -> on_time
IN:mom:Factory_Import_CN:EVmaker_Import,EVmaker_Import:BKK:2026-W36:00029,25,[25],[25],[25],[27],on_time -> on_time
IN:mom:Factory_Import_CN:EVmaker_Import,EVmaker_Import:BKK:2026-W36:00030,25,[25],[25],[25],[27],on_time -> on_time
IN:mom:Factory_Import_CN:EVmaker_Import,EVmaker_Import:BKK:2026-W36:00031,25,[25],[25],[25],[27],on_time -> on_time
IN:mom:Factory_Import_CN:EVmaker_Import,EVmaker_Import:BKK:2026-W36:00032,25,[25],[25],[25],[27],on_time -> on_time
IN:mom:Factory_Import_CN:EVmaker_Import,EVmaker_Import:BKK:2026-W36:00033,25,[25],[25],[25],[27],on_time -> on_time
IN:mom:Factory_Import_CN:EVmaker_Import,EVmaker_Import:BKK:2026-W36:00034,25,[25],[25],[25],[27],on_time -> on_time
IN:mom:Factory_Import_CN:EVmaker_Import,EVmaker_Import:BKK:2026-W36:00035,25,[25],[25],[25],[27],on_time -> on_time
IN:mom:Factory_Import_CN:EVmaker_Import,EVmaker_Import:BKK:2026-W36:00036,25,[25],[25],[25],[27],on_time -> on_time
IN:mom:Factory_Import_CN:EVmaker_Import,EVmaker_Import:BKK:2026-W36:00037,25,[25],[25],[25],[27],on_time -> on_time
IN:mom:Factory_Import_CN:EVmaker_Import,EVmaker_Import:BKK:2026-W36:00038,25,[25],[25],[25],[27],on_time -> on_time
IN:mom:Factory_Import_CN:EVmaker_Import,EVmaker_Import:BKK:2026-W36:00039,25,[25],[25],[25],[27],on_time -> on_time
IN:mom:Factory_Import_CN:EVmaker_Import,EVmaker_Import:BKK:2026-W36:00040,25,[25],[25],[25],[27],on_time -> on_time
IN:mom:Factory_Import_CN:EVmaker_Import,EVmaker_Import:BKK:2026-W36:00041,25,[25],[25],[25],[27],on_time -> on_time
IN:mom:Factory_Import_CN:EVmaker_Import,EVmaker_Import:BKK:2026-W36:00042,25,[25],[25],[25],[27],on_time -> on_time
IN:mom:Factory_Import_CN:EVmaker_Import,EVmaker_Import:BKK:2026-W36:00043,25,[25],[25],[25],[27],on_time -> on_time
IN:mom:Factory_Import_CN:EVmaker_Import,EVmaker_Import:BKK:2026-W36:00044,25,[25],[25],[25],[27],on_time -> on_time
IN:mom:Factory_Import_CN:EVmaker_Import,EVmaker_Import:BKK:2026-W36:00045,25,[25],[25],[25],[27],on_time -> on_time
IN:mom:Factory_Import_CN:EVmaker_Import,EVmaker_Import:BKK:2026-W36:00046,25,[25],[25],[25],[27],on_time -> on_time
IN:mom:Factory_Import_CN:EVmaker_Import,EVmaker_Import:BKK:2026-W36:00047,25,[25],[25],[25],[27],on_time -> on_time
IN:mom:Factory_Import_CN:EVmaker_Import,EVmaker_Import:BKK:2026-W36:00048,25,[25],[25],[25],[27],on_time -> on_time
IN:mom:Factory_Import_CN:EVmaker_Import,EVmaker_Import:BKK:2026-W36:00049,25,[25],[25],[25],[27],on_time -> on_time
IN:mom:Factory_Import_CN:EVmaker_Import,EVmaker_Import:BKK:2026-W36:00050,25,[25],[25],[25],[27],on_time -> on_time
IN:mom:Factory_Import_CN:EVmaker_Import,EVmaker_Import:ONL:2026-W35:00001,25,[24],[24],[25],[26],on_time -> on_time
IN:mom:Factory_Import_CN:EVmaker_Import,EVmaker_Import:ONL:2026-W35:00002,25,[24],[24],[25],[26],on_time -> on_time
IN:mom:Factory_Import_CN:EVmaker_Import,EVmaker_Import:ONL:2026-W35:00003,25,[24],[24],[25],[26],on_time -> on_time
IN:mom:Factory_Import_CN:EVmaker_Import,EVmaker_Import:ONL:2026-W35:00004,25,[24],[24],[25],[26],on_time -> on_time
IN:mom:Factory_Import_CN:EVmaker_Import,EVmaker_Import:ONL:2026-W35:00005,25,[24],[24],[25],[26],on_time -> on_time
IN:mom:Factory_Import_CN:EVmaker_Import,EVmaker_Import:ONL:2026-W35:00006,25,[24],[24],[25],[26],on_time -> on_time
IN:mom:Factory_Import_CN:EVmaker_Import,EVmaker_Import:ONL:2026-W35:00007,25,[24],[24],[25],[26],on_time -> on_time
IN:mom:Factory_Import_CN:EVmaker_Import,EVmaker_Import:ONL:2026-W35:00008,25,[24],[24],[25],[26],on_time -> on_time
IN:mom:Factory_Import_CN:EVmaker_Import,EVmaker_Import:ONL:2026-W35:00009,25,[24],[24],[25],[26],on_time -> on_time
IN:mom:Factory_Import_CN:EVmaker_Import,EVmaker_Import:ONL:2026-W35:00010,25,[24],[24],[25],[26],on_time -> on_time
IN:mom:Factory_Import_CN:EVmaker_Import,EVmaker_Import:PRO:2026-W36:00019,25,[24],[24],[25],[26],on_time -> on_time
IN:mom:Factory_Import_CN:EVmaker_Import,EVmaker_Import:PRO:2026-W36:00020,25,[24],[24],[25],[26],on_time -> on_time
IN:mom:Factory_Import_CN:EVmaker_Import,EVmaker_Import:PRO:2026-W36:00021,25,[24],[24],[25],[26],on_time -> on_time
IN:mom:Factory_Import_CN:EVmaker_Import,EVmaker_Import:PRO:2026-W36:00022,25,[24],[24],[25],[26],on_time -> on_time
IN:mom:Factory_Import_CN:EVmaker_Import,EVmaker_Import:PRO:2026-W36:00023,25,[24],[24],[25],[26],on_time -> on_time
IN:mom:Factory_Import_CN:EVmaker_Import,EVmaker_Import:PRO:2026-W36:00024,25,[24],[24],[25],[26],on_time -> on_time
IN:mom:Factory_Import_CN:EVmaker_Import,EVmaker_Import:PRO:2026-W36:00025,25,[24],[24],[25],[26],on_time -> on_time
IN:mom:Factory_Import_CN:EVmaker_Import,EVmaker_Import:PRO:2026-W36:00026,25,[24],[24],[25],[26],on_time -> on_time
IN:mom:Factory_Import_CN:EVmaker_Import,EVmaker_Import:PRO:2026-W36:00027,25,[24],[24],[25],[26],on_time -> on_time
IN:mom:Factory_Import_CN:EVmaker_Import,EVmaker_Import:PRO:2026-W36:00028,25,[24],[24],[25],[26],on_time -> on_time
IN:mom:Factory_Import_CN:EVmaker_Import,EVmaker_Import:PRO:2026-W36:00029,25,[24],[24],[25],[26],on_time -> on_time
IN:mom:Factory_Import_CN:EVmaker_Import,EVmaker_Import:PRO:2026-W36:00030,25,[24],[24],[25],[26],on_time -> on_time
IN:mom:Factory_Import_CN:EVmaker_Import,EVmaker_Import:PRO:2026-W36:00031,25,[24],[24],[25],[26],on_time -> on_time
IN:mom:Factory_Import_CN:EVmaker_Import,EVmaker_Import:PRO:2026-W36:00032,25,[24],[24],[25],[26],on_time -> on_time
IN:mom:Factory_Import_CN:EVmaker_Import,EVmaker_Import:PRO:2026-W36:00033,25,[24],[24],[25],[26],on_time -> on_time
IN:mom:Factory_Import_CN:EVmaker_Import,EVmaker_Import:PRO:2026-W36:00034,25,[24],[24],[25],[26],on_time -> on_time
IN:mom:Factory_Import_CN:EVmaker_Import,EVmaker_Import:PRO:2026-W36:00035,25,[24],[24],[25],[26],on_time -> on_time
IN:mom:Factory_Import_CN:EVmaker_Import,EVmaker_Import:PRO:2026-W36:00036,25,[24],[24],[25],[26],on_time -> on_time
IN:mom:Factory_Import_CN:EVmaker_Import,EVmaker_Import:PRO:2026-W36:00037,25,[24],[24],[25],[26],on_time -> on_time
IN:mom:Factory_Import_CN:EVmaker_Import,EVmaker_Import:PRO:2026-W36:00038,25,[24],[24],[25],[26],on_time -> on_time
IN:mom:Factory_Import_CN:EVmaker_Import,EVmaker_Import:PRO:2026-W36:00039,25,[24],[24],[25],[26],on_time -> on_time
IN:mom:Factory_Import_CN:EVmaker_Import,EVmaker_Import:PRO:2026-W36:00040,25,[24],[24],[25],[26],on_time -> on_time
IN:mom:Factory_Import_CN:EVmaker_Import,EVmaker_Import:PRO:2026-W37:00001,25,[25],[25],[25],[27],on_time -> on_time
IN:mom:Factory_Import_CN:EVmaker_Import,EVmaker_Import:PRO:2026-W37:00002,25,[25],[25],[25],[27],on_time -> on_time
IN:mom:Factory_Import_CN:EVmaker_Import,EVmaker_Import:PRO:2026-W37:00003,25,[25],[25],[25],[27],on_time -> on_time
IN:mom:Factory_Import_CN:EVmaker_Import,EVmaker_Import:PRO:2026-W37:00004,25,[25],[25],[25],[27],on_time -> on_time
IN:mom:Factory_Import_CN:EVmaker_Import,EVmaker_Import:PRO:2026-W37:00005,25,[25],[25],[25],[27],on_time -> on_time
IN:mom:Factory_Import_CN:EVmaker_Import,EVmaker_Import:PRO:2026-W37:00006,25,[25],[25],[25],[27],on_time -> on_time
IN:mom:Factory_Import_CN:EVmaker_Import,EVmaker_Import:PRO:2026-W37:00007,25,[25],[25],[25],[27],on_time -> on_time
IN:mom:Factory_Import_CN:EVmaker_Import,EVmaker_Import:PRO:2026-W37:00008,25,[25],[25],[25],[27],on_time -> on_time
IN:mom:Factory_Import_CN:EVmaker_Import,EVmaker_Import:PRO:2026-W37:00009,25,[25],[25],[25],[27],on_time -> on_time
IN:mom:Factory_Import_CN:EVmaker_Import,EVmaker_Import:PRO:2026-W37:00010,25,[25],[25],[25],[27],on_time -> on_time
IN:mom:Factory_Import_CN:EVmaker_Import,EVmaker_Import:PRO:2026-W37:00011,25,[25],[25],[25],[27],on_time -> on_time
IN:mom:Factory_Import_CN:EVmaker_Import,EVmaker_Import:PRO:2026-W37:00012,25,[25],[25],[25],[27],on_time -> on_time
IN:mom:Factory_Import_CN:EVmaker_Import,EVmaker_Import:PRO:2026-W37:00013,25,[25],[25],[25],[27],on_time -> on_time
IN:mom:Factory_Import_CN:EVmaker_Import,EVmaker_Import:PRO:2026-W37:00014,25,[25],[25],[25],[27],on_time -> on_time
IN:mom:Factory_Import_CN:EVmaker_Import,EVmaker_Import:PRO:2026-W37:00015,25,[25],[25],[25],[27],on_time -> on_time
IN:mom:Factory_Import_CN:EVmaker_Import,EVmaker_Import:PRO:2026-W37:00016,25,[25],[25],[25],[27],on_time -> on_time
IN:mom:Factory_Import_CN:EVmaker_Import,EVmaker_Import:PRO:2026-W37:00017,25,[25],[25],[25],[27],on_time -> on_time
IN:mom:Factory_Import_CN:EVmaker_Import,EVmaker_Import:PRO:2026-W37:00018,25,[25],[25],[25],[27],on_time -> on_time
IN:mom:Factory_Import_CN:EVmaker_Import,EVmaker_Import:BKK:2026-W37:00001,26,[26],[26],[26],[28],on_time -> on_time
IN:mom:Factory_Import_CN:EVmaker_Import,EVmaker_Import:BKK:2026-W37:00002,26,[26],[26],[26],[28],on_time -> on_time
IN:mom:Factory_Import_CN:EVmaker_Import,EVmaker_Import:BKK:2026-W37:00003,26,[26],[26],[26],[28],on_time -> on_time
IN:mom:Factory_Import_CN:EVmaker_Import,EVmaker_Import:BKK:2026-W37:00004,26,[26],[26],[26],[28],on_time -> on_time
IN:mom:Factory_Import_CN:EVmaker_Import,EVmaker_Import:BKK:2026-W37:00005,26,[26],[26],[26],[28],on_time -> on_time
IN:mom:Factory_Import_CN:EVmaker_Import,EVmaker_Import:BKK:2026-W37:00006,26,[26],[26],[26],[28],on_time -> on_time
IN:mom:Factory_Import_CN:EVmaker_Import,EVmaker_Import:BKK:2026-W37:00007,26,[26],[26],[26],[28],on_time -> on_time
IN:mom:Factory_Import_CN:EVmaker_Import,EVmaker_Import:BKK:2026-W37:00008,26,[26],[26],[26],[28],on_time -> on_time
IN:mom:Factory_Import_CN:EVmaker_Import,EVmaker_Import:BKK:2026-W37:00009,26,[26],[26],[26],[28],on_time -> on_time
IN:mom:Factory_Import_CN:EVmaker_Import,EVmaker_Import:BKK:2026-W37:00010,26,[26],[26],[26],[28],on_time -> on_time
IN:mom:Factory_Import_CN:EVmaker_Import,EVmaker_Import:BKK:2026-W37:00011,26,[26],[26],[26],[28],on_time -> on_time
IN:mom:Factory_Import_CN:EVmaker_Import,EVmaker_Import:BKK:2026-W37:00012,26,[26],[26],[26],[28],on_time -> on_time
IN:mom:Factory_Import_CN:EVmaker_Import,EVmaker_Import:BKK:2026-W37:00013,26,[26],[26],[26],[28],on_time -> on_time
IN:mom:Factory_Import_CN:EVmaker_Import,EVmaker_Import:BKK:2026-W37:00014,26,[26],[26],[26],[28],on_time -> on_time
IN:mom:Factory_Import_CN:EVmaker_Import,EVmaker_Import:BKK:2026-W37:00015,26,[26],[26],[26],[28],on_time -> on_time
IN:mom:Factory_Import_CN:EVmaker_Import,EVmaker_Import:BKK:2026-W37:00016,26,[26],[26],[26],[28],on_time -> on_time
IN:mom:Factory_Import_CN:EVmaker_Import,EVmaker_Import:BKK:2026-W37:00017,26,[26],[26],[26],[28],on_time -> on_time
IN:mom:Factory_Import_CN:EVmaker_Import,EVmaker_Import:BKK:2026-W37:00018,26,[26],[26],[26],[28],on_time -> on_time
IN:mom:Factory_Import_CN:EVmaker_Import,EVmaker_Import:BKK:2026-W37:00019,26,[26],[26],[26],[28],on_time -> on_time
IN:mom:Factory_Import_CN:EVmaker_Import,EVmaker_Import:BKK:2026-W37:00020,26,[26],[26],[26],[28],on_time -> on_time
IN:mom:Factory_Import_CN:EVmaker_Import,EVmaker_Import:BKK:2026-W37:00021,26,[26],[26],[26],[28],on_time -> on_time
IN:mom:Factory_Import_CN:EVmaker_Import,EVmaker_Import:BKK:2026-W37:00022,26,[26],[26],[26],[28],on_time -> on_time
IN:mom:Factory_Import_CN:EVmaker_Import,EVmaker_Import:BKK:2026-W37:00023,26,[26],[26],[26],[28],on_time -> on_time
IN:mom:Factory_Import_CN:EVmaker_Import,EVmaker_Import:BKK:2026-W37:00024,26,[26],[26],[26],[28],on_time -> on_time
IN:mom:Factory_Import_CN:EVmaker_Import,EVmaker_Import:BKK:2026-W37:00025,26,[26],[26],[26],[28],on_time -> on_time
IN:mom:Factory_Import_CN:EVmaker_Import,EVmaker_Import:BKK:2026-W37:00026,26,[26],[26],[26],[28],on_time -> on_time
IN:mom:Factory_Import_CN:EVmaker_Import,EVmaker_Import:BKK:2026-W37:00027,26,[26],[26],[26],[28],on_time -> on_time
IN:mom:Factory_Import_CN:EVmaker_Import,EVmaker_Import:BKK:2026-W37:00028,26,[26],[26],[26],[28],on_time -> on_time
IN:mom:Factory_Import_CN:EVmaker_Import,EVmaker_Import:BKK:2026-W37:00029,26,[26],[26],[26],[28],on_time -> on_time
IN:mom:Factory_Import_CN:EVmaker_Import,EVmaker_Import:BKK:2026-W37:00030,26,[26],[26],[26],[28],on_time -> on_time
IN:mom:Factory_Import_CN:EVmaker_Import,EVmaker_Import:BKK:2026-W37:00031,26,[26],[26],[26],[28],on_time -> on_time
IN:mom:Factory_Import_CN:EVmaker_Import,EVmaker_Import:BKK:2026-W37:00032,26,[26],[26],[26],[28],on_time -> on_time
IN:mom:Factory_Import_CN:EVmaker_Import,EVmaker_Import:BKK:2026-W37:00033,26,[26],[26],[26],[28],on_time -> on_time
IN:mom:Factory_Import_CN:EVmaker_Import,EVmaker_Import:BKK:2026-W37:00034,26,[26],[26],[26],[28],on_time -> on_time
IN:mom:Factory_Import_CN:EVmaker_Import,EVmaker_Import:BKK:2026-W37:00035,26,[26],[26],[26],[28],on_time -> on_time
IN:mom:Factory_Import_CN:EVmaker_Import,EVmaker_Import:BKK:2026-W37:00036,26,[26],[26],[26],[28],on_time -> on_time
IN:mom:Factory_Import_CN:EVmaker_Import,EVmaker_Import:BKK:2026-W37:00037,26,[26],[26],[26],[28],on_time -> on_time
IN:mom:Factory_Import_CN:EVmaker_Import,EVmaker_Import:BKK:2026-W37:00038,26,[26],[26],[26],[28],on_time -> on_time
IN:mom:Factory_Import_CN:EVmaker_Import,EVmaker_Import:BKK:2026-W37:00039,26,[26],[26],[26],[28],on_time -> on_time
IN:mom:Factory_Import_CN:EVmaker_Import,EVmaker_Import:BKK:2026-W37:00040,26,[26],[26],[26],[28],on_time -> on_time
IN:mom:Factory_Import_CN:EVmaker_Import,EVmaker_Import:BKK:2026-W37:00041,26,[26],[26],[26],[28],on_time -> on_time
IN:mom:Factory_Import_CN:EVmaker_Import,EVmaker_Import:BKK:2026-W37:00042,26,[26],[26],[26],[28],on_time -> on_time
IN:mom:Factory_Import_CN:EVmaker_Import,EVmaker_Import:BKK:2026-W37:00043,26,[26],[26],[26],[28],on_time -> on_time
IN:mom:Factory_Import_CN:EVmaker_Import,EVmaker_Import:BKK:2026-W37:00044,26,[26],[26],[26],[28],on_time -> on_time
IN:mom:Factory_Import_CN:EVmaker_Import,EVmaker_Import:BKK:2026-W37:00045,26,[26],[26],[26],[28],on_time -> on_time
IN:mom:Factory_Import_CN:EVmaker_Import,EVmaker_Import:BKK:2026-W37:00046,26,[26],[26],[26],[28],on_time -> on_time
IN:mom:Factory_Import_CN:EVmaker_Import,EVmaker_Import:BKK:2026-W37:00047,26,[26],[26],[26],[28],on_time -> on_time
IN:mom:Factory_Import_CN:EVmaker_Import,EVmaker_Import:BKK:2026-W37:00048,26,[26],[26],[26],[28],on_time -> on_time
IN:mom:Factory_Import_CN:EVmaker_Import,EVmaker_Import:BKK:2026-W37:00049,26,[26],[26],[26],[28],on_time -> on_time
IN:mom:Factory_Import_CN:EVmaker_Import,EVmaker_Import:BKK:2026-W37:00050,26,[26],[26],[26],[28],on_time -> on_time
IN:mom:Factory_Import_CN:EVmaker_Import,EVmaker_Import:ONL:2026-W36:00001,26,[25],[25],[26],[27],on_time -> on_time
IN:mom:Factory_Import_CN:EVmaker_Import,EVmaker_Import:ONL:2026-W36:00002,26,[25],[25],[26],[27],on_time -> on_time
IN:mom:Factory_Import_CN:EVmaker_Import,EVmaker_Import:ONL:2026-W36:00003,26,[25],[25],[26],[27],on_time -> on_time
IN:mom:Factory_Import_CN:EVmaker_Import,EVmaker_Import:ONL:2026-W36:00004,26,[25],[25],[26],[27],on_time -> on_time
IN:mom:Factory_Import_CN:EVmaker_Import,EVmaker_Import:ONL:2026-W36:00005,26,[25],[25],[26],[27],on_time -> on_time
IN:mom:Factory_Import_CN:EVmaker_Import,EVmaker_Import:ONL:2026-W36:00006,26,[25],[25],[26],[27],on_time -> on_time
IN:mom:Factory_Import_CN:EVmaker_Import,EVmaker_Import:ONL:2026-W36:00007,26,[25],[25],[26],[27],on_time -> on_time
IN:mom:Factory_Import_CN:EVmaker_Import,EVmaker_Import:ONL:2026-W36:00008,26,[25],[25],[26],[27],on_time -> on_time
IN:mom:Factory_Import_CN:EVmaker_Import,EVmaker_Import:ONL:2026-W36:00009,26,[25],[25],[26],[27],on_time -> on_time
IN:mom:Factory_Import_CN:EVmaker_Import,EVmaker_Import:ONL:2026-W36:00010,26,[25],[25],[26],[27],on_time -> on_time
IN:mom:Factory_Import_CN:EVmaker_Import,EVmaker_Import:PRO:2026-W37:00019,26,[25],[25],[26],[27],on_time -> on_time
IN:mom:Factory_Import_CN:EVmaker_Import,EVmaker_Import:PRO:2026-W37:00020,26,[25],[25],[26],[27],on_time -> on_time
IN:mom:Factory_Import_CN:EVmaker_Import,EVmaker_Import:PRO:2026-W37:00021,26,[25],[25],[26],[27],on_time -> on_time
IN:mom:Factory_Import_CN:EVmaker_Import,EVmaker_Import:PRO:2026-W37:00022,26,[25],[25],[26],[27],on_time -> on_time
IN:mom:Factory_Import_CN:EVmaker_Import,EVmaker_Import:PRO:2026-W37:00023,26,[25],[25],[26],[27],on_time -> on_time
IN:mom:Factory_Import_CN:EVmaker_Import,EVmaker_Import:PRO:2026-W37:00024,26,[25],[25],[26],[27],on_time -> on_time
IN:mom:Factory_Import_CN:EVmaker_Import,EVmaker_Import:PRO:2026-W37:00025,26,[25],[25],[26],[27],on_time -> on_time
IN:mom:Factory_Import_CN:EVmaker_Import,EVmaker_Import:PRO:2026-W37:00026,26,[25],[25],[26],[27],on_time -> on_time
IN:mom:Factory_Import_CN:EVmaker_Import,EVmaker_Import:PRO:2026-W37:00027,26,[25],[25],[26],[27],on_time -> on_time
IN:mom:Factory_Import_CN:EVmaker_Import,EVmaker_Import:PRO:2026-W37:00028,26,[25],[25],[26],[27],on_time -> on_time
IN:mom:Factory_Import_CN:EVmaker_Import,EVmaker_Import:PRO:2026-W37:00029,26,[25],[25],[26],[27],on_time -> on_time
IN:mom:Factory_Import_CN:EVmaker_Import,EVmaker_Import:PRO:2026-W37:00030,26,[25],[25],[26],[27],on_time -> on_time
IN:mom:Factory_Import_CN:EVmaker_Import,EVmaker_Import:PRO:2026-W37:00031,26,[25],[25],[26],[27],on_time -> on_time
IN:mom:Factory_Import_CN:EVmaker_Import,EVmaker_Import:PRO:2026-W37:00032,26,[25],[25],[26],[27],on_time -> on_time
IN:mom:Factory_Import_CN:EVmaker_Import,EVmaker_Import:PRO:2026-W37:00033,26,[25],[25],[26],[27],on_time -> on_time
IN:mom:Factory_Import_CN:EVmaker_Import,EVmaker_Import:PRO:2026-W37:00034,26,[25],[25],[26],[27],on_time -> on_time
IN:mom:Factory_Import_CN:EVmaker_Import,EVmaker_Import:PRO:2026-W37:00035,26,[25],[25],[26],[27],on_time -> on_time
IN:mom:Factory_Import_CN:EVmaker_Import,EVmaker_Import:PRO:2026-W37:00036,26,[25],[25],[26],[27],on_time -> on_time
IN:mom:Factory_Import_CN:EVmaker_Import,EVmaker_Import:PRO:2026-W37:00037,26,[25],[25],[26],[27],on_time -> on_time
IN:mom:Factory_Import_CN:EVmaker_Import,EVmaker_Import:PRO:2026-W37:00038,26,[25],[25],[26],[27],on_time -> on_time
IN:mom:Factory_Import_CN:EVmaker_Import,EVmaker_Import:PRO:2026-W37:00039,26,[25],[25],[26],[27],on_time -> on_time
IN:mom:Factory_Import_CN:EVmaker_Import,EVmaker_Import:PRO:2026-W37:00040,26,[25],[25],[26],[27],on_time -> on_time
IN:mom:Factory_Import_CN:EVmaker_Import,EVmaker_Import:PRO:2026-W38:00001,26,[26],[26],[26],[28],on_time -> on_time
IN:mom:Factory_Import_CN:EVmaker_Import,EVmaker_Import:PRO:2026-W38:00002,26,[26],[26],[26],[28],on_time -> on_time
IN:mom:Factory_Import_CN:EVmaker_Import,EVmaker_Import:PRO:2026-W38:00003,26,[26],[26],[26],[28],on_time -> on_time
IN:mom:Factory_Import_CN:EVmaker_Import,EVmaker_Import:PRO:2026-W38:00004,26,[26],[26],[26],[28],on_time -> on_time
IN:mom:Factory_Import_CN:EVmaker_Import,EVmaker_Import:PRO:2026-W38:00005,26,[26],[26],[26],[28],on_time -> on_time
IN:mom:Factory_Import_CN:EVmaker_Import,EVmaker_Import:PRO:2026-W38:00006,26,[26],[26],[26],[28],on_time -> on_time
IN:mom:Factory_Import_CN:EVmaker_Import,EVmaker_Import:PRO:2026-W38:00007,26,[26],[26],[26],[28],on_time -> on_time
IN:mom:Factory_Import_CN:EVmaker_Import,EVmaker_Import:PRO:2026-W38:00008,26,[26],[26],[26],[28],on_time -> on_time
IN:mom:Factory_Import_CN:EVmaker_Import,EVmaker_Import:PRO:2026-W38:00009,26,[26],[26],[26],[28],on_time -> on_time
IN:mom:Factory_Import_CN:EVmaker_Import,EVmaker_Import:PRO:2026-W38:00010,26,[26],[26],[26],[28],on_time -> on_time
IN:mom:Factory_Import_CN:EVmaker_Import,EVmaker_Import:PRO:2026-W38:00011,26,[26],[26],[26],[28],on_time -> on_time
IN:mom:Factory_Import_CN:EVmaker_Import,EVmaker_Import:PRO:2026-W38:00012,26,[26],[26],[26],[28],on_time -> on_time
IN:mom:Factory_Import_CN:EVmaker_Import,EVmaker_Import:PRO:2026-W38:00013,26,[26],[26],[26],[28],on_time -> on_time
IN:mom:Factory_Import_CN:EVmaker_Import,EVmaker_Import:PRO:2026-W38:00014,26,[26],[26],[26],[28],on_time -> on_time
IN:mom:Factory_Import_CN:EVmaker_Import,EVmaker_Import:PRO:2026-W38:00015,26,[26],[26],[26],[28],on_time -> on_time
IN:mom:Factory_Import_CN:EVmaker_Import,EVmaker_Import:PRO:2026-W38:00016,26,[26],[26],[26],[28],on_time -> on_time
IN:mom:Factory_Import_CN:EVmaker_Import,EVmaker_Import:PRO:2026-W38:00017,26,[26],[26],[26],[28],on_time -> on_time
IN:mom:Factory_Import_CN:EVmaker_Import,EVmaker_Import:PRO:2026-W38:00018,26,[26],[26],[26],[28],on_time -> on_time
IN:mom:Factory_Import_CN:EVmaker_Import,EVmaker_Import:BKK:2026-W38:00001,27,[27],[27],[27],[29],on_time -> on_time
IN:mom:Factory_Import_CN:EVmaker_Import,EVmaker_Import:BKK:2026-W38:00002,27,[27],[27],[27],[29],on_time -> on_time
IN:mom:Factory_Import_CN:EVmaker_Import,EVmaker_Import:BKK:2026-W38:00003,27,[27],[27],[27],[29],on_time -> on_time
IN:mom:Factory_Import_CN:EVmaker_Import,EVmaker_Import:BKK:2026-W38:00004,27,[27],[27],[27],[29],on_time -> on_time
IN:mom:Factory_Import_CN:EVmaker_Import,EVmaker_Import:BKK:2026-W38:00005,27,[27],[27],[27],[29],on_time -> on_time
IN:mom:Factory_Import_CN:EVmaker_Import,EVmaker_Import:BKK:2026-W38:00006,27,[27],[27],[27],[29],on_time -> on_time
IN:mom:Factory_Import_CN:EVmaker_Import,EVmaker_Import:BKK:2026-W38:00007,27,[27],[27],[27],[29],on_time -> on_time
IN:mom:Factory_Import_CN:EVmaker_Import,EVmaker_Import:BKK:2026-W38:00008,27,[27],[27],[27],[29],on_time -> on_time
IN:mom:Factory_Import_CN:EVmaker_Import,EVmaker_Import:BKK:2026-W38:00009,27,[27],[27],[27],[29],on_time -> on_time
IN:mom:Factory_Import_CN:EVmaker_Import,EVmaker_Import:BKK:2026-W38:00010,27,[27],[27],[27],[29],on_time -> on_time
IN:mom:Factory_Import_CN:EVmaker_Import,EVmaker_Import:BKK:2026-W38:00011,27,[27],[27],[27],[29],on_time -> on_time
IN:mom:Factory_Import_CN:EVmaker_Import,EVmaker_Import:BKK:2026-W38:00012,27,[27],[27],[27],[29],on_time -> on_time
IN:mom:Factory_Import_CN:EVmaker_Import,EVmaker_Import:BKK:2026-W38:00013,27,[27],[27],[27],[29],on_time -> on_time
IN:mom:Factory_Import_CN:EVmaker_Import,EVmaker_Import:BKK:2026-W38:00014,27,[27],[27],[27],[29],on_time -> on_time
IN:mom:Factory_Import_CN:EVmaker_Import,EVmaker_Import:BKK:2026-W38:00015,27,[27],[27],[27],[29],on_time -> on_time
IN:mom:Factory_Import_CN:EVmaker_Import,EVmaker_Import:BKK:2026-W38:00016,27,[27],[27],[27],[29],on_time -> on_time
IN:mom:Factory_Import_CN:EVmaker_Import,EVmaker_Import:BKK:2026-W38:00017,27,[27],[27],[27],[29],on_time -> on_time
IN:mom:Factory_Import_CN:EVmaker_Import,EVmaker_Import:BKK:2026-W38:00018,27,[27],[27],[27],[29],on_time -> on_time
IN:mom:Factory_Import_CN:EVmaker_Import,EVmaker_Import:BKK:2026-W38:00019,27,[27],[27],[27],[29],on_time -> on_time
IN:mom:Factory_Import_CN:EVmaker_Import,EVmaker_Import:BKK:2026-W38:00020,27,[27],[27],[27],[29],on_time -> on_time
IN:mom:Factory_Import_CN:EVmaker_Import,EVmaker_Import:BKK:2026-W38:00021,27,[27],[27],[27],[29],on_time -> on_time
IN:mom:Factory_Import_CN:EVmaker_Import,EVmaker_Import:BKK:2026-W38:00022,27,[27],[27],[27],[29],on_time -> on_time
IN:mom:Factory_Import_CN:EVmaker_Import,EVmaker_Import:BKK:2026-W38:00023,27,[27],[27],[27],[29],on_time -> on_time
IN:mom:Factory_Import_CN:EVmaker_Import,EVmaker_Import:BKK:2026-W38:00024,27,[27],[27],[27],[29],on_time -> on_time
IN:mom:Factory_Import_CN:EVmaker_Import,EVmaker_Import:BKK:2026-W38:00025,27,[27],[27],[27],[29],on_time -> on_time
IN:mom:Factory_Import_CN:EVmaker_Import,EVmaker_Import:BKK:2026-W38:00026,27,[27],[27],[27],[29],on_time -> on_time
IN:mom:Factory_Import_CN:EVmaker_Import,EVmaker_Import:BKK:2026-W38:00027,27,[27],[27],[27],[29],on_time -> on_time
IN:mom:Factory_Import_CN:EVmaker_Import,EVmaker_Import:BKK:2026-W38:00028,27,[27],[27],[27],[29],on_time -> on_time
IN:mom:Factory_Import_CN:EVmaker_Import,EVmaker_Import:BKK:2026-W38:00029,27,[27],[27],[27],[29],on_time -> on_time
IN:mom:Factory_Import_CN:EVmaker_Import,EVmaker_Import:BKK:2026-W38:00030,27,[27],[27],[27],[29],on_time -> on_time
IN:mom:Factory_Import_CN:EVmaker_Import,EVmaker_Import:BKK:2026-W38:00031,27,[27],[27],[27],[29],on_time -> on_time
IN:mom:Factory_Import_CN:EVmaker_Import,EVmaker_Import:BKK:2026-W38:00032,27,[27],[27],[27],[29],on_time -> on_time
IN:mom:Factory_Import_CN:EVmaker_Import,EVmaker_Import:BKK:2026-W38:00033,27,[27],[27],[27],[29],on_time -> on_time
IN:mom:Factory_Import_CN:EVmaker_Import,EVmaker_Import:BKK:2026-W38:00034,27,[27],[27],[27],[29],on_time -> on_time
IN:mom:Factory_Import_CN:EVmaker_Import,EVmaker_Import:BKK:2026-W38:00035,27,[27],[27],[27],[29],on_time -> on_time
IN:mom:Factory_Import_CN:EVmaker_Import,EVmaker_Import:BKK:2026-W38:00036,27,[27],[27],[27],[29],on_time -> on_time
IN:mom:Factory_Import_CN:EVmaker_Import,EVmaker_Import:BKK:2026-W38:00037,27,[27],[27],[27],[29],on_time -> on_time
IN:mom:Factory_Import_CN:EVmaker_Import,EVmaker_Import:BKK:2026-W38:00038,27,[27],[27],[27],[29],on_time -> on_time
IN:mom:Factory_Import_CN:EVmaker_Import,EVmaker_Import:BKK:2026-W38:00039,27,[27],[27],[27],[29],on_time -> on_time
IN:mom:Factory_Import_CN:EVmaker_Import,EVmaker_Import:BKK:2026-W38:00040,27,[27],[27],[27],[29],on_time -> on_time
IN:mom:Factory_Import_CN:EVmaker_Import,EVmaker_Import:BKK:2026-W38:00041,27,[27],[27],[27],[29],on_time -> on_time
IN:mom:Factory_Import_CN:EVmaker_Import,EVmaker_Import:BKK:2026-W38:00042,27,[27],[27],[27],[29],on_time -> on_time
IN:mom:Factory_Import_CN:EVmaker_Import,EVmaker_Import:BKK:2026-W38:00043,27,[27],[27],[27],[29],on_time -> on_time
IN:mom:Factory_Import_CN:EVmaker_Import,EVmaker_Import:BKK:2026-W38:00044,27,[27],[27],[27],[29],on_time -> on_time
IN:mom:Factory_Import_CN:EVmaker_Import,EVmaker_Import:BKK:2026-W38:00045,27,[27],[27],[27],[29],on_time -> on_time
IN:mom:Factory_Import_CN:EVmaker_Import,EVmaker_Import:BKK:2026-W38:00046,27,[27],[27],[27],[29],on_time -> on_time
IN:mom:Factory_Import_CN:EVmaker_Import,EVmaker_Import:BKK:2026-W38:00047,27,[27],[27],[27],[29],on_time -> on_time
IN:mom:Factory_Import_CN:EVmaker_Import,EVmaker_Import:BKK:2026-W38:00048,27,[27],[27],[27],[29],on_time -> on_time
IN:mom:Factory_Import_CN:EVmaker_Import,EVmaker_Import:BKK:2026-W38:00049,27,[27],[27],[27],[29],on_time -> on_time
IN:mom:Factory_Import_CN:EVmaker_Import,EVmaker_Import:BKK:2026-W38:00050,27,[27],[27],[27],[29],on_time -> on_time
IN:mom:Factory_Import_CN:EVmaker_Import,EVmaker_Import:ONL:2026-W37:00001,27,[26],[26],[27],[28],on_time -> on_time
IN:mom:Factory_Import_CN:EVmaker_Import,EVmaker_Import:ONL:2026-W37:00002,27,[26],[26],[27],[28],on_time -> on_time
IN:mom:Factory_Import_CN:EVmaker_Import,EVmaker_Import:ONL:2026-W37:00003,27,[26],[26],[27],[28],on_time -> on_time
IN:mom:Factory_Import_CN:EVmaker_Import,EVmaker_Import:ONL:2026-W37:00004,27,[26],[26],[27],[28],on_time -> on_time
IN:mom:Factory_Import_CN:EVmaker_Import,EVmaker_Import:ONL:2026-W37:00005,27,[26],[26],[27],[28],on_time -> on_time
IN:mom:Factory_Import_CN:EVmaker_Import,EVmaker_Import:ONL:2026-W37:00006,27,[26],[26],[27],[28],on_time -> on_time
IN:mom:Factory_Import_CN:EVmaker_Import,EVmaker_Import:ONL:2026-W37:00007,27,[26],[26],[27],[28],on_time -> on_time
IN:mom:Factory_Import_CN:EVmaker_Import,EVmaker_Import:ONL:2026-W37:00008,27,[26],[26],[27],[28],on_time -> on_time
IN:mom:Factory_Import_CN:EVmaker_Import,EVmaker_Import:ONL:2026-W37:00009,27,[26],[26],[27],[28],on_time -> on_time
IN:mom:Factory_Import_CN:EVmaker_Import,EVmaker_Import:ONL:2026-W37:00010,27,[26],[26],[27],[28],on_time -> on_time
IN:mom:Factory_Import_CN:EVmaker_Import,EVmaker_Import:PRO:2026-W38:00019,27,[26],[26],[27],[28],on_time -> on_time
IN:mom:Factory_Import_CN:EVmaker_Import,EVmaker_Import:PRO:2026-W38:00020,27,[26],[26],[27],[28],on_time -> on_time
IN:mom:Factory_Import_CN:EVmaker_Import,EVmaker_Import:PRO:2026-W38:00021,27,[26],[26],[27],[28],on_time -> on_time
IN:mom:Factory_Import_CN:EVmaker_Import,EVmaker_Import:PRO:2026-W38:00022,27,[26],[26],[27],[28],on_time -> on_time
IN:mom:Factory_Import_CN:EVmaker_Import,EVmaker_Import:PRO:2026-W38:00023,27,[26],[26],[27],[28],on_time -> on_time
IN:mom:Factory_Import_CN:EVmaker_Import,EVmaker_Import:PRO:2026-W38:00024,27,[26],[26],[27],[28],on_time -> on_time
IN:mom:Factory_Import_CN:EVmaker_Import,EVmaker_Import:PRO:2026-W38:00025,27,[26],[26],[27],[28],on_time -> on_time
IN:mom:Factory_Import_CN:EVmaker_Import,EVmaker_Import:PRO:2026-W38:00026,27,[26],[26],[27],[28],on_time -> on_time
IN:mom:Factory_Import_CN:EVmaker_Import,EVmaker_Import:PRO:2026-W38:00027,27,[26],[26],[27],[28],on_time -> on_time
IN:mom:Factory_Import_CN:EVmaker_Import,EVmaker_Import:PRO:2026-W38:00028,27,[26],[26],[27],[28],on_time -> on_time
IN:mom:Factory_Import_CN:EVmaker_Import,EVmaker_Import:PRO:2026-W38:00029,27,[26],[26],[27],[28],on_time -> on_time
IN:mom:Factory_Import_CN:EVmaker_Import,EVmaker_Import:PRO:2026-W38:00030,27,[26],[26],[27],[28],on_time -> on_time
IN:mom:Factory_Import_CN:EVmaker_Import,EVmaker_Import:PRO:2026-W38:00031,27,[26],[26],[27],[28],on_time -> on_time
IN:mom:Factory_Import_CN:EVmaker_Import,EVmaker_Import:PRO:2026-W38:00032,27,[26],[26],[27],[28],on_time -> on_time
IN:mom:Factory_Import_CN:EVmaker_Import,EVmaker_Import:PRO:2026-W38:00033,27,[26],[26],[27],[28],on_time -> on_time
IN:mom:Factory_Import_CN:EVmaker_Import,EVmaker_Import:PRO:2026-W38:00034,27,[26],[26],[27],[28],on_time -> on_time
IN:mom:Factory_Import_CN:EVmaker_Import,EVmaker_Import:PRO:2026-W38:00035,27,[26],[26],[27],[28],on_time -> on_time
IN:mom:Factory_Import_CN:EVmaker_Import,EVmaker_Import:PRO:2026-W38:00036,27,[26],[26],[27],[28],on_time -> on_time
IN:mom:Factory_Import_CN:EVmaker_Import,EVmaker_Import:PRO:2026-W38:00037,27,[26],[26],[27],[28],on_time -> on_time
IN:mom:Factory_Import_CN:EVmaker_Import,EVmaker_Import:PRO:2026-W38:00038,27,[26],[26],[27],[28],on_time -> on_time
IN:mom:Factory_Import_CN:EVmaker_Import,EVmaker_Import:PRO:2026-W38:00039,27,[26],[26],[27],[28],on_time -> on_time
IN:mom:Factory_Import_CN:EVmaker_Import,EVmaker_Import:PRO:2026-W38:00040,27,[26],[26],[27],[28],on_time -> on_time
IN:mom:Factory_Import_CN:EVmaker_Import,EVmaker_Import:PRO:2026-W39:00001,27,[27],[27],[27],[29],on_time -> on_time
IN:mom:Factory_Import_CN:EVmaker_Import,EVmaker_Import:PRO:2026-W39:00002,27,[27],[27],[27],[29],on_time -> on_time
IN:mom:Factory_Import_CN:EVmaker_Import,EVmaker_Import:PRO:2026-W39:00003,27,[27],[27],[27],[29],on_time -> on_time
IN:mom:Factory_Import_CN:EVmaker_Import,EVmaker_Import:PRO:2026-W39:00004,27,[27],[27],[27],[29],on_time -> on_time
IN:mom:Factory_Import_CN:EVmaker_Import,EVmaker_Import:PRO:2026-W39:00005,27,[27],[27],[27],[29],on_time -> on_time
IN:mom:Factory_Import_CN:EVmaker_Import,EVmaker_Import:PRO:2026-W39:00006,27,[27],[27],[27],[29],on_time -> on_time
IN:mom:Factory_Import_CN:EVmaker_Import,EVmaker_Import:PRO:2026-W39:00007,27,[27],[27],[27],[29],on_time -> on_time
IN:mom:Factory_Import_CN:EVmaker_Import,EVmaker_Import:PRO:2026-W39:00008,27,[27],[27],[27],[29],on_time -> on_time
IN:mom:Factory_Import_CN:EVmaker_Import,EVmaker_Import:PRO:2026-W39:00009,27,[27],[27],[27],[29],on_time -> on_time
IN:mom:Factory_Import_CN:EVmaker_Import,EVmaker_Import:PRO:2026-W39:00010,27,[27],[27],[27],[29],on_time -> on_time
IN:mom:Factory_Import_CN:EVmaker_Import,EVmaker_Import:PRO:2026-W39:00011,27,[27],[27],[27],[29],on_time -> on_time
IN:mom:Factory_Import_CN:EVmaker_Import,EVmaker_Import:PRO:2026-W39:00012,27,[27],[27],[27],[29],on_time -> on_time
IN:mom:Factory_Import_CN:EVmaker_Import,EVmaker_Import:PRO:2026-W39:00013,27,[27],[27],[27],[29],on_time -> on_time
IN:mom:Factory_Import_CN:EVmaker_Import,EVmaker_Import:PRO:2026-W39:00014,27,[27],[27],[27],[29],on_time -> on_time
IN:mom:Factory_Import_CN:EVmaker_Import,EVmaker_Import:PRO:2026-W39:00015,27,[27],[27],[27],[29],on_time -> on_time
IN:mom:Factory_Import_CN:EVmaker_Import,EVmaker_Import:PRO:2026-W39:00016,27,[27],[27],[27],[29],on_time -> on_time
IN:mom:Factory_Import_CN:EVmaker_Import,EVmaker_Import:PRO:2026-W39:00017,27,[27],[27],[27],[29],on_time -> on_time
IN:mom:Factory_Import_CN:EVmaker_Import,EVmaker_Import:PRO:2026-W39:00018,27,[27],[27],[27],[29],on_time -> on_time
IN:mom:Factory_Import_CN:EVmaker_Import,EVmaker_Import:BKK:2026-W39:00001,28,[28],[28],[28],[30],on_time -> on_time
IN:mom:Factory_Import_CN:EVmaker_Import,EVmaker_Import:BKK:2026-W39:00002,28,[28],[28],[28],[30],on_time -> on_time
IN:mom:Factory_Import_CN:EVmaker_Import,EVmaker_Import:BKK:2026-W39:00003,28,[28],[28],[28],[30],on_time -> on_time
IN:mom:Factory_Import_CN:EVmaker_Import,EVmaker_Import:BKK:2026-W39:00004,28,[28],[28],[28],[30],on_time -> on_time
IN:mom:Factory_Import_CN:EVmaker_Import,EVmaker_Import:BKK:2026-W39:00005,28,[28],[28],[28],[30],on_time -> on_time
IN:mom:Factory_Import_CN:EVmaker_Import,EVmaker_Import:BKK:2026-W39:00006,28,[28],[28],[28],[30],on_time -> on_time
IN:mom:Factory_Import_CN:EVmaker_Import,EVmaker_Import:BKK:2026-W39:00007,28,[28],[28],[28],[30],on_time -> on_time
IN:mom:Factory_Import_CN:EVmaker_Import,EVmaker_Import:BKK:2026-W39:00008,28,[28],[28],[28],[30],on_time -> on_time
IN:mom:Factory_Import_CN:EVmaker_Import,EVmaker_Import:BKK:2026-W39:00009,28,[28],[28],[28],[30],on_time -> on_time
IN:mom:Factory_Import_CN:EVmaker_Import,EVmaker_Import:BKK:2026-W39:00010,28,[28],[28],[28],[30],on_time -> on_time
IN:mom:Factory_Import_CN:EVmaker_Import,EVmaker_Import:BKK:2026-W39:00011,28,[28],[28],[28],[30],on_time -> on_time
IN:mom:Factory_Import_CN:EVmaker_Import,EVmaker_Import:BKK:2026-W39:00012,28,[28],[28],[28],[30],on_time -> on_time
IN:mom:Factory_Import_CN:EVmaker_Import,EVmaker_Import:BKK:2026-W39:00013,28,[28],[28],[28],[30],on_time -> on_time
IN:mom:Factory_Import_CN:EVmaker_Import,EVmaker_Import:BKK:2026-W39:00014,28,[28],[28],[28],[30],on_time -> on_time
IN:mom:Factory_Import_CN:EVmaker_Import,EVmaker_Import:BKK:2026-W39:00015,28,[28],[28],[28],[30],on_time -> on_time
IN:mom:Factory_Import_CN:EVmaker_Import,EVmaker_Import:BKK:2026-W39:00016,28,[28],[28],[28],[30],on_time -> on_time
IN:mom:Factory_Import_CN:EVmaker_Import,EVmaker_Import:BKK:2026-W39:00017,28,[28],[28],[28],[30],on_time -> on_time
IN:mom:Factory_Import_CN:EVmaker_Import,EVmaker_Import:BKK:2026-W39:00018,28,[28],[28],[28],[30],on_time -> on_time
IN:mom:Factory_Import_CN:EVmaker_Import,EVmaker_Import:BKK:2026-W39:00019,28,[28],[28],[28],[30],on_time -> on_time
IN:mom:Factory_Import_CN:EVmaker_Import,EVmaker_Import:BKK:2026-W39:00020,28,[28],[28],[28],[30],on_time -> on_time
IN:mom:Factory_Import_CN:EVmaker_Import,EVmaker_Import:BKK:2026-W39:00021,28,[28],[28],[28],[30],on_time -> on_time
IN:mom:Factory_Import_CN:EVmaker_Import,EVmaker_Import:BKK:2026-W39:00022,28,[28],[28],[28],[30],on_time -> on_time
IN:mom:Factory_Import_CN:EVmaker_Import,EVmaker_Import:BKK:2026-W39:00023,28,[28],[28],[28],[30],on_time -> on_time
IN:mom:Factory_Import_CN:EVmaker_Import,EVmaker_Import:BKK:2026-W39:00024,28,[28],[28],[28],[30],on_time -> on_time
IN:mom:Factory_Import_CN:EVmaker_Import,EVmaker_Import:BKK:2026-W39:00025,28,[28],[28],[28],[30],on_time -> on_time
IN:mom:Factory_Import_CN:EVmaker_Import,EVmaker_Import:BKK:2026-W39:00026,28,[28],[28],[28],[30],on_time -> on_time
IN:mom:Factory_Import_CN:EVmaker_Import,EVmaker_Import:BKK:2026-W39:00027,28,[28],[28],[28],[30],on_time -> on_time
IN:mom:Factory_Import_CN:EVmaker_Import,EVmaker_Import:BKK:2026-W39:00028,28,[28],[28],[28],[30],on_time -> on_time
IN:mom:Factory_Import_CN:EVmaker_Import,EVmaker_Import:BKK:2026-W39:00029,28,[28],[28],[28],[30],on_time -> on_time
IN:mom:Factory_Import_CN:EVmaker_Import,EVmaker_Import:BKK:2026-W39:00030,28,[28],[28],[28],[30],on_time -> on_time
IN:mom:Factory_Import_CN:EVmaker_Import,EVmaker_Import:BKK:2026-W39:00031,28,[28],[28],[28],[30],on_time -> on_time
IN:mom:Factory_Import_CN:EVmaker_Import,EVmaker_Import:BKK:2026-W39:00032,28,[28],[28],[28],[30],on_time -> on_time
IN:mom:Factory_Import_CN:EVmaker_Import,EVmaker_Import:BKK:2026-W39:00033,28,[28],[28],[28],[30],on_time -> on_time
IN:mom:Factory_Import_CN:EVmaker_Import,EVmaker_Import:BKK:2026-W39:00034,28,[28],[28],[28],[30],on_time -> on_time
IN:mom:Factory_Import_CN:EVmaker_Import,EVmaker_Import:BKK:2026-W39:00035,28,[28],[28],[28],[30],on_time -> on_time
IN:mom:Factory_Import_CN:EVmaker_Import,EVmaker_Import:BKK:2026-W39:00036,28,[28],[28],[28],[30],on_time -> on_time
IN:mom:Factory_Import_CN:EVmaker_Import,EVmaker_Import:BKK:2026-W39:00037,28,[28],[28],[28],[30],on_time -> on_time
IN:mom:Factory_Import_CN:EVmaker_Import,EVmaker_Import:BKK:2026-W39:00038,28,[28],[28],[28],[30],on_time -> on_time
IN:mom:Factory_Import_CN:EVmaker_Import,EVmaker_Import:BKK:2026-W39:00039,28,[28],[28],[28],[30],on_time -> on_time
IN:mom:Factory_Import_CN:EVmaker_Import,EVmaker_Import:BKK:2026-W39:00040,28,[28],[28],[28],[30],on_time -> on_time
IN:mom:Factory_Import_CN:EVmaker_Import,EVmaker_Import:BKK:2026-W39:00041,28,[28],[28],[28],[30],on_time -> on_time
IN:mom:Factory_Import_CN:EVmaker_Import,EVmaker_Import:BKK:2026-W39:00042,28,[28],[28],[28],[30],on_time -> on_time
IN:mom:Factory_Import_CN:EVmaker_Import,EVmaker_Import:BKK:2026-W39:00043,28,[28],[28],[28],[30],on_time -> on_time
IN:mom:Factory_Import_CN:EVmaker_Import,EVmaker_Import:BKK:2026-W39:00044,28,[28],[28],[28],[30],on_time -> on_time
IN:mom:Factory_Import_CN:EVmaker_Import,EVmaker_Import:BKK:2026-W39:00045,28,[28],[28],[28],[30],on_time -> on_time
IN:mom:Factory_Import_CN:EVmaker_Import,EVmaker_Import:BKK:2026-W39:00046,28,[28],[28],[28],[30],on_time -> on_time
IN:mom:Factory_Import_CN:EVmaker_Import,EVmaker_Import:BKK:2026-W39:00047,28,[28],[28],[28],[30],on_time -> on_time
IN:mom:Factory_Import_CN:EVmaker_Import,EVmaker_Import:BKK:2026-W39:00048,28,[28],[28],[28],[30],on_time -> on_time
IN:mom:Factory_Import_CN:EVmaker_Import,EVmaker_Import:BKK:2026-W39:00049,28,[28],[28],[28],[30],on_time -> on_time
IN:mom:Factory_Import_CN:EVmaker_Import,EVmaker_Import:BKK:2026-W39:00050,28,[28],[28],[28],[30],on_time -> on_time
IN:mom:Factory_Import_CN:EVmaker_Import,EVmaker_Import:ONL:2026-W38:00001,28,[27],[27],[28],[29],on_time -> on_time
IN:mom:Factory_Import_CN:EVmaker_Import,EVmaker_Import:ONL:2026-W38:00002,28,[27],[27],[28],[29],on_time -> on_time
IN:mom:Factory_Import_CN:EVmaker_Import,EVmaker_Import:ONL:2026-W38:00003,28,[27],[27],[28],[29],on_time -> on_time
IN:mom:Factory_Import_CN:EVmaker_Import,EVmaker_Import:ONL:2026-W38:00004,28,[27],[27],[28],[29],on_time -> on_time
IN:mom:Factory_Import_CN:EVmaker_Import,EVmaker_Import:ONL:2026-W38:00005,28,[27],[27],[28],[29],on_time -> on_time
IN:mom:Factory_Import_CN:EVmaker_Import,EVmaker_Import:ONL:2026-W38:00006,28,[27],[27],[28],[29],on_time -> on_time
IN:mom:Factory_Import_CN:EVmaker_Import,EVmaker_Import:ONL:2026-W38:00007,28,[27],[27],[28],[29],on_time -> on_time
IN:mom:Factory_Import_CN:EVmaker_Import,EVmaker_Import:ONL:2026-W38:00008,28,[27],[27],[28],[29],on_time -> on_time
IN:mom:Factory_Import_CN:EVmaker_Import,EVmaker_Import:ONL:2026-W38:00009,28,[27],[27],[28],[29],on_time -> on_time
IN:mom:Factory_Import_CN:EVmaker_Import,EVmaker_Import:ONL:2026-W38:00010,28,[27],[27],[28],[29],on_time -> on_time
IN:mom:Factory_Import_CN:EVmaker_Import,EVmaker_Import:PRO:2026-W39:00019,28,[27],[27],[28],[29],on_time -> on_time
IN:mom:Factory_Import_CN:EVmaker_Import,EVmaker_Import:PRO:2026-W39:00020,28,[27],[27],[28],[29],on_time -> on_time
IN:mom:Factory_Import_CN:EVmaker_Import,EVmaker_Import:PRO:2026-W39:00021,28,[27],[27],[28],[29],on_time -> on_time
IN:mom:Factory_Import_CN:EVmaker_Import,EVmaker_Import:PRO:2026-W39:00022,28,[27],[27],[28],[29],on_time -> on_time
IN:mom:Factory_Import_CN:EVmaker_Import,EVmaker_Import:PRO:2026-W39:00023,28,[27],[27],[28],[29],on_time -> on_time
IN:mom:Factory_Import_CN:EVmaker_Import,EVmaker_Import:PRO:2026-W39:00024,28,[27],[27],[28],[29],on_time -> on_time
IN:mom:Factory_Import_CN:EVmaker_Import,EVmaker_Import:PRO:2026-W39:00025,28,[27],[27],[28],[29],on_time -> on_time
IN:mom:Factory_Import_CN:EVmaker_Import,EVmaker_Import:PRO:2026-W39:00026,28,[27],[27],[28],[29],on_time -> on_time
IN:mom:Factory_Import_CN:EVmaker_Import,EVmaker_Import:PRO:2026-W39:00027,28,[27],[27],[28],[29],on_time -> on_time
IN:mom:Factory_Import_CN:EVmaker_Import,EVmaker_Import:PRO:2026-W39:00028,28,[27],[27],[28],[29],on_time -> on_time
IN:mom:Factory_Import_CN:EVmaker_Import,EVmaker_Import:PRO:2026-W39:00029,28,[27],[27],[28],[29],on_time -> on_time
IN:mom:Factory_Import_CN:EVmaker_Import,EVmaker_Import:PRO:2026-W39:00030,28,[27],[27],[28],[29],on_time -> on_time
IN:mom:Factory_Import_CN:EVmaker_Import,EVmaker_Import:PRO:2026-W39:00031,28,[27],[27],[28],[29],on_time -> on_time
IN:mom:Factory_Import_CN:EVmaker_Import,EVmaker_Import:PRO:2026-W39:00032,28,[27],[27],[28],[29],on_time -> on_time
IN:mom:Factory_Import_CN:EVmaker_Import,EVmaker_Import:PRO:2026-W39:00033,28,[27],[27],[28],[29],on_time -> on_time
IN:mom:Factory_Import_CN:EVmaker_Import,EVmaker_Import:PRO:2026-W39:00034,28,[27],[27],[28],[29],on_time -> on_time
IN:mom:Factory_Import_CN:EVmaker_Import,EVmaker_Import:PRO:2026-W39:00035,28,[27],[27],[28],[29],on_time -> on_time
IN:mom:Factory_Import_CN:EVmaker_Import,EVmaker_Import:PRO:2026-W39:00036,28,[27],[27],[28],[29],on_time -> on_time
IN:mom:Factory_Import_CN:EVmaker_Import,EVmaker_Import:PRO:2026-W39:00037,28,[27],[27],[28],[29],on_time -> on_time
IN:mom:Factory_Import_CN:EVmaker_Import,EVmaker_Import:PRO:2026-W39:00038,28,[27],[27],[28],[29],on_time -> on_time
IN:mom:Factory_Import_CN:EVmaker_Import,EVmaker_Import:PRO:2026-W39:00039,28,[27],[27],[28],[29],on_time -> on_time
IN:mom:Factory_Import_CN:EVmaker_Import,EVmaker_Import:PRO:2026-W39:00040,28,[27],[27],[28],[29],on_time -> on_time
IN:mom:Factory_Import_CN:EVmaker_Import,EVmaker_Import:PRO:2026-W40:00001,28,[28],[28],[28],[30],on_time -> on_time
IN:mom:Factory_Import_CN:EVmaker_Import,EVmaker_Import:PRO:2026-W40:00002,28,[28],[28],[28],[30],on_time -> on_time
IN:mom:Factory_Import_CN:EVmaker_Import,EVmaker_Import:PRO:2026-W40:00003,28,[28],[28],[28],[30],on_time -> on_time
IN:mom:Factory_Import_CN:EVmaker_Import,EVmaker_Import:PRO:2026-W40:00004,28,[28],[28],[28],[30],on_time -> on_time
IN:mom:Factory_Import_CN:EVmaker_Import,EVmaker_Import:PRO:2026-W40:00005,28,[28],[28],[28],[30],on_time -> on_time
IN:mom:Factory_Import_CN:EVmaker_Import,EVmaker_Import:PRO:2026-W40:00006,28,[28],[28],[28],[30],on_time -> on_time
IN:mom:Factory_Import_CN:EVmaker_Import,EVmaker_Import:PRO:2026-W40:00007,28,[28],[28],[28],[30],on_time -> on_time
IN:mom:Factory_Import_CN:EVmaker_Import,EVmaker_Import:PRO:2026-W40:00008,28,[28],[28],[28],[30],on_time -> on_time
IN:mom:Factory_Import_CN:EVmaker_Import,EVmaker_Import:PRO:2026-W40:00009,28,[28],[28],[28],[30],on_time -> on_time
IN:mom:Factory_Import_CN:EVmaker_Import,EVmaker_Import:PRO:2026-W40:00010,28,[28],[28],[28],[30],on_time -> on_time
IN:mom:Factory_Import_CN:EVmaker_Import,EVmaker_Import:PRO:2026-W40:00011,28,[28],[28],[28],[30],on_time -> on_time
IN:mom:Factory_Import_CN:EVmaker_Import,EVmaker_Import:PRO:2026-W40:00012,28,[28],[28],[28],[30],on_time -> on_time
IN:mom:Factory_Import_CN:EVmaker_Import,EVmaker_Import:PRO:2026-W40:00013,28,[28],[28],[28],[30],on_time -> on_time
IN:mom:Factory_Import_CN:EVmaker_Import,EVmaker_Import:PRO:2026-W40:00014,28,[28],[28],[28],[30],on_time -> on_time
IN:mom:Factory_Import_CN:EVmaker_Import,EVmaker_Import:PRO:2026-W40:00015,28,[28],[28],[28],[30],on_time -> on_time
IN:mom:Factory_Import_CN:EVmaker_Import,EVmaker_Import:PRO:2026-W40:00016,28,[28],[28],[28],[30],on_time -> on_time
IN:mom:Factory_Import_CN:EVmaker_Import,EVmaker_Import:PRO:2026-W40:00017,28,[28],[28],[28],[30],on_time -> on_time
IN:mom:Factory_Import_CN:EVmaker_Import,EVmaker_Import:PRO:2026-W40:00018,28,[28],[28],[28],[30],on_time -> on_time
IN:mom:Factory_Import_CN:EVmaker_Import,EVmaker_Import:BKK:2026-W40:00001,29,[29],[29],[29],[31],on_time -> on_time
IN:mom:Factory_Import_CN:EVmaker_Import,EVmaker_Import:BKK:2026-W40:00002,29,[29],[29],[29],[31],on_time -> on_time
IN:mom:Factory_Import_CN:EVmaker_Import,EVmaker_Import:BKK:2026-W40:00003,29,[29],[29],[29],[31],on_time -> on_time
IN:mom:Factory_Import_CN:EVmaker_Import,EVmaker_Import:BKK:2026-W40:00004,29,[29],[29],[29],[31],on_time -> on_time
IN:mom:Factory_Import_CN:EVmaker_Import,EVmaker_Import:BKK:2026-W40:00005,29,[29],[29],[29],[31],on_time -> on_time
IN:mom:Factory_Import_CN:EVmaker_Import,EVmaker_Import:BKK:2026-W40:00006,29,[29],[29],[29],[31],on_time -> on_time
IN:mom:Factory_Import_CN:EVmaker_Import,EVmaker_Import:BKK:2026-W40:00007,29,[29],[29],[29],[31],on_time -> on_time
IN:mom:Factory_Import_CN:EVmaker_Import,EVmaker_Import:BKK:2026-W40:00008,29,[29],[29],[29],[31],on_time -> on_time
IN:mom:Factory_Import_CN:EVmaker_Import,EVmaker_Import:BKK:2026-W40:00009,29,[29],[29],[29],[31],on_time -> on_time
IN:mom:Factory_Import_CN:EVmaker_Import,EVmaker_Import:BKK:2026-W40:00010,29,[29],[29],[29],[31],on_time -> on_time
IN:mom:Factory_Import_CN:EVmaker_Import,EVmaker_Import:BKK:2026-W40:00011,29,[29],[29],[29],[31],on_time -> on_time
IN:mom:Factory_Import_CN:EVmaker_Import,EVmaker_Import:BKK:2026-W40:00012,29,[29],[29],[29],[31],on_time -> on_time
IN:mom:Factory_Import_CN:EVmaker_Import,EVmaker_Import:BKK:2026-W40:00013,29,[29],[29],[29],[31],on_time -> on_time
IN:mom:Factory_Import_CN:EVmaker_Import,EVmaker_Import:BKK:2026-W40:00014,29,[29],[29],[29],[31],on_time -> on_time
IN:mom:Factory_Import_CN:EVmaker_Import,EVmaker_Import:BKK:2026-W40:00015,29,[29],[29],[29],[31],on_time -> on_time
IN:mom:Factory_Import_CN:EVmaker_Import,EVmaker_Import:BKK:2026-W40:00016,29,[29],[29],[29],[31],on_time -> on_time
IN:mom:Factory_Import_CN:EVmaker_Import,EVmaker_Import:BKK:2026-W40:00017,29,[29],[29],[29],[31],on_time -> on_time
IN:mom:Factory_Import_CN:EVmaker_Import,EVmaker_Import:BKK:2026-W40:00018,29,[29],[29],[29],[31],on_time -> on_time
IN:mom:Factory_Import_CN:EVmaker_Import,EVmaker_Import:BKK:2026-W40:00019,29,[29],[29],[29],[31],on_time -> on_time
IN:mom:Factory_Import_CN:EVmaker_Import,EVmaker_Import:BKK:2026-W40:00020,29,[29],[29],[29],[31],on_time -> on_time
IN:mom:Factory_Import_CN:EVmaker_Import,EVmaker_Import:BKK:2026-W40:00021,29,[29],[29],[29],[31],on_time -> on_time
IN:mom:Factory_Import_CN:EVmaker_Import,EVmaker_Import:BKK:2026-W40:00022,29,[29],[29],[29],[31],on_time -> on_time
IN:mom:Factory_Import_CN:EVmaker_Import,EVmaker_Import:BKK:2026-W40:00023,29,[29],[29],[29],[31],on_time -> on_time
IN:mom:Factory_Import_CN:EVmaker_Import,EVmaker_Import:BKK:2026-W40:00024,29,[29],[29],[29],[31],on_time -> on_time
IN:mom:Factory_Import_CN:EVmaker_Import,EVmaker_Import:BKK:2026-W40:00025,29,[29],[29],[29],[31],on_time -> on_time
IN:mom:Factory_Import_CN:EVmaker_Import,EVmaker_Import:BKK:2026-W40:00026,29,[29],[29],[29],[31],on_time -> on_time
IN:mom:Factory_Import_CN:EVmaker_Import,EVmaker_Import:BKK:2026-W40:00027,29,[29],[29],[29],[31],on_time -> on_time
IN:mom:Factory_Import_CN:EVmaker_Import,EVmaker_Import:BKK:2026-W40:00028,29,[29],[29],[29],[31],on_time -> on_time
IN:mom:Factory_Import_CN:EVmaker_Import,EVmaker_Import:BKK:2026-W40:00029,29,[29],[29],[29],[31],on_time -> on_time
IN:mom:Factory_Import_CN:EVmaker_Import,EVmaker_Import:BKK:2026-W40:00030,29,[29],[29],[29],[31],on_time -> on_time
IN:mom:Factory_Import_CN:EVmaker_Import,EVmaker_Import:BKK:2026-W40:00031,29,[29],[29],[29],[31],on_time -> on_time
IN:mom:Factory_Import_CN:EVmaker_Import,EVmaker_Import:BKK:2026-W40:00032,29,[29],[29],[29],[31],on_time -> on_time
IN:mom:Factory_Import_CN:EVmaker_Import,EVmaker_Import:BKK:2026-W40:00033,29,[29],[29],[29],[31],on_time -> on_time
IN:mom:Factory_Import_CN:EVmaker_Import,EVmaker_Import:BKK:2026-W40:00034,29,[29],[29],[29],[31],on_time -> on_time
IN:mom:Factory_Import_CN:EVmaker_Import,EVmaker_Import:BKK:2026-W40:00035,29,[29],[29],[29],[31],on_time -> on_time
IN:mom:Factory_Import_CN:EVmaker_Import,EVmaker_Import:BKK:2026-W40:00036,29,[29],[29],[29],[31],on_time -> on_time
IN:mom:Factory_Import_CN:EVmaker_Import,EVmaker_Import:BKK:2026-W40:00037,29,[29],[29],[29],[31],on_time -> on_time
IN:mom:Factory_Import_CN:EVmaker_Import,EVmaker_Import:BKK:2026-W40:00038,29,[29],[29],[29],[31],on_time -> on_time
IN:mom:Factory_Import_CN:EVmaker_Import,EVmaker_Import:BKK:2026-W40:00039,29,[29],[29],[29],[31],on_time -> on_time
IN:mom:Factory_Import_CN:EVmaker_Import,EVmaker_Import:BKK:2026-W40:00040,29,[29],[29],[29],[31],on_time -> on_time
IN:mom:Factory_Import_CN:EVmaker_Import,EVmaker_Import:BKK:2026-W40:00041,29,[29],[29],[29],[31],on_time -> on_time
IN:mom:Factory_Import_CN:EVmaker_Import,EVmaker_Import:BKK:2026-W40:00042,29,[29],[29],[29],[31],on_time -> on_time
IN:mom:Factory_Import_CN:EVmaker_Import,EVmaker_Import:BKK:2026-W40:00043,29,[29],[29],[29],[31],on_time -> on_time
IN:mom:Factory_Import_CN:EVmaker_Import,EVmaker_Import:BKK:2026-W40:00044,29,[29],[29],[29],[31],on_time -> on_time
IN:mom:Factory_Import_CN:EVmaker_Import,EVmaker_Import:BKK:2026-W40:00045,29,[29],[29],[29],[31],on_time -> on_time
IN:mom:Factory_Import_CN:EVmaker_Import,EVmaker_Import:BKK:2026-W40:00046,29,[29],[29],[29],[31],on_time -> on_time
IN:mom:Factory_Import_CN:EVmaker_Import,EVmaker_Import:BKK:2026-W40:00047,29,[29],[29],[29],[31],on_time -> on_time
IN:mom:Factory_Import_CN:EVmaker_Import,EVmaker_Import:BKK:2026-W40:00048,29,[29],[29],[29],[31],on_time -> on_time
IN:mom:Factory_Import_CN:EVmaker_Import,EVmaker_Import:BKK:2026-W40:00049,29,[29],[29],[29],[31],on_time -> on_time
IN:mom:Factory_Import_CN:EVmaker_Import,EVmaker_Import:BKK:2026-W40:00050,29,[29],[29],[29],[31],on_time -> on_time
IN:mom:Factory_Import_CN:EVmaker_Import,EVmaker_Import:ONL:2026-W39:00001,29,[28],[28],[29],[30],on_time -> on_time
IN:mom:Factory_Import_CN:EVmaker_Import,EVmaker_Import:ONL:2026-W39:00002,29,[28],[28],[29],[30],on_time -> on_time
IN:mom:Factory_Import_CN:EVmaker_Import,EVmaker_Import:ONL:2026-W39:00003,29,[28],[28],[29],[30],on_time -> on_time
IN:mom:Factory_Import_CN:EVmaker_Import,EVmaker_Import:ONL:2026-W39:00004,29,[28],[28],[29],[30],on_time -> on_time
IN:mom:Factory_Import_CN:EVmaker_Import,EVmaker_Import:ONL:2026-W39:00005,29,[28],[28],[29],[30],on_time -> on_time
IN:mom:Factory_Import_CN:EVmaker_Import,EVmaker_Import:ONL:2026-W39:00006,29,[28],[28],[29],[30],on_time -> on_time
IN:mom:Factory_Import_CN:EVmaker_Import,EVmaker_Import:ONL:2026-W39:00007,29,[28],[28],[29],[30],on_time -> on_time
IN:mom:Factory_Import_CN:EVmaker_Import,EVmaker_Import:ONL:2026-W39:00008,29,[28],[28],[29],[30],on_time -> on_time
IN:mom:Factory_Import_CN:EVmaker_Import,EVmaker_Import:ONL:2026-W39:00009,29,[28],[28],[29],[30],on_time -> on_time
IN:mom:Factory_Import_CN:EVmaker_Import,EVmaker_Import:ONL:2026-W39:00010,29,[28],[28],[29],[30],on_time -> on_time
IN:mom:Factory_Import_CN:EVmaker_Import,EVmaker_Import:PRO:2026-W40:00019,29,[28],[28],[29],[30],on_time -> on_time
IN:mom:Factory_Import_CN:EVmaker_Import,EVmaker_Import:PRO:2026-W40:00020,29,[28],[28],[29],[30],on_time -> on_time
IN:mom:Factory_Import_CN:EVmaker_Import,EVmaker_Import:PRO:2026-W40:00021,29,[28],[28],[29],[30],on_time -> on_time
IN:mom:Factory_Import_CN:EVmaker_Import,EVmaker_Import:PRO:2026-W40:00022,29,[28],[28],[29],[30],on_time -> on_time
IN:mom:Factory_Import_CN:EVmaker_Import,EVmaker_Import:PRO:2026-W40:00023,29,[28],[28],[29],[30],on_time -> on_time
IN:mom:Factory_Import_CN:EVmaker_Import,EVmaker_Import:PRO:2026-W40:00024,29,[28],[28],[29],[30],on_time -> on_time
IN:mom:Factory_Import_CN:EVmaker_Import,EVmaker_Import:PRO:2026-W40:00025,29,[28],[28],[29],[30],on_time -> on_time
IN:mom:Factory_Import_CN:EVmaker_Import,EVmaker_Import:PRO:2026-W40:00026,29,[28],[28],[29],[30],on_time -> on_time
IN:mom:Factory_Import_CN:EVmaker_Import,EVmaker_Import:PRO:2026-W40:00027,29,[28],[28],[29],[30],on_time -> on_time
IN:mom:Factory_Import_CN:EVmaker_Import,EVmaker_Import:PRO:2026-W40:00028,29,[28],[28],[29],[30],on_time -> on_time
IN:mom:Factory_Import_CN:EVmaker_Import,EVmaker_Import:PRO:2026-W40:00029,29,[28],[28],[29],[30],on_time -> on_time
IN:mom:Factory_Import_CN:EVmaker_Import,EVmaker_Import:PRO:2026-W40:00030,29,[28],[28],[29],[30],on_time -> on_time
IN:mom:Factory_Import_CN:EVmaker_Import,EVmaker_Import:PRO:2026-W40:00031,29,[28],[28],[29],[30],on_time -> on_time
IN:mom:Factory_Import_CN:EVmaker_Import,EVmaker_Import:PRO:2026-W40:00032,29,[28],[28],[29],[30],on_time -> on_time
IN:mom:Factory_Import_CN:EVmaker_Import,EVmaker_Import:PRO:2026-W40:00033,29,[28],[28],[29],[30],on_time -> on_time
IN:mom:Factory_Import_CN:EVmaker_Import,EVmaker_Import:PRO:2026-W40:00034,29,[28],[28],[29],[30],on_time -> on_time
IN:mom:Factory_Import_CN:EVmaker_Import,EVmaker_Import:PRO:2026-W40:00035,29,[28],[28],[29],[30],on_time -> on_time
IN:mom:Factory_Import_CN:EVmaker_Import,EVmaker_Import:PRO:2026-W40:00036,29,[28],[28],[29],[30],on_time -> on_time
IN:mom:Factory_Import_CN:EVmaker_Import,EVmaker_Import:PRO:2026-W40:00037,29,[28],[28],[29],[30],on_time -> on_time
IN:mom:Factory_Import_CN:EVmaker_Import,EVmaker_Import:PRO:2026-W40:00038,29,[28],[28],[29],[30],on_time -> on_time
IN:mom:Factory_Import_CN:EVmaker_Import,EVmaker_Import:PRO:2026-W40:00039,29,[28],[28],[29],[30],on_time -> on_time
IN:mom:Factory_Import_CN:EVmaker_Import,EVmaker_Import:PRO:2026-W40:00040,29,[28],[28],[29],[30],on_time -> on_time
IN:mom:Factory_Import_CN:EVmaker_Import,EVmaker_Import:PRO:2026-W41:00001,29,[29],[29],[29],[31],on_time -> on_time
IN:mom:Factory_Import_CN:EVmaker_Import,EVmaker_Import:PRO:2026-W41:00002,29,[29],[29],[29],[31],on_time -> on_time
IN:mom:Factory_Import_CN:EVmaker_Import,EVmaker_Import:PRO:2026-W41:00003,29,[29],[29],[29],[31],on_time -> on_time
IN:mom:Factory_Import_CN:EVmaker_Import,EVmaker_Import:PRO:2026-W41:00004,29,[29],[29],[29],[31],on_time -> on_time
IN:mom:Factory_Import_CN:EVmaker_Import,EVmaker_Import:PRO:2026-W41:00005,29,[29],[29],[29],[31],on_time -> on_time
IN:mom:Factory_Import_CN:EVmaker_Import,EVmaker_Import:PRO:2026-W41:00006,29,[29],[29],[29],[31],on_time -> on_time
IN:mom:Factory_Import_CN:EVmaker_Import,EVmaker_Import:PRO:2026-W41:00007,29,[29],[29],[29],[31],on_time -> on_time
IN:mom:Factory_Import_CN:EVmaker_Import,EVmaker_Import:PRO:2026-W41:00008,29,[29],[29],[29],[31],on_time -> on_time
IN:mom:Factory_Import_CN:EVmaker_Import,EVmaker_Import:PRO:2026-W41:00009,29,[29],[29],[29],[31],on_time -> on_time
IN:mom:Factory_Import_CN:EVmaker_Import,EVmaker_Import:PRO:2026-W41:00010,29,[29],[29],[29],[31],on_time -> on_time
IN:mom:Factory_Import_CN:EVmaker_Import,EVmaker_Import:PRO:2026-W41:00011,29,[29],[29],[29],[31],on_time -> on_time
IN:mom:Factory_Import_CN:EVmaker_Import,EVmaker_Import:PRO:2026-W41:00012,29,[29],[29],[29],[31],on_time -> on_time
IN:mom:Factory_Import_CN:EVmaker_Import,EVmaker_Import:PRO:2026-W41:00013,29,[29],[29],[29],[31],on_time -> on_time
IN:mom:Factory_Import_CN:EVmaker_Import,EVmaker_Import:PRO:2026-W41:00014,29,[29],[29],[29],[31],on_time -> on_time
IN:mom:Factory_Import_CN:EVmaker_Import,EVmaker_Import:PRO:2026-W41:00015,29,[29],[29],[29],[31],on_time -> on_time
IN:mom:Factory_Import_CN:EVmaker_Import,EVmaker_Import:PRO:2026-W41:00016,29,[29],[29],[29],[31],on_time -> on_time
IN:mom:Factory_Import_CN:EVmaker_Import,EVmaker_Import:PRO:2026-W41:00017,29,[29],[29],[29],[31],on_time -> on_time
IN:mom:Factory_Import_CN:EVmaker_Import,EVmaker_Import:PRO:2026-W41:00018,29,[29],[29],[29],[31],on_time -> on_time
IN:mom:Factory_Import_CN:EVmaker_Import,EVmaker_Import:BKK:2026-W41:00001,30,[30],[30],[30],[32],on_time -> on_time
IN:mom:Factory_Import_CN:EVmaker_Import,EVmaker_Import:BKK:2026-W41:00002,30,[30],[30],[30],[32],on_time -> on_time
IN:mom:Factory_Import_CN:EVmaker_Import,EVmaker_Import:BKK:2026-W41:00003,30,[30],[30],[30],[32],on_time -> on_time
IN:mom:Factory_Import_CN:EVmaker_Import,EVmaker_Import:BKK:2026-W41:00004,30,[30],[30],[30],[32],on_time -> on_time
IN:mom:Factory_Import_CN:EVmaker_Import,EVmaker_Import:BKK:2026-W41:00005,30,[30],[30],[30],[32],on_time -> on_time
IN:mom:Factory_Import_CN:EVmaker_Import,EVmaker_Import:BKK:2026-W41:00006,30,[30],[30],[30],[32],on_time -> on_time
IN:mom:Factory_Import_CN:EVmaker_Import,EVmaker_Import:BKK:2026-W41:00007,30,[30],[30],[30],[32],on_time -> on_time
IN:mom:Factory_Import_CN:EVmaker_Import,EVmaker_Import:BKK:2026-W41:00008,30,[30],[30],[30],[32],on_time -> on_time
IN:mom:Factory_Import_CN:EVmaker_Import,EVmaker_Import:BKK:2026-W41:00009,30,[30],[30],[30],[32],on_time -> on_time
IN:mom:Factory_Import_CN:EVmaker_Import,EVmaker_Import:BKK:2026-W41:00010,30,[30],[30],[30],[32],on_time -> on_time
IN:mom:Factory_Import_CN:EVmaker_Import,EVmaker_Import:BKK:2026-W41:00011,30,[30],[30],[30],[32],on_time -> on_time
IN:mom:Factory_Import_CN:EVmaker_Import,EVmaker_Import:BKK:2026-W41:00012,30,[30],[30],[30],[32],on_time -> on_time
IN:mom:Factory_Import_CN:EVmaker_Import,EVmaker_Import:BKK:2026-W41:00013,30,[30],[30],[30],[32],on_time -> on_time
IN:mom:Factory_Import_CN:EVmaker_Import,EVmaker_Import:BKK:2026-W41:00014,30,[30],[30],[30],[32],on_time -> on_time
IN:mom:Factory_Import_CN:EVmaker_Import,EVmaker_Import:BKK:2026-W41:00015,30,[30],[30],[30],[32],on_time -> on_time
IN:mom:Factory_Import_CN:EVmaker_Import,EVmaker_Import:BKK:2026-W41:00016,30,[30],[30],[30],[32],on_time -> on_time
IN:mom:Factory_Import_CN:EVmaker_Import,EVmaker_Import:BKK:2026-W41:00017,30,[30],[30],[30],[32],on_time -> on_time
IN:mom:Factory_Import_CN:EVmaker_Import,EVmaker_Import:BKK:2026-W41:00018,30,[30],[30],[30],[32],on_time -> on_time
IN:mom:Factory_Import_CN:EVmaker_Import,EVmaker_Import:BKK:2026-W41:00019,30,[30],[30],[30],[32],on_time -> on_time
IN:mom:Factory_Import_CN:EVmaker_Import,EVmaker_Import:BKK:2026-W41:00020,30,[30],[30],[30],[32],on_time -> on_time
IN:mom:Factory_Import_CN:EVmaker_Import,EVmaker_Import:BKK:2026-W41:00021,30,[30],[30],[30],[32],on_time -> on_time
IN:mom:Factory_Import_CN:EVmaker_Import,EVmaker_Import:BKK:2026-W41:00022,30,[30],[30],[30],[32],on_time -> on_time
IN:mom:Factory_Import_CN:EVmaker_Import,EVmaker_Import:BKK:2026-W41:00023,30,[30],[30],[30],[32],on_time -> on_time
IN:mom:Factory_Import_CN:EVmaker_Import,EVmaker_Import:BKK:2026-W41:00024,30,[30],[30],[30],[32],on_time -> on_time
IN:mom:Factory_Import_CN:EVmaker_Import,EVmaker_Import:BKK:2026-W41:00025,30,[30],[30],[30],[32],on_time -> on_time
IN:mom:Factory_Import_CN:EVmaker_Import,EVmaker_Import:BKK:2026-W41:00026,30,[30],[30],[30],[32],on_time -> on_time
IN:mom:Factory_Import_CN:EVmaker_Import,EVmaker_Import:BKK:2026-W41:00027,30,[30],[30],[30],[32],on_time -> on_time
IN:mom:Factory_Import_CN:EVmaker_Import,EVmaker_Import:BKK:2026-W41:00028,30,[30],[30],[30],[32],on_time -> on_time
IN:mom:Factory_Import_CN:EVmaker_Import,EVmaker_Import:BKK:2026-W41:00029,30,[30],[30],[30],[32],on_time -> on_time
IN:mom:Factory_Import_CN:EVmaker_Import,EVmaker_Import:BKK:2026-W41:00030,30,[30],[30],[30],[32],on_time -> on_time
IN:mom:Factory_Import_CN:EVmaker_Import,EVmaker_Import:BKK:2026-W41:00031,30,[30],[30],[30],[32],on_time -> on_time
IN:mom:Factory_Import_CN:EVmaker_Import,EVmaker_Import:BKK:2026-W41:00032,30,[30],[30],[30],[32],on_time -> on_time
IN:mom:Factory_Import_CN:EVmaker_Import,EVmaker_Import:BKK:2026-W41:00033,30,[30],[30],[30],[32],on_time -> on_time
IN:mom:Factory_Import_CN:EVmaker_Import,EVmaker_Import:BKK:2026-W41:00034,30,[30],[30],[30],[32],on_time -> on_time
IN:mom:Factory_Import_CN:EVmaker_Import,EVmaker_Import:BKK:2026-W41:00035,30,[30],[30],[30],[32],on_time -> on_time
IN:mom:Factory_Import_CN:EVmaker_Import,EVmaker_Import:BKK:2026-W41:00036,30,[30],[30],[30],[32],on_time -> on_time
IN:mom:Factory_Import_CN:EVmaker_Import,EVmaker_Import:BKK:2026-W41:00037,30,[30],[30],[30],[32],on_time -> on_time
IN:mom:Factory_Import_CN:EVmaker_Import,EVmaker_Import:BKK:2026-W41:00038,30,[30],[30],[30],[32],on_time -> on_time
IN:mom:Factory_Import_CN:EVmaker_Import,EVmaker_Import:BKK:2026-W41:00039,30,[30],[30],[30],[32],on_time -> on_time
IN:mom:Factory_Import_CN:EVmaker_Import,EVmaker_Import:BKK:2026-W41:00040,30,[30],[30],[30],[32],on_time -> on_time
IN:mom:Factory_Import_CN:EVmaker_Import,EVmaker_Import:BKK:2026-W41:00041,30,[30],[30],[30],[32],on_time -> on_time
IN:mom:Factory_Import_CN:EVmaker_Import,EVmaker_Import:BKK:2026-W41:00042,30,[30],[30],[30],[32],on_time -> on_time
IN:mom:Factory_Import_CN:EVmaker_Import,EVmaker_Import:BKK:2026-W41:00043,30,[30],[30],[30],[32],on_time -> on_time
IN:mom:Factory_Import_CN:EVmaker_Import,EVmaker_Import:BKK:2026-W41:00044,30,[30],[30],[30],[32],on_time -> on_time
IN:mom:Factory_Import_CN:EVmaker_Import,EVmaker_Import:BKK:2026-W41:00045,30,[30],[30],[30],[32],on_time -> on_time
IN:mom:Factory_Import_CN:EVmaker_Import,EVmaker_Import:BKK:2026-W41:00046,30,[30],[30],[30],[32],on_time -> on_time
IN:mom:Factory_Import_CN:EVmaker_Import,EVmaker_Import:BKK:2026-W41:00047,30,[30],[30],[30],[32],on_time -> on_time
IN:mom:Factory_Import_CN:EVmaker_Import,EVmaker_Import:BKK:2026-W41:00048,30,[30],[30],[30],[32],on_time -> on_time
IN:mom:Factory_Import_CN:EVmaker_Import,EVmaker_Import:BKK:2026-W41:00049,30,[30],[30],[30],[32],on_time -> on_time
IN:mom:Factory_Import_CN:EVmaker_Import,EVmaker_Import:BKK:2026-W41:00050,30,[30],[30],[30],[32],on_time -> on_time
IN:mom:Factory_Import_CN:EVmaker_Import,EVmaker_Import:ONL:2026-W40:00001,30,[29],[29],[30],[31],on_time -> on_time
IN:mom:Factory_Import_CN:EVmaker_Import,EVmaker_Import:ONL:2026-W40:00002,30,[29],[29],[30],[31],on_time -> on_time
IN:mom:Factory_Import_CN:EVmaker_Import,EVmaker_Import:ONL:2026-W40:00003,30,[29],[29],[30],[31],on_time -> on_time
IN:mom:Factory_Import_CN:EVmaker_Import,EVmaker_Import:ONL:2026-W40:00004,30,[29],[29],[30],[31],on_time -> on_time
IN:mom:Factory_Import_CN:EVmaker_Import,EVmaker_Import:ONL:2026-W40:00005,30,[29],[29],[30],[31],on_time -> on_time
IN:mom:Factory_Import_CN:EVmaker_Import,EVmaker_Import:ONL:2026-W40:00006,30,[29],[29],[30],[31],on_time -> on_time
IN:mom:Factory_Import_CN:EVmaker_Import,EVmaker_Import:ONL:2026-W40:00007,30,[29],[29],[30],[31],on_time -> on_time
IN:mom:Factory_Import_CN:EVmaker_Import,EVmaker_Import:ONL:2026-W40:00008,30,[29],[29],[30],[31],on_time -> on_time
IN:mom:Factory_Import_CN:EVmaker_Import,EVmaker_Import:ONL:2026-W40:00009,30,[29],[29],[30],[31],on_time -> on_time
IN:mom:Factory_Import_CN:EVmaker_Import,EVmaker_Import:ONL:2026-W40:00010,30,[29],[29],[30],[31],on_time -> on_time
IN:mom:Factory_Import_CN:EVmaker_Import,EVmaker_Import:PRO:2026-W41:00019,30,[29],[29],[30],[31],on_time -> on_time
IN:mom:Factory_Import_CN:EVmaker_Import,EVmaker_Import:PRO:2026-W41:00020,30,[29],[29],[30],[31],on_time -> on_time
IN:mom:Factory_Import_CN:EVmaker_Import,EVmaker_Import:PRO:2026-W41:00021,30,[29],[29],[30],[31],on_time -> on_time
IN:mom:Factory_Import_CN:EVmaker_Import,EVmaker_Import:PRO:2026-W41:00022,30,[29],[29],[30],[31],on_time -> on_time
IN:mom:Factory_Import_CN:EVmaker_Import,EVmaker_Import:PRO:2026-W41:00023,30,[29],[29],[30],[31],on_time -> on_time
IN:mom:Factory_Import_CN:EVmaker_Import,EVmaker_Import:PRO:2026-W41:00024,30,[29],[29],[30],[31],on_time -> on_time
IN:mom:Factory_Import_CN:EVmaker_Import,EVmaker_Import:PRO:2026-W41:00025,30,[29],[29],[30],[31],on_time -> on_time
IN:mom:Factory_Import_CN:EVmaker_Import,EVmaker_Import:PRO:2026-W41:00026,30,[29],[29],[30],[31],on_time -> on_time
IN:mom:Factory_Import_CN:EVmaker_Import,EVmaker_Import:PRO:2026-W41:00027,30,[29],[29],[30],[31],on_time -> on_time
IN:mom:Factory_Import_CN:EVmaker_Import,EVmaker_Import:PRO:2026-W41:00028,30,[29],[29],[30],[31],on_time -> on_time
IN:mom:Factory_Import_CN:EVmaker_Import,EVmaker_Import:PRO:2026-W41:00029,30,[29],[29],[30],[31],on_time -> on_time
IN:mom:Factory_Import_CN:EVmaker_Import,EVmaker_Import:PRO:2026-W41:00030,30,[29],[29],[30],[31],on_time -> on_time
IN:mom:Factory_Import_CN:EVmaker_Import,EVmaker_Import:PRO:2026-W41:00031,30,[29],[29],[30],[31],on_time -> on_time
IN:mom:Factory_Import_CN:EVmaker_Import,EVmaker_Import:PRO:2026-W41:00032,30,[29],[29],[30],[31],on_time -> on_time
IN:mom:Factory_Import_CN:EVmaker_Import,EVmaker_Import:PRO:2026-W41:00033,30,[29],[29],[30],[31],on_time -> on_time
IN:mom:Factory_Import_CN:EVmaker_Import,EVmaker_Import:PRO:2026-W41:00034,30,[29],[29],[30],[31],on_time -> on_time
IN:mom:Factory_Import_CN:EVmaker_Import,EVmaker_Import:PRO:2026-W41:00035,30,[29],[29],[30],[31],on_time -> on_time
IN:mom:Factory_Import_CN:EVmaker_Import,EVmaker_Import:PRO:2026-W41:00036,30,[29],[29],[30],[31],on_time -> on_time
IN:mom:Factory_Import_CN:EVmaker_Import,EVmaker_Import:PRO:2026-W41:00037,30,[29],[29],[30],[31],on_time -> on_time
IN:mom:Factory_Import_CN:EVmaker_Import,EVmaker_Import:PRO:2026-W41:00038,30,[29],[29],[30],[31],on_time -> on_time
IN:mom:Factory_Import_CN:EVmaker_Import,EVmaker_Import:PRO:2026-W41:00039,30,[29],[29],[30],[31],on_time -> on_time
IN:mom:Factory_Import_CN:EVmaker_Import,EVmaker_Import:PRO:2026-W41:00040,30,[29],[29],[30],[31],on_time -> on_time
IN:mom:Factory_Import_CN:EVmaker_Import,EVmaker_Import:PRO:2026-W42:00001,30,[30],[30],[30],[32],on_time -> on_time
IN:mom:Factory_Import_CN:EVmaker_Import,EVmaker_Import:PRO:2026-W42:00002,30,[30],[30],[30],[32],on_time -> on_time
IN:mom:Factory_Import_CN:EVmaker_Import,EVmaker_Import:PRO:2026-W42:00003,30,[30],[30],[30],[32],on_time -> on_time
IN:mom:Factory_Import_CN:EVmaker_Import,EVmaker_Import:PRO:2026-W42:00004,30,[30],[30],[30],[32],on_time -> on_time
IN:mom:Factory_Import_CN:EVmaker_Import,EVmaker_Import:PRO:2026-W42:00005,30,[30],[30],[30],[32],on_time -> on_time
IN:mom:Factory_Import_CN:EVmaker_Import,EVmaker_Import:PRO:2026-W42:00006,30,[30],[30],[30],[32],on_time -> on_time
IN:mom:Factory_Import_CN:EVmaker_Import,EVmaker_Import:PRO:2026-W42:00007,30,[30],[30],[30],[32],on_time -> on_time
IN:mom:Factory_Import_CN:EVmaker_Import,EVmaker_Import:PRO:2026-W42:00008,30,[30],[30],[30],[32],on_time -> on_time
IN:mom:Factory_Import_CN:EVmaker_Import,EVmaker_Import:PRO:2026-W42:00009,30,[30],[30],[30],[32],on_time -> on_time
IN:mom:Factory_Import_CN:EVmaker_Import,EVmaker_Import:PRO:2026-W42:00010,30,[30],[30],[30],[32],on_time -> on_time
IN:mom:Factory_Import_CN:EVmaker_Import,EVmaker_Import:PRO:2026-W42:00011,30,[30],[30],[30],[32],on_time -> on_time
IN:mom:Factory_Import_CN:EVmaker_Import,EVmaker_Import:PRO:2026-W42:00012,30,[30],[30],[30],[32],on_time -> on_time
IN:mom:Factory_Import_CN:EVmaker_Import,EVmaker_Import:PRO:2026-W42:00013,30,[30],[30],[30],[32],on_time -> on_time
IN:mom:Factory_Import_CN:EVmaker_Import,EVmaker_Import:PRO:2026-W42:00014,30,[30],[30],[30],[32],on_time -> on_time
IN:mom:Factory_Import_CN:EVmaker_Import,EVmaker_Import:PRO:2026-W42:00015,30,[30],[30],[30],[32],on_time -> on_time
IN:mom:Factory_Import_CN:EVmaker_Import,EVmaker_Import:PRO:2026-W42:00016,30,[30],[30],[30],[32],on_time -> on_time
IN:mom:Factory_Import_CN:EVmaker_Import,EVmaker_Import:PRO:2026-W42:00017,30,[30],[30],[30],[32],on_time -> on_time
IN:mom:Factory_Import_CN:EVmaker_Import,EVmaker_Import:PRO:2026-W42:00018,30,[30],[30],[30],[32],on_time -> on_time
IN:mom:Factory_Import_CN:EVmaker_Import,EVmaker_Import:BKK:2026-W42:00001,31,[31],[31],[31],[33],on_time -> on_time
IN:mom:Factory_Import_CN:EVmaker_Import,EVmaker_Import:BKK:2026-W42:00002,31,[31],[31],[31],[33],on_time -> on_time
IN:mom:Factory_Import_CN:EVmaker_Import,EVmaker_Import:BKK:2026-W42:00003,31,[31],[31],[31],[33],on_time -> on_time
IN:mom:Factory_Import_CN:EVmaker_Import,EVmaker_Import:BKK:2026-W42:00004,31,[31],[31],[31],[33],on_time -> on_time
IN:mom:Factory_Import_CN:EVmaker_Import,EVmaker_Import:BKK:2026-W42:00005,31,[31],[31],[31],[33],on_time -> on_time
IN:mom:Factory_Import_CN:EVmaker_Import,EVmaker_Import:BKK:2026-W42:00006,31,[31],[31],[31],[33],on_time -> on_time
IN:mom:Factory_Import_CN:EVmaker_Import,EVmaker_Import:BKK:2026-W42:00007,31,[31],[31],[31],[33],on_time -> on_time
IN:mom:Factory_Import_CN:EVmaker_Import,EVmaker_Import:BKK:2026-W42:00008,31,[31],[31],[31],[33],on_time -> on_time
IN:mom:Factory_Import_CN:EVmaker_Import,EVmaker_Import:BKK:2026-W42:00009,31,[31],[31],[31],[33],on_time -> on_time
IN:mom:Factory_Import_CN:EVmaker_Import,EVmaker_Import:BKK:2026-W42:00010,31,[31],[31],[31],[33],on_time -> on_time
IN:mom:Factory_Import_CN:EVmaker_Import,EVmaker_Import:BKK:2026-W42:00011,31,[31],[31],[31],[33],on_time -> on_time
IN:mom:Factory_Import_CN:EVmaker_Import,EVmaker_Import:BKK:2026-W42:00012,31,[31],[31],[31],[33],on_time -> on_time
IN:mom:Factory_Import_CN:EVmaker_Import,EVmaker_Import:BKK:2026-W42:00013,31,[31],[31],[31],[33],on_time -> on_time
IN:mom:Factory_Import_CN:EVmaker_Import,EVmaker_Import:BKK:2026-W42:00014,31,[31],[31],[31],[33],on_time -> on_time
IN:mom:Factory_Import_CN:EVmaker_Import,EVmaker_Import:BKK:2026-W42:00015,31,[31],[31],[31],[33],on_time -> on_time
IN:mom:Factory_Import_CN:EVmaker_Import,EVmaker_Import:BKK:2026-W42:00016,31,[31],[31],[31],[33],on_time -> on_time
IN:mom:Factory_Import_CN:EVmaker_Import,EVmaker_Import:BKK:2026-W42:00017,31,[31],[31],[31],[33],on_time -> on_time
IN:mom:Factory_Import_CN:EVmaker_Import,EVmaker_Import:BKK:2026-W42:00018,31,[31],[31],[31],[33],on_time -> on_time
IN:mom:Factory_Import_CN:EVmaker_Import,EVmaker_Import:BKK:2026-W42:00019,31,[31],[31],[31],[33],on_time -> on_time
IN:mom:Factory_Import_CN:EVmaker_Import,EVmaker_Import:BKK:2026-W42:00020,31,[31],[31],[31],[33],on_time -> on_time
IN:mom:Factory_Import_CN:EVmaker_Import,EVmaker_Import:BKK:2026-W42:00021,31,[31],[31],[31],[33],on_time -> on_time
IN:mom:Factory_Import_CN:EVmaker_Import,EVmaker_Import:BKK:2026-W42:00022,31,[31],[31],[31],[33],on_time -> on_time
IN:mom:Factory_Import_CN:EVmaker_Import,EVmaker_Import:BKK:2026-W42:00023,31,[31],[31],[31],[33],on_time -> on_time
IN:mom:Factory_Import_CN:EVmaker_Import,EVmaker_Import:BKK:2026-W42:00024,31,[31],[31],[31],[33],on_time -> on_time
IN:mom:Factory_Import_CN:EVmaker_Import,EVmaker_Import:BKK:2026-W42:00025,31,[31],[31],[31],[33],on_time -> on_time
IN:mom:Factory_Import_CN:EVmaker_Import,EVmaker_Import:BKK:2026-W42:00026,31,[31],[31],[31],[33],on_time -> on_time
IN:mom:Factory_Import_CN:EVmaker_Import,EVmaker_Import:BKK:2026-W42:00027,31,[31],[31],[31],[33],on_time -> on_time
IN:mom:Factory_Import_CN:EVmaker_Import,EVmaker_Import:BKK:2026-W42:00028,31,[31],[31],[31],[33],on_time -> on_time
IN:mom:Factory_Import_CN:EVmaker_Import,EVmaker_Import:BKK:2026-W42:00029,31,[31],[31],[31],[33],on_time -> on_time
IN:mom:Factory_Import_CN:EVmaker_Import,EVmaker_Import:BKK:2026-W42:00030,31,[31],[31],[31],[33],on_time -> on_time
IN:mom:Factory_Import_CN:EVmaker_Import,EVmaker_Import:BKK:2026-W42:00031,31,[31],[31],[31],[33],on_time -> on_time
IN:mom:Factory_Import_CN:EVmaker_Import,EVmaker_Import:BKK:2026-W42:00032,31,[31],[31],[31],[33],on_time -> on_time
IN:mom:Factory_Import_CN:EVmaker_Import,EVmaker_Import:BKK:2026-W42:00033,31,[31],[31],[31],[33],on_time -> on_time
IN:mom:Factory_Import_CN:EVmaker_Import,EVmaker_Import:BKK:2026-W42:00034,31,[31],[31],[31],[33],on_time -> on_time
IN:mom:Factory_Import_CN:EVmaker_Import,EVmaker_Import:BKK:2026-W42:00035,31,[31],[31],[31],[33],on_time -> on_time
IN:mom:Factory_Import_CN:EVmaker_Import,EVmaker_Import:BKK:2026-W42:00036,31,[31],[31],[31],[33],on_time -> on_time
IN:mom:Factory_Import_CN:EVmaker_Import,EVmaker_Import:BKK:2026-W42:00037,31,[31],[31],[31],[33],on_time -> on_time
IN:mom:Factory_Import_CN:EVmaker_Import,EVmaker_Import:BKK:2026-W42:00038,31,[31],[31],[31],[33],on_time -> on_time
IN:mom:Factory_Import_CN:EVmaker_Import,EVmaker_Import:BKK:2026-W42:00039,31,[31],[31],[31],[33],on_time -> on_time
IN:mom:Factory_Import_CN:EVmaker_Import,EVmaker_Import:BKK:2026-W42:00040,31,[31],[31],[31],[33],on_time -> on_time
IN:mom:Factory_Import_CN:EVmaker_Import,EVmaker_Import:BKK:2026-W42:00041,31,[31],[31],[31],[33],on_time -> on_time
IN:mom:Factory_Import_CN:EVmaker_Import,EVmaker_Import:BKK:2026-W42:00042,31,[31],[31],[31],[33],on_time -> on_time
IN:mom:Factory_Import_CN:EVmaker_Import,EVmaker_Import:BKK:2026-W42:00043,31,[31],[31],[31],[33],on_time -> on_time
IN:mom:Factory_Import_CN:EVmaker_Import,EVmaker_Import:BKK:2026-W42:00044,31,[31],[31],[31],[33],on_time -> on_time
IN:mom:Factory_Import_CN:EVmaker_Import,EVmaker_Import:BKK:2026-W42:00045,31,[31],[31],[31],[33],on_time -> on_time
IN:mom:Factory_Import_CN:EVmaker_Import,EVmaker_Import:BKK:2026-W42:00046,31,[31],[31],[31],[33],on_time -> on_time
IN:mom:Factory_Import_CN:EVmaker_Import,EVmaker_Import:BKK:2026-W42:00047,31,[31],[31],[31],[33],on_time -> on_time
IN:mom:Factory_Import_CN:EVmaker_Import,EVmaker_Import:BKK:2026-W42:00048,31,[31],[31],[31],[33],on_time -> on_time
IN:mom:Factory_Import_CN:EVmaker_Import,EVmaker_Import:BKK:2026-W42:00049,31,[31],[31],[31],[33],on_time -> on_time
IN:mom:Factory_Import_CN:EVmaker_Import,EVmaker_Import:BKK:2026-W42:00050,31,[31],[31],[31],[33],on_time -> on_time
IN:mom:Factory_Import_CN:EVmaker_Import,EVmaker_Import:ONL:2026-W41:00001,31,[30],[30],[31],[32],on_time -> on_time
IN:mom:Factory_Import_CN:EVmaker_Import,EVmaker_Import:ONL:2026-W41:00002,31,[30],[30],[31],[32],on_time -> on_time
IN:mom:Factory_Import_CN:EVmaker_Import,EVmaker_Import:ONL:2026-W41:00003,31,[30],[30],[31],[32],on_time -> on_time
IN:mom:Factory_Import_CN:EVmaker_Import,EVmaker_Import:ONL:2026-W41:00004,31,[30],[30],[31],[32],on_time -> on_time
IN:mom:Factory_Import_CN:EVmaker_Import,EVmaker_Import:ONL:2026-W41:00005,31,[30],[30],[31],[32],on_time -> on_time
IN:mom:Factory_Import_CN:EVmaker_Import,EVmaker_Import:ONL:2026-W41:00006,31,[30],[30],[31],[32],on_time -> on_time
IN:mom:Factory_Import_CN:EVmaker_Import,EVmaker_Import:ONL:2026-W41:00007,31,[30],[30],[31],[32],on_time -> on_time
IN:mom:Factory_Import_CN:EVmaker_Import,EVmaker_Import:ONL:2026-W41:00008,31,[30],[30],[31],[32],on_time -> on_time
IN:mom:Factory_Import_CN:EVmaker_Import,EVmaker_Import:ONL:2026-W41:00009,31,[30],[30],[31],[32],on_time -> on_time
IN:mom:Factory_Import_CN:EVmaker_Import,EVmaker_Import:ONL:2026-W41:00010,31,[30],[30],[31],[32],on_time -> on_time
IN:mom:Factory_Import_CN:EVmaker_Import,EVmaker_Import:PRO:2026-W42:00019,31,[30],[30],[31],[32],on_time -> on_time
IN:mom:Factory_Import_CN:EVmaker_Import,EVmaker_Import:PRO:2026-W42:00020,31,[30],[30],[31],[32],on_time -> on_time
IN:mom:Factory_Import_CN:EVmaker_Import,EVmaker_Import:PRO:2026-W42:00021,31,[30],[30],[31],[32],on_time -> on_time
IN:mom:Factory_Import_CN:EVmaker_Import,EVmaker_Import:PRO:2026-W42:00022,31,[30],[30],[31],[32],on_time -> on_time
IN:mom:Factory_Import_CN:EVmaker_Import,EVmaker_Import:PRO:2026-W42:00023,31,[30],[30],[31],[32],on_time -> on_time
IN:mom:Factory_Import_CN:EVmaker_Import,EVmaker_Import:PRO:2026-W42:00024,31,[30],[30],[31],[32],on_time -> on_time
IN:mom:Factory_Import_CN:EVmaker_Import,EVmaker_Import:PRO:2026-W42:00025,31,[30],[30],[31],[32],on_time -> on_time
IN:mom:Factory_Import_CN:EVmaker_Import,EVmaker_Import:PRO:2026-W42:00026,31,[30],[30],[31],[32],on_time -> on_time
IN:mom:Factory_Import_CN:EVmaker_Import,EVmaker_Import:PRO:2026-W42:00027,31,[30],[30],[31],[32],on_time -> on_time
IN:mom:Factory_Import_CN:EVmaker_Import,EVmaker_Import:PRO:2026-W42:00028,31,[30],[30],[31],[32],on_time -> on_time
IN:mom:Factory_Import_CN:EVmaker_Import,EVmaker_Import:PRO:2026-W42:00029,31,[30],[30],[31],[32],on_time -> on_time
IN:mom:Factory_Import_CN:EVmaker_Import,EVmaker_Import:PRO:2026-W42:00030,31,[30],[30],[31],[32],on_time -> on_time
IN:mom:Factory_Import_CN:EVmaker_Import,EVmaker_Import:PRO:2026-W42:00031,31,[30],[30],[31],[32],on_time -> on_time
IN:mom:Factory_Import_CN:EVmaker_Import,EVmaker_Import:PRO:2026-W42:00032,31,[30],[30],[31],[32],on_time -> on_time
IN:mom:Factory_Import_CN:EVmaker_Import,EVmaker_Import:PRO:2026-W42:00033,31,[30],[30],[31],[32],on_time -> on_time
IN:mom:Factory_Import_CN:EVmaker_Import,EVmaker_Import:PRO:2026-W42:00034,31,[30],[30],[31],[32],on_time -> on_time
IN:mom:Factory_Import_CN:EVmaker_Import,EVmaker_Import:PRO:2026-W42:00035,31,[30],[30],[31],[32],on_time -> on_time
IN:mom:Factory_Import_CN:EVmaker_Import,EVmaker_Import:PRO:2026-W42:00036,31,[30],[30],[31],[32],on_time -> on_time
IN:mom:Factory_Import_CN:EVmaker_Import,EVmaker_Import:PRO:2026-W42:00037,31,[30],[30],[31],[32],on_time -> on_time
IN:mom:Factory_Import_CN:EVmaker_Import,EVmaker_Import:PRO:2026-W42:00038,31,[30],[30],[31],[32],on_time -> on_time
IN:mom:Factory_Import_CN:EVmaker_Import,EVmaker_Import:PRO:2026-W42:00039,31,[30],[30],[31],[32],on_time -> on_time
IN:mom:Factory_Import_CN:EVmaker_Import,EVmaker_Import:PRO:2026-W42:00040,31,[30],[30],[31],[32],on_time -> on_time
IN:mom:Factory_Import_CN:EVmaker_Import,EVmaker_Import:PRO:2026-W43:00001,31,[31],[31],[31],[33],on_time -> on_time
IN:mom:Factory_Import_CN:EVmaker_Import,EVmaker_Import:PRO:2026-W43:00002,31,[31],[31],[31],[33],on_time -> on_time
IN:mom:Factory_Import_CN:EVmaker_Import,EVmaker_Import:PRO:2026-W43:00003,31,[31],[31],[31],[33],on_time -> on_time
IN:mom:Factory_Import_CN:EVmaker_Import,EVmaker_Import:PRO:2026-W43:00004,31,[31],[31],[31],[33],on_time -> on_time
IN:mom:Factory_Import_CN:EVmaker_Import,EVmaker_Import:PRO:2026-W43:00005,31,[31],[31],[31],[33],on_time -> on_time
IN:mom:Factory_Import_CN:EVmaker_Import,EVmaker_Import:PRO:2026-W43:00006,31,[31],[31],[31],[33],on_time -> on_time
IN:mom:Factory_Import_CN:EVmaker_Import,EVmaker_Import:PRO:2026-W43:00007,31,[31],[31],[31],[33],on_time -> on_time
IN:mom:Factory_Import_CN:EVmaker_Import,EVmaker_Import:PRO:2026-W43:00008,31,[31],[31],[31],[33],on_time -> on_time
IN:mom:Factory_Import_CN:EVmaker_Import,EVmaker_Import:PRO:2026-W43:00009,31,[31],[31],[31],[33],on_time -> on_time
IN:mom:Factory_Import_CN:EVmaker_Import,EVmaker_Import:PRO:2026-W43:00010,31,[31],[31],[31],[33],on_time -> on_time
IN:mom:Factory_Import_CN:EVmaker_Import,EVmaker_Import:PRO:2026-W43:00011,31,[31],[31],[31],[33],on_time -> on_time
IN:mom:Factory_Import_CN:EVmaker_Import,EVmaker_Import:PRO:2026-W43:00012,31,[31],[31],[31],[33],on_time -> on_time
IN:mom:Factory_Import_CN:EVmaker_Import,EVmaker_Import:PRO:2026-W43:00013,31,[31],[31],[31],[33],on_time -> on_time
IN:mom:Factory_Import_CN:EVmaker_Import,EVmaker_Import:PRO:2026-W43:00014,31,[31],[31],[31],[33],on_time -> on_time
IN:mom:Factory_Import_CN:EVmaker_Import,EVmaker_Import:PRO:2026-W43:00015,31,[31],[31],[31],[33],on_time -> on_time
IN:mom:Factory_Import_CN:EVmaker_Import,EVmaker_Import:PRO:2026-W43:00016,31,[31],[31],[31],[33],on_time -> on_time
IN:mom:Factory_Import_CN:EVmaker_Import,EVmaker_Import:PRO:2026-W43:00017,31,[31],[31],[31],[33],on_time -> on_time
IN:mom:Factory_Import_CN:EVmaker_Import,EVmaker_Import:PRO:2026-W43:00018,31,[31],[31],[31],[33],on_time -> on_time
IN:mom:Factory_Import_CN:EVmaker_Import,EVmaker_Import:BKK:2026-W43:00001,32,[32],[32],[32],[34],on_time -> on_time
IN:mom:Factory_Import_CN:EVmaker_Import,EVmaker_Import:BKK:2026-W43:00002,32,[32],[32],[32],[34],on_time -> on_time
IN:mom:Factory_Import_CN:EVmaker_Import,EVmaker_Import:BKK:2026-W43:00003,32,[32],[32],[32],[34],on_time -> on_time
IN:mom:Factory_Import_CN:EVmaker_Import,EVmaker_Import:BKK:2026-W43:00004,32,[32],[32],[32],[34],on_time -> on_time
IN:mom:Factory_Import_CN:EVmaker_Import,EVmaker_Import:BKK:2026-W43:00005,32,[32],[32],[32],[34],on_time -> on_time
IN:mom:Factory_Import_CN:EVmaker_Import,EVmaker_Import:BKK:2026-W43:00006,32,[32],[32],[32],[34],on_time -> on_time
IN:mom:Factory_Import_CN:EVmaker_Import,EVmaker_Import:BKK:2026-W43:00007,32,[32],[32],[32],[34],on_time -> on_time
IN:mom:Factory_Import_CN:EVmaker_Import,EVmaker_Import:BKK:2026-W43:00008,32,[32],[32],[32],[34],on_time -> on_time
IN:mom:Factory_Import_CN:EVmaker_Import,EVmaker_Import:BKK:2026-W43:00009,32,[32],[32],[32],[34],on_time -> on_time
IN:mom:Factory_Import_CN:EVmaker_Import,EVmaker_Import:BKK:2026-W43:00010,32,[32],[32],[32],[34],on_time -> on_time
IN:mom:Factory_Import_CN:EVmaker_Import,EVmaker_Import:BKK:2026-W43:00011,32,[32],[32],[32],[34],on_time -> on_time
IN:mom:Factory_Import_CN:EVmaker_Import,EVmaker_Import:BKK:2026-W43:00012,32,[32],[32],[32],[34],on_time -> on_time
IN:mom:Factory_Import_CN:EVmaker_Import,EVmaker_Import:BKK:2026-W43:00013,32,[32],[32],[32],[34],on_time -> on_time
IN:mom:Factory_Import_CN:EVmaker_Import,EVmaker_Import:BKK:2026-W43:00014,32,[32],[32],[32],[34],on_time -> on_time
IN:mom:Factory_Import_CN:EVmaker_Import,EVmaker_Import:BKK:2026-W43:00015,32,[32],[32],[32],[34],on_time -> on_time
IN:mom:Factory_Import_CN:EVmaker_Import,EVmaker_Import:BKK:2026-W43:00016,32,[32],[32],[32],[34],on_time -> on_time
IN:mom:Factory_Import_CN:EVmaker_Import,EVmaker_Import:BKK:2026-W43:00017,32,[32],[32],[32],[34],on_time -> on_time
IN:mom:Factory_Import_CN:EVmaker_Import,EVmaker_Import:BKK:2026-W43:00018,32,[32],[32],[32],[34],on_time -> on_time
IN:mom:Factory_Import_CN:EVmaker_Import,EVmaker_Import:BKK:2026-W43:00019,32,[32],[32],[32],[34],on_time -> on_time
IN:mom:Factory_Import_CN:EVmaker_Import,EVmaker_Import:BKK:2026-W43:00020,32,[32],[32],[32],[34],on_time -> on_time
IN:mom:Factory_Import_CN:EVmaker_Import,EVmaker_Import:BKK:2026-W43:00021,32,[32],[32],[32],[34],on_time -> on_time
IN:mom:Factory_Import_CN:EVmaker_Import,EVmaker_Import:BKK:2026-W43:00022,32,[32],[32],[32],[34],on_time -> on_time
IN:mom:Factory_Import_CN:EVmaker_Import,EVmaker_Import:BKK:2026-W43:00023,32,[32],[32],[32],[34],on_time -> on_time
IN:mom:Factory_Import_CN:EVmaker_Import,EVmaker_Import:BKK:2026-W43:00024,32,[32],[32],[32],[34],on_time -> on_time
IN:mom:Factory_Import_CN:EVmaker_Import,EVmaker_Import:BKK:2026-W43:00025,32,[32],[32],[32],[34],on_time -> on_time
IN:mom:Factory_Import_CN:EVmaker_Import,EVmaker_Import:BKK:2026-W43:00026,32,[32],[32],[32],[34],on_time -> on_time
IN:mom:Factory_Import_CN:EVmaker_Import,EVmaker_Import:BKK:2026-W43:00027,32,[32],[32],[32],[34],on_time -> on_time
IN:mom:Factory_Import_CN:EVmaker_Import,EVmaker_Import:BKK:2026-W43:00028,32,[32],[32],[32],[34],on_time -> on_time
IN:mom:Factory_Import_CN:EVmaker_Import,EVmaker_Import:BKK:2026-W43:00029,32,[32],[32],[32],[34],on_time -> on_time
IN:mom:Factory_Import_CN:EVmaker_Import,EVmaker_Import:BKK:2026-W43:00030,32,[32],[32],[32],[34],on_time -> on_time
IN:mom:Factory_Import_CN:EVmaker_Import,EVmaker_Import:BKK:2026-W43:00031,32,[32],[32],[32],[34],on_time -> on_time
IN:mom:Factory_Import_CN:EVmaker_Import,EVmaker_Import:BKK:2026-W43:00032,32,[32],[32],[32],[34],on_time -> on_time
IN:mom:Factory_Import_CN:EVmaker_Import,EVmaker_Import:BKK:2026-W43:00033,32,[32],[32],[32],[34],on_time -> on_time
IN:mom:Factory_Import_CN:EVmaker_Import,EVmaker_Import:BKK:2026-W43:00034,32,[32],[32],[32],[34],on_time -> on_time
IN:mom:Factory_Import_CN:EVmaker_Import,EVmaker_Import:BKK:2026-W43:00035,32,[32],[32],[32],[34],on_time -> on_time
IN:mom:Factory_Import_CN:EVmaker_Import,EVmaker_Import:BKK:2026-W43:00036,32,[32],[32],[32],[34],on_time -> on_time
IN:mom:Factory_Import_CN:EVmaker_Import,EVmaker_Import:BKK:2026-W43:00037,32,[32],[32],[32],[34],on_time -> on_time
IN:mom:Factory_Import_CN:EVmaker_Import,EVmaker_Import:BKK:2026-W43:00038,32,[32],[32],[32],[34],on_time -> on_time
IN:mom:Factory_Import_CN:EVmaker_Import,EVmaker_Import:BKK:2026-W43:00039,32,[32],[32],[32],[34],on_time -> on_time
IN:mom:Factory_Import_CN:EVmaker_Import,EVmaker_Import:BKK:2026-W43:00040,32,[32],[32],[32],[34],on_time -> on_time
IN:mom:Factory_Import_CN:EVmaker_Import,EVmaker_Import:BKK:2026-W43:00041,32,[32],[32],[32],[34],on_time -> on_time
IN:mom:Factory_Import_CN:EVmaker_Import,EVmaker_Import:BKK:2026-W43:00042,32,[32],[32],[32],[34],on_time -> on_time
IN:mom:Factory_Import_CN:EVmaker_Import,EVmaker_Import:BKK:2026-W43:00043,32,[32],[32],[32],[34],on_time -> on_time
IN:mom:Factory_Import_CN:EVmaker_Import,EVmaker_Import:BKK:2026-W43:00044,32,[32],[32],[32],[34],on_time -> on_time
IN:mom:Factory_Import_CN:EVmaker_Import,EVmaker_Import:BKK:2026-W43:00045,32,[32],[32],[32],[34],on_time -> on_time
IN:mom:Factory_Import_CN:EVmaker_Import,EVmaker_Import:BKK:2026-W43:00046,32,[32],[32],[32],[34],on_time -> on_time
IN:mom:Factory_Import_CN:EVmaker_Import,EVmaker_Import:BKK:2026-W43:00047,32,[32],[32],[32],[34],on_time -> on_time
IN:mom:Factory_Import_CN:EVmaker_Import,EVmaker_Import:ONL:2026-W42:00001,32,[31],[31],[32],[33],on_time -> on_time
IN:mom:Factory_Import_CN:EVmaker_Import,EVmaker_Import:ONL:2026-W42:00002,32,[31],[31],[32],[33],on_time -> on_time
IN:mom:Factory_Import_CN:EVmaker_Import,EVmaker_Import:ONL:2026-W42:00003,32,[31],[31],[32],[33],on_time -> on_time
IN:mom:Factory_Import_CN:EVmaker_Import,EVmaker_Import:ONL:2026-W42:00004,32,[31],[31],[32],[33],on_time -> on_time
IN:mom:Factory_Import_CN:EVmaker_Import,EVmaker_Import:ONL:2026-W42:00005,32,[31],[31],[32],[33],on_time -> on_time
IN:mom:Factory_Import_CN:EVmaker_Import,EVmaker_Import:ONL:2026-W42:00006,32,[31],[31],[32],[33],on_time -> on_time
IN:mom:Factory_Import_CN:EVmaker_Import,EVmaker_Import:ONL:2026-W42:00007,32,[31],[31],[32],[33],on_time -> on_time
IN:mom:Factory_Import_CN:EVmaker_Import,EVmaker_Import:ONL:2026-W42:00008,32,[31],[31],[32],[33],on_time -> on_time
IN:mom:Factory_Import_CN:EVmaker_Import,EVmaker_Import:ONL:2026-W42:00009,32,[31],[31],[32],[33],on_time -> on_time
IN:mom:Factory_Import_CN:EVmaker_Import,EVmaker_Import:ONL:2026-W42:00010,32,[31],[31],[32],[33],on_time -> on_time
IN:mom:Factory_Import_CN:EVmaker_Import,EVmaker_Import:ONL:2026-W48:00001,32,[31],[31],[32],[33],on_time -> on_time
IN:mom:Factory_Import_CN:EVmaker_Import,EVmaker_Import:ONL:2026-W48:00002,32,[31],[31],[32],[33],on_time -> on_time
IN:mom:Factory_Import_CN:EVmaker_Import,EVmaker_Import:ONL:2026-W48:00003,32,[31],[31],[32],[33],on_time -> on_time
IN:mom:Factory_Import_CN:EVmaker_Import,EVmaker_Import:ONL:2026-W48:00004,32,[31],[31],[32],[33],on_time -> on_time
IN:mom:Factory_Import_CN:EVmaker_Import,EVmaker_Import:ONL:2026-W48:00005,32,[31],[31],[32],[33],on_time -> on_time
IN:mom:Factory_Import_CN:EVmaker_Import,EVmaker_Import:ONL:2026-W48:00006,32,[31],[31],[32],[33],on_time -> on_time
IN:mom:Factory_Import_CN:EVmaker_Import,EVmaker_Import:ONL:2026-W48:00007,32,[31],[31],[32],[33],on_time -> on_time
IN:mom:Factory_Import_CN:EVmaker_Import,EVmaker_Import:ONL:2026-W48:00008,32,[31],[31],[32],[33],on_time -> on_time
IN:mom:Factory_Import_CN:EVmaker_Import,EVmaker_Import:ONL:2026-W48:00009,32,[31],[31],[32],[33],on_time -> on_time
IN:mom:Factory_Import_CN:EVmaker_Import,EVmaker_Import:ONL:2026-W48:00010,32,[31],[31],[32],[33],on_time -> on_time
IN:mom:Factory_Import_CN:EVmaker_Import,EVmaker_Import:ONL:2026-W48:00011,32,[31],[31],[32],[33],on_time -> on_time
IN:mom:Factory_Import_CN:EVmaker_Import,EVmaker_Import:ONL:2026-W48:00012,32,[31],[31],[32],[33],on_time -> on_time
IN:mom:Factory_Import_CN:EVmaker_Import,EVmaker_Import:PRO:2026-W43:00019,32,[31],[31],[32],[33],on_time -> on_time
IN:mom:Factory_Import_CN:EVmaker_Import,EVmaker_Import:PRO:2026-W43:00020,32,[31],[31],[32],[33],on_time -> on_time
IN:mom:Factory_Import_CN:EVmaker_Import,EVmaker_Import:PRO:2026-W43:00021,32,[31],[31],[32],[33],on_time -> on_time
IN:mom:Factory_Import_CN:EVmaker_Import,EVmaker_Import:PRO:2026-W43:00022,32,[31],[31],[32],[33],on_time -> on_time
IN:mom:Factory_Import_CN:EVmaker_Import,EVmaker_Import:PRO:2026-W43:00023,32,[31],[31],[32],[33],on_time -> on_time
IN:mom:Factory_Import_CN:EVmaker_Import,EVmaker_Import:PRO:2026-W43:00024,32,[31],[31],[32],[33],on_time -> on_time
IN:mom:Factory_Import_CN:EVmaker_Import,EVmaker_Import:PRO:2026-W43:00025,32,[31],[31],[32],[33],on_time -> on_time
IN:mom:Factory_Import_CN:EVmaker_Import,EVmaker_Import:PRO:2026-W43:00026,32,[31],[31],[32],[33],on_time -> on_time
IN:mom:Factory_Import_CN:EVmaker_Import,EVmaker_Import:PRO:2026-W43:00027,32,[31],[31],[32],[33],on_time -> on_time
IN:mom:Factory_Import_CN:EVmaker_Import,EVmaker_Import:PRO:2026-W43:00028,32,[31],[31],[32],[33],on_time -> on_time
IN:mom:Factory_Import_CN:EVmaker_Import,EVmaker_Import:PRO:2026-W43:00029,32,[31],[31],[32],[33],on_time -> on_time
IN:mom:Factory_Import_CN:EVmaker_Import,EVmaker_Import:PRO:2026-W43:00030,32,[31],[31],[32],[33],on_time -> on_time
IN:mom:Factory_Import_CN:EVmaker_Import,EVmaker_Import:PRO:2026-W43:00031,32,[31],[31],[32],[33],on_time -> on_time
IN:mom:Factory_Import_CN:EVmaker_Import,EVmaker_Import:PRO:2026-W43:00032,32,[31],[31],[32],[33],on_time -> on_time
IN:mom:Factory_Import_CN:EVmaker_Import,EVmaker_Import:PRO:2026-W43:00033,32,[31],[31],[32],[33],on_time -> on_time
IN:mom:Factory_Import_CN:EVmaker_Import,EVmaker_Import:PRO:2026-W43:00034,32,[31],[31],[32],[33],on_time -> on_time
IN:mom:Factory_Import_CN:EVmaker_Import,EVmaker_Import:PRO:2026-W43:00035,32,[31],[31],[32],[33],on_time -> on_time
IN:mom:Factory_Import_CN:EVmaker_Import,EVmaker_Import:PRO:2026-W43:00036,32,[31],[31],[32],[33],on_time -> on_time
IN:mom:Factory_Import_CN:EVmaker_Import,EVmaker_Import:PRO:2026-W43:00037,32,[31],[31],[32],[33],on_time -> on_time
IN:mom:Factory_Import_CN:EVmaker_Import,EVmaker_Import:PRO:2026-W43:00038,32,[31],[31],[32],[33],on_time -> on_time
IN:mom:Factory_Import_CN:EVmaker_Import,EVmaker_Import:PRO:2026-W43:00039,32,[31],[31],[32],[33],on_time -> on_time
IN:mom:Factory_Import_CN:EVmaker_Import,EVmaker_Import:PRO:2026-W43:00040,32,[31],[31],[32],[33],on_time -> on_time
IN:mom:Factory_Import_CN:EVmaker_Import,EVmaker_Import:PRO:2026-W49:00038,32,[31],[31],[32],[33],on_time -> on_time
IN:mom:Factory_Import_CN:EVmaker_Import,EVmaker_Import:PRO:2026-W49:00039,32,[31],[31],[32],[33],on_time -> on_time
IN:mom:Factory_Import_CN:EVmaker_Import,EVmaker_Import:PRO:2026-W49:00040,32,[31],[31],[32],[33],on_time -> on_time
IN:mom:Factory_Import_CN:EVmaker_Import,EVmaker_Import:PRO:2026-W49:00041,32,[31],[31],[32],[33],on_time -> on_time
IN:mom:Factory_Import_CN:EVmaker_Import,EVmaker_Import:PRO:2026-W49:00042,32,[31],[31],[32],[33],on_time -> on_time
IN:mom:Factory_Import_CN:EVmaker_Import,EVmaker_Import:PRO:2026-W49:00043,32,[31],[31],[32],[33],on_time -> on_time
IN:mom:Factory_Import_CN:EVmaker_Import,EVmaker_Import:PRO:2026-W49:00044,32,[31],[31],[32],[33],on_time -> on_time
IN:mom:Factory_Import_CN:EVmaker_Import,EVmaker_Import:PRO:2026-W49:00045,32,[31],[31],[32],[33],on_time -> on_time
IN:mom:Factory_Import_CN:EVmaker_Import,EVmaker_Import:PRO:2026-W49:00046,32,[31],[31],[32],[33],on_time -> on_time
IN:mom:Factory_Import_CN:EVmaker_Import,EVmaker_Import:BKK:2026-W43:00048,33,[32],[32],[33],[34],on_time -> on_time
IN:mom:Factory_Import_CN:EVmaker_Import,EVmaker_Import:BKK:2026-W43:00049,33,[32],[32],[33],[34],on_time -> on_time
IN:mom:Factory_Import_CN:EVmaker_Import,EVmaker_Import:BKK:2026-W43:00050,33,[32],[32],[33],[34],on_time -> on_time
IN:mom:Factory_Import_CN:EVmaker_Import,EVmaker_Import:BKK:2026-W44:00001,33,[33],[33],[33],[35],on_time -> on_time
IN:mom:Factory_Import_CN:EVmaker_Import,EVmaker_Import:BKK:2026-W44:00002,33,[33],[33],[33],[35],on_time -> on_time
IN:mom:Factory_Import_CN:EVmaker_Import,EVmaker_Import:BKK:2026-W44:00003,33,[33],[33],[33],[35],on_time -> on_time
IN:mom:Factory_Import_CN:EVmaker_Import,EVmaker_Import:BKK:2026-W44:00004,33,[33],[33],[33],[35],on_time -> on_time
IN:mom:Factory_Import_CN:EVmaker_Import,EVmaker_Import:BKK:2026-W44:00005,33,[33],[33],[33],[35],on_time -> on_time
IN:mom:Factory_Import_CN:EVmaker_Import,EVmaker_Import:BKK:2026-W44:00006,33,[33],[33],[33],[35],on_time -> on_time
IN:mom:Factory_Import_CN:EVmaker_Import,EVmaker_Import:BKK:2026-W44:00007,33,[33],[33],[33],[35],on_time -> on_time
IN:mom:Factory_Import_CN:EVmaker_Import,EVmaker_Import:BKK:2026-W44:00008,33,[33],[33],[33],[35],on_time -> on_time
IN:mom:Factory_Import_CN:EVmaker_Import,EVmaker_Import:BKK:2026-W44:00009,33,[33],[33],[33],[35],on_time -> on_time
IN:mom:Factory_Import_CN:EVmaker_Import,EVmaker_Import:BKK:2026-W44:00010,33,[33],[33],[33],[35],on_time -> on_time
IN:mom:Factory_Import_CN:EVmaker_Import,EVmaker_Import:BKK:2026-W44:00011,33,[33],[33],[33],[35],on_time -> on_time
IN:mom:Factory_Import_CN:EVmaker_Import,EVmaker_Import:BKK:2026-W44:00012,33,[33],[33],[33],[35],on_time -> on_time
IN:mom:Factory_Import_CN:EVmaker_Import,EVmaker_Import:BKK:2026-W44:00013,33,[33],[33],[33],[35],on_time -> on_time
IN:mom:Factory_Import_CN:EVmaker_Import,EVmaker_Import:BKK:2026-W44:00014,33,[33],[33],[33],[35],on_time -> on_time
IN:mom:Factory_Import_CN:EVmaker_Import,EVmaker_Import:BKK:2026-W44:00015,33,[33],[33],[33],[35],on_time -> on_time
IN:mom:Factory_Import_CN:EVmaker_Import,EVmaker_Import:BKK:2026-W44:00016,33,[33],[33],[33],[35],on_time -> on_time
IN:mom:Factory_Import_CN:EVmaker_Import,EVmaker_Import:BKK:2026-W44:00017,33,[33],[33],[33],[35],on_time -> on_time
IN:mom:Factory_Import_CN:EVmaker_Import,EVmaker_Import:BKK:2026-W44:00018,33,[33],[33],[33],[35],on_time -> on_time
IN:mom:Factory_Import_CN:EVmaker_Import,EVmaker_Import:BKK:2026-W48:00045,33,[32],[32],[33],[34],on_time -> on_time
IN:mom:Factory_Import_CN:EVmaker_Import,EVmaker_Import:BKK:2026-W48:00046,33,[32],[32],[33],[34],on_time -> on_time
IN:mom:Factory_Import_CN:EVmaker_Import,EVmaker_Import:BKK:2026-W48:00047,33,[32],[32],[33],[34],on_time -> on_time
IN:mom:Factory_Import_CN:EVmaker_Import,EVmaker_Import:BKK:2026-W48:00048,33,[32],[32],[33],[34],on_time -> on_time
IN:mom:Factory_Import_CN:EVmaker_Import,EVmaker_Import:BKK:2026-W48:00049,33,[32],[32],[33],[34],on_time -> on_time
IN:mom:Factory_Import_CN:EVmaker_Import,EVmaker_Import:BKK:2026-W48:00050,33,[32],[32],[33],[34],on_time -> on_time
IN:mom:Factory_Import_CN:EVmaker_Import,EVmaker_Import:BKK:2026-W48:00051,33,[32],[32],[33],[34],on_time -> on_time
IN:mom:Factory_Import_CN:EVmaker_Import,EVmaker_Import:BKK:2026-W48:00052,33,[32],[32],[33],[34],on_time -> on_time
IN:mom:Factory_Import_CN:EVmaker_Import,EVmaker_Import:BKK:2026-W48:00053,33,[32],[32],[33],[34],on_time -> on_time
IN:mom:Factory_Import_CN:EVmaker_Import,EVmaker_Import:BKK:2026-W48:00054,33,[32],[32],[33],[34],on_time -> on_time
IN:mom:Factory_Import_CN:EVmaker_Import,EVmaker_Import:BKK:2026-W48:00055,33,[32],[32],[33],[34],on_time -> on_time
IN:mom:Factory_Import_CN:EVmaker_Import,EVmaker_Import:BKK:2026-W48:00056,33,[32],[32],[33],[34],on_time -> on_time
IN:mom:Factory_Import_CN:EVmaker_Import,EVmaker_Import:BKK:2026-W48:00057,33,[32],[32],[33],[34],on_time -> on_time
IN:mom:Factory_Import_CN:EVmaker_Import,EVmaker_Import:ONL:2026-W43:00001,33,[32],[32],[33],[34],on_time -> on_time
IN:mom:Factory_Import_CN:EVmaker_Import,EVmaker_Import:ONL:2026-W43:00002,33,[32],[32],[33],[34],on_time -> on_time
IN:mom:Factory_Import_CN:EVmaker_Import,EVmaker_Import:ONL:2026-W43:00003,33,[32],[32],[33],[34],on_time -> on_time
IN:mom:Factory_Import_CN:EVmaker_Import,EVmaker_Import:ONL:2026-W43:00004,33,[32],[32],[33],[34],on_time -> on_time
IN:mom:Factory_Import_CN:EVmaker_Import,EVmaker_Import:ONL:2026-W43:00005,33,[32],[32],[33],[34],on_time -> on_time
IN:mom:Factory_Import_CN:EVmaker_Import,EVmaker_Import:ONL:2026-W43:00006,33,[32],[32],[33],[34],on_time -> on_time
IN:mom:Factory_Import_CN:EVmaker_Import,EVmaker_Import:ONL:2026-W43:00007,33,[32],[32],[33],[34],on_time -> on_time
IN:mom:Factory_Import_CN:EVmaker_Import,EVmaker_Import:ONL:2026-W43:00008,33,[32],[32],[33],[34],on_time -> on_time
IN:mom:Factory_Import_CN:EVmaker_Import,EVmaker_Import:ONL:2026-W43:00009,33,[32],[32],[33],[34],on_time -> on_time
IN:mom:Factory_Import_CN:EVmaker_Import,EVmaker_Import:ONL:2026-W43:00010,33,[32],[32],[33],[34],on_time -> on_time
IN:mom:Factory_Import_CN:EVmaker_Import,EVmaker_Import:PRO:2026-W44:00001,33,[32],[32],[33],[34],on_time -> on_time
IN:mom:Factory_Import_CN:EVmaker_Import,EVmaker_Import:PRO:2026-W44:00002,33,[32],[32],[33],[34],on_time -> on_time
IN:mom:Factory_Import_CN:EVmaker_Import,EVmaker_Import:PRO:2026-W44:00003,33,[32],[32],[33],[34],on_time -> on_time
IN:mom:Factory_Import_CN:EVmaker_Import,EVmaker_Import:PRO:2026-W44:00004,33,[32],[32],[33],[34],on_time -> on_time
IN:mom:Factory_Import_CN:EVmaker_Import,EVmaker_Import:PRO:2026-W44:00005,33,[32],[32],[33],[34],on_time -> on_time
IN:mom:Factory_Import_CN:EVmaker_Import,EVmaker_Import:PRO:2026-W44:00006,33,[32],[32],[33],[34],on_time -> on_time
IN:mom:Factory_Import_CN:EVmaker_Import,EVmaker_Import:PRO:2026-W44:00007,33,[32],[32],[33],[34],on_time -> on_time
IN:mom:Factory_Import_CN:EVmaker_Import,EVmaker_Import:PRO:2026-W44:00008,33,[32],[32],[33],[34],on_time -> on_time
IN:mom:Factory_Import_CN:EVmaker_Import,EVmaker_Import:PRO:2026-W44:00009,33,[32],[32],[33],[34],on_time -> on_time
IN:mom:Factory_Import_CN:EVmaker_Import,EVmaker_Import:PRO:2026-W44:00010,33,[32],[32],[33],[34],on_time -> on_time
IN:mom:Factory_Import_CN:EVmaker_Import,EVmaker_Import:PRO:2026-W44:00011,33,[32],[32],[33],[34],on_time -> on_time
IN:mom:Factory_Import_CN:EVmaker_Import,EVmaker_Import:PRO:2026-W44:00012,33,[32],[32],[33],[34],on_time -> on_time
IN:mom:Factory_Import_CN:EVmaker_Import,EVmaker_Import:PRO:2026-W44:00013,33,[32],[32],[33],[34],on_time -> on_time
IN:mom:Factory_Import_CN:EVmaker_Import,EVmaker_Import:PRO:2026-W44:00014,33,[32],[32],[33],[34],on_time -> on_time
IN:mom:Factory_Import_CN:EVmaker_Import,EVmaker_Import:PRO:2026-W44:00015,33,[32],[32],[33],[34],on_time -> on_time
IN:mom:Factory_Import_CN:EVmaker_Import,EVmaker_Import:PRO:2026-W44:00016,33,[32],[32],[33],[34],on_time -> on_time
IN:mom:Factory_Import_CN:EVmaker_Import,EVmaker_Import:PRO:2026-W44:00017,33,[32],[32],[33],[34],on_time -> on_time
IN:mom:Factory_Import_CN:EVmaker_Import,EVmaker_Import:PRO:2026-W44:00018,33,[32],[32],[33],[34],on_time -> on_time
IN:mom:Factory_Import_CN:EVmaker_Import,EVmaker_Import:PRO:2026-W44:00019,33,[32],[32],[33],[34],on_time -> on_time
IN:mom:Factory_Import_CN:EVmaker_Import,EVmaker_Import:PRO:2026-W44:00020,33,[32],[32],[33],[34],on_time -> on_time
IN:mom:Factory_Import_CN:EVmaker_Import,EVmaker_Import:PRO:2026-W44:00021,33,[32],[32],[33],[34],on_time -> on_time
IN:mom:Factory_Import_CN:EVmaker_Import,EVmaker_Import:PRO:2026-W44:00022,33,[32],[32],[33],[34],on_time -> on_time
IN:mom:Factory_Import_CN:EVmaker_Import,EVmaker_Import:PRO:2026-W44:00023,33,[32],[32],[33],[34],on_time -> on_time
IN:mom:Factory_Import_CN:EVmaker_Import,EVmaker_Import:PRO:2026-W44:00024,33,[32],[32],[33],[34],on_time -> on_time
IN:mom:Factory_Import_CN:EVmaker_Import,EVmaker_Import:PRO:2026-W44:00025,33,[32],[32],[33],[34],on_time -> on_time
IN:mom:Factory_Import_CN:EVmaker_Import,EVmaker_Import:PRO:2026-W44:00026,33,[32],[32],[33],[34],on_time -> on_time
IN:mom:Factory_Import_CN:EVmaker_Import,EVmaker_Import:PRO:2026-W44:00027,33,[32],[32],[33],[34],on_time -> on_time
IN:mom:Factory_Import_CN:EVmaker_Import,EVmaker_Import:PRO:2026-W44:00028,33,[32],[32],[33],[34],on_time -> on_time
IN:mom:Factory_Import_CN:EVmaker_Import,EVmaker_Import:PRO:2026-W44:00029,33,[32],[32],[33],[34],on_time -> on_time
IN:mom:Factory_Import_CN:EVmaker_Import,EVmaker_Import:PRO:2026-W44:00030,33,[32],[32],[33],[34],on_time -> on_time
IN:mom:Factory_Import_CN:EVmaker_Import,EVmaker_Import:PRO:2026-W44:00031,33,[32],[32],[33],[34],on_time -> on_time
IN:mom:Factory_Import_CN:EVmaker_Import,EVmaker_Import:PRO:2026-W44:00032,33,[32],[32],[33],[34],on_time -> on_time
IN:mom:Factory_Import_CN:EVmaker_Import,EVmaker_Import:PRO:2026-W44:00033,33,[32],[32],[33],[34],on_time -> on_time
IN:mom:Factory_Import_CN:EVmaker_Import,EVmaker_Import:PRO:2026-W44:00034,33,[32],[32],[33],[34],on_time -> on_time
IN:mom:Factory_Import_CN:EVmaker_Import,EVmaker_Import:PRO:2026-W44:00035,33,[32],[32],[33],[34],on_time -> on_time
IN:mom:Factory_Import_CN:EVmaker_Import,EVmaker_Import:PRO:2026-W44:00036,33,[32],[32],[33],[34],on_time -> on_time
IN:mom:Factory_Import_CN:EVmaker_Import,EVmaker_Import:PRO:2026-W44:00037,33,[32],[32],[33],[34],on_time -> on_time
IN:mom:Factory_Import_CN:EVmaker_Import,EVmaker_Import:PRO:2026-W44:00038,33,[32],[32],[33],[34],on_time -> on_time
IN:mom:Factory_Import_CN:EVmaker_Import,EVmaker_Import:PRO:2026-W44:00039,33,[32],[32],[33],[34],on_time -> on_time
IN:mom:Factory_Import_CN:EVmaker_Import,EVmaker_Import:PRO:2026-W44:00040,33,[32],[32],[33],[34],on_time -> on_time
IN:mom:Factory_Import_CN:EVmaker_Import,EVmaker_Import:PRO:2026-W49:00001,33,[32],[32],[33],[34],on_time -> on_time
IN:mom:Factory_Import_CN:EVmaker_Import,EVmaker_Import:PRO:2026-W49:00002,33,[32],[32],[33],[34],on_time -> on_time
IN:mom:Factory_Import_CN:EVmaker_Import,EVmaker_Import:PRO:2026-W49:00003,33,[32],[32],[33],[34],on_time -> on_time
IN:mom:Factory_Import_CN:EVmaker_Import,EVmaker_Import:PRO:2026-W49:00004,33,[32],[32],[33],[34],on_time -> on_time
IN:mom:Factory_Import_CN:EVmaker_Import,EVmaker_Import:PRO:2026-W49:00005,33,[32],[32],[33],[34],on_time -> on_time
IN:mom:Factory_Import_CN:EVmaker_Import,EVmaker_Import:PRO:2026-W49:00006,33,[32],[32],[33],[34],on_time -> on_time
IN:mom:Factory_Import_CN:EVmaker_Import,EVmaker_Import:PRO:2026-W49:00007,33,[32],[32],[33],[34],on_time -> on_time
IN:mom:Factory_Import_CN:EVmaker_Import,EVmaker_Import:PRO:2026-W49:00008,33,[32],[32],[33],[34],on_time -> on_time
IN:mom:Factory_Import_CN:EVmaker_Import,EVmaker_Import:PRO:2026-W49:00009,33,[32],[32],[33],[34],on_time -> on_time
IN:mom:Factory_Import_CN:EVmaker_Import,EVmaker_Import:PRO:2026-W49:00010,33,[32],[32],[33],[34],on_time -> on_time
IN:mom:Factory_Import_CN:EVmaker_Import,EVmaker_Import:PRO:2026-W49:00011,33,[32],[32],[33],[34],on_time -> on_time
IN:mom:Factory_Import_CN:EVmaker_Import,EVmaker_Import:PRO:2026-W49:00012,33,[32],[32],[33],[34],on_time -> on_time
IN:mom:Factory_Import_CN:EVmaker_Import,EVmaker_Import:PRO:2026-W49:00013,33,[32],[32],[33],[34],on_time -> on_time
IN:mom:Factory_Import_CN:EVmaker_Import,EVmaker_Import:PRO:2026-W49:00014,33,[32],[32],[33],[34],on_time -> on_time
IN:mom:Factory_Import_CN:EVmaker_Import,EVmaker_Import:PRO:2026-W49:00015,33,[32],[32],[33],[34],on_time -> on_time
IN:mom:Factory_Import_CN:EVmaker_Import,EVmaker_Import:PRO:2026-W49:00016,33,[32],[32],[33],[34],on_time -> on_time
IN:mom:Factory_Import_CN:EVmaker_Import,EVmaker_Import:PRO:2026-W49:00017,33,[32],[32],[33],[34],on_time -> on_time
IN:mom:Factory_Import_CN:EVmaker_Import,EVmaker_Import:PRO:2026-W49:00018,33,[32],[32],[33],[34],on_time -> on_time
IN:mom:Factory_Import_CN:EVmaker_Import,EVmaker_Import:PRO:2026-W49:00019,33,[32],[32],[33],[34],on_time -> on_time
IN:mom:Factory_Import_CN:EVmaker_Import,EVmaker_Import:PRO:2026-W49:00020,33,[32],[32],[33],[34],on_time -> on_time
IN:mom:Factory_Import_CN:EVmaker_Import,EVmaker_Import:PRO:2026-W49:00021,33,[32],[32],[33],[34],on_time -> on_time
IN:mom:Factory_Import_CN:EVmaker_Import,EVmaker_Import:PRO:2026-W49:00022,33,[32],[32],[33],[34],on_time -> on_time
IN:mom:Factory_Import_CN:EVmaker_Import,EVmaker_Import:PRO:2026-W49:00023,33,[32],[32],[33],[34],on_time -> on_time
IN:mom:Factory_Import_CN:EVmaker_Import,EVmaker_Import:PRO:2026-W49:00024,33,[32],[32],[33],[34],on_time -> on_time
IN:mom:Factory_Import_CN:EVmaker_Import,EVmaker_Import:PRO:2026-W49:00025,33,[32],[32],[33],[34],on_time -> on_time
IN:mom:Factory_Import_CN:EVmaker_Import,EVmaker_Import:PRO:2026-W49:00026,33,[32],[32],[33],[34],on_time -> on_time
IN:mom:Factory_Import_CN:EVmaker_Import,EVmaker_Import:PRO:2026-W49:00027,33,[32],[32],[33],[34],on_time -> on_time
IN:mom:Factory_Import_CN:EVmaker_Import,EVmaker_Import:PRO:2026-W49:00028,33,[32],[32],[33],[34],on_time -> on_time
IN:mom:Factory_Import_CN:EVmaker_Import,EVmaker_Import:PRO:2026-W49:00029,33,[32],[32],[33],[34],on_time -> on_time
IN:mom:Factory_Import_CN:EVmaker_Import,EVmaker_Import:PRO:2026-W49:00030,33,[32],[32],[33],[34],on_time -> on_time
IN:mom:Factory_Import_CN:EVmaker_Import,EVmaker_Import:PRO:2026-W49:00031,33,[32],[32],[33],[34],on_time -> on_time
IN:mom:Factory_Import_CN:EVmaker_Import,EVmaker_Import:PRO:2026-W49:00032,33,[32],[32],[33],[34],on_time -> on_time
IN:mom:Factory_Import_CN:EVmaker_Import,EVmaker_Import:PRO:2026-W49:00033,33,[32],[32],[33],[34],on_time -> on_time
IN:mom:Factory_Import_CN:EVmaker_Import,EVmaker_Import:PRO:2026-W49:00034,33,[32],[32],[33],[34],on_time -> on_time
IN:mom:Factory_Import_CN:EVmaker_Import,EVmaker_Import:PRO:2026-W49:00035,33,[32],[32],[33],[34],on_time -> on_time
IN:mom:Factory_Import_CN:EVmaker_Import,EVmaker_Import:PRO:2026-W49:00036,33,[32],[32],[33],[34],on_time -> on_time
IN:mom:Factory_Import_CN:EVmaker_Import,EVmaker_Import:PRO:2026-W49:00037,33,[32],[32],[33],[34],on_time -> on_time
IN:mom:Factory_Import_CN:EVmaker_Import,EVmaker_Import:BKK:2026-W44:00019,34,[33],[33],[34],[35],on_time -> on_time
IN:mom:Factory_Import_CN:EVmaker_Import,EVmaker_Import:BKK:2026-W44:00020,34,[33],[33],[34],[35],on_time -> on_time
IN:mom:Factory_Import_CN:EVmaker_Import,EVmaker_Import:BKK:2026-W44:00021,34,[33],[33],[34],[35],on_time -> on_time
IN:mom:Factory_Import_CN:EVmaker_Import,EVmaker_Import:BKK:2026-W44:00022,34,[33],[33],[34],[35],on_time -> on_time
IN:mom:Factory_Import_CN:EVmaker_Import,EVmaker_Import:BKK:2026-W44:00023,34,[33],[33],[34],[35],on_time -> on_time
IN:mom:Factory_Import_CN:EVmaker_Import,EVmaker_Import:BKK:2026-W44:00024,34,[33],[33],[34],[35],on_time -> on_time
IN:mom:Factory_Import_CN:EVmaker_Import,EVmaker_Import:BKK:2026-W44:00025,34,[33],[33],[34],[35],on_time -> on_time
IN:mom:Factory_Import_CN:EVmaker_Import,EVmaker_Import:BKK:2026-W44:00026,34,[33],[33],[34],[35],on_time -> on_time
IN:mom:Factory_Import_CN:EVmaker_Import,EVmaker_Import:BKK:2026-W44:00027,34,[33],[33],[34],[35],on_time -> on_time
IN:mom:Factory_Import_CN:EVmaker_Import,EVmaker_Import:BKK:2026-W44:00028,34,[33],[33],[34],[35],on_time -> on_time
IN:mom:Factory_Import_CN:EVmaker_Import,EVmaker_Import:BKK:2026-W44:00029,34,[33],[33],[34],[35],on_time -> on_time
IN:mom:Factory_Import_CN:EVmaker_Import,EVmaker_Import:BKK:2026-W44:00030,34,[33],[33],[34],[35],on_time -> on_time
IN:mom:Factory_Import_CN:EVmaker_Import,EVmaker_Import:BKK:2026-W44:00031,34,[33],[33],[34],[35],on_time -> on_time
IN:mom:Factory_Import_CN:EVmaker_Import,EVmaker_Import:BKK:2026-W44:00032,34,[33],[33],[34],[35],on_time -> on_time
IN:mom:Factory_Import_CN:EVmaker_Import,EVmaker_Import:BKK:2026-W44:00033,34,[33],[33],[34],[35],on_time -> on_time
IN:mom:Factory_Import_CN:EVmaker_Import,EVmaker_Import:BKK:2026-W44:00034,34,[33],[33],[34],[35],on_time -> on_time
IN:mom:Factory_Import_CN:EVmaker_Import,EVmaker_Import:BKK:2026-W44:00035,34,[33],[33],[34],[35],on_time -> on_time
IN:mom:Factory_Import_CN:EVmaker_Import,EVmaker_Import:BKK:2026-W44:00036,34,[33],[33],[34],[35],on_time -> on_time
IN:mom:Factory_Import_CN:EVmaker_Import,EVmaker_Import:BKK:2026-W44:00037,34,[33],[33],[34],[35],on_time -> on_time
IN:mom:Factory_Import_CN:EVmaker_Import,EVmaker_Import:BKK:2026-W44:00038,34,[33],[33],[34],[35],on_time -> on_time
IN:mom:Factory_Import_CN:EVmaker_Import,EVmaker_Import:BKK:2026-W44:00039,34,[33],[33],[34],[35],on_time -> on_time
IN:mom:Factory_Import_CN:EVmaker_Import,EVmaker_Import:BKK:2026-W44:00040,34,[33],[33],[34],[35],on_time -> on_time
IN:mom:Factory_Import_CN:EVmaker_Import,EVmaker_Import:BKK:2026-W44:00041,34,[33],[33],[34],[35],on_time -> on_time
IN:mom:Factory_Import_CN:EVmaker_Import,EVmaker_Import:BKK:2026-W44:00042,34,[33],[33],[34],[35],on_time -> on_time
IN:mom:Factory_Import_CN:EVmaker_Import,EVmaker_Import:BKK:2026-W44:00043,34,[33],[33],[34],[35],on_time -> on_time
IN:mom:Factory_Import_CN:EVmaker_Import,EVmaker_Import:BKK:2026-W44:00044,34,[33],[33],[34],[35],on_time -> on_time
IN:mom:Factory_Import_CN:EVmaker_Import,EVmaker_Import:BKK:2026-W44:00045,34,[33],[33],[34],[35],on_time -> on_time
IN:mom:Factory_Import_CN:EVmaker_Import,EVmaker_Import:BKK:2026-W44:00046,34,[33],[33],[34],[35],on_time -> on_time
IN:mom:Factory_Import_CN:EVmaker_Import,EVmaker_Import:BKK:2026-W44:00047,34,[33],[33],[34],[35],on_time -> on_time
IN:mom:Factory_Import_CN:EVmaker_Import,EVmaker_Import:BKK:2026-W44:00048,34,[33],[33],[34],[35],on_time -> on_time
IN:mom:Factory_Import_CN:EVmaker_Import,EVmaker_Import:BKK:2026-W44:00049,34,[33],[33],[34],[35],on_time -> on_time
IN:mom:Factory_Import_CN:EVmaker_Import,EVmaker_Import:BKK:2026-W44:00050,34,[33],[33],[34],[35],on_time -> on_time
IN:mom:Factory_Import_CN:EVmaker_Import,EVmaker_Import:BKK:2026-W45:00001,34,[34],[34],[34],[36],on_time -> on_time
IN:mom:Factory_Import_CN:EVmaker_Import,EVmaker_Import:BKK:2026-W45:00002,34,[34],[34],[34],[36],on_time -> on_time
IN:mom:Factory_Import_CN:EVmaker_Import,EVmaker_Import:BKK:2026-W45:00003,34,[34],[34],[34],[36],on_time -> on_time
IN:mom:Factory_Import_CN:EVmaker_Import,EVmaker_Import:BKK:2026-W45:00004,34,[34],[34],[34],[36],on_time -> on_time
IN:mom:Factory_Import_CN:EVmaker_Import,EVmaker_Import:BKK:2026-W45:00005,34,[34],[34],[34],[36],on_time -> on_time
IN:mom:Factory_Import_CN:EVmaker_Import,EVmaker_Import:BKK:2026-W45:00006,34,[34],[34],[34],[36],on_time -> on_time
IN:mom:Factory_Import_CN:EVmaker_Import,EVmaker_Import:BKK:2026-W45:00007,34,[34],[34],[34],[36],on_time -> on_time
IN:mom:Factory_Import_CN:EVmaker_Import,EVmaker_Import:BKK:2026-W45:00008,34,[34],[34],[34],[36],on_time -> on_time
IN:mom:Factory_Import_CN:EVmaker_Import,EVmaker_Import:BKK:2026-W45:00009,34,[34],[34],[34],[36],on_time -> on_time
IN:mom:Factory_Import_CN:EVmaker_Import,EVmaker_Import:BKK:2026-W45:00010,34,[34],[34],[34],[36],on_time -> on_time
IN:mom:Factory_Import_CN:EVmaker_Import,EVmaker_Import:BKK:2026-W45:00011,34,[34],[34],[34],[36],on_time -> on_time
IN:mom:Factory_Import_CN:EVmaker_Import,EVmaker_Import:BKK:2026-W45:00012,34,[34],[34],[34],[36],on_time -> on_time
IN:mom:Factory_Import_CN:EVmaker_Import,EVmaker_Import:BKK:2026-W45:00013,34,[34],[34],[34],[36],on_time -> on_time
IN:mom:Factory_Import_CN:EVmaker_Import,EVmaker_Import:BKK:2026-W45:00014,34,[34],[34],[34],[36],on_time -> on_time
IN:mom:Factory_Import_CN:EVmaker_Import,EVmaker_Import:BKK:2026-W45:00015,34,[34],[34],[34],[36],on_time -> on_time
IN:mom:Factory_Import_CN:EVmaker_Import,EVmaker_Import:BKK:2026-W45:00016,34,[34],[34],[34],[36],on_time -> on_time
IN:mom:Factory_Import_CN:EVmaker_Import,EVmaker_Import:BKK:2026-W45:00017,34,[34],[34],[34],[36],on_time -> on_time
IN:mom:Factory_Import_CN:EVmaker_Import,EVmaker_Import:BKK:2026-W45:00018,34,[34],[34],[34],[36],on_time -> on_time
IN:mom:Factory_Import_CN:EVmaker_Import,EVmaker_Import:BKK:2026-W48:00001,34,[33],[33],[34],[35],on_time -> on_time
IN:mom:Factory_Import_CN:EVmaker_Import,EVmaker_Import:BKK:2026-W48:00002,34,[33],[33],[34],[35],on_time -> on_time
IN:mom:Factory_Import_CN:EVmaker_Import,EVmaker_Import:BKK:2026-W48:00003,34,[33],[33],[34],[35],on_time -> on_time
IN:mom:Factory_Import_CN:EVmaker_Import,EVmaker_Import:BKK:2026-W48:00004,34,[33],[33],[34],[35],on_time -> on_time
IN:mom:Factory_Import_CN:EVmaker_Import,EVmaker_Import:BKK:2026-W48:00005,34,[33],[33],[34],[35],on_time -> on_time
IN:mom:Factory_Import_CN:EVmaker_Import,EVmaker_Import:BKK:2026-W48:00006,34,[33],[33],[34],[35],on_time -> on_time
IN:mom:Factory_Import_CN:EVmaker_Import,EVmaker_Import:BKK:2026-W48:00007,34,[33],[33],[34],[35],on_time -> on_time
IN:mom:Factory_Import_CN:EVmaker_Import,EVmaker_Import:BKK:2026-W48:00008,34,[33],[33],[34],[35],on_time -> on_time
IN:mom:Factory_Import_CN:EVmaker_Import,EVmaker_Import:BKK:2026-W48:00009,34,[33],[33],[34],[35],on_time -> on_time
IN:mom:Factory_Import_CN:EVmaker_Import,EVmaker_Import:BKK:2026-W48:00010,34,[33],[33],[34],[35],on_time -> on_time
IN:mom:Factory_Import_CN:EVmaker_Import,EVmaker_Import:BKK:2026-W48:00011,34,[33],[33],[34],[35],on_time -> on_time
IN:mom:Factory_Import_CN:EVmaker_Import,EVmaker_Import:BKK:2026-W48:00012,34,[33],[33],[34],[35],on_time -> on_time
IN:mom:Factory_Import_CN:EVmaker_Import,EVmaker_Import:BKK:2026-W48:00013,34,[33],[33],[34],[35],on_time -> on_time
IN:mom:Factory_Import_CN:EVmaker_Import,EVmaker_Import:BKK:2026-W48:00014,34,[33],[33],[34],[35],on_time -> on_time
IN:mom:Factory_Import_CN:EVmaker_Import,EVmaker_Import:BKK:2026-W48:00015,34,[33],[33],[34],[35],on_time -> on_time
IN:mom:Factory_Import_CN:EVmaker_Import,EVmaker_Import:BKK:2026-W48:00016,34,[33],[33],[34],[35],on_time -> on_time
IN:mom:Factory_Import_CN:EVmaker_Import,EVmaker_Import:BKK:2026-W48:00017,34,[33],[33],[34],[35],on_time -> on_time
IN:mom:Factory_Import_CN:EVmaker_Import,EVmaker_Import:BKK:2026-W48:00018,34,[33],[33],[34],[35],on_time -> on_time
IN:mom:Factory_Import_CN:EVmaker_Import,EVmaker_Import:BKK:2026-W48:00019,34,[33],[33],[34],[35],on_time -> on_time
IN:mom:Factory_Import_CN:EVmaker_Import,EVmaker_Import:BKK:2026-W48:00020,34,[33],[33],[34],[35],on_time -> on_time
IN:mom:Factory_Import_CN:EVmaker_Import,EVmaker_Import:BKK:2026-W48:00021,34,[33],[33],[34],[35],on_time -> on_time
IN:mom:Factory_Import_CN:EVmaker_Import,EVmaker_Import:BKK:2026-W48:00022,34,[33],[33],[34],[35],on_time -> on_time
IN:mom:Factory_Import_CN:EVmaker_Import,EVmaker_Import:BKK:2026-W48:00023,34,[33],[33],[34],[35],on_time -> on_time
IN:mom:Factory_Import_CN:EVmaker_Import,EVmaker_Import:BKK:2026-W48:00024,34,[33],[33],[34],[35],on_time -> on_time
IN:mom:Factory_Import_CN:EVmaker_Import,EVmaker_Import:BKK:2026-W48:00025,34,[33],[33],[34],[35],on_time -> on_time
IN:mom:Factory_Import_CN:EVmaker_Import,EVmaker_Import:BKK:2026-W48:00026,34,[33],[33],[34],[35],on_time -> on_time
IN:mom:Factory_Import_CN:EVmaker_Import,EVmaker_Import:BKK:2026-W48:00027,34,[33],[33],[34],[35],on_time -> on_time
IN:mom:Factory_Import_CN:EVmaker_Import,EVmaker_Import:BKK:2026-W48:00028,34,[33],[33],[34],[35],on_time -> on_time
IN:mom:Factory_Import_CN:EVmaker_Import,EVmaker_Import:BKK:2026-W48:00029,34,[33],[33],[34],[35],on_time -> on_time
IN:mom:Factory_Import_CN:EVmaker_Import,EVmaker_Import:BKK:2026-W48:00030,34,[33],[33],[34],[35],on_time -> on_time
IN:mom:Factory_Import_CN:EVmaker_Import,EVmaker_Import:BKK:2026-W48:00031,34,[33],[33],[34],[35],on_time -> on_time
IN:mom:Factory_Import_CN:EVmaker_Import,EVmaker_Import:BKK:2026-W48:00032,34,[33],[33],[34],[35],on_time -> on_time
IN:mom:Factory_Import_CN:EVmaker_Import,EVmaker_Import:BKK:2026-W48:00033,34,[33],[33],[34],[35],on_time -> on_time
IN:mom:Factory_Import_CN:EVmaker_Import,EVmaker_Import:BKK:2026-W48:00034,34,[33],[33],[34],[35],on_time -> on_time
IN:mom:Factory_Import_CN:EVmaker_Import,EVmaker_Import:BKK:2026-W48:00035,34,[33],[33],[34],[35],on_time -> on_time
IN:mom:Factory_Import_CN:EVmaker_Import,EVmaker_Import:BKK:2026-W48:00036,34,[33],[33],[34],[35],on_time -> on_time
IN:mom:Factory_Import_CN:EVmaker_Import,EVmaker_Import:BKK:2026-W48:00037,34,[33],[33],[34],[35],on_time -> on_time
IN:mom:Factory_Import_CN:EVmaker_Import,EVmaker_Import:BKK:2026-W48:00038,34,[33],[33],[34],[35],on_time -> on_time
IN:mom:Factory_Import_CN:EVmaker_Import,EVmaker_Import:BKK:2026-W48:00039,34,[33],[33],[34],[35],on_time -> on_time
IN:mom:Factory_Import_CN:EVmaker_Import,EVmaker_Import:BKK:2026-W48:00040,34,[33],[33],[34],[35],on_time -> on_time
IN:mom:Factory_Import_CN:EVmaker_Import,EVmaker_Import:BKK:2026-W48:00041,34,[33],[33],[34],[35],on_time -> on_time
IN:mom:Factory_Import_CN:EVmaker_Import,EVmaker_Import:BKK:2026-W48:00042,34,[33],[33],[34],[35],on_time -> on_time
IN:mom:Factory_Import_CN:EVmaker_Import,EVmaker_Import:BKK:2026-W48:00043,34,[33],[33],[34],[35],on_time -> on_time
IN:mom:Factory_Import_CN:EVmaker_Import,EVmaker_Import:BKK:2026-W48:00044,34,[33],[33],[34],[35],on_time -> on_time
IN:mom:Factory_Import_CN:EVmaker_Import,EVmaker_Import:ONL:2026-W44:00001,34,[33],[33],[34],[35],on_time -> on_time
IN:mom:Factory_Import_CN:EVmaker_Import,EVmaker_Import:ONL:2026-W44:00002,34,[33],[33],[34],[35],on_time -> on_time
IN:mom:Factory_Import_CN:EVmaker_Import,EVmaker_Import:ONL:2026-W44:00003,34,[33],[33],[34],[35],on_time -> on_time
IN:mom:Factory_Import_CN:EVmaker_Import,EVmaker_Import:ONL:2026-W44:00004,34,[33],[33],[34],[35],on_time -> on_time
IN:mom:Factory_Import_CN:EVmaker_Import,EVmaker_Import:ONL:2026-W44:00005,34,[33],[33],[34],[35],on_time -> on_time
IN:mom:Factory_Import_CN:EVmaker_Import,EVmaker_Import:ONL:2026-W44:00006,34,[33],[33],[34],[35],on_time -> on_time
IN:mom:Factory_Import_CN:EVmaker_Import,EVmaker_Import:ONL:2026-W44:00007,34,[33],[33],[34],[35],on_time -> on_time
IN:mom:Factory_Import_CN:EVmaker_Import,EVmaker_Import:ONL:2026-W44:00008,34,[33],[33],[34],[35],on_time -> on_time
IN:mom:Factory_Import_CN:EVmaker_Import,EVmaker_Import:ONL:2026-W44:00009,34,[33],[33],[34],[35],on_time -> on_time
IN:mom:Factory_Import_CN:EVmaker_Import,EVmaker_Import:ONL:2026-W44:00010,34,[33],[33],[34],[35],on_time -> on_time
IN:mom:Factory_Import_CN:EVmaker_Import,EVmaker_Import:ONL:2026-W47:00005,34,[33],[33],[34],[35],on_time -> on_time
IN:mom:Factory_Import_CN:EVmaker_Import,EVmaker_Import:ONL:2026-W47:00006,34,[33],[33],[34],[35],on_time -> on_time
IN:mom:Factory_Import_CN:EVmaker_Import,EVmaker_Import:ONL:2026-W47:00007,34,[33],[33],[34],[35],on_time -> on_time
IN:mom:Factory_Import_CN:EVmaker_Import,EVmaker_Import:ONL:2026-W47:00008,34,[33],[33],[34],[35],on_time -> on_time
IN:mom:Factory_Import_CN:EVmaker_Import,EVmaker_Import:ONL:2026-W47:00009,34,[33],[33],[34],[35],on_time -> on_time
IN:mom:Factory_Import_CN:EVmaker_Import,EVmaker_Import:ONL:2026-W47:00010,34,[33],[33],[34],[35],on_time -> on_time
IN:mom:Factory_Import_CN:EVmaker_Import,EVmaker_Import:PRO:2026-W45:00001,34,[33],[33],[34],[35],on_time -> on_time
IN:mom:Factory_Import_CN:EVmaker_Import,EVmaker_Import:PRO:2026-W45:00002,34,[33],[33],[34],[35],on_time -> on_time
IN:mom:Factory_Import_CN:EVmaker_Import,EVmaker_Import:PRO:2026-W45:00003,34,[33],[33],[34],[35],on_time -> on_time
IN:mom:Factory_Import_CN:EVmaker_Import,EVmaker_Import:PRO:2026-W45:00004,34,[33],[33],[34],[35],on_time -> on_time
IN:mom:Factory_Import_CN:EVmaker_Import,EVmaker_Import:PRO:2026-W45:00005,34,[33],[33],[34],[35],on_time -> on_time
IN:mom:Factory_Import_CN:EVmaker_Import,EVmaker_Import:PRO:2026-W45:00006,34,[33],[33],[34],[35],on_time -> on_time
IN:mom:Factory_Import_CN:EVmaker_Import,EVmaker_Import:PRO:2026-W45:00007,34,[33],[33],[34],[35],on_time -> on_time
IN:mom:Factory_Import_CN:EVmaker_Import,EVmaker_Import:PRO:2026-W45:00008,34,[33],[33],[34],[35],on_time -> on_time
IN:mom:Factory_Import_CN:EVmaker_Import,EVmaker_Import:PRO:2026-W45:00009,34,[33],[33],[34],[35],on_time -> on_time
IN:mom:Factory_Import_CN:EVmaker_Import,EVmaker_Import:PRO:2026-W45:00010,34,[33],[33],[34],[35],on_time -> on_time
IN:mom:Factory_Import_CN:EVmaker_Import,EVmaker_Import:PRO:2026-W45:00011,34,[33],[33],[34],[35],on_time -> on_time
IN:mom:Factory_Import_CN:EVmaker_Import,EVmaker_Import:PRO:2026-W45:00012,34,[33],[33],[34],[35],on_time -> on_time
IN:mom:Factory_Import_CN:EVmaker_Import,EVmaker_Import:PRO:2026-W45:00013,34,[33],[33],[34],[35],on_time -> on_time
IN:mom:Factory_Import_CN:EVmaker_Import,EVmaker_Import:PRO:2026-W45:00014,34,[33],[33],[34],[35],on_time -> on_time
IN:mom:Factory_Import_CN:EVmaker_Import,EVmaker_Import:PRO:2026-W45:00015,34,[33],[33],[34],[35],on_time -> on_time
IN:mom:Factory_Import_CN:EVmaker_Import,EVmaker_Import:PRO:2026-W45:00016,34,[33],[33],[34],[35],on_time -> on_time
IN:mom:Factory_Import_CN:EVmaker_Import,EVmaker_Import:PRO:2026-W45:00017,34,[33],[33],[34],[35],on_time -> on_time
IN:mom:Factory_Import_CN:EVmaker_Import,EVmaker_Import:PRO:2026-W45:00018,34,[33],[33],[34],[35],on_time -> on_time
IN:mom:Factory_Import_CN:EVmaker_Import,EVmaker_Import:PRO:2026-W45:00019,34,[33],[33],[34],[35],on_time -> on_time
IN:mom:Factory_Import_CN:EVmaker_Import,EVmaker_Import:PRO:2026-W45:00020,34,[33],[33],[34],[35],on_time -> on_time
IN:mom:Factory_Import_CN:EVmaker_Import,EVmaker_Import:PRO:2026-W45:00021,34,[33],[33],[34],[35],on_time -> on_time
IN:mom:Factory_Import_CN:EVmaker_Import,EVmaker_Import:PRO:2026-W45:00022,34,[33],[33],[34],[35],on_time -> on_time
IN:mom:Factory_Import_CN:EVmaker_Import,EVmaker_Import:PRO:2026-W45:00023,34,[33],[33],[34],[35],on_time -> on_time
IN:mom:Factory_Import_CN:EVmaker_Import,EVmaker_Import:PRO:2026-W45:00024,34,[33],[33],[34],[35],on_time -> on_time
IN:mom:Factory_Import_CN:EVmaker_Import,EVmaker_Import:PRO:2026-W45:00025,34,[33],[33],[34],[35],on_time -> on_time
IN:mom:Factory_Import_CN:EVmaker_Import,EVmaker_Import:PRO:2026-W45:00026,34,[33],[33],[34],[35],on_time -> on_time
IN:mom:Factory_Import_CN:EVmaker_Import,EVmaker_Import:PRO:2026-W45:00027,34,[33],[33],[34],[35],on_time -> on_time
IN:mom:Factory_Import_CN:EVmaker_Import,EVmaker_Import:PRO:2026-W45:00028,34,[33],[33],[34],[35],on_time -> on_time
IN:mom:Factory_Import_CN:EVmaker_Import,EVmaker_Import:PRO:2026-W45:00029,34,[33],[33],[34],[35],on_time -> on_time
IN:mom:Factory_Import_CN:EVmaker_Import,EVmaker_Import:PRO:2026-W45:00030,34,[33],[33],[34],[35],on_time -> on_time
IN:mom:Factory_Import_CN:EVmaker_Import,EVmaker_Import:PRO:2026-W45:00031,34,[33],[33],[34],[35],on_time -> on_time
IN:mom:Factory_Import_CN:EVmaker_Import,EVmaker_Import:PRO:2026-W45:00032,34,[33],[33],[34],[35],on_time -> on_time
IN:mom:Factory_Import_CN:EVmaker_Import,EVmaker_Import:PRO:2026-W45:00033,34,[33],[33],[34],[35],on_time -> on_time
IN:mom:Factory_Import_CN:EVmaker_Import,EVmaker_Import:PRO:2026-W45:00034,34,[33],[33],[34],[35],on_time -> on_time
IN:mom:Factory_Import_CN:EVmaker_Import,EVmaker_Import:PRO:2026-W45:00035,34,[33],[33],[34],[35],on_time -> on_time
IN:mom:Factory_Import_CN:EVmaker_Import,EVmaker_Import:PRO:2026-W45:00036,34,[33],[33],[34],[35],on_time -> on_time
IN:mom:Factory_Import_CN:EVmaker_Import,EVmaker_Import:PRO:2026-W45:00037,34,[33],[33],[34],[35],on_time -> on_time
IN:mom:Factory_Import_CN:EVmaker_Import,EVmaker_Import:PRO:2026-W45:00038,34,[33],[33],[34],[35],on_time -> on_time
IN:mom:Factory_Import_CN:EVmaker_Import,EVmaker_Import:PRO:2026-W45:00039,34,[33],[33],[34],[35],on_time -> on_time
IN:mom:Factory_Import_CN:EVmaker_Import,EVmaker_Import:PRO:2026-W45:00040,34,[33],[33],[34],[35],on_time -> on_time
IN:mom:Factory_Import_CN:EVmaker_Import,EVmaker_Import:BKK:2026-W45:00019,35,[34],[34],[35],[36],on_time -> on_time
IN:mom:Factory_Import_CN:EVmaker_Import,EVmaker_Import:BKK:2026-W45:00020,35,[34],[34],[35],[36],on_time -> on_time
IN:mom:Factory_Import_CN:EVmaker_Import,EVmaker_Import:BKK:2026-W45:00021,35,[34],[34],[35],[36],on_time -> on_time
IN:mom:Factory_Import_CN:EVmaker_Import,EVmaker_Import:BKK:2026-W45:00022,35,[34],[34],[35],[36],on_time -> on_time
IN:mom:Factory_Import_CN:EVmaker_Import,EVmaker_Import:BKK:2026-W45:00023,35,[34],[34],[35],[36],on_time -> on_time
IN:mom:Factory_Import_CN:EVmaker_Import,EVmaker_Import:BKK:2026-W45:00024,35,[34],[34],[35],[36],on_time -> on_time
IN:mom:Factory_Import_CN:EVmaker_Import,EVmaker_Import:BKK:2026-W45:00025,35,[34],[34],[35],[36],on_time -> on_time
IN:mom:Factory_Import_CN:EVmaker_Import,EVmaker_Import:BKK:2026-W45:00026,35,[34],[34],[35],[36],on_time -> on_time
IN:mom:Factory_Import_CN:EVmaker_Import,EVmaker_Import:BKK:2026-W45:00027,35,[34],[34],[35],[36],on_time -> on_time
IN:mom:Factory_Import_CN:EVmaker_Import,EVmaker_Import:BKK:2026-W45:00028,35,[34],[34],[35],[36],on_time -> on_time
IN:mom:Factory_Import_CN:EVmaker_Import,EVmaker_Import:BKK:2026-W45:00029,35,[34],[34],[35],[36],on_time -> on_time
IN:mom:Factory_Import_CN:EVmaker_Import,EVmaker_Import:BKK:2026-W45:00030,35,[34],[34],[35],[36],on_time -> on_time
IN:mom:Factory_Import_CN:EVmaker_Import,EVmaker_Import:BKK:2026-W45:00031,35,[34],[34],[35],[36],on_time -> on_time
IN:mom:Factory_Import_CN:EVmaker_Import,EVmaker_Import:BKK:2026-W45:00032,35,[34],[34],[35],[36],on_time -> on_time
IN:mom:Factory_Import_CN:EVmaker_Import,EVmaker_Import:BKK:2026-W45:00033,35,[34],[34],[35],[36],on_time -> on_time
IN:mom:Factory_Import_CN:EVmaker_Import,EVmaker_Import:BKK:2026-W45:00034,35,[34],[34],[35],[36],on_time -> on_time
IN:mom:Factory_Import_CN:EVmaker_Import,EVmaker_Import:BKK:2026-W45:00035,35,[34],[34],[35],[36],on_time -> on_time
IN:mom:Factory_Import_CN:EVmaker_Import,EVmaker_Import:BKK:2026-W45:00036,35,[34],[34],[35],[36],on_time -> on_time
IN:mom:Factory_Import_CN:EVmaker_Import,EVmaker_Import:BKK:2026-W45:00037,35,[34],[34],[35],[36],on_time -> on_time
IN:mom:Factory_Import_CN:EVmaker_Import,EVmaker_Import:BKK:2026-W45:00038,35,[34],[34],[35],[36],on_time -> on_time
IN:mom:Factory_Import_CN:EVmaker_Import,EVmaker_Import:BKK:2026-W45:00039,35,[34],[34],[35],[36],on_time -> on_time
IN:mom:Factory_Import_CN:EVmaker_Import,EVmaker_Import:BKK:2026-W45:00040,35,[34],[34],[35],[36],on_time -> on_time
IN:mom:Factory_Import_CN:EVmaker_Import,EVmaker_Import:BKK:2026-W45:00041,35,[34],[34],[35],[36],on_time -> on_time
IN:mom:Factory_Import_CN:EVmaker_Import,EVmaker_Import:BKK:2026-W45:00042,35,[34],[34],[35],[36],on_time -> on_time
IN:mom:Factory_Import_CN:EVmaker_Import,EVmaker_Import:BKK:2026-W45:00043,35,[34],[34],[35],[36],on_time -> on_time
IN:mom:Factory_Import_CN:EVmaker_Import,EVmaker_Import:BKK:2026-W45:00044,35,[34],[34],[35],[36],on_time -> on_time
IN:mom:Factory_Import_CN:EVmaker_Import,EVmaker_Import:BKK:2026-W45:00045,35,[34],[34],[35],[36],on_time -> on_time
IN:mom:Factory_Import_CN:EVmaker_Import,EVmaker_Import:BKK:2026-W45:00046,35,[34],[34],[35],[36],on_time -> on_time
IN:mom:Factory_Import_CN:EVmaker_Import,EVmaker_Import:BKK:2026-W45:00047,35,[34],[34],[35],[36],on_time -> on_time
IN:mom:Factory_Import_CN:EVmaker_Import,EVmaker_Import:BKK:2026-W45:00048,35,[34],[34],[35],[36],on_time -> on_time
IN:mom:Factory_Import_CN:EVmaker_Import,EVmaker_Import:BKK:2026-W45:00049,35,[34],[34],[35],[36],on_time -> on_time
IN:mom:Factory_Import_CN:EVmaker_Import,EVmaker_Import:BKK:2026-W45:00050,35,[34],[34],[35],[36],on_time -> on_time
IN:mom:Factory_Import_CN:EVmaker_Import,EVmaker_Import:BKK:2026-W46:00001,35,[35],[35],[35],[37],on_time -> on_time
IN:mom:Factory_Import_CN:EVmaker_Import,EVmaker_Import:BKK:2026-W46:00002,35,[35],[35],[35],[37],on_time -> on_time
IN:mom:Factory_Import_CN:EVmaker_Import,EVmaker_Import:BKK:2026-W46:00003,35,[35],[35],[35],[37],on_time -> on_time
IN:mom:Factory_Import_CN:EVmaker_Import,EVmaker_Import:BKK:2026-W46:00004,35,[35],[35],[35],[37],on_time -> on_time
IN:mom:Factory_Import_CN:EVmaker_Import,EVmaker_Import:BKK:2026-W46:00005,35,[35],[35],[35],[37],on_time -> on_time
IN:mom:Factory_Import_CN:EVmaker_Import,EVmaker_Import:BKK:2026-W46:00006,35,[35],[35],[35],[37],on_time -> on_time
IN:mom:Factory_Import_CN:EVmaker_Import,EVmaker_Import:BKK:2026-W46:00007,35,[35],[35],[35],[37],on_time -> on_time
IN:mom:Factory_Import_CN:EVmaker_Import,EVmaker_Import:BKK:2026-W46:00008,35,[35],[35],[35],[37],on_time -> on_time
IN:mom:Factory_Import_CN:EVmaker_Import,EVmaker_Import:BKK:2026-W46:00009,35,[35],[35],[35],[37],on_time -> on_time
IN:mom:Factory_Import_CN:EVmaker_Import,EVmaker_Import:BKK:2026-W46:00010,35,[35],[35],[35],[37],on_time -> on_time
IN:mom:Factory_Import_CN:EVmaker_Import,EVmaker_Import:BKK:2026-W46:00011,35,[35],[35],[35],[37],on_time -> on_time
IN:mom:Factory_Import_CN:EVmaker_Import,EVmaker_Import:BKK:2026-W46:00012,35,[35],[35],[35],[37],on_time -> on_time
IN:mom:Factory_Import_CN:EVmaker_Import,EVmaker_Import:BKK:2026-W46:00013,35,[35],[35],[35],[37],on_time -> on_time
IN:mom:Factory_Import_CN:EVmaker_Import,EVmaker_Import:BKK:2026-W46:00014,35,[35],[35],[35],[37],on_time -> on_time
IN:mom:Factory_Import_CN:EVmaker_Import,EVmaker_Import:BKK:2026-W46:00015,35,[35],[35],[35],[37],on_time -> on_time
IN:mom:Factory_Import_CN:EVmaker_Import,EVmaker_Import:BKK:2026-W46:00016,35,[35],[35],[35],[37],on_time -> on_time
IN:mom:Factory_Import_CN:EVmaker_Import,EVmaker_Import:BKK:2026-W46:00017,35,[35],[35],[35],[37],on_time -> on_time
IN:mom:Factory_Import_CN:EVmaker_Import,EVmaker_Import:BKK:2026-W46:00018,35,[35],[35],[35],[37],on_time -> on_time
IN:mom:Factory_Import_CN:EVmaker_Import,EVmaker_Import:ONL:2026-W45:00001,35,[34],[34],[35],[36],on_time -> on_time
IN:mom:Factory_Import_CN:EVmaker_Import,EVmaker_Import:ONL:2026-W45:00002,35,[34],[34],[35],[36],on_time -> on_time
IN:mom:Factory_Import_CN:EVmaker_Import,EVmaker_Import:ONL:2026-W45:00003,35,[34],[34],[35],[36],on_time -> on_time
IN:mom:Factory_Import_CN:EVmaker_Import,EVmaker_Import:ONL:2026-W45:00004,35,[34],[34],[35],[36],on_time -> on_time
IN:mom:Factory_Import_CN:EVmaker_Import,EVmaker_Import:ONL:2026-W45:00005,35,[34],[34],[35],[36],on_time -> on_time
IN:mom:Factory_Import_CN:EVmaker_Import,EVmaker_Import:ONL:2026-W45:00006,35,[34],[34],[35],[36],on_time -> on_time
IN:mom:Factory_Import_CN:EVmaker_Import,EVmaker_Import:ONL:2026-W45:00007,35,[34],[34],[35],[36],on_time -> on_time
IN:mom:Factory_Import_CN:EVmaker_Import,EVmaker_Import:ONL:2026-W45:00008,35,[34],[34],[35],[36],on_time -> on_time
IN:mom:Factory_Import_CN:EVmaker_Import,EVmaker_Import:ONL:2026-W45:00009,35,[34],[34],[35],[36],on_time -> on_time
IN:mom:Factory_Import_CN:EVmaker_Import,EVmaker_Import:ONL:2026-W45:00010,35,[34],[34],[35],[36],on_time -> on_time
IN:mom:Factory_Import_CN:EVmaker_Import,EVmaker_Import:ONL:2026-W47:00001,35,[34],[34],[35],[36],on_time -> on_time
IN:mom:Factory_Import_CN:EVmaker_Import,EVmaker_Import:ONL:2026-W47:00002,35,[34],[34],[35],[36],on_time -> on_time
IN:mom:Factory_Import_CN:EVmaker_Import,EVmaker_Import:ONL:2026-W47:00003,35,[34],[34],[35],[36],on_time -> on_time
IN:mom:Factory_Import_CN:EVmaker_Import,EVmaker_Import:ONL:2026-W47:00004,35,[34],[34],[35],[36],on_time -> on_time
IN:mom:Factory_Import_CN:EVmaker_Import,EVmaker_Import:PRO:2026-W46:00001,35,[34],[34],[35],[36],on_time -> on_time
IN:mom:Factory_Import_CN:EVmaker_Import,EVmaker_Import:PRO:2026-W46:00002,35,[34],[34],[35],[36],on_time -> on_time
IN:mom:Factory_Import_CN:EVmaker_Import,EVmaker_Import:PRO:2026-W46:00003,35,[34],[34],[35],[36],on_time -> on_time
IN:mom:Factory_Import_CN:EVmaker_Import,EVmaker_Import:PRO:2026-W46:00004,35,[34],[34],[35],[36],on_time -> on_time
IN:mom:Factory_Import_CN:EVmaker_Import,EVmaker_Import:PRO:2026-W46:00005,35,[34],[34],[35],[36],on_time -> on_time
IN:mom:Factory_Import_CN:EVmaker_Import,EVmaker_Import:PRO:2026-W46:00006,35,[34],[34],[35],[36],on_time -> on_time
IN:mom:Factory_Import_CN:EVmaker_Import,EVmaker_Import:PRO:2026-W46:00007,35,[34],[34],[35],[36],on_time -> on_time
IN:mom:Factory_Import_CN:EVmaker_Import,EVmaker_Import:PRO:2026-W46:00008,35,[34],[34],[35],[36],on_time -> on_time
IN:mom:Factory_Import_CN:EVmaker_Import,EVmaker_Import:PRO:2026-W46:00009,35,[34],[34],[35],[36],on_time -> on_time
IN:mom:Factory_Import_CN:EVmaker_Import,EVmaker_Import:PRO:2026-W46:00010,35,[34],[34],[35],[36],on_time -> on_time
IN:mom:Factory_Import_CN:EVmaker_Import,EVmaker_Import:PRO:2026-W46:00011,35,[34],[34],[35],[36],on_time -> on_time
IN:mom:Factory_Import_CN:EVmaker_Import,EVmaker_Import:PRO:2026-W46:00012,35,[34],[34],[35],[36],on_time -> on_time
IN:mom:Factory_Import_CN:EVmaker_Import,EVmaker_Import:PRO:2026-W46:00013,35,[34],[34],[35],[36],on_time -> on_time
IN:mom:Factory_Import_CN:EVmaker_Import,EVmaker_Import:PRO:2026-W46:00014,35,[34],[34],[35],[36],on_time -> on_time
IN:mom:Factory_Import_CN:EVmaker_Import,EVmaker_Import:PRO:2026-W46:00015,35,[34],[34],[35],[36],on_time -> on_time
IN:mom:Factory_Import_CN:EVmaker_Import,EVmaker_Import:PRO:2026-W46:00016,35,[34],[34],[35],[36],on_time -> on_time
IN:mom:Factory_Import_CN:EVmaker_Import,EVmaker_Import:PRO:2026-W46:00017,35,[34],[34],[35],[36],on_time -> on_time
IN:mom:Factory_Import_CN:EVmaker_Import,EVmaker_Import:PRO:2026-W46:00018,35,[34],[34],[35],[36],on_time -> on_time
IN:mom:Factory_Import_CN:EVmaker_Import,EVmaker_Import:PRO:2026-W46:00019,35,[34],[34],[35],[36],on_time -> on_time
IN:mom:Factory_Import_CN:EVmaker_Import,EVmaker_Import:PRO:2026-W46:00020,35,[34],[34],[35],[36],on_time -> on_time
IN:mom:Factory_Import_CN:EVmaker_Import,EVmaker_Import:PRO:2026-W46:00021,35,[34],[34],[35],[36],on_time -> on_time
IN:mom:Factory_Import_CN:EVmaker_Import,EVmaker_Import:PRO:2026-W46:00022,35,[34],[34],[35],[36],on_time -> on_time
IN:mom:Factory_Import_CN:EVmaker_Import,EVmaker_Import:PRO:2026-W46:00023,35,[34],[34],[35],[36],on_time -> on_time
IN:mom:Factory_Import_CN:EVmaker_Import,EVmaker_Import:PRO:2026-W46:00024,35,[34],[34],[35],[36],on_time -> on_time
IN:mom:Factory_Import_CN:EVmaker_Import,EVmaker_Import:PRO:2026-W46:00025,35,[34],[34],[35],[36],on_time -> on_time
IN:mom:Factory_Import_CN:EVmaker_Import,EVmaker_Import:PRO:2026-W46:00026,35,[34],[34],[35],[36],on_time -> on_time
IN:mom:Factory_Import_CN:EVmaker_Import,EVmaker_Import:PRO:2026-W46:00027,35,[34],[34],[35],[36],on_time -> on_time
IN:mom:Factory_Import_CN:EVmaker_Import,EVmaker_Import:PRO:2026-W46:00028,35,[34],[34],[35],[36],on_time -> on_time
IN:mom:Factory_Import_CN:EVmaker_Import,EVmaker_Import:PRO:2026-W46:00029,35,[34],[34],[35],[36],on_time -> on_time
IN:mom:Factory_Import_CN:EVmaker_Import,EVmaker_Import:PRO:2026-W46:00030,35,[34],[34],[35],[36],on_time -> on_time
IN:mom:Factory_Import_CN:EVmaker_Import,EVmaker_Import:PRO:2026-W46:00031,35,[34],[34],[35],[36],on_time -> on_time
IN:mom:Factory_Import_CN:EVmaker_Import,EVmaker_Import:PRO:2026-W46:00032,35,[34],[34],[35],[36],on_time -> on_time
IN:mom:Factory_Import_CN:EVmaker_Import,EVmaker_Import:PRO:2026-W46:00033,35,[34],[34],[35],[36],on_time -> on_time
IN:mom:Factory_Import_CN:EVmaker_Import,EVmaker_Import:PRO:2026-W46:00034,35,[34],[34],[35],[36],on_time -> on_time
IN:mom:Factory_Import_CN:EVmaker_Import,EVmaker_Import:PRO:2026-W46:00035,35,[34],[34],[35],[36],on_time -> on_time
IN:mom:Factory_Import_CN:EVmaker_Import,EVmaker_Import:PRO:2026-W46:00036,35,[34],[34],[35],[36],on_time -> on_time
IN:mom:Factory_Import_CN:EVmaker_Import,EVmaker_Import:PRO:2026-W46:00037,35,[34],[34],[35],[36],on_time -> on_time
IN:mom:Factory_Import_CN:EVmaker_Import,EVmaker_Import:PRO:2026-W46:00038,35,[34],[34],[35],[36],on_time -> on_time
IN:mom:Factory_Import_CN:EVmaker_Import,EVmaker_Import:PRO:2026-W46:00039,35,[34],[34],[35],[36],on_time -> on_time
IN:mom:Factory_Import_CN:EVmaker_Import,EVmaker_Import:PRO:2026-W46:00040,35,[34],[34],[35],[36],on_time -> on_time
IN:mom:Factory_Import_CN:EVmaker_Import,EVmaker_Import:PRO:2026-W48:00001,35,[34],[34],[35],[36],on_time -> on_time
IN:mom:Factory_Import_CN:EVmaker_Import,EVmaker_Import:PRO:2026-W48:00002,35,[34],[34],[35],[36],on_time -> on_time
IN:mom:Factory_Import_CN:EVmaker_Import,EVmaker_Import:PRO:2026-W48:00003,35,[34],[34],[35],[36],on_time -> on_time
IN:mom:Factory_Import_CN:EVmaker_Import,EVmaker_Import:PRO:2026-W48:00004,35,[34],[34],[35],[36],on_time -> on_time
IN:mom:Factory_Import_CN:EVmaker_Import,EVmaker_Import:PRO:2026-W48:00005,35,[34],[34],[35],[36],on_time -> on_time
IN:mom:Factory_Import_CN:EVmaker_Import,EVmaker_Import:PRO:2026-W48:00006,35,[34],[34],[35],[36],on_time -> on_time
IN:mom:Factory_Import_CN:EVmaker_Import,EVmaker_Import:PRO:2026-W48:00007,35,[34],[34],[35],[36],on_time -> on_time
IN:mom:Factory_Import_CN:EVmaker_Import,EVmaker_Import:PRO:2026-W48:00008,35,[34],[34],[35],[36],on_time -> on_time
IN:mom:Factory_Import_CN:EVmaker_Import,EVmaker_Import:PRO:2026-W48:00009,35,[34],[34],[35],[36],on_time -> on_time
IN:mom:Factory_Import_CN:EVmaker_Import,EVmaker_Import:PRO:2026-W48:00010,35,[34],[34],[35],[36],on_time -> on_time
IN:mom:Factory_Import_CN:EVmaker_Import,EVmaker_Import:PRO:2026-W48:00011,35,[34],[34],[35],[36],on_time -> on_time
IN:mom:Factory_Import_CN:EVmaker_Import,EVmaker_Import:PRO:2026-W48:00012,35,[34],[34],[35],[36],on_time -> on_time
IN:mom:Factory_Import_CN:EVmaker_Import,EVmaker_Import:PRO:2026-W48:00013,35,[34],[34],[35],[36],on_time -> on_time
IN:mom:Factory_Import_CN:EVmaker_Import,EVmaker_Import:PRO:2026-W48:00014,35,[34],[34],[35],[36],on_time -> on_time
IN:mom:Factory_Import_CN:EVmaker_Import,EVmaker_Import:PRO:2026-W48:00015,35,[34],[34],[35],[36],on_time -> on_time
IN:mom:Factory_Import_CN:EVmaker_Import,EVmaker_Import:PRO:2026-W48:00016,35,[34],[34],[35],[36],on_time -> on_time
IN:mom:Factory_Import_CN:EVmaker_Import,EVmaker_Import:PRO:2026-W48:00017,35,[34],[34],[35],[36],on_time -> on_time
IN:mom:Factory_Import_CN:EVmaker_Import,EVmaker_Import:PRO:2026-W48:00018,35,[34],[34],[35],[36],on_time -> on_time
IN:mom:Factory_Import_CN:EVmaker_Import,EVmaker_Import:PRO:2026-W48:00019,35,[34],[34],[35],[36],on_time -> on_time
IN:mom:Factory_Import_CN:EVmaker_Import,EVmaker_Import:PRO:2026-W48:00020,35,[34],[34],[35],[36],on_time -> on_time
IN:mom:Factory_Import_CN:EVmaker_Import,EVmaker_Import:PRO:2026-W48:00021,35,[34],[34],[35],[36],on_time -> on_time
IN:mom:Factory_Import_CN:EVmaker_Import,EVmaker_Import:PRO:2026-W48:00022,35,[34],[34],[35],[36],on_time -> on_time
IN:mom:Factory_Import_CN:EVmaker_Import,EVmaker_Import:PRO:2026-W48:00023,35,[34],[34],[35],[36],on_time -> on_time
IN:mom:Factory_Import_CN:EVmaker_Import,EVmaker_Import:PRO:2026-W48:00024,35,[34],[34],[35],[36],on_time -> on_time
IN:mom:Factory_Import_CN:EVmaker_Import,EVmaker_Import:PRO:2026-W48:00025,35,[34],[34],[35],[36],on_time -> on_time
IN:mom:Factory_Import_CN:EVmaker_Import,EVmaker_Import:PRO:2026-W48:00026,35,[34],[34],[35],[36],on_time -> on_time
IN:mom:Factory_Import_CN:EVmaker_Import,EVmaker_Import:PRO:2026-W48:00027,35,[34],[34],[35],[36],on_time -> on_time
IN:mom:Factory_Import_CN:EVmaker_Import,EVmaker_Import:PRO:2026-W48:00028,35,[34],[34],[35],[36],on_time -> on_time
IN:mom:Factory_Import_CN:EVmaker_Import,EVmaker_Import:PRO:2026-W48:00029,35,[34],[34],[35],[36],on_time -> on_time
IN:mom:Factory_Import_CN:EVmaker_Import,EVmaker_Import:PRO:2026-W48:00030,35,[34],[34],[35],[36],on_time -> on_time
IN:mom:Factory_Import_CN:EVmaker_Import,EVmaker_Import:PRO:2026-W48:00031,35,[34],[34],[35],[36],on_time -> on_time
IN:mom:Factory_Import_CN:EVmaker_Import,EVmaker_Import:PRO:2026-W48:00032,35,[34],[34],[35],[36],on_time -> on_time
IN:mom:Factory_Import_CN:EVmaker_Import,EVmaker_Import:PRO:2026-W48:00033,35,[34],[34],[35],[36],on_time -> on_time
IN:mom:Factory_Import_CN:EVmaker_Import,EVmaker_Import:PRO:2026-W48:00034,35,[34],[34],[35],[36],on_time -> on_time
IN:mom:Factory_Import_CN:EVmaker_Import,EVmaker_Import:PRO:2026-W48:00035,35,[34],[34],[35],[36],on_time -> on_time
IN:mom:Factory_Import_CN:EVmaker_Import,EVmaker_Import:PRO:2026-W48:00036,35,[34],[34],[35],[36],on_time -> on_time
IN:mom:Factory_Import_CN:EVmaker_Import,EVmaker_Import:PRO:2026-W48:00037,35,[34],[34],[35],[36],on_time -> on_time
IN:mom:Factory_Import_CN:EVmaker_Import,EVmaker_Import:PRO:2026-W48:00038,35,[34],[34],[35],[36],on_time -> on_time
IN:mom:Factory_Import_CN:EVmaker_Import,EVmaker_Import:PRO:2026-W48:00039,35,[34],[34],[35],[36],on_time -> on_time
IN:mom:Factory_Import_CN:EVmaker_Import,EVmaker_Import:PRO:2026-W48:00040,35,[34],[34],[35],[36],on_time -> on_time
IN:mom:Factory_Import_CN:EVmaker_Import,EVmaker_Import:PRO:2026-W48:00041,35,[34],[34],[35],[36],on_time -> on_time
IN:mom:Factory_Import_CN:EVmaker_Import,EVmaker_Import:PRO:2026-W48:00042,35,[34],[34],[35],[36],on_time -> on_time
IN:mom:Factory_Import_CN:EVmaker_Import,EVmaker_Import:PRO:2026-W48:00043,35,[34],[34],[35],[36],on_time -> on_time
IN:mom:Factory_Import_CN:EVmaker_Import,EVmaker_Import:PRO:2026-W48:00044,35,[34],[34],[35],[36],on_time -> on_time
IN:mom:Factory_Import_CN:EVmaker_Import,EVmaker_Import:PRO:2026-W48:00045,35,[34],[34],[35],[36],on_time -> on_time
IN:mom:Factory_Import_CN:EVmaker_Import,EVmaker_Import:PRO:2026-W48:00046,35,[34],[34],[35],[36],on_time -> on_time
IN:mom:Factory_Import_CN:EVmaker_Import,EVmaker_Import:BKK:2026-W46:00019,36,[35],[35],[36],[37],on_time -> on_time
IN:mom:Factory_Import_CN:EVmaker_Import,EVmaker_Import:BKK:2026-W46:00020,36,[35],[35],[36],[37],on_time -> on_time
IN:mom:Factory_Import_CN:EVmaker_Import,EVmaker_Import:BKK:2026-W46:00021,36,[35],[35],[36],[37],on_time -> on_time
IN:mom:Factory_Import_CN:EVmaker_Import,EVmaker_Import:BKK:2026-W46:00022,36,[35],[35],[36],[37],on_time -> on_time
IN:mom:Factory_Import_CN:EVmaker_Import,EVmaker_Import:BKK:2026-W46:00023,36,[35],[35],[36],[37],on_time -> on_time
IN:mom:Factory_Import_CN:EVmaker_Import,EVmaker_Import:BKK:2026-W46:00024,36,[35],[35],[36],[37],on_time -> on_time
IN:mom:Factory_Import_CN:EVmaker_Import,EVmaker_Import:BKK:2026-W46:00025,36,[35],[35],[36],[37],on_time -> on_time
IN:mom:Factory_Import_CN:EVmaker_Import,EVmaker_Import:BKK:2026-W46:00026,36,[35],[35],[36],[37],on_time -> on_time
IN:mom:Factory_Import_CN:EVmaker_Import,EVmaker_Import:BKK:2026-W46:00027,36,[35],[35],[36],[37],on_time -> on_time
IN:mom:Factory_Import_CN:EVmaker_Import,EVmaker_Import:BKK:2026-W46:00028,36,[35],[35],[36],[37],on_time -> on_time
IN:mom:Factory_Import_CN:EVmaker_Import,EVmaker_Import:BKK:2026-W46:00029,36,[35],[35],[36],[37],on_time -> on_time
IN:mom:Factory_Import_CN:EVmaker_Import,EVmaker_Import:BKK:2026-W46:00030,36,[35],[35],[36],[37],on_time -> on_time
IN:mom:Factory_Import_CN:EVmaker_Import,EVmaker_Import:BKK:2026-W46:00031,36,[35],[35],[36],[37],on_time -> on_time
IN:mom:Factory_Import_CN:EVmaker_Import,EVmaker_Import:BKK:2026-W46:00032,36,[35],[35],[36],[37],on_time -> on_time
IN:mom:Factory_Import_CN:EVmaker_Import,EVmaker_Import:BKK:2026-W46:00033,36,[35],[35],[36],[37],on_time -> on_time
IN:mom:Factory_Import_CN:EVmaker_Import,EVmaker_Import:BKK:2026-W46:00034,36,[35],[35],[36],[37],on_time -> on_time
IN:mom:Factory_Import_CN:EVmaker_Import,EVmaker_Import:BKK:2026-W46:00035,36,[35],[35],[36],[37],on_time -> on_time
IN:mom:Factory_Import_CN:EVmaker_Import,EVmaker_Import:BKK:2026-W46:00036,36,[35],[35],[36],[37],on_time -> on_time
IN:mom:Factory_Import_CN:EVmaker_Import,EVmaker_Import:BKK:2026-W46:00037,36,[35],[35],[36],[37],on_time -> on_time
IN:mom:Factory_Import_CN:EVmaker_Import,EVmaker_Import:BKK:2026-W46:00038,36,[35],[35],[36],[37],on_time -> on_time
IN:mom:Factory_Import_CN:EVmaker_Import,EVmaker_Import:BKK:2026-W46:00039,36,[35],[35],[36],[37],on_time -> on_time
IN:mom:Factory_Import_CN:EVmaker_Import,EVmaker_Import:BKK:2026-W46:00040,36,[35],[35],[36],[37],on_time -> on_time
IN:mom:Factory_Import_CN:EVmaker_Import,EVmaker_Import:BKK:2026-W46:00041,36,[35],[35],[36],[37],on_time -> on_time
IN:mom:Factory_Import_CN:EVmaker_Import,EVmaker_Import:BKK:2026-W46:00042,36,[35],[35],[36],[37],on_time -> on_time
IN:mom:Factory_Import_CN:EVmaker_Import,EVmaker_Import:BKK:2026-W46:00043,36,[35],[35],[36],[37],on_time -> on_time
IN:mom:Factory_Import_CN:EVmaker_Import,EVmaker_Import:BKK:2026-W46:00044,36,[35],[35],[36],[37],on_time -> on_time
IN:mom:Factory_Import_CN:EVmaker_Import,EVmaker_Import:BKK:2026-W46:00045,36,[35],[35],[36],[37],on_time -> on_time
IN:mom:Factory_Import_CN:EVmaker_Import,EVmaker_Import:BKK:2026-W46:00046,36,[35],[35],[36],[37],on_time -> on_time
IN:mom:Factory_Import_CN:EVmaker_Import,EVmaker_Import:BKK:2026-W46:00047,36,[35],[35],[36],[37],on_time -> on_time
IN:mom:Factory_Import_CN:EVmaker_Import,EVmaker_Import:BKK:2026-W46:00048,36,[35],[35],[36],[37],on_time -> on_time
IN:mom:Factory_Import_CN:EVmaker_Import,EVmaker_Import:BKK:2026-W46:00049,36,[35],[35],[36],[37],on_time -> on_time
IN:mom:Factory_Import_CN:EVmaker_Import,EVmaker_Import:BKK:2026-W46:00050,36,[35],[35],[36],[37],on_time -> on_time
IN:mom:Factory_Import_CN:EVmaker_Import,EVmaker_Import:BKK:2026-W47:00001,36,[35],[35],[36],[37],on_time -> on_time
IN:mom:Factory_Import_CN:EVmaker_Import,EVmaker_Import:BKK:2026-W47:00002,36,[35],[35],[36],[37],on_time -> on_time
IN:mom:Factory_Import_CN:EVmaker_Import,EVmaker_Import:BKK:2026-W47:00003,36,[35],[35],[36],[37],on_time -> on_time
IN:mom:Factory_Import_CN:EVmaker_Import,EVmaker_Import:BKK:2026-W47:00004,36,[35],[35],[36],[37],on_time -> on_time
IN:mom:Factory_Import_CN:EVmaker_Import,EVmaker_Import:BKK:2026-W47:00005,36,[35],[35],[36],[37],on_time -> on_time
IN:mom:Factory_Import_CN:EVmaker_Import,EVmaker_Import:BKK:2026-W47:00006,36,[35],[35],[36],[37],on_time -> on_time
IN:mom:Factory_Import_CN:EVmaker_Import,EVmaker_Import:BKK:2026-W47:00007,36,[35],[35],[36],[37],on_time -> on_time
IN:mom:Factory_Import_CN:EVmaker_Import,EVmaker_Import:BKK:2026-W47:00008,36,[35],[35],[36],[37],on_time -> on_time
IN:mom:Factory_Import_CN:EVmaker_Import,EVmaker_Import:BKK:2026-W47:00009,36,[35],[35],[36],[37],on_time -> on_time
IN:mom:Factory_Import_CN:EVmaker_Import,EVmaker_Import:BKK:2026-W47:00010,36,[35],[35],[36],[37],on_time -> on_time
IN:mom:Factory_Import_CN:EVmaker_Import,EVmaker_Import:BKK:2026-W47:00011,36,[35],[35],[36],[37],on_time -> on_time
IN:mom:Factory_Import_CN:EVmaker_Import,EVmaker_Import:BKK:2026-W47:00012,36,[35],[35],[36],[37],on_time -> on_time
IN:mom:Factory_Import_CN:EVmaker_Import,EVmaker_Import:BKK:2026-W47:00013,36,[35],[35],[36],[37],on_time -> on_time
IN:mom:Factory_Import_CN:EVmaker_Import,EVmaker_Import:BKK:2026-W47:00014,36,[35],[35],[36],[37],on_time -> on_time
IN:mom:Factory_Import_CN:EVmaker_Import,EVmaker_Import:BKK:2026-W47:00015,36,[35],[35],[36],[37],on_time -> on_time
IN:mom:Factory_Import_CN:EVmaker_Import,EVmaker_Import:BKK:2026-W47:00016,36,[35],[35],[36],[37],on_time -> on_time
IN:mom:Factory_Import_CN:EVmaker_Import,EVmaker_Import:BKK:2026-W47:00017,36,[35],[35],[36],[37],on_time -> on_time
IN:mom:Factory_Import_CN:EVmaker_Import,EVmaker_Import:BKK:2026-W47:00018,36,[35],[35],[36],[37],on_time -> on_time
IN:mom:Factory_Import_CN:EVmaker_Import,EVmaker_Import:BKK:2026-W47:00019,36,[35],[35],[36],[37],on_time -> on_time
IN:mom:Factory_Import_CN:EVmaker_Import,EVmaker_Import:BKK:2026-W47:00020,36,[35],[35],[36],[37],on_time -> on_time
IN:mom:Factory_Import_CN:EVmaker_Import,EVmaker_Import:BKK:2026-W47:00021,36,[35],[35],[36],[37],on_time -> on_time
IN:mom:Factory_Import_CN:EVmaker_Import,EVmaker_Import:BKK:2026-W47:00022,36,[35],[35],[36],[37],on_time -> on_time
IN:mom:Factory_Import_CN:EVmaker_Import,EVmaker_Import:BKK:2026-W47:00023,36,[35],[35],[36],[37],on_time -> on_time
IN:mom:Factory_Import_CN:EVmaker_Import,EVmaker_Import:BKK:2026-W47:00024,36,[35],[35],[36],[37],on_time -> on_time
IN:mom:Factory_Import_CN:EVmaker_Import,EVmaker_Import:BKK:2026-W47:00025,36,[35],[35],[36],[37],on_time -> on_time
IN:mom:Factory_Import_CN:EVmaker_Import,EVmaker_Import:BKK:2026-W47:00026,36,[35],[35],[36],[37],on_time -> on_time
IN:mom:Factory_Import_CN:EVmaker_Import,EVmaker_Import:BKK:2026-W47:00027,36,[35],[35],[36],[37],on_time -> on_time
IN:mom:Factory_Import_CN:EVmaker_Import,EVmaker_Import:BKK:2026-W47:00028,36,[35],[35],[36],[37],on_time -> on_time
IN:mom:Factory_Import_CN:EVmaker_Import,EVmaker_Import:BKK:2026-W47:00029,36,[35],[35],[36],[37],on_time -> on_time
IN:mom:Factory_Import_CN:EVmaker_Import,EVmaker_Import:BKK:2026-W47:00030,36,[35],[35],[36],[37],on_time -> on_time
IN:mom:Factory_Import_CN:EVmaker_Import,EVmaker_Import:BKK:2026-W47:00031,36,[35],[35],[36],[37],on_time -> on_time
IN:mom:Factory_Import_CN:EVmaker_Import,EVmaker_Import:BKK:2026-W47:00032,36,[35],[35],[36],[37],on_time -> on_time
IN:mom:Factory_Import_CN:EVmaker_Import,EVmaker_Import:BKK:2026-W47:00033,36,[35],[35],[36],[37],on_time -> on_time
IN:mom:Factory_Import_CN:EVmaker_Import,EVmaker_Import:BKK:2026-W47:00034,36,[35],[35],[36],[37],on_time -> on_time
IN:mom:Factory_Import_CN:EVmaker_Import,EVmaker_Import:BKK:2026-W47:00035,36,[35],[35],[36],[37],on_time -> on_time
IN:mom:Factory_Import_CN:EVmaker_Import,EVmaker_Import:BKK:2026-W47:00036,36,[35],[35],[36],[37],on_time -> on_time
IN:mom:Factory_Import_CN:EVmaker_Import,EVmaker_Import:BKK:2026-W47:00037,36,[35],[35],[36],[37],on_time -> on_time
IN:mom:Factory_Import_CN:EVmaker_Import,EVmaker_Import:BKK:2026-W47:00038,36,[35],[35],[36],[37],on_time -> on_time
IN:mom:Factory_Import_CN:EVmaker_Import,EVmaker_Import:BKK:2026-W47:00039,36,[35],[35],[36],[37],on_time -> on_time
IN:mom:Factory_Import_CN:EVmaker_Import,EVmaker_Import:BKK:2026-W47:00040,36,[35],[35],[36],[37],on_time -> on_time
IN:mom:Factory_Import_CN:EVmaker_Import,EVmaker_Import:BKK:2026-W47:00041,36,[35],[35],[36],[37],on_time -> on_time
IN:mom:Factory_Import_CN:EVmaker_Import,EVmaker_Import:BKK:2026-W47:00042,36,[35],[35],[36],[37],on_time -> on_time
IN:mom:Factory_Import_CN:EVmaker_Import,EVmaker_Import:BKK:2026-W47:00043,36,[35],[35],[36],[37],on_time -> on_time
IN:mom:Factory_Import_CN:EVmaker_Import,EVmaker_Import:BKK:2026-W47:00044,36,[35],[35],[36],[37],on_time -> on_time
IN:mom:Factory_Import_CN:EVmaker_Import,EVmaker_Import:BKK:2026-W47:00045,36,[35],[35],[36],[37],on_time -> on_time
IN:mom:Factory_Import_CN:EVmaker_Import,EVmaker_Import:BKK:2026-W47:00046,36,[35],[35],[36],[37],on_time -> on_time
IN:mom:Factory_Import_CN:EVmaker_Import,EVmaker_Import:BKK:2026-W47:00047,36,[35],[35],[36],[37],on_time -> on_time
IN:mom:Factory_Import_CN:EVmaker_Import,EVmaker_Import:BKK:2026-W47:00048,36,[35],[35],[36],[37],on_time -> on_time
IN:mom:Factory_Import_CN:EVmaker_Import,EVmaker_Import:BKK:2026-W47:00049,36,[35],[35],[36],[37],on_time -> on_time
IN:mom:Factory_Import_CN:EVmaker_Import,EVmaker_Import:BKK:2026-W47:00050,36,[35],[35],[36],[37],on_time -> on_time
IN:mom:Factory_Import_CN:EVmaker_Import,EVmaker_Import:ONL:2026-W46:00001,36,[35],[35],[36],[37],on_time -> on_time
IN:mom:Factory_Import_CN:EVmaker_Import,EVmaker_Import:ONL:2026-W46:00002,36,[35],[35],[36],[37],on_time -> on_time
IN:mom:Factory_Import_CN:EVmaker_Import,EVmaker_Import:ONL:2026-W46:00003,36,[35],[35],[36],[37],on_time -> on_time
IN:mom:Factory_Import_CN:EVmaker_Import,EVmaker_Import:ONL:2026-W46:00004,36,[35],[35],[36],[37],on_time -> on_time
IN:mom:Factory_Import_CN:EVmaker_Import,EVmaker_Import:ONL:2026-W46:00005,36,[35],[35],[36],[37],on_time -> on_time
IN:mom:Factory_Import_CN:EVmaker_Import,EVmaker_Import:ONL:2026-W46:00006,36,[35],[35],[36],[37],on_time -> on_time
IN:mom:Factory_Import_CN:EVmaker_Import,EVmaker_Import:ONL:2026-W46:00007,36,[35],[35],[36],[37],on_time -> on_time
IN:mom:Factory_Import_CN:EVmaker_Import,EVmaker_Import:ONL:2026-W46:00008,36,[35],[35],[36],[37],on_time -> on_time
IN:mom:Factory_Import_CN:EVmaker_Import,EVmaker_Import:ONL:2026-W46:00009,36,[35],[35],[36],[37],on_time -> on_time
IN:mom:Factory_Import_CN:EVmaker_Import,EVmaker_Import:ONL:2026-W46:00010,36,[35],[35],[36],[37],on_time -> on_time
IN:mom:Factory_Import_CN:EVmaker_Import,EVmaker_Import:PRO:2026-W47:00001,36,[35],[35],[36],[37],on_time -> on_time
IN:mom:Factory_Import_CN:EVmaker_Import,EVmaker_Import:PRO:2026-W47:00002,36,[35],[35],[36],[37],on_time -> on_time
IN:mom:Factory_Import_CN:EVmaker_Import,EVmaker_Import:PRO:2026-W47:00003,36,[35],[35],[36],[37],on_time -> on_time
IN:mom:Factory_Import_CN:EVmaker_Import,EVmaker_Import:PRO:2026-W47:00004,36,[35],[35],[36],[37],on_time -> on_time
IN:mom:Factory_Import_CN:EVmaker_Import,EVmaker_Import:PRO:2026-W47:00005,36,[35],[35],[36],[37],on_time -> on_time
IN:mom:Factory_Import_CN:EVmaker_Import,EVmaker_Import:PRO:2026-W47:00006,36,[35],[35],[36],[37],on_time -> on_time
IN:mom:Factory_Import_CN:EVmaker_Import,EVmaker_Import:PRO:2026-W47:00007,36,[35],[35],[36],[37],on_time -> on_time
IN:mom:Factory_Import_CN:EVmaker_Import,EVmaker_Import:PRO:2026-W47:00008,36,[35],[35],[36],[37],on_time -> on_time
IN:mom:Factory_Import_CN:EVmaker_Import,EVmaker_Import:PRO:2026-W47:00009,36,[35],[35],[36],[37],on_time -> on_time
IN:mom:Factory_Import_CN:EVmaker_Import,EVmaker_Import:PRO:2026-W47:00010,36,[35],[35],[36],[37],on_time -> on_time
IN:mom:Factory_Import_CN:EVmaker_Import,EVmaker_Import:PRO:2026-W47:00011,36,[35],[35],[36],[37],on_time -> on_time
IN:mom:Factory_Import_CN:EVmaker_Import,EVmaker_Import:PRO:2026-W47:00012,36,[35],[35],[36],[37],on_time -> on_time
IN:mom:Factory_Import_CN:EVmaker_Import,EVmaker_Import:PRO:2026-W47:00013,36,[35],[35],[36],[37],on_time -> on_time
IN:mom:Factory_Import_CN:EVmaker_Import,EVmaker_Import:PRO:2026-W47:00014,36,[35],[35],[36],[37],on_time -> on_time
IN:mom:Factory_Import_CN:EVmaker_Import,EVmaker_Import:PRO:2026-W47:00015,36,[35],[35],[36],[37],on_time -> on_time
IN:mom:Factory_Import_CN:EVmaker_Import,EVmaker_Import:PRO:2026-W47:00016,36,[35],[35],[36],[37],on_time -> on_time
IN:mom:Factory_Import_CN:EVmaker_Import,EVmaker_Import:PRO:2026-W47:00017,36,[35],[35],[36],[37],on_time -> on_time
IN:mom:Factory_Import_CN:EVmaker_Import,EVmaker_Import:PRO:2026-W47:00018,36,[35],[35],[36],[37],on_time -> on_time
IN:mom:Factory_Import_CN:EVmaker_Import,EVmaker_Import:PRO:2026-W47:00019,36,[35],[35],[36],[37],on_time -> on_time
IN:mom:Factory_Import_CN:EVmaker_Import,EVmaker_Import:PRO:2026-W47:00020,36,[35],[35],[36],[37],on_time -> on_time
IN:mom:Factory_Import_CN:EVmaker_Import,EVmaker_Import:PRO:2026-W47:00021,36,[35],[35],[36],[37],on_time -> on_time
IN:mom:Factory_Import_CN:EVmaker_Import,EVmaker_Import:PRO:2026-W47:00022,36,[35],[35],[36],[37],on_time -> on_time
IN:mom:Factory_Import_CN:EVmaker_Import,EVmaker_Import:PRO:2026-W47:00023,36,[35],[35],[36],[37],on_time -> on_time
IN:mom:Factory_Import_CN:EVmaker_Import,EVmaker_Import:PRO:2026-W47:00024,36,[35],[35],[36],[37],on_time -> on_time
IN:mom:Factory_Import_CN:EVmaker_Import,EVmaker_Import:PRO:2026-W47:00025,36,[35],[35],[36],[37],on_time -> on_time
IN:mom:Factory_Import_CN:EVmaker_Import,EVmaker_Import:PRO:2026-W47:00026,36,[35],[35],[36],[37],on_time -> on_time
IN:mom:Factory_Import_CN:EVmaker_Import,EVmaker_Import:PRO:2026-W47:00027,36,[35],[35],[36],[37],on_time -> on_time
IN:mom:Factory_Import_CN:EVmaker_Import,EVmaker_Import:PRO:2026-W47:00028,36,[35],[35],[36],[37],on_time -> on_time
IN:mom:Factory_Import_CN:EVmaker_Import,EVmaker_Import:PRO:2026-W47:00029,36,[35],[35],[36],[37],on_time -> on_time
IN:mom:Factory_Import_CN:EVmaker_Import,EVmaker_Import:PRO:2026-W47:00030,36,[35],[35],[36],[37],on_time -> on_time
IN:mom:Factory_Import_CN:EVmaker_Import,EVmaker_Import:PRO:2026-W47:00031,36,[35],[35],[36],[37],on_time -> on_time
IN:mom:Factory_Import_CN:EVmaker_Import,EVmaker_Import:PRO:2026-W47:00032,36,[35],[35],[36],[37],on_time -> on_time
IN:mom:Factory_Import_CN:EVmaker_Import,EVmaker_Import:PRO:2026-W47:00033,36,[35],[35],[36],[37],on_time -> on_time
IN:mom:Factory_Import_CN:EVmaker_Import,EVmaker_Import:PRO:2026-W47:00034,36,[35],[35],[36],[37],on_time -> on_time
IN:mom:Factory_Import_CN:EVmaker_Import,EVmaker_Import:PRO:2026-W47:00035,36,[35],[35],[36],[37],on_time -> on_time
IN:mom:Factory_Import_CN:EVmaker_Import,EVmaker_Import:PRO:2026-W47:00036,36,[35],[35],[36],[37],on_time -> on_time
IN:mom:Factory_Import_CN:EVmaker_Import,EVmaker_Import:PRO:2026-W47:00037,36,[35],[35],[36],[37],on_time -> on_time
IN:mom:Factory_Import_CN:EVmaker_Import,EVmaker_Import:PRO:2026-W47:00038,36,[35],[35],[36],[37],on_time -> on_time
IN:mom:Factory_Import_CN:EVmaker_Import,EVmaker_Import:PRO:2026-W47:00039,36,[35],[35],[36],[37],on_time -> on_time
IN:mom:Factory_Import_CN:EVmaker_Import,EVmaker_Import:PRO:2026-W47:00040,36,[35],[35],[36],[37],on_time -> on_time
