product,node_name,node_id,week,cap_hard,processing_limit,is_open,physical_cap_max_denominator,hard_normalized,processing_normalized,receipts_skip_hard_cap,missing_capacity_is_not_zero
SmartX,AssemblyCN_g1,IN:mom:AssemblyCN_g1:SmartX,2025-W36,0.0,,True,,,,False,True
SmartX,FoundryTW_g1,IN:mom:FoundryTW_g1:SmartX,2025-W36,0.0,,True,,,,False,True
SmartX,WaferFab_TW_g1,IN:leaf_in:WaferFab_TW_g1:SmartX,2025-W36,0.0,,True,,,,False,True
SmartX,AssemblyCN_g1,IN:mom:AssemblyCN_g1:SmartX,2025-W37,0.0,,True,,,,False,True
SmartX,FoundryTW_g1,IN:mom:FoundryTW_g1:SmartX,2025-W37,0.0,,True,,,,False,True
SmartX,WaferFab_TW_g1,IN:leaf_in:WaferFab_TW_g1:SmartX,2025-W37,0.0,,True,,,,False,True
SmartX,AssemblyCN_g1,IN:mom:AssemblyCN_g1:SmartX,2025-W38,0.0,,True,,,,False,True
SmartX,FoundryTW_g1,IN:mom:FoundryTW_g1:SmartX,2025-W38,0.0,,True,,,,False,True
SmartX,WaferFab_TW_g1,IN:leaf_in:WaferFab_TW_g1:SmartX,2025-W38,0.0,,True,,,,False,True
SmartX,AssemblyCN_g1,IN:mom:AssemblyCN_g1:SmartX,2025-W39,0.0,,True,,,,False,True
SmartX,FoundryTW_g1,IN:mom:FoundryTW_g1:SmartX,2025-W39,0.0,,True,,,,False,True
SmartX,WaferFab_TW_g1,IN:leaf_in:WaferFab_TW_g1:SmartX,2025-W39,0.0,,True,,,,False,True
SmartX,AssemblyCN_g1,IN:mom:AssemblyCN_g1:SmartX,2025-W40,0.0,,True,,,,False,True
SmartX,FoundryTW_g1,IN:mom:FoundryTW_g1:SmartX,2025-W40,0.0,,True,,,,False,True
SmartX,WaferFab_TW_g1,IN:leaf_in:WaferFab_TW_g1:SmartX,2025-W40,0.0,,True,,,,False,True
SmartX,AssemblyCN_g1,IN:mom:AssemblyCN_g1:SmartX,2025-W41,0.0,,True,,,,False,True
SmartX,FoundryTW_g1,IN:mom:FoundryTW_g1:SmartX,2025-W41,0.0,,True,,,,False,True
SmartX,WaferFab_TW_g1,IN:leaf_in:WaferFab_TW_g1:SmartX,2025-W41,0.0,,True,,,,False,True
SmartX,AssemblyCN_g1,IN:mom:AssemblyCN_g1:SmartX,2025-W42,0.0,,True,,,,False,True
SmartX,FoundryTW_g1,IN:mom:FoundryTW_g1:SmartX,2025-W42,0.0,,True,,,,False,True
SmartX,WaferFab_TW_g1,IN:leaf_in:WaferFab_TW_g1:SmartX,2025-W42,0.0,,True,,,,False,True
SmartX,AssemblyCN_g1,IN:mom:AssemblyCN_g1:SmartX,2025-W43,0.0,,True,,,,False,True
SmartX,FoundryTW_g1,IN:mom:FoundryTW_g1:SmartX,2025-W43,0.0,,True,,,,False,True
SmartX,WaferFab_TW_g1,IN:leaf_in:WaferFab_TW_g1:SmartX,2025-W43,0.0,,True,,,,False,True
SmartX,AssemblyCN_g1,IN:mom:AssemblyCN_g1:SmartX,2025-W44,0.0,,True,,,,False,True
SmartX,FoundryTW_g1,IN:mom:FoundryTW_g1:SmartX,2025-W44,0.0,,True,,,,False,True
SmartX,WaferFab_TW_g1,IN:leaf_in:WaferFab_TW_g1:SmartX,2025-W44,0.0,,True,,,,False,True
SmartX,AssemblyCN_g1,IN:mom:AssemblyCN_g1:SmartX,2025-W45,0.0,,True,,,,False,True
SmartX,FoundryTW_g1,IN:mom:FoundryTW_g1:SmartX,2025-W45,0.0,,True,,,,False,True
SmartX,WaferFab_TW_g1,IN:leaf_in:WaferFab_TW_g1:SmartX,2025-W45,0.0,,True,,,,False,True
SmartX,AssemblyCN_g1,IN:mom:AssemblyCN_g1:SmartX,2025-W46,0.0,,True,,,,False,True
SmartX,FoundryTW_g1,IN:mom:FoundryTW_g1:SmartX,2025-W46,0.0,,True,,,,False,True
SmartX,WaferFab_TW_g1,IN:leaf_in:WaferFab_TW_g1:SmartX,2025-W46,0.0,,True,,,,False,True
SmartX,AssemblyCN_g1,IN:mom:AssemblyCN_g1:SmartX,2025-W47,0.0,,True,,,,False,True
SmartX,FoundryTW_g1,IN:mom:FoundryTW_g1:SmartX,2025-W47,0.0,,True,,,,False,True
SmartX,WaferFab_TW_g1,IN:leaf_in:WaferFab_TW_g1:SmartX,2025-W47,0.0,,True,,,,False,True
SmartX,AssemblyCN_g1,IN:mom:AssemblyCN_g1:SmartX,2025-W48,0.0,,True,,,,False,True
SmartX,FoundryTW_g1,IN:mom:FoundryTW_g1:SmartX,2025-W48,0.0,,True,,,,False,True
SmartX,WaferFab_TW_g1,IN:leaf_in:WaferFab_TW_g1:SmartX,2025-W48,0.0,,True,,,,False,True
SmartX,AssemblyCN_g1,IN:mom:AssemblyCN_g1:SmartX,2025-W49,0.0,,True,,,,False,True
SmartX,FoundryTW_g1,IN:mom:FoundryTW_g1:SmartX,2025-W49,0.0,,True,,,,False,True
SmartX,WaferFab_TW_g1,IN:leaf_in:WaferFab_TW_g1:SmartX,2025-W49,0.0,,True,,,,False,True
SmartX,AssemblyCN_g1,IN:mom:AssemblyCN_g1:SmartX,2025-W50,0.0,,True,,,,False,True
SmartX,FoundryTW_g1,IN:mom:FoundryTW_g1:SmartX,2025-W50,0.0,,True,,,,False,True
SmartX,WaferFab_TW_g1,IN:leaf_in:WaferFab_TW_g1:SmartX,2025-W50,0.0,,True,,,,False,True
SmartX,AssemblyCN_g1,IN:mom:AssemblyCN_g1:SmartX,2025-W51,0.0,,True,,,,False,True
SmartX,FoundryTW_g1,IN:mom:FoundryTW_g1:SmartX,2025-W51,0.0,,True,,,,False,True
SmartX,WaferFab_TW_g1,IN:leaf_in:WaferFab_TW_g1:SmartX,2025-W51,0.0,,True,,,,False,True
SmartX,AssemblyCN_g1,IN:mom:AssemblyCN_g1:SmartX,2025-W52,0.0,,True,,,,False,True
SmartX,FoundryTW_g1,IN:mom:FoundryTW_g1:SmartX,2025-W52,0.0,,True,,,,False,True
SmartX,WaferFab_TW_g1,IN:leaf_in:WaferFab_TW_g1:SmartX,2025-W52,0.0,,True,,,,False,True
SmartX,AssemblyCN_g1,IN:mom:AssemblyCN_g1:SmartX,2026-W01,0.0,,True,,,,False,True
SmartX,FoundryTW_g1,IN:mom:FoundryTW_g1:SmartX,2026-W01,0.0,,True,,,,False,True
SmartX,WaferFab_TW_g1,IN:leaf_in:WaferFab_TW_g1:SmartX,2026-W01,0.0,,True,,,,False,True
SmartX,AssemblyCN_g1,IN:mom:AssemblyCN_g1:SmartX,2026-W02,0.0,,True,,,,False,True
SmartX,FoundryTW_g1,IN:mom:FoundryTW_g1:SmartX,2026-W02,0.0,,True,,,,False,True
SmartX,WaferFab_TW_g1,IN:leaf_in:WaferFab_TW_g1:SmartX,2026-W02,0.0,,True,,,,False,True
SmartX,AssemblyCN_g1,IN:mom:AssemblyCN_g1:SmartX,2026-W03,0.0,,True,,,,False,True
SmartX,FoundryTW_g1,IN:mom:FoundryTW_g1:SmartX,2026-W03,0.0,,True,,,,False,True
SmartX,WaferFab_TW_g1,IN:leaf_in:WaferFab_TW_g1:SmartX,2026-W03,0.0,,True,,,,False,True
SmartX,AssemblyCN_g1,IN:mom:AssemblyCN_g1:SmartX,2026-W04,0.0,,True,,,,False,True
SmartX,FoundryTW_g1,IN:mom:FoundryTW_g1:SmartX,2026-W04,0.0,,True,,,,False,True
SmartX,WaferFab_TW_g1,IN:leaf_in:WaferFab_TW_g1:SmartX,2026-W04,0.0,,True,,,,False,True
SmartX,AssemblyCN_g1,IN:mom:AssemblyCN_g1:SmartX,2026-W05,0.0,,True,,,,False,True
SmartX,FoundryTW_g1,IN:mom:FoundryTW_g1:SmartX,2026-W05,0.0,,True,,,,False,True
SmartX,WaferFab_TW_g1,IN:leaf_in:WaferFab_TW_g1:SmartX,2026-W05,0.0,,True,,,,False,True
SmartX,AssemblyCN_g1,IN:mom:AssemblyCN_g1:SmartX,2026-W06,0.0,,True,,,,False,True
SmartX,FoundryTW_g1,IN:mom:FoundryTW_g1:SmartX,2026-W06,0.0,,True,,,,False,True
SmartX,WaferFab_TW_g1,IN:leaf_in:WaferFab_TW_g1:SmartX,2026-W06,0.0,,True,,,,False,True
SmartX,AssemblyCN_g1,IN:mom:AssemblyCN_g1:SmartX,2026-W07,0.0,,True,,,,False,True
SmartX,FoundryTW_g1,IN:mom:FoundryTW_g1:SmartX,2026-W07,0.0,,True,,,,False,True
SmartX,WaferFab_TW_g1,IN:leaf_in:WaferFab_TW_g1:SmartX,2026-W07,0.0,,True,,,,False,True
SmartX,AssemblyCN_g1,IN:mom:AssemblyCN_g1:SmartX,2026-W08,0.0,,True,,,,False,True
SmartX,FoundryTW_g1,IN:mom:FoundryTW_g1:SmartX,2026-W08,0.0,,True,,,,False,True
SmartX,WaferFab_TW_g1,IN:leaf_in:WaferFab_TW_g1:SmartX,2026-W08,0.0,0.0,False,,,,False,False
SmartX,AssemblyCN_g1,IN:mom:AssemblyCN_g1:SmartX,2026-W09,0.0,,True,,,,False,True
SmartX,FoundryTW_g1,IN:mom:FoundryTW_g1:SmartX,2026-W09,0.0,,True,,,,False,True
SmartX,WaferFab_TW_g1,IN:leaf_in:WaferFab_TW_g1:SmartX,2026-W09,0.0,0.0,False,,,,False,False
SmartX,AssemblyCN_g1,IN:mom:AssemblyCN_g1:SmartX,2026-W10,0.0,,True,,,,False,True
SmartX,FoundryTW_g1,IN:mom:FoundryTW_g1:SmartX,2026-W10,0.0,,True,,,,False,True
SmartX,WaferFab_TW_g1,IN:leaf_in:WaferFab_TW_g1:SmartX,2026-W10,0.0,,True,,,,False,True
SmartX,AssemblyCN_g1,IN:mom:AssemblyCN_g1:SmartX,2026-W11,0.0,,True,,,,False,True
SmartX,FoundryTW_g1,IN:mom:FoundryTW_g1:SmartX,2026-W11,0.0,,True,,,,False,True
SmartX,WaferFab_TW_g1,IN:leaf_in:WaferFab_TW_g1:SmartX,2026-W11,0.0,,True,,,,False,True
SmartX,AssemblyCN_g1,IN:mom:AssemblyCN_g1:SmartX,2026-W12,0.0,,True,,,,False,True
SmartX,FoundryTW_g1,IN:mom:FoundryTW_g1:SmartX,2026-W12,0.0,,True,,,,False,True
SmartX,WaferFab_TW_g1,IN:leaf_in:WaferFab_TW_g1:SmartX,2026-W12,0.0,,True,,,,False,True
SmartX,AssemblyCN_g1,IN:mom:AssemblyCN_g1:SmartX,2026-W13,0.0,,True,,,,False,True
SmartX,FoundryTW_g1,IN:mom:FoundryTW_g1:SmartX,2026-W13,0.0,,True,,,,False,True
SmartX,WaferFab_TW_g1,IN:leaf_in:WaferFab_TW_g1:SmartX,2026-W13,0.0,,True,,,,False,True
SmartX,AssemblyCN_g1,IN:mom:AssemblyCN_g1:SmartX,2026-W14,0.0,,True,,,,False,True
SmartX,FoundryTW_g1,IN:mom:FoundryTW_g1:SmartX,2026-W14,0.0,,True,,,,False,True
SmartX,WaferFab_TW_g1,IN:leaf_in:WaferFab_TW_g1:SmartX,2026-W14,0.0,,True,,,,False,True
SmartX,AssemblyCN_g1,IN:mom:AssemblyCN_g1:SmartX,2026-W15,0.0,,True,,,,False,True
SmartX,FoundryTW_g1,IN:mom:FoundryTW_g1:SmartX,2026-W15,0.0,,True,,,,False,True
SmartX,WaferFab_TW_g1,IN:leaf_in:WaferFab_TW_g1:SmartX,2026-W15,0.0,,True,,,,False,True
SmartX,AssemblyCN_g1,IN:mom:AssemblyCN_g1:SmartX,2026-W16,0.0,,True,,,,False,True
SmartX,FoundryTW_g1,IN:mom:FoundryTW_g1:SmartX,2026-W16,0.0,,True,,,,False,True
SmartX,WaferFab_TW_g1,IN:leaf_in:WaferFab_TW_g1:SmartX,2026-W16,0.0,,True,,,,False,True
SmartX,AssemblyCN_g1,IN:mom:AssemblyCN_g1:SmartX,2026-W17,0.0,,True,,,,False,True
SmartX,FoundryTW_g1,IN:mom:FoundryTW_g1:SmartX,2026-W17,0.0,,True,,,,False,True
SmartX,WaferFab_TW_g1,IN:leaf_in:WaferFab_TW_g1:SmartX,2026-W17,0.0,,True,,,,False,True
SmartX,AssemblyCN_g1,IN:mom:AssemblyCN_g1:SmartX,2026-W18,0.0,,True,,,,False,True
SmartX,FoundryTW_g1,IN:mom:FoundryTW_g1:SmartX,2026-W18,0.0,,True,,,,False,True
SmartX,WaferFab_TW_g1,IN:leaf_in:WaferFab_TW_g1:SmartX,2026-W18,0.0,,True,,,,False,True
SmartX,AssemblyCN_g1,IN:mom:AssemblyCN_g1:SmartX,2026-W19,0.0,,True,,,,False,True
SmartX,FoundryTW_g1,IN:mom:FoundryTW_g1:SmartX,2026-W19,0.0,,True,,,,False,True
SmartX,WaferFab_TW_g1,IN:leaf_in:WaferFab_TW_g1:SmartX,2026-W19,0.0,,True,,,,False,True
SmartX,AssemblyCN_g1,IN:mom:AssemblyCN_g1:SmartX,2026-W20,0.0,,True,,,,False,True
SmartX,FoundryTW_g1,IN:mom:FoundryTW_g1:SmartX,2026-W20,0.0,,True,,,,False,True
SmartX,WaferFab_TW_g1,IN:leaf_in:WaferFab_TW_g1:SmartX,2026-W20,0.0,,True,,,,False,True
SmartX,AssemblyCN_g1,IN:mom:AssemblyCN_g1:SmartX,2026-W21,0.0,,True,,,,False,True
SmartX,FoundryTW_g1,IN:mom:FoundryTW_g1:SmartX,2026-W21,0.0,,True,,,,False,True
SmartX,WaferFab_TW_g1,IN:leaf_in:WaferFab_TW_g1:SmartX,2026-W21,0.0,,True,,,,False,True
SmartX,AssemblyCN_g1,IN:mom:AssemblyCN_g1:SmartX,2026-W22,0.0,,True,,,,False,True
SmartX,FoundryTW_g1,IN:mom:FoundryTW_g1:SmartX,2026-W22,0.0,,True,,,,False,True
SmartX,WaferFab_TW_g1,IN:leaf_in:WaferFab_TW_g1:SmartX,2026-W22,0.0,,True,,,,False,True
SmartX,AssemblyCN_g1,IN:mom:AssemblyCN_g1:SmartX,2026-W23,0.0,,True,,,,False,True
SmartX,FoundryTW_g1,IN:mom:FoundryTW_g1:SmartX,2026-W23,0.0,,True,,,,False,True
SmartX,WaferFab_TW_g1,IN:leaf_in:WaferFab_TW_g1:SmartX,2026-W23,0.0,,True,,,,False,True
SmartX,AssemblyCN_g1,IN:mom:AssemblyCN_g1:SmartX,2026-W24,0.0,,True,,,,False,True
SmartX,FoundryTW_g1,IN:mom:FoundryTW_g1:SmartX,2026-W24,0.0,,True,,,,False,True
SmartX,WaferFab_TW_g1,IN:leaf_in:WaferFab_TW_g1:SmartX,2026-W24,0.0,,True,,,,False,True
SmartX,AssemblyCN_g1,IN:mom:AssemblyCN_g1:SmartX,2026-W25,0.0,,True,,,,False,True
SmartX,FoundryTW_g1,IN:mom:FoundryTW_g1:SmartX,2026-W25,0.0,,True,,,,False,True
SmartX,WaferFab_TW_g1,IN:leaf_in:WaferFab_TW_g1:SmartX,2026-W25,0.0,,True,,,,False,True
SmartX,AssemblyCN_g1,IN:mom:AssemblyCN_g1:SmartX,2026-W26,0.0,,True,,,,False,True
SmartX,FoundryTW_g1,IN:mom:FoundryTW_g1:SmartX,2026-W26,0.0,,True,,,,False,True
SmartX,WaferFab_TW_g1,IN:leaf_in:WaferFab_TW_g1:SmartX,2026-W26,0.0,,True,,,,False,True
SmartX,AssemblyCN_g1,IN:mom:AssemblyCN_g1:SmartX,2026-W27,0.0,,True,,,,False,True
SmartX,FoundryTW_g1,IN:mom:FoundryTW_g1:SmartX,2026-W27,0.0,,True,,,,False,True
SmartX,WaferFab_TW_g1,IN:leaf_in:WaferFab_TW_g1:SmartX,2026-W27,0.0,,True,,,,False,True
SmartX,AssemblyCN_g1,IN:mom:AssemblyCN_g1:SmartX,2026-W28,0.0,,True,,,,False,True
SmartX,FoundryTW_g1,IN:mom:FoundryTW_g1:SmartX,2026-W28,0.0,,True,,,,False,True
SmartX,WaferFab_TW_g1,IN:leaf_in:WaferFab_TW_g1:SmartX,2026-W28,0.0,,True,,,,False,True
SmartX,AssemblyCN_g1,IN:mom:AssemblyCN_g1:SmartX,2026-W29,0.0,,True,,,,False,True
SmartX,FoundryTW_g1,IN:mom:FoundryTW_g1:SmartX,2026-W29,0.0,,True,,,,False,True
SmartX,WaferFab_TW_g1,IN:leaf_in:WaferFab_TW_g1:SmartX,2026-W29,0.0,,True,,,,False,True
SmartX,AssemblyCN_g1,IN:mom:AssemblyCN_g1:SmartX,2026-W30,0.0,,True,,,,False,True
SmartX,FoundryTW_g1,IN:mom:FoundryTW_g1:SmartX,2026-W30,0.0,,True,,,,False,True
SmartX,WaferFab_TW_g1,IN:leaf_in:WaferFab_TW_g1:SmartX,2026-W30,0.0,,True,,,,False,True
SmartX,AssemblyCN_g1,IN:mom:AssemblyCN_g1:SmartX,2026-W31,0.0,,True,,,,False,True
SmartX,FoundryTW_g1,IN:mom:FoundryTW_g1:SmartX,2026-W31,0.0,,True,,,,False,True
SmartX,WaferFab_TW_g1,IN:leaf_in:WaferFab_TW_g1:SmartX,2026-W31,0.0,,True,,,,False,True
SmartX,AssemblyCN_g1,IN:mom:AssemblyCN_g1:SmartX,2026-W32,0.0,,True,,,,False,True
SmartX,FoundryTW_g1,IN:mom:FoundryTW_g1:SmartX,2026-W32,0.0,,True,,,,False,True
SmartX,WaferFab_TW_g1,IN:leaf_in:WaferFab_TW_g1:SmartX,2026-W32,0.0,,True,,,,False,True
SmartX,AssemblyCN_g1,IN:mom:AssemblyCN_g1:SmartX,2026-W33,0.0,,True,,,,False,True
SmartX,FoundryTW_g1,IN:mom:FoundryTW_g1:SmartX,2026-W33,0.0,,True,,,,False,True
SmartX,WaferFab_TW_g1,IN:leaf_in:WaferFab_TW_g1:SmartX,2026-W33,0.0,,True,,,,False,True
SmartX,AssemblyCN_g1,IN:mom:AssemblyCN_g1:SmartX,2026-W34,0.0,,True,,,,False,True
SmartX,FoundryTW_g1,IN:mom:FoundryTW_g1:SmartX,2026-W34,0.0,,True,,,,False,True
SmartX,WaferFab_TW_g1,IN:leaf_in:WaferFab_TW_g1:SmartX,2026-W34,0.0,,True,,,,False,True
SmartX,AssemblyCN_g1,IN:mom:AssemblyCN_g1:SmartX,2026-W35,0.0,,True,,,,False,True
SmartX,FoundryTW_g1,IN:mom:FoundryTW_g1:SmartX,2026-W35,0.0,,True,,,,False,True
SmartX,WaferFab_TW_g1,IN:leaf_in:WaferFab_TW_g1:SmartX,2026-W35,0.0,,True,,,,False,True
SmartX,AssemblyCN_g1,IN:mom:AssemblyCN_g1:SmartX,2026-W36,0.0,,True,,,,False,True
SmartX,FoundryTW_g1,IN:mom:FoundryTW_g1:SmartX,2026-W36,0.0,,True,,,,False,True
SmartX,WaferFab_TW_g1,IN:leaf_in:WaferFab_TW_g1:SmartX,2026-W36,0.0,,True,,,,False,True
SmartX,AssemblyCN_g1,IN:mom:AssemblyCN_g1:SmartX,2026-W37,0.0,,True,,,,False,True
SmartX,FoundryTW_g1,IN:mom:FoundryTW_g1:SmartX,2026-W37,0.0,,True,,,,False,True
SmartX,WaferFab_TW_g1,IN:leaf_in:WaferFab_TW_g1:SmartX,2026-W37,0.0,,True,,,,False,True
SmartX,AssemblyCN_g1,IN:mom:AssemblyCN_g1:SmartX,2026-W38,0.0,,True,,,,False,True
SmartX,FoundryTW_g1,IN:mom:FoundryTW_g1:SmartX,2026-W38,0.0,,True,,,,False,True
SmartX,WaferFab_TW_g1,IN:leaf_in:WaferFab_TW_g1:SmartX,2026-W38,0.0,,True,,,,False,True
SmartX,AssemblyCN_g1,IN:mom:AssemblyCN_g1:SmartX,2026-W39,0.0,,True,,,,False,True
SmartX,FoundryTW_g1,IN:mom:FoundryTW_g1:SmartX,2026-W39,0.0,,True,,,,False,True
SmartX,WaferFab_TW_g1,IN:leaf_in:WaferFab_TW_g1:SmartX,2026-W39,0.0,,True,,,,False,True
SmartX,AssemblyCN_g1,IN:mom:AssemblyCN_g1:SmartX,2026-W40,0.0,,True,,,,False,True
SmartX,FoundryTW_g1,IN:mom:FoundryTW_g1:SmartX,2026-W40,0.0,,True,,,,False,True
SmartX,WaferFab_TW_g1,IN:leaf_in:WaferFab_TW_g1:SmartX,2026-W40,0.0,,True,,,,False,True
SmartX,AssemblyCN_g1,IN:mom:AssemblyCN_g1:SmartX,2026-W41,0.0,,True,,,,False,True
SmartX,FoundryTW_g1,IN:mom:FoundryTW_g1:SmartX,2026-W41,0.0,,True,,,,False,True
SmartX,WaferFab_TW_g1,IN:leaf_in:WaferFab_TW_g1:SmartX,2026-W41,0.0,,True,,,,False,True
SmartX,AssemblyCN_g1,IN:mom:AssemblyCN_g1:SmartX,2026-W42,0.0,,True,,,,False,True
SmartX,FoundryTW_g1,IN:mom:FoundryTW_g1:SmartX,2026-W42,0.0,,True,,,,False,True
SmartX,WaferFab_TW_g1,IN:leaf_in:WaferFab_TW_g1:SmartX,2026-W42,0.0,,True,,,,False,True
SmartX,AssemblyCN_g1,IN:mom:AssemblyCN_g1:SmartX,2026-W43,0.0,,True,,,,False,True
SmartX,FoundryTW_g1,IN:mom:FoundryTW_g1:SmartX,2026-W43,0.0,,True,,,,False,True
SmartX,WaferFab_TW_g1,IN:leaf_in:WaferFab_TW_g1:SmartX,2026-W43,0.0,,True,,,,False,True
SmartX,AssemblyCN_g1,IN:mom:AssemblyCN_g1:SmartX,2026-W44,0.0,,True,,,,False,True
SmartX,FoundryTW_g1,IN:mom:FoundryTW_g1:SmartX,2026-W44,0.0,,True,,,,False,True
SmartX,WaferFab_TW_g1,IN:leaf_in:WaferFab_TW_g1:SmartX,2026-W44,0.0,,True,,,,False,True
SmartX,AssemblyCN_g1,IN:mom:AssemblyCN_g1:SmartX,2026-W45,0.0,,True,,,,False,True
SmartX,FoundryTW_g1,IN:mom:FoundryTW_g1:SmartX,2026-W45,0.0,,True,,,,False,True
SmartX,WaferFab_TW_g1,IN:leaf_in:WaferFab_TW_g1:SmartX,2026-W45,0.0,,True,,,,False,True
SmartX,AssemblyCN_g1,IN:mom:AssemblyCN_g1:SmartX,2026-W46,0.0,,True,,,,False,True
SmartX,FoundryTW_g1,IN:mom:FoundryTW_g1:SmartX,2026-W46,0.0,,True,,,,False,True
SmartX,WaferFab_TW_g1,IN:leaf_in:WaferFab_TW_g1:SmartX,2026-W46,0.0,,True,,,,False,True
SmartX,AssemblyCN_g1,IN:mom:AssemblyCN_g1:SmartX,2026-W47,0.0,,True,,,,False,True
SmartX,FoundryTW_g1,IN:mom:FoundryTW_g1:SmartX,2026-W47,0.0,,True,,,,False,True
SmartX,WaferFab_TW_g1,IN:leaf_in:WaferFab_TW_g1:SmartX,2026-W47,0.0,,True,,,,False,True
SmartX,AssemblyCN_g1,IN:mom:AssemblyCN_g1:SmartX,2026-W48,0.0,,True,,,,False,True
SmartX,FoundryTW_g1,IN:mom:FoundryTW_g1:SmartX,2026-W48,0.0,,True,,,,False,True
SmartX,WaferFab_TW_g1,IN:leaf_in:WaferFab_TW_g1:SmartX,2026-W48,0.0,,True,,,,False,True
SmartX,AssemblyCN_g1,IN:mom:AssemblyCN_g1:SmartX,2026-W49,0.0,,True,,,,False,True
SmartX,FoundryTW_g1,IN:mom:FoundryTW_g1:SmartX,2026-W49,0.0,,True,,,,False,True
SmartX,WaferFab_TW_g1,IN:leaf_in:WaferFab_TW_g1:SmartX,2026-W49,0.0,,True,,,,False,True
SmartX,AssemblyCN_g1,IN:mom:AssemblyCN_g1:SmartX,2026-W50,0.0,,True,,,,False,True
SmartX,FoundryTW_g1,IN:mom:FoundryTW_g1:SmartX,2026-W50,0.0,,True,,,,False,True
SmartX,WaferFab_TW_g1,IN:leaf_in:WaferFab_TW_g1:SmartX,2026-W50,0.0,,True,,,,False,True
SmartX,AssemblyCN_g1,IN:mom:AssemblyCN_g1:SmartX,2026-W51,0.0,,True,,,,False,True
SmartX,FoundryTW_g1,IN:mom:FoundryTW_g1:SmartX,2026-W51,0.0,,True,,,,False,True
SmartX,WaferFab_TW_g1,IN:leaf_in:WaferFab_TW_g1:SmartX,2026-W51,0.0,,True,,,,False,True
SmartX,AssemblyCN_g1,IN:mom:AssemblyCN_g1:SmartX,2026-W52,0.0,,True,,,,False,True
SmartX,FoundryTW_g1,IN:mom:FoundryTW_g1:SmartX,2026-W52,0.0,,True,,,,False,True
SmartX,WaferFab_TW_g1,IN:leaf_in:WaferFab_TW_g1:SmartX,2026-W52,0.0,,True,,,,False,True
SmartX,AssemblyCN_g1,IN:mom:AssemblyCN_g1:SmartX,2026-W53,0.0,,True,,,,False,True
SmartX,FoundryTW_g1,IN:mom:FoundryTW_g1:SmartX,2026-W53,0.0,,True,,,,False,True
SmartX,WaferFab_TW_g1,IN:leaf_in:WaferFab_TW_g1:SmartX,2026-W53,0.0,,True,,,,False,True
SmartX,AssemblyCN_g1,IN:mom:AssemblyCN_g1:SmartX,2027-W01,0.0,,True,,,,False,True
SmartX,FoundryTW_g1,IN:mom:FoundryTW_g1:SmartX,2027-W01,0.0,,True,,,,False,True
SmartX,WaferFab_TW_g1,IN:leaf_in:WaferFab_TW_g1:SmartX,2027-W01,0.0,,True,,,,False,True
SmartX,AssemblyCN_g1,IN:mom:AssemblyCN_g1:SmartX,2027-W02,0.0,,True,,,,False,True
SmartX,FoundryTW_g1,IN:mom:FoundryTW_g1:SmartX,2027-W02,0.0,,True,,,,False,True
SmartX,WaferFab_TW_g1,IN:leaf_in:WaferFab_TW_g1:SmartX,2027-W02,0.0,,True,,,,False,True
SmartX,AssemblyCN_g1,IN:mom:AssemblyCN_g1:SmartX,2027-W03,0.0,,True,,,,False,True
SmartX,FoundryTW_g1,IN:mom:FoundryTW_g1:SmartX,2027-W03,0.0,,True,,,,False,True
SmartX,WaferFab_TW_g1,IN:leaf_in:WaferFab_TW_g1:SmartX,2027-W03,0.0,,True,,,,False,True
SmartX,AssemblyCN_g1,IN:mom:AssemblyCN_g1:SmartX,2027-W04,0.0,,True,,,,False,True
SmartX,FoundryTW_g1,IN:mom:FoundryTW_g1:SmartX,2027-W04,0.0,,True,,,,False,True
SmartX,WaferFab_TW_g1,IN:leaf_in:WaferFab_TW_g1:SmartX,2027-W04,0.0,,True,,,,False,True
SmartX,AssemblyCN_g1,IN:mom:AssemblyCN_g1:SmartX,2027-W05,0.0,,True,,,,False,True
SmartX,FoundryTW_g1,IN:mom:FoundryTW_g1:SmartX,2027-W05,0.0,,True,,,,False,True
SmartX,WaferFab_TW_g1,IN:leaf_in:WaferFab_TW_g1:SmartX,2027-W05,0.0,,True,,,,False,True
SmartX,AssemblyCN_g1,IN:mom:AssemblyCN_g1:SmartX,2027-W06,0.0,,True,,,,False,True
SmartX,FoundryTW_g1,IN:mom:FoundryTW_g1:SmartX,2027-W06,0.0,,True,,,,False,True
SmartX,WaferFab_TW_g1,IN:leaf_in:WaferFab_TW_g1:SmartX,2027-W06,0.0,0.0,False,,,,False,False
SmartX,AssemblyCN_g1,IN:mom:AssemblyCN_g1:SmartX,2027-W07,0.0,,True,,,,False,True
SmartX,FoundryTW_g1,IN:mom:FoundryTW_g1:SmartX,2027-W07,0.0,,True,,,,False,True
SmartX,WaferFab_TW_g1,IN:leaf_in:WaferFab_TW_g1:SmartX,2027-W07,0.0,0.0,False,,,,False,False
SmartX,AssemblyCN_g1,IN:mom:AssemblyCN_g1:SmartX,2027-W08,0.0,,True,,,,False,True
SmartX,FoundryTW_g1,IN:mom:FoundryTW_g1:SmartX,2027-W08,0.0,,True,,,,False,True
SmartX,WaferFab_TW_g1,IN:leaf_in:WaferFab_TW_g1:SmartX,2027-W08,0.0,,True,,,,False,True
SmartX,AssemblyCN_g1,IN:mom:AssemblyCN_g1:SmartX,2027-W09,0.0,,True,,,,False,True
SmartX,FoundryTW_g1,IN:mom:FoundryTW_g1:SmartX,2027-W09,0.0,,True,,,,False,True
SmartX,WaferFab_TW_g1,IN:leaf_in:WaferFab_TW_g1:SmartX,2027-W09,0.0,,True,,,,False,True
SmartX,AssemblyCN_g1,IN:mom:AssemblyCN_g1:SmartX,2027-W10,0.0,,True,,,,False,True
SmartX,FoundryTW_g1,IN:mom:FoundryTW_g1:SmartX,2027-W10,0.0,,True,,,,False,True
SmartX,WaferFab_TW_g1,IN:leaf_in:WaferFab_TW_g1:SmartX,2027-W10,0.0,,True,,,,False,True
SmartX,AssemblyCN_g1,IN:mom:AssemblyCN_g1:SmartX,2027-W11,0.0,,True,,,,False,True
SmartX,FoundryTW_g1,IN:mom:FoundryTW_g1:SmartX,2027-W11,0.0,,True,,,,False,True
SmartX,WaferFab_TW_g1,IN:leaf_in:WaferFab_TW_g1:SmartX,2027-W11,0.0,,True,,,,False,True
SmartX,AssemblyCN_g1,IN:mom:AssemblyCN_g1:SmartX,2027-W12,0.0,,True,,,,False,True
SmartX,FoundryTW_g1,IN:mom:FoundryTW_g1:SmartX,2027-W12,0.0,,True,,,,False,True
SmartX,WaferFab_TW_g1,IN:leaf_in:WaferFab_TW_g1:SmartX,2027-W12,0.0,,True,,,,False,True
SmartX,AssemblyCN_g1,IN:mom:AssemblyCN_g1:SmartX,2027-W13,0.0,,True,,,,False,True
SmartX,FoundryTW_g1,IN:mom:FoundryTW_g1:SmartX,2027-W13,0.0,,True,,,,False,True
SmartX,WaferFab_TW_g1,IN:leaf_in:WaferFab_TW_g1:SmartX,2027-W13,0.0,,True,,,,False,True
SmartX,AssemblyCN_g1,IN:mom:AssemblyCN_g1:SmartX,2027-W14,0.0,,True,,,,False,True
SmartX,FoundryTW_g1,IN:mom:FoundryTW_g1:SmartX,2027-W14,0.0,,True,,,,False,True
SmartX,WaferFab_TW_g1,IN:leaf_in:WaferFab_TW_g1:SmartX,2027-W14,0.0,,True,,,,False,True
SmartX,AssemblyCN_g1,IN:mom:AssemblyCN_g1:SmartX,2027-W15,0.0,,True,,,,False,True
SmartX,FoundryTW_g1,IN:mom:FoundryTW_g1:SmartX,2027-W15,0.0,,True,,,,False,True
SmartX,WaferFab_TW_g1,IN:leaf_in:WaferFab_TW_g1:SmartX,2027-W15,0.0,,True,,,,False,True
SmartX,AssemblyCN_g1,IN:mom:AssemblyCN_g1:SmartX,2027-W16,0.0,,True,,,,False,True
SmartX,FoundryTW_g1,IN:mom:FoundryTW_g1:SmartX,2027-W16,0.0,,True,,,,False,True
SmartX,WaferFab_TW_g1,IN:leaf_in:WaferFab_TW_g1:SmartX,2027-W16,0.0,,True,,,,False,True
SmartX,AssemblyCN_g1,IN:mom:AssemblyCN_g1:SmartX,2027-W17,0.0,,True,,,,False,True
SmartX,FoundryTW_g1,IN:mom:FoundryTW_g1:SmartX,2027-W17,0.0,,True,,,,False,True
SmartX,WaferFab_TW_g1,IN:leaf_in:WaferFab_TW_g1:SmartX,2027-W17,0.0,,True,,,,False,True
SmartX,AssemblyCN_g1,IN:mom:AssemblyCN_g1:SmartX,2027-W18,0.0,,True,,,,False,True
SmartX,FoundryTW_g1,IN:mom:FoundryTW_g1:SmartX,2027-W18,0.0,,True,,,,False,True
SmartX,WaferFab_TW_g1,IN:leaf_in:WaferFab_TW_g1:SmartX,2027-W18,0.0,,True,,,,False,True
SmartX,AssemblyCN_g1,IN:mom:AssemblyCN_g1:SmartX,2027-W19,0.0,,True,,,,False,True
SmartX,FoundryTW_g1,IN:mom:FoundryTW_g1:SmartX,2027-W19,0.0,,True,,,,False,True
SmartX,WaferFab_TW_g1,IN:leaf_in:WaferFab_TW_g1:SmartX,2027-W19,0.0,,True,,,,False,True
SmartX,AssemblyCN_g1,IN:mom:AssemblyCN_g1:SmartX,2027-W20,0.0,,True,,,,False,True
SmartX,FoundryTW_g1,IN:mom:FoundryTW_g1:SmartX,2027-W20,0.0,,True,,,,False,True
SmartX,WaferFab_TW_g1,IN:leaf_in:WaferFab_TW_g1:SmartX,2027-W20,0.0,,True,,,,False,True
SmartX,AssemblyCN_g1,IN:mom:AssemblyCN_g1:SmartX,2027-W21,0.0,,True,,,,False,True
SmartX,FoundryTW_g1,IN:mom:FoundryTW_g1:SmartX,2027-W21,0.0,,True,,,,False,True
SmartX,WaferFab_TW_g1,IN:leaf_in:WaferFab_TW_g1:SmartX,2027-W21,0.0,,True,,,,False,True
SmartX,AssemblyCN_g1,IN:mom:AssemblyCN_g1:SmartX,2027-W22,0.0,,True,,,,False,True
SmartX,FoundryTW_g1,IN:mom:FoundryTW_g1:SmartX,2027-W22,0.0,,True,,,,False,True
SmartX,WaferFab_TW_g1,IN:leaf_in:WaferFab_TW_g1:SmartX,2027-W22,0.0,,True,,,,False,True
SmartX,AssemblyCN_g1,IN:mom:AssemblyCN_g1:SmartX,2027-W23,0.0,,True,,,,False,True
SmartX,FoundryTW_g1,IN:mom:FoundryTW_g1:SmartX,2027-W23,0.0,,True,,,,False,True
SmartX,WaferFab_TW_g1,IN:leaf_in:WaferFab_TW_g1:SmartX,2027-W23,0.0,,True,,,,False,True
SmartX,AssemblyCN_g1,IN:mom:AssemblyCN_g1:SmartX,2027-W24,0.0,,True,,,,False,True
SmartX,FoundryTW_g1,IN:mom:FoundryTW_g1:SmartX,2027-W24,0.0,,True,,,,False,True
SmartX,WaferFab_TW_g1,IN:leaf_in:WaferFab_TW_g1:SmartX,2027-W24,0.0,,True,,,,False,True
SmartX,AssemblyCN_g1,IN:mom:AssemblyCN_g1:SmartX,2027-W25,0.0,,True,,,,False,True
SmartX,FoundryTW_g1,IN:mom:FoundryTW_g1:SmartX,2027-W25,0.0,,True,,,,False,True
SmartX,WaferFab_TW_g1,IN:leaf_in:WaferFab_TW_g1:SmartX,2027-W25,0.0,,True,,,,False,True
SmartX,AssemblyCN_g1,IN:mom:AssemblyCN_g1:SmartX,2027-W26,0.0,,True,,,,False,True
SmartX,FoundryTW_g1,IN:mom:FoundryTW_g1:SmartX,2027-W26,0.0,,True,,,,False,True
SmartX,WaferFab_TW_g1,IN:leaf_in:WaferFab_TW_g1:SmartX,2027-W26,0.0,,True,,,,False,True
SmartX,AssemblyCN_g1,IN:mom:AssemblyCN_g1:SmartX,2027-W27,0.0,,True,,,,False,True
SmartX,FoundryTW_g1,IN:mom:FoundryTW_g1:SmartX,2027-W27,0.0,,True,,,,False,True
SmartX,WaferFab_TW_g1,IN:leaf_in:WaferFab_TW_g1:SmartX,2027-W27,0.0,,True,,,,False,True
SmartX,AssemblyCN_g1,IN:mom:AssemblyCN_g1:SmartX,2027-W28,0.0,,True,,,,False,True
SmartX,FoundryTW_g1,IN:mom:FoundryTW_g1:SmartX,2027-W28,0.0,,True,,,,False,True
SmartX,WaferFab_TW_g1,IN:leaf_in:WaferFab_TW_g1:SmartX,2027-W28,0.0,,True,,,,False,True
SmartX,AssemblyCN_g1,IN:mom:AssemblyCN_g1:SmartX,2027-W29,0.0,,True,,,,False,True
SmartX,FoundryTW_g1,IN:mom:FoundryTW_g1:SmartX,2027-W29,0.0,,True,,,,False,True
SmartX,WaferFab_TW_g1,IN:leaf_in:WaferFab_TW_g1:SmartX,2027-W29,0.0,,True,,,,False,True
SmartX,AssemblyCN_g1,IN:mom:AssemblyCN_g1:SmartX,2027-W30,0.0,,True,,,,False,True
SmartX,FoundryTW_g1,IN:mom:FoundryTW_g1:SmartX,2027-W30,0.0,,True,,,,False,True
SmartX,WaferFab_TW_g1,IN:leaf_in:WaferFab_TW_g1:SmartX,2027-W30,0.0,,True,,,,False,True
SmartX,AssemblyCN_g1,IN:mom:AssemblyCN_g1:SmartX,2027-W31,0.0,,True,,,,False,True
SmartX,FoundryTW_g1,IN:mom:FoundryTW_g1:SmartX,2027-W31,0.0,,True,,,,False,True
SmartX,WaferFab_TW_g1,IN:leaf_in:WaferFab_TW_g1:SmartX,2027-W31,0.0,,True,,,,False,True
SmartX,AssemblyCN_g1,IN:mom:AssemblyCN_g1:SmartX,2027-W32,0.0,,True,,,,False,True
SmartX,FoundryTW_g1,IN:mom:FoundryTW_g1:SmartX,2027-W32,0.0,,True,,,,False,True
SmartX,WaferFab_TW_g1,IN:leaf_in:WaferFab_TW_g1:SmartX,2027-W32,0.0,,True,,,,False,True
SmartX,AssemblyCN_g1,IN:mom:AssemblyCN_g1:SmartX,2027-W33,0.0,,True,,,,False,True
SmartX,FoundryTW_g1,IN:mom:FoundryTW_g1:SmartX,2027-W33,0.0,,True,,,,False,True
SmartX,WaferFab_TW_g1,IN:leaf_in:WaferFab_TW_g1:SmartX,2027-W33,0.0,,True,,,,False,True
SmartX,AssemblyCN_g1,IN:mom:AssemblyCN_g1:SmartX,2027-W34,0.0,,True,,,,False,True
SmartX,FoundryTW_g1,IN:mom:FoundryTW_g1:SmartX,2027-W34,0.0,,True,,,,False,True
SmartX,WaferFab_TW_g1,IN:leaf_in:WaferFab_TW_g1:SmartX,2027-W34,0.0,,True,,,,False,True
SmartX,AssemblyCN_g1,IN:mom:AssemblyCN_g1:SmartX,2027-W35,0.0,,True,,,,False,True
SmartX,FoundryTW_g1,IN:mom:FoundryTW_g1:SmartX,2027-W35,0.0,,True,,,,False,True
SmartX,WaferFab_TW_g1,IN:leaf_in:WaferFab_TW_g1:SmartX,2027-W35,0.0,,True,,,,False,True
SmartX,AssemblyCN_g1,IN:mom:AssemblyCN_g1:SmartX,2027-W36,0.0,,True,,,,False,True
SmartX,FoundryTW_g1,IN:mom:FoundryTW_g1:SmartX,2027-W36,0.0,,True,,,,False,True
SmartX,WaferFab_TW_g1,IN:leaf_in:WaferFab_TW_g1:SmartX,2027-W36,0.0,,True,,,,False,True
SmartX,AssemblyCN_g1,IN:mom:AssemblyCN_g1:SmartX,2027-W37,0.0,,True,,,,False,True
SmartX,FoundryTW_g1,IN:mom:FoundryTW_g1:SmartX,2027-W37,0.0,,True,,,,False,True
SmartX,WaferFab_TW_g1,IN:leaf_in:WaferFab_TW_g1:SmartX,2027-W37,0.0,,True,,,,False,True
SmartX,AssemblyCN_g1,IN:mom:AssemblyCN_g1:SmartX,2027-W38,0.0,,True,,,,False,True
SmartX,FoundryTW_g1,IN:mom:FoundryTW_g1:SmartX,2027-W38,0.0,,True,,,,False,True
SmartX,WaferFab_TW_g1,IN:leaf_in:WaferFab_TW_g1:SmartX,2027-W38,0.0,,True,,,,False,True
SmartX,AssemblyCN_g1,IN:mom:AssemblyCN_g1:SmartX,2027-W39,0.0,,True,,,,False,True
SmartX,FoundryTW_g1,IN:mom:FoundryTW_g1:SmartX,2027-W39,0.0,,True,,,,False,True
SmartX,WaferFab_TW_g1,IN:leaf_in:WaferFab_TW_g1:SmartX,2027-W39,0.0,,True,,,,False,True
SmartX,AssemblyCN_g1,IN:mom:AssemblyCN_g1:SmartX,2027-W40,0.0,,True,,,,False,True
SmartX,FoundryTW_g1,IN:mom:FoundryTW_g1:SmartX,2027-W40,0.0,,True,,,,False,True
SmartX,WaferFab_TW_g1,IN:leaf_in:WaferFab_TW_g1:SmartX,2027-W40,0.0,,True,,,,False,True
SmartX,AssemblyCN_g1,IN:mom:AssemblyCN_g1:SmartX,2027-W41,0.0,,True,,,,False,True
SmartX,FoundryTW_g1,IN:mom:FoundryTW_g1:SmartX,2027-W41,0.0,,True,,,,False,True
SmartX,WaferFab_TW_g1,IN:leaf_in:WaferFab_TW_g1:SmartX,2027-W41,0.0,,True,,,,False,True
SmartX,AssemblyCN_g1,IN:mom:AssemblyCN_g1:SmartX,2027-W42,0.0,,True,,,,False,True
SmartX,FoundryTW_g1,IN:mom:FoundryTW_g1:SmartX,2027-W42,0.0,,True,,,,False,True
SmartX,WaferFab_TW_g1,IN:leaf_in:WaferFab_TW_g1:SmartX,2027-W42,0.0,,True,,,,False,True
SmartX,AssemblyCN_g1,IN:mom:AssemblyCN_g1:SmartX,2027-W43,0.0,,True,,,,False,True
SmartX,FoundryTW_g1,IN:mom:FoundryTW_g1:SmartX,2027-W43,0.0,,True,,,,False,True
SmartX,WaferFab_TW_g1,IN:leaf_in:WaferFab_TW_g1:SmartX,2027-W43,0.0,,True,,,,False,True
SmartX,AssemblyCN_g1,IN:mom:AssemblyCN_g1:SmartX,2027-W44,0.0,,True,,,,False,True
SmartX,FoundryTW_g1,IN:mom:FoundryTW_g1:SmartX,2027-W44,0.0,,True,,,,False,True
SmartX,WaferFab_TW_g1,IN:leaf_in:WaferFab_TW_g1:SmartX,2027-W44,0.0,,True,,,,False,True
SmartX,AssemblyCN_g1,IN:mom:AssemblyCN_g1:SmartX,2027-W45,0.0,,True,,,,False,True
SmartX,FoundryTW_g1,IN:mom:FoundryTW_g1:SmartX,2027-W45,0.0,,True,,,,False,True
SmartX,WaferFab_TW_g1,IN:leaf_in:WaferFab_TW_g1:SmartX,2027-W45,0.0,,True,,,,False,True
SmartX,AssemblyCN_g1,IN:mom:AssemblyCN_g1:SmartX,2027-W46,0.0,,True,,,,False,True
SmartX,FoundryTW_g1,IN:mom:FoundryTW_g1:SmartX,2027-W46,0.0,,True,,,,False,True
SmartX,WaferFab_TW_g1,IN:leaf_in:WaferFab_TW_g1:SmartX,2027-W46,0.0,,True,,,,False,True
SmartX,AssemblyCN_g1,IN:mom:AssemblyCN_g1:SmartX,2027-W47,0.0,,True,,,,False,True
SmartX,FoundryTW_g1,IN:mom:FoundryTW_g1:SmartX,2027-W47,0.0,,True,,,,False,True
SmartX,WaferFab_TW_g1,IN:leaf_in:WaferFab_TW_g1:SmartX,2027-W47,0.0,,True,,,,False,True
SmartX,AssemblyCN_g1,IN:mom:AssemblyCN_g1:SmartX,2027-W48,0.0,,True,,,,False,True
SmartX,FoundryTW_g1,IN:mom:FoundryTW_g1:SmartX,2027-W48,0.0,,True,,,,False,True
SmartX,WaferFab_TW_g1,IN:leaf_in:WaferFab_TW_g1:SmartX,2027-W48,0.0,,True,,,,False,True
SmartX,AssemblyCN_g1,IN:mom:AssemblyCN_g1:SmartX,2027-W49,0.0,,True,,,,False,True
SmartX,FoundryTW_g1,IN:mom:FoundryTW_g1:SmartX,2027-W49,0.0,,True,,,,False,True
SmartX,WaferFab_TW_g1,IN:leaf_in:WaferFab_TW_g1:SmartX,2027-W49,0.0,,True,,,,False,True
SmartX,AssemblyCN_g1,IN:mom:AssemblyCN_g1:SmartX,2027-W50,0.0,,True,,,,False,True
SmartX,FoundryTW_g1,IN:mom:FoundryTW_g1:SmartX,2027-W50,0.0,,True,,,,False,True
SmartX,WaferFab_TW_g1,IN:leaf_in:WaferFab_TW_g1:SmartX,2027-W50,0.0,,True,,,,False,True
SmartX,AssemblyCN_g1,IN:mom:AssemblyCN_g1:SmartX,2027-W51,0.0,,True,,,,False,True
SmartX,FoundryTW_g1,IN:mom:FoundryTW_g1:SmartX,2027-W51,0.0,,True,,,,False,True
SmartX,WaferFab_TW_g1,IN:leaf_in:WaferFab_TW_g1:SmartX,2027-W51,0.0,,True,,,,False,True
SmartX,AssemblyCN_g1,IN:mom:AssemblyCN_g1:SmartX,2027-W52,0.0,,True,,,,False,True
SmartX,FoundryTW_g1,IN:mom:FoundryTW_g1:SmartX,2027-W52,0.0,,True,,,,False,True
SmartX,WaferFab_TW_g1,IN:leaf_in:WaferFab_TW_g1:SmartX,2027-W52,0.0,,True,,,,False,True
SmartX,AssemblyCN_g1,IN:mom:AssemblyCN_g1:SmartX,2028-W01,0.0,,True,,,,False,True
SmartX,FoundryTW_g1,IN:mom:FoundryTW_g1:SmartX,2028-W01,0.0,,True,,,,False,True
SmartX,WaferFab_TW_g1,IN:leaf_in:WaferFab_TW_g1:SmartX,2028-W01,0.0,,True,,,,False,True
SmartX,AssemblyCN_g1,IN:mom:AssemblyCN_g1:SmartX,2028-W02,0.0,,True,,,,False,True
SmartX,FoundryTW_g1,IN:mom:FoundryTW_g1:SmartX,2028-W02,0.0,,True,,,,False,True
SmartX,WaferFab_TW_g1,IN:leaf_in:WaferFab_TW_g1:SmartX,2028-W02,0.0,,True,,,,False,True
SmartX,AssemblyCN_g1,IN:mom:AssemblyCN_g1:SmartX,2028-W03,0.0,,True,,,,False,True
SmartX,FoundryTW_g1,IN:mom:FoundryTW_g1:SmartX,2028-W03,0.0,,True,,,,False,True
SmartX,WaferFab_TW_g1,IN:leaf_in:WaferFab_TW_g1:SmartX,2028-W03,0.0,,True,,,,False,True
SmartX,AssemblyCN_g1,IN:mom:AssemblyCN_g1:SmartX,2028-W04,0.0,,True,,,,False,True
SmartX,FoundryTW_g1,IN:mom:FoundryTW_g1:SmartX,2028-W04,0.0,,True,,,,False,True
SmartX,WaferFab_TW_g1,IN:leaf_in:WaferFab_TW_g1:SmartX,2028-W04,0.0,,True,,,,False,True
SmartX,AssemblyCN_g1,IN:mom:AssemblyCN_g1:SmartX,2028-W05,0.0,,True,,,,False,True
SmartX,FoundryTW_g1,IN:mom:FoundryTW_g1:SmartX,2028-W05,0.0,,True,,,,False,True
SmartX,WaferFab_TW_g1,IN:leaf_in:WaferFab_TW_g1:SmartX,2028-W05,0.0,0.0,False,,,,False,False
SmartX,AssemblyCN_g1,IN:mom:AssemblyCN_g1:SmartX,2028-W06,0.0,,True,,,,False,True
SmartX,FoundryTW_g1,IN:mom:FoundryTW_g1:SmartX,2028-W06,0.0,,True,,,,False,True
SmartX,WaferFab_TW_g1,IN:leaf_in:WaferFab_TW_g1:SmartX,2028-W06,0.0,0.0,False,,,,False,False
SmartX,AssemblyCN_g1,IN:mom:AssemblyCN_g1:SmartX,2028-W07,0.0,,True,,,,False,True
SmartX,FoundryTW_g1,IN:mom:FoundryTW_g1:SmartX,2028-W07,0.0,,True,,,,False,True
SmartX,WaferFab_TW_g1,IN:leaf_in:WaferFab_TW_g1:SmartX,2028-W07,0.0,,True,,,,False,True
SmartX,AssemblyCN_g1,IN:mom:AssemblyCN_g1:SmartX,2028-W08,0.0,,True,,,,False,True
SmartX,FoundryTW_g1,IN:mom:FoundryTW_g1:SmartX,2028-W08,0.0,,True,,,,False,True
SmartX,WaferFab_TW_g1,IN:leaf_in:WaferFab_TW_g1:SmartX,2028-W08,0.0,,True,,,,False,True
SmartX,AssemblyCN_g1,IN:mom:AssemblyCN_g1:SmartX,2028-W09,0.0,,True,,,,False,True
SmartX,FoundryTW_g1,IN:mom:FoundryTW_g1:SmartX,2028-W09,0.0,,True,,,,False,True
SmartX,WaferFab_TW_g1,IN:leaf_in:WaferFab_TW_g1:SmartX,2028-W09,0.0,,True,,,,False,True
SmartX,AssemblyCN_g1,IN:mom:AssemblyCN_g1:SmartX,2028-W10,0.0,,True,,,,False,True
SmartX,FoundryTW_g1,IN:mom:FoundryTW_g1:SmartX,2028-W10,0.0,,True,,,,False,True
SmartX,WaferFab_TW_g1,IN:leaf_in:WaferFab_TW_g1:SmartX,2028-W10,0.0,,True,,,,False,True
SmartX,AssemblyCN_g1,IN:mom:AssemblyCN_g1:SmartX,2028-W11,0.0,,True,,,,False,True
SmartX,FoundryTW_g1,IN:mom:FoundryTW_g1:SmartX,2028-W11,0.0,,True,,,,False,True
SmartX,WaferFab_TW_g1,IN:leaf_in:WaferFab_TW_g1:SmartX,2028-W11,0.0,,True,,,,False,True
SmartX,AssemblyCN_g1,IN:mom:AssemblyCN_g1:SmartX,2028-W12,0.0,,True,,,,False,True
SmartX,FoundryTW_g1,IN:mom:FoundryTW_g1:SmartX,2028-W12,0.0,,True,,,,False,True
SmartX,WaferFab_TW_g1,IN:leaf_in:WaferFab_TW_g1:SmartX,2028-W12,0.0,,True,,,,False,True
SmartX,AssemblyCN_g1,IN:mom:AssemblyCN_g1:SmartX,2028-W13,0.0,,True,,,,False,True
SmartX,FoundryTW_g1,IN:mom:FoundryTW_g1:SmartX,2028-W13,0.0,,True,,,,False,True
SmartX,WaferFab_TW_g1,IN:leaf_in:WaferFab_TW_g1:SmartX,2028-W13,0.0,,True,,,,False,True
SmartX,AssemblyCN_g1,IN:mom:AssemblyCN_g1:SmartX,2028-W14,0.0,,True,,,,False,True
SmartX,FoundryTW_g1,IN:mom:FoundryTW_g1:SmartX,2028-W14,0.0,,True,,,,False,True
SmartX,WaferFab_TW_g1,IN:leaf_in:WaferFab_TW_g1:SmartX,2028-W14,0.0,,True,,,,False,True
SmartX,AssemblyCN_g1,IN:mom:AssemblyCN_g1:SmartX,2028-W15,0.0,,True,,,,False,True
SmartX,FoundryTW_g1,IN:mom:FoundryTW_g1:SmartX,2028-W15,0.0,,True,,,,False,True
SmartX,WaferFab_TW_g1,IN:leaf_in:WaferFab_TW_g1:SmartX,2028-W15,0.0,,True,,,,False,True
SmartX,AssemblyCN_g1,IN:mom:AssemblyCN_g1:SmartX,2028-W16,0.0,,True,,,,False,True
SmartX,FoundryTW_g1,IN:mom:FoundryTW_g1:SmartX,2028-W16,0.0,,True,,,,False,True
SmartX,WaferFab_TW_g1,IN:leaf_in:WaferFab_TW_g1:SmartX,2028-W16,0.0,,True,,,,False,True
SmartX,AssemblyCN_g1,IN:mom:AssemblyCN_g1:SmartX,2028-W17,0.0,,True,,,,False,True
SmartX,FoundryTW_g1,IN:mom:FoundryTW_g1:SmartX,2028-W17,0.0,,True,,,,False,True
SmartX,WaferFab_TW_g1,IN:leaf_in:WaferFab_TW_g1:SmartX,2028-W17,0.0,,True,,,,False,True
SmartX,AssemblyCN_g1,IN:mom:AssemblyCN_g1:SmartX,2028-W18,0.0,,True,,,,False,True
SmartX,FoundryTW_g1,IN:mom:FoundryTW_g1:SmartX,2028-W18,0.0,,True,,,,False,True
SmartX,WaferFab_TW_g1,IN:leaf_in:WaferFab_TW_g1:SmartX,2028-W18,0.0,,True,,,,False,True
SmartX,AssemblyCN_g1,IN:mom:AssemblyCN_g1:SmartX,2028-W19,0.0,,True,,,,False,True
SmartX,FoundryTW_g1,IN:mom:FoundryTW_g1:SmartX,2028-W19,0.0,,True,,,,False,True
SmartX,WaferFab_TW_g1,IN:leaf_in:WaferFab_TW_g1:SmartX,2028-W19,0.0,,True,,,,False,True
SmartX,AssemblyCN_g1,IN:mom:AssemblyCN_g1:SmartX,2028-W20,0.0,,True,,,,False,True
SmartX,FoundryTW_g1,IN:mom:FoundryTW_g1:SmartX,2028-W20,0.0,,True,,,,False,True
SmartX,WaferFab_TW_g1,IN:leaf_in:WaferFab_TW_g1:SmartX,2028-W20,0.0,,True,,,,False,True
SmartX,AssemblyCN_g1,IN:mom:AssemblyCN_g1:SmartX,2028-W21,0.0,,True,,,,False,True
SmartX,FoundryTW_g1,IN:mom:FoundryTW_g1:SmartX,2028-W21,0.0,,True,,,,False,True
SmartX,WaferFab_TW_g1,IN:leaf_in:WaferFab_TW_g1:SmartX,2028-W21,0.0,,True,,,,False,True
SmartX,AssemblyCN_g1,IN:mom:AssemblyCN_g1:SmartX,2028-W22,0.0,,True,,,,False,True
SmartX,FoundryTW_g1,IN:mom:FoundryTW_g1:SmartX,2028-W22,0.0,,True,,,,False,True
SmartX,WaferFab_TW_g1,IN:leaf_in:WaferFab_TW_g1:SmartX,2028-W22,0.0,,True,,,,False,True
SmartX,AssemblyCN_g1,IN:mom:AssemblyCN_g1:SmartX,2028-W23,0.0,,True,,,,False,True
SmartX,FoundryTW_g1,IN:mom:FoundryTW_g1:SmartX,2028-W23,0.0,,True,,,,False,True
SmartX,WaferFab_TW_g1,IN:leaf_in:WaferFab_TW_g1:SmartX,2028-W23,0.0,,True,,,,False,True
SmartX,AssemblyCN_g1,IN:mom:AssemblyCN_g1:SmartX,2028-W24,0.0,,True,,,,False,True
SmartX,FoundryTW_g1,IN:mom:FoundryTW_g1:SmartX,2028-W24,0.0,,True,,,,False,True
SmartX,WaferFab_TW_g1,IN:leaf_in:WaferFab_TW_g1:SmartX,2028-W24,0.0,,True,,,,False,True
SmartX,AssemblyCN_g1,IN:mom:AssemblyCN_g1:SmartX,2028-W25,0.0,,True,,,,False,True
SmartX,FoundryTW_g1,IN:mom:FoundryTW_g1:SmartX,2028-W25,0.0,,True,,,,False,True
SmartX,WaferFab_TW_g1,IN:leaf_in:WaferFab_TW_g1:SmartX,2028-W25,0.0,,True,,,,False,True
SmartX,AssemblyCN_g1,IN:mom:AssemblyCN_g1:SmartX,2028-W26,0.0,,True,,,,False,True
SmartX,FoundryTW_g1,IN:mom:FoundryTW_g1:SmartX,2028-W26,0.0,,True,,,,False,True
SmartX,WaferFab_TW_g1,IN:leaf_in:WaferFab_TW_g1:SmartX,2028-W26,0.0,,True,,,,False,True
SmartX,AssemblyCN_g1,IN:mom:AssemblyCN_g1:SmartX,2028-W27,0.0,,True,,,,False,True
SmartX,FoundryTW_g1,IN:mom:FoundryTW_g1:SmartX,2028-W27,0.0,,True,,,,False,True
SmartX,WaferFab_TW_g1,IN:leaf_in:WaferFab_TW_g1:SmartX,2028-W27,0.0,,True,,,,False,True
SmartX,AssemblyCN_g1,IN:mom:AssemblyCN_g1:SmartX,2028-W28,0.0,,True,,,,False,True
SmartX,FoundryTW_g1,IN:mom:FoundryTW_g1:SmartX,2028-W28,0.0,,True,,,,False,True
SmartX,WaferFab_TW_g1,IN:leaf_in:WaferFab_TW_g1:SmartX,2028-W28,0.0,,True,,,,False,True
SmartX,AssemblyCN_g1,IN:mom:AssemblyCN_g1:SmartX,2028-W29,0.0,,True,,,,False,True
SmartX,FoundryTW_g1,IN:mom:FoundryTW_g1:SmartX,2028-W29,0.0,,True,,,,False,True
SmartX,WaferFab_TW_g1,IN:leaf_in:WaferFab_TW_g1:SmartX,2028-W29,0.0,,True,,,,False,True
SmartX,AssemblyCN_g1,IN:mom:AssemblyCN_g1:SmartX,2028-W30,0.0,,True,,,,False,True
SmartX,FoundryTW_g1,IN:mom:FoundryTW_g1:SmartX,2028-W30,0.0,,True,,,,False,True
SmartX,WaferFab_TW_g1,IN:leaf_in:WaferFab_TW_g1:SmartX,2028-W30,0.0,,True,,,,False,True
SmartX,AssemblyCN_g1,IN:mom:AssemblyCN_g1:SmartX,2028-W31,0.0,,True,,,,False,True
SmartX,FoundryTW_g1,IN:mom:FoundryTW_g1:SmartX,2028-W31,0.0,,True,,,,False,True
SmartX,WaferFab_TW_g1,IN:leaf_in:WaferFab_TW_g1:SmartX,2028-W31,0.0,,True,,,,False,True
SmartX,AssemblyCN_g1,IN:mom:AssemblyCN_g1:SmartX,2028-W32,0.0,,True,,,,False,True
SmartX,FoundryTW_g1,IN:mom:FoundryTW_g1:SmartX,2028-W32,0.0,,True,,,,False,True
SmartX,WaferFab_TW_g1,IN:leaf_in:WaferFab_TW_g1:SmartX,2028-W32,0.0,,True,,,,False,True
SmartX,AssemblyCN_g1,IN:mom:AssemblyCN_g1:SmartX,2028-W33,0.0,,True,,,,False,True
SmartX,FoundryTW_g1,IN:mom:FoundryTW_g1:SmartX,2028-W33,0.0,,True,,,,False,True
SmartX,WaferFab_TW_g1,IN:leaf_in:WaferFab_TW_g1:SmartX,2028-W33,0.0,,True,,,,False,True
SmartX,AssemblyCN_g1,IN:mom:AssemblyCN_g1:SmartX,2028-W34,0.0,,True,,,,False,True
SmartX,FoundryTW_g1,IN:mom:FoundryTW_g1:SmartX,2028-W34,0.0,,True,,,,False,True
SmartX,WaferFab_TW_g1,IN:leaf_in:WaferFab_TW_g1:SmartX,2028-W34,0.0,,True,,,,False,True
SmartX,AssemblyCN_g1,IN:mom:AssemblyCN_g1:SmartX,2028-W35,0.0,,True,,,,False,True
SmartX,FoundryTW_g1,IN:mom:FoundryTW_g1:SmartX,2028-W35,0.0,,True,,,,False,True
SmartX,WaferFab_TW_g1,IN:leaf_in:WaferFab_TW_g1:SmartX,2028-W35,0.0,,True,,,,False,True
SmartX,AssemblyCN_g1,IN:mom:AssemblyCN_g1:SmartX,2028-W36,0.0,,True,,,,False,True
SmartX,FoundryTW_g1,IN:mom:FoundryTW_g1:SmartX,2028-W36,0.0,,True,,,,False,True
SmartX,WaferFab_TW_g1,IN:leaf_in:WaferFab_TW_g1:SmartX,2028-W36,0.0,,True,,,,False,True
SmartX,AssemblyCN_g1,IN:mom:AssemblyCN_g1:SmartX,2028-W37,0.0,,True,,,,False,True
SmartX,FoundryTW_g1,IN:mom:FoundryTW_g1:SmartX,2028-W37,0.0,,True,,,,False,True
SmartX,WaferFab_TW_g1,IN:leaf_in:WaferFab_TW_g1:SmartX,2028-W37,0.0,,True,,,,False,True
SmartX,AssemblyCN_g1,IN:mom:AssemblyCN_g1:SmartX,2028-W38,0.0,,True,,,,False,True
SmartX,FoundryTW_g1,IN:mom:FoundryTW_g1:SmartX,2028-W38,0.0,,True,,,,False,True
SmartX,WaferFab_TW_g1,IN:leaf_in:WaferFab_TW_g1:SmartX,2028-W38,0.0,,True,,,,False,True
SmartX,AssemblyCN_g1,IN:mom:AssemblyCN_g1:SmartX,2028-W39,0.0,,True,,,,False,True
SmartX,FoundryTW_g1,IN:mom:FoundryTW_g1:SmartX,2028-W39,0.0,,True,,,,False,True
SmartX,WaferFab_TW_g1,IN:leaf_in:WaferFab_TW_g1:SmartX,2028-W39,0.0,,True,,,,False,True
SmartX,AssemblyCN_g1,IN:mom:AssemblyCN_g1:SmartX,2028-W40,0.0,,True,,,,False,True
SmartX,FoundryTW_g1,IN:mom:FoundryTW_g1:SmartX,2028-W40,0.0,,True,,,,False,True
SmartX,WaferFab_TW_g1,IN:leaf_in:WaferFab_TW_g1:SmartX,2028-W40,0.0,,True,,,,False,True
SmartX,AssemblyCN_g1,IN:mom:AssemblyCN_g1:SmartX,2028-W41,0.0,,True,,,,False,True
SmartX,FoundryTW_g1,IN:mom:FoundryTW_g1:SmartX,2028-W41,0.0,,True,,,,False,True
SmartX,WaferFab_TW_g1,IN:leaf_in:WaferFab_TW_g1:SmartX,2028-W41,0.0,,True,,,,False,True
SmartX,AssemblyCN_g1,IN:mom:AssemblyCN_g1:SmartX,2028-W42,0.0,,True,,,,False,True
SmartX,FoundryTW_g1,IN:mom:FoundryTW_g1:SmartX,2028-W42,0.0,,True,,,,False,True
SmartX,WaferFab_TW_g1,IN:leaf_in:WaferFab_TW_g1:SmartX,2028-W42,0.0,,True,,,,False,True
SmartX,AssemblyCN_g1,IN:mom:AssemblyCN_g1:SmartX,2028-W43,0.0,,True,,,,False,True
SmartX,FoundryTW_g1,IN:mom:FoundryTW_g1:SmartX,2028-W43,0.0,,True,,,,False,True
SmartX,WaferFab_TW_g1,IN:leaf_in:WaferFab_TW_g1:SmartX,2028-W43,0.0,,True,,,,False,True
SmartX,AssemblyCN_g1,IN:mom:AssemblyCN_g1:SmartX,2028-W44,0.0,,True,,,,False,True
SmartX,FoundryTW_g1,IN:mom:FoundryTW_g1:SmartX,2028-W44,0.0,,True,,,,False,True
SmartX,WaferFab_TW_g1,IN:leaf_in:WaferFab_TW_g1:SmartX,2028-W44,0.0,,True,,,,False,True
SmartX,AssemblyCN_g1,IN:mom:AssemblyCN_g1:SmartX,2028-W45,0.0,,True,,,,False,True
SmartX,FoundryTW_g1,IN:mom:FoundryTW_g1:SmartX,2028-W45,0.0,,True,,,,False,True
SmartX,WaferFab_TW_g1,IN:leaf_in:WaferFab_TW_g1:SmartX,2028-W45,0.0,,True,,,,False,True
SmartX,AssemblyCN_g1,IN:mom:AssemblyCN_g1:SmartX,2028-W46,0.0,,True,,,,False,True
SmartX,FoundryTW_g1,IN:mom:FoundryTW_g1:SmartX,2028-W46,0.0,,True,,,,False,True
SmartX,WaferFab_TW_g1,IN:leaf_in:WaferFab_TW_g1:SmartX,2028-W46,0.0,,True,,,,False,True
SmartX,AssemblyCN_g1,IN:mom:AssemblyCN_g1:SmartX,2028-W47,0.0,,True,,,,False,True
SmartX,FoundryTW_g1,IN:mom:FoundryTW_g1:SmartX,2028-W47,0.0,,True,,,,False,True
SmartX,WaferFab_TW_g1,IN:leaf_in:WaferFab_TW_g1:SmartX,2028-W47,0.0,,True,,,,False,True
SmartX,AssemblyCN_g1,IN:mom:AssemblyCN_g1:SmartX,2028-W48,0.0,,True,,,,False,True
SmartX,FoundryTW_g1,IN:mom:FoundryTW_g1:SmartX,2028-W48,0.0,,True,,,,False,True
SmartX,WaferFab_TW_g1,IN:leaf_in:WaferFab_TW_g1:SmartX,2028-W48,0.0,,True,,,,False,True
SmartX,AssemblyCN_g1,IN:mom:AssemblyCN_g1:SmartX,2028-W49,0.0,,True,,,,False,True
SmartX,FoundryTW_g1,IN:mom:FoundryTW_g1:SmartX,2028-W49,0.0,,True,,,,False,True
SmartX,WaferFab_TW_g1,IN:leaf_in:WaferFab_TW_g1:SmartX,2028-W49,0.0,,True,,,,False,True
SmartX,AssemblyCN_g1,IN:mom:AssemblyCN_g1:SmartX,2028-W50,0.0,,True,,,,False,True
SmartX,FoundryTW_g1,IN:mom:FoundryTW_g1:SmartX,2028-W50,0.0,,True,,,,False,True
SmartX,WaferFab_TW_g1,IN:leaf_in:WaferFab_TW_g1:SmartX,2028-W50,0.0,,True,,,,False,True
SmartX,AssemblyCN_g1,IN:mom:AssemblyCN_g1:SmartX,2028-W51,0.0,,True,,,,False,True
SmartX,FoundryTW_g1,IN:mom:FoundryTW_g1:SmartX,2028-W51,0.0,,True,,,,False,True
SmartX,WaferFab_TW_g1,IN:leaf_in:WaferFab_TW_g1:SmartX,2028-W51,0.0,,True,,,,False,True
SmartX,AssemblyCN_g1,IN:mom:AssemblyCN_g1:SmartX,2028-W52,0.0,,True,,,,False,True
SmartX,FoundryTW_g1,IN:mom:FoundryTW_g1:SmartX,2028-W52,0.0,,True,,,,False,True
SmartX,WaferFab_TW_g1,IN:leaf_in:WaferFab_TW_g1:SmartX,2028-W52,0.0,,True,,,,False,True
SmartX,AssemblyCN_g1,IN:mom:AssemblyCN_g1:SmartX,2029-W01,0.0,,True,,,,False,True
SmartX,FoundryTW_g1,IN:mom:FoundryTW_g1:SmartX,2029-W01,0.0,,True,,,,False,True
SmartX,WaferFab_TW_g1,IN:leaf_in:WaferFab_TW_g1:SmartX,2029-W01,0.0,,True,,,,False,True
SmartX,AssemblyCN_g1,IN:mom:AssemblyCN_g1:SmartX,2029-W02,0.0,,True,,,,False,True
SmartX,FoundryTW_g1,IN:mom:FoundryTW_g1:SmartX,2029-W02,0.0,,True,,,,False,True
SmartX,WaferFab_TW_g1,IN:leaf_in:WaferFab_TW_g1:SmartX,2029-W02,0.0,,True,,,,False,True
SmartX,AssemblyCN_g1,IN:mom:AssemblyCN_g1:SmartX,2029-W03,0.0,,True,,,,False,True
SmartX,FoundryTW_g1,IN:mom:FoundryTW_g1:SmartX,2029-W03,0.0,,True,,,,False,True
SmartX,WaferFab_TW_g1,IN:leaf_in:WaferFab_TW_g1:SmartX,2029-W03,0.0,,True,,,,False,True
SmartX,AssemblyCN_g1,IN:mom:AssemblyCN_g1:SmartX,2029-W04,0.0,,True,,,,False,True
SmartX,FoundryTW_g1,IN:mom:FoundryTW_g1:SmartX,2029-W04,0.0,,True,,,,False,True
SmartX,WaferFab_TW_g1,IN:leaf_in:WaferFab_TW_g1:SmartX,2029-W04,0.0,0.0,False,,,,False,False
SmartX,AssemblyCN_g1,IN:mom:AssemblyCN_g1:SmartX,2029-W05,0.0,,True,,,,False,True
SmartX,FoundryTW_g1,IN:mom:FoundryTW_g1:SmartX,2029-W05,0.0,,True,,,,False,True
SmartX,WaferFab_TW_g1,IN:leaf_in:WaferFab_TW_g1:SmartX,2029-W05,0.0,0.0,False,,,,False,False
SmartX,AssemblyCN_g1,IN:mom:AssemblyCN_g1:SmartX,2029-W06,0.0,,True,,,,False,True
SmartX,FoundryTW_g1,IN:mom:FoundryTW_g1:SmartX,2029-W06,0.0,,True,,,,False,True
SmartX,WaferFab_TW_g1,IN:leaf_in:WaferFab_TW_g1:SmartX,2029-W06,0.0,,True,,,,False,True
SmartX,AssemblyCN_g1,IN:mom:AssemblyCN_g1:SmartX,2029-W07,0.0,,True,,,,False,True
SmartX,FoundryTW_g1,IN:mom:FoundryTW_g1:SmartX,2029-W07,0.0,,True,,,,False,True
SmartX,WaferFab_TW_g1,IN:leaf_in:WaferFab_TW_g1:SmartX,2029-W07,0.0,,True,,,,False,True
SmartX,AssemblyCN_g1,IN:mom:AssemblyCN_g1:SmartX,2029-W08,0.0,,True,,,,False,True
SmartX,FoundryTW_g1,IN:mom:FoundryTW_g1:SmartX,2029-W08,0.0,,True,,,,False,True
SmartX,WaferFab_TW_g1,IN:leaf_in:WaferFab_TW_g1:SmartX,2029-W08,0.0,,True,,,,False,True
SmartX,AssemblyCN_g1,IN:mom:AssemblyCN_g1:SmartX,2029-W09,0.0,,True,,,,False,True
SmartX,FoundryTW_g1,IN:mom:FoundryTW_g1:SmartX,2029-W09,0.0,,True,,,,False,True
SmartX,WaferFab_TW_g1,IN:leaf_in:WaferFab_TW_g1:SmartX,2029-W09,0.0,,True,,,,False,True
SmartX,AssemblyCN_g1,IN:mom:AssemblyCN_g1:SmartX,2029-W10,0.0,,True,,,,False,True
SmartX,FoundryTW_g1,IN:mom:FoundryTW_g1:SmartX,2029-W10,0.0,,True,,,,False,True
SmartX,WaferFab_TW_g1,IN:leaf_in:WaferFab_TW_g1:SmartX,2029-W10,0.0,,True,,,,False,True
SmartX,AssemblyCN_g1,IN:mom:AssemblyCN_g1:SmartX,2029-W11,0.0,,True,,,,False,True
SmartX,FoundryTW_g1,IN:mom:FoundryTW_g1:SmartX,2029-W11,0.0,,True,,,,False,True
SmartX,WaferFab_TW_g1,IN:leaf_in:WaferFab_TW_g1:SmartX,2029-W11,0.0,,True,,,,False,True
SmartX,AssemblyCN_g1,IN:mom:AssemblyCN_g1:SmartX,2029-W12,0.0,,True,,,,False,True
SmartX,FoundryTW_g1,IN:mom:FoundryTW_g1:SmartX,2029-W12,0.0,,True,,,,False,True
SmartX,WaferFab_TW_g1,IN:leaf_in:WaferFab_TW_g1:SmartX,2029-W12,0.0,,True,,,,False,True
SmartX,AssemblyCN_g1,IN:mom:AssemblyCN_g1:SmartX,2029-W13,0.0,,True,,,,False,True
SmartX,FoundryTW_g1,IN:mom:FoundryTW_g1:SmartX,2029-W13,0.0,,True,,,,False,True
SmartX,WaferFab_TW_g1,IN:leaf_in:WaferFab_TW_g1:SmartX,2029-W13,0.0,,True,,,,False,True
SmartX,AssemblyCN_g1,IN:mom:AssemblyCN_g1:SmartX,2029-W14,0.0,,True,,,,False,True
SmartX,FoundryTW_g1,IN:mom:FoundryTW_g1:SmartX,2029-W14,0.0,,True,,,,False,True
SmartX,WaferFab_TW_g1,IN:leaf_in:WaferFab_TW_g1:SmartX,2029-W14,0.0,,True,,,,False,True
SmartX,AssemblyCN_g1,IN:mom:AssemblyCN_g1:SmartX,2029-W15,0.0,,True,,,,False,True
SmartX,FoundryTW_g1,IN:mom:FoundryTW_g1:SmartX,2029-W15,0.0,,True,,,,False,True
SmartX,WaferFab_TW_g1,IN:leaf_in:WaferFab_TW_g1:SmartX,2029-W15,0.0,,True,,,,False,True
SmartX,AssemblyCN_g1,IN:mom:AssemblyCN_g1:SmartX,2029-W16,0.0,,True,,,,False,True
SmartX,FoundryTW_g1,IN:mom:FoundryTW_g1:SmartX,2029-W16,0.0,,True,,,,False,True
SmartX,WaferFab_TW_g1,IN:leaf_in:WaferFab_TW_g1:SmartX,2029-W16,0.0,,True,,,,False,True
SmartX,AssemblyCN_g1,IN:mom:AssemblyCN_g1:SmartX,2029-W17,0.0,,True,,,,False,True
SmartX,FoundryTW_g1,IN:mom:FoundryTW_g1:SmartX,2029-W17,0.0,,True,,,,False,True
SmartX,WaferFab_TW_g1,IN:leaf_in:WaferFab_TW_g1:SmartX,2029-W17,0.0,,True,,,,False,True
SmartX,AssemblyCN_g1,IN:mom:AssemblyCN_g1:SmartX,2029-W18,0.0,,True,,,,False,True
SmartX,FoundryTW_g1,IN:mom:FoundryTW_g1:SmartX,2029-W18,0.0,,True,,,,False,True
SmartX,WaferFab_TW_g1,IN:leaf_in:WaferFab_TW_g1:SmartX,2029-W18,0.0,,True,,,,False,True
SmartX,AssemblyCN_g1,IN:mom:AssemblyCN_g1:SmartX,2029-W19,0.0,,True,,,,False,True
SmartX,FoundryTW_g1,IN:mom:FoundryTW_g1:SmartX,2029-W19,0.0,,True,,,,False,True
SmartX,WaferFab_TW_g1,IN:leaf_in:WaferFab_TW_g1:SmartX,2029-W19,0.0,,True,,,,False,True
SmartX,AssemblyCN_g1,IN:mom:AssemblyCN_g1:SmartX,2029-W20,0.0,,True,,,,False,True
SmartX,FoundryTW_g1,IN:mom:FoundryTW_g1:SmartX,2029-W20,0.0,,True,,,,False,True
SmartX,WaferFab_TW_g1,IN:leaf_in:WaferFab_TW_g1:SmartX,2029-W20,0.0,,True,,,,False,True
SmartX,AssemblyCN_g1,IN:mom:AssemblyCN_g1:SmartX,2029-W21,0.0,,True,,,,False,True
SmartX,FoundryTW_g1,IN:mom:FoundryTW_g1:SmartX,2029-W21,0.0,,True,,,,False,True
SmartX,WaferFab_TW_g1,IN:leaf_in:WaferFab_TW_g1:SmartX,2029-W21,0.0,,True,,,,False,True
SmartX,AssemblyCN_g1,IN:mom:AssemblyCN_g1:SmartX,2029-W22,0.0,,True,,,,False,True
SmartX,FoundryTW_g1,IN:mom:FoundryTW_g1:SmartX,2029-W22,0.0,,True,,,,False,True
SmartX,WaferFab_TW_g1,IN:leaf_in:WaferFab_TW_g1:SmartX,2029-W22,0.0,,True,,,,False,True
SmartX,AssemblyCN_g1,IN:mom:AssemblyCN_g1:SmartX,2029-W23,0.0,,True,,,,False,True
SmartX,FoundryTW_g1,IN:mom:FoundryTW_g1:SmartX,2029-W23,0.0,,True,,,,False,True
SmartX,WaferFab_TW_g1,IN:leaf_in:WaferFab_TW_g1:SmartX,2029-W23,0.0,,True,,,,False,True
SmartX,AssemblyCN_g1,IN:mom:AssemblyCN_g1:SmartX,2029-W24,0.0,,True,,,,False,True
SmartX,FoundryTW_g1,IN:mom:FoundryTW_g1:SmartX,2029-W24,0.0,,True,,,,False,True
SmartX,WaferFab_TW_g1,IN:leaf_in:WaferFab_TW_g1:SmartX,2029-W24,0.0,,True,,,,False,True
SmartX,AssemblyCN_g1,IN:mom:AssemblyCN_g1:SmartX,2029-W25,0.0,,True,,,,False,True
SmartX,FoundryTW_g1,IN:mom:FoundryTW_g1:SmartX,2029-W25,0.0,,True,,,,False,True
SmartX,WaferFab_TW_g1,IN:leaf_in:WaferFab_TW_g1:SmartX,2029-W25,0.0,,True,,,,False,True
SmartX,AssemblyCN_g1,IN:mom:AssemblyCN_g1:SmartX,2029-W26,0.0,,True,,,,False,True
SmartX,FoundryTW_g1,IN:mom:FoundryTW_g1:SmartX,2029-W26,0.0,,True,,,,False,True
SmartX,WaferFab_TW_g1,IN:leaf_in:WaferFab_TW_g1:SmartX,2029-W26,0.0,,True,,,,False,True
SmartX,AssemblyCN_g1,IN:mom:AssemblyCN_g1:SmartX,2029-W27,0.0,,True,,,,False,True
SmartX,FoundryTW_g1,IN:mom:FoundryTW_g1:SmartX,2029-W27,0.0,,True,,,,False,True
SmartX,WaferFab_TW_g1,IN:leaf_in:WaferFab_TW_g1:SmartX,2029-W27,0.0,,True,,,,False,True
SmartX,AssemblyCN_g1,IN:mom:AssemblyCN_g1:SmartX,2029-W28,0.0,,True,,,,False,True
SmartX,FoundryTW_g1,IN:mom:FoundryTW_g1:SmartX,2029-W28,0.0,,True,,,,False,True
SmartX,WaferFab_TW_g1,IN:leaf_in:WaferFab_TW_g1:SmartX,2029-W28,0.0,,True,,,,False,True
SmartX,AssemblyCN_g1,IN:mom:AssemblyCN_g1:SmartX,2029-W29,0.0,,True,,,,False,True
SmartX,FoundryTW_g1,IN:mom:FoundryTW_g1:SmartX,2029-W29,0.0,,True,,,,False,True
SmartX,WaferFab_TW_g1,IN:leaf_in:WaferFab_TW_g1:SmartX,2029-W29,0.0,,True,,,,False,True
SmartX,AssemblyCN_g1,IN:mom:AssemblyCN_g1:SmartX,2029-W30,0.0,,True,,,,False,True
SmartX,FoundryTW_g1,IN:mom:FoundryTW_g1:SmartX,2029-W30,0.0,,True,,,,False,True
SmartX,WaferFab_TW_g1,IN:leaf_in:WaferFab_TW_g1:SmartX,2029-W30,0.0,,True,,,,False,True
SmartX,AssemblyCN_g1,IN:mom:AssemblyCN_g1:SmartX,2029-W31,0.0,,True,,,,False,True
SmartX,FoundryTW_g1,IN:mom:FoundryTW_g1:SmartX,2029-W31,0.0,,True,,,,False,True
SmartX,WaferFab_TW_g1,IN:leaf_in:WaferFab_TW_g1:SmartX,2029-W31,0.0,,True,,,,False,True
SmartX,AssemblyCN_g1,IN:mom:AssemblyCN_g1:SmartX,2029-W32,0.0,,True,,,,False,True
SmartX,FoundryTW_g1,IN:mom:FoundryTW_g1:SmartX,2029-W32,0.0,,True,,,,False,True
SmartX,WaferFab_TW_g1,IN:leaf_in:WaferFab_TW_g1:SmartX,2029-W32,0.0,,True,,,,False,True
SmartX,AssemblyCN_g1,IN:mom:AssemblyCN_g1:SmartX,2029-W33,0.0,,True,,,,False,True
SmartX,FoundryTW_g1,IN:mom:FoundryTW_g1:SmartX,2029-W33,0.0,,True,,,,False,True
SmartX,WaferFab_TW_g1,IN:leaf_in:WaferFab_TW_g1:SmartX,2029-W33,0.0,,True,,,,False,True
SmartX,AssemblyCN_g1,IN:mom:AssemblyCN_g1:SmartX,2029-W34,0.0,,True,,,,False,True
SmartX,FoundryTW_g1,IN:mom:FoundryTW_g1:SmartX,2029-W34,0.0,,True,,,,False,True
SmartX,WaferFab_TW_g1,IN:leaf_in:WaferFab_TW_g1:SmartX,2029-W34,0.0,,True,,,,False,True
SmartX,AssemblyCN_g1,IN:mom:AssemblyCN_g1:SmartX,2029-W35,0.0,,True,,,,False,True
SmartX,FoundryTW_g1,IN:mom:FoundryTW_g1:SmartX,2029-W35,0.0,,True,,,,False,True
SmartX,WaferFab_TW_g1,IN:leaf_in:WaferFab_TW_g1:SmartX,2029-W35,0.0,,True,,,,False,True
SmartX,AssemblyCN_g1,IN:mom:AssemblyCN_g1:SmartX,2029-W36,0.0,,True,,,,False,True
SmartX,FoundryTW_g1,IN:mom:FoundryTW_g1:SmartX,2029-W36,0.0,,True,,,,False,True
SmartX,WaferFab_TW_g1,IN:leaf_in:WaferFab_TW_g1:SmartX,2029-W36,0.0,,True,,,,False,True
SmartX,AssemblyCN_g1,IN:mom:AssemblyCN_g1:SmartX,2029-W37,0.0,,True,,,,False,True
SmartX,FoundryTW_g1,IN:mom:FoundryTW_g1:SmartX,2029-W37,0.0,,True,,,,False,True
SmartX,WaferFab_TW_g1,IN:leaf_in:WaferFab_TW_g1:SmartX,2029-W37,0.0,,True,,,,False,True
SmartX,AssemblyCN_g1,IN:mom:AssemblyCN_g1:SmartX,2029-W38,0.0,,True,,,,False,True
SmartX,FoundryTW_g1,IN:mom:FoundryTW_g1:SmartX,2029-W38,0.0,,True,,,,False,True
SmartX,WaferFab_TW_g1,IN:leaf_in:WaferFab_TW_g1:SmartX,2029-W38,0.0,,True,,,,False,True
SmartX,AssemblyCN_g1,IN:mom:AssemblyCN_g1:SmartX,2029-W39,0.0,,True,,,,False,True
SmartX,FoundryTW_g1,IN:mom:FoundryTW_g1:SmartX,2029-W39,0.0,,True,,,,False,True
SmartX,WaferFab_TW_g1,IN:leaf_in:WaferFab_TW_g1:SmartX,2029-W39,0.0,,True,,,,False,True
SmartX,AssemblyCN_g1,IN:mom:AssemblyCN_g1:SmartX,2029-W40,0.0,,True,,,,False,True
SmartX,FoundryTW_g1,IN:mom:FoundryTW_g1:SmartX,2029-W40,0.0,,True,,,,False,True
SmartX,WaferFab_TW_g1,IN:leaf_in:WaferFab_TW_g1:SmartX,2029-W40,0.0,,True,,,,False,True
SmartX,AssemblyCN_g1,IN:mom:AssemblyCN_g1:SmartX,2029-W41,0.0,,True,,,,False,True
SmartX,FoundryTW_g1,IN:mom:FoundryTW_g1:SmartX,2029-W41,0.0,,True,,,,False,True
SmartX,WaferFab_TW_g1,IN:leaf_in:WaferFab_TW_g1:SmartX,2029-W41,0.0,,True,,,,False,True
SmartX,AssemblyCN_g1,IN:mom:AssemblyCN_g1:SmartX,2029-W42,0.0,,True,,,,False,True
SmartX,FoundryTW_g1,IN:mom:FoundryTW_g1:SmartX,2029-W42,0.0,,True,,,,False,True
SmartX,WaferFab_TW_g1,IN:leaf_in:WaferFab_TW_g1:SmartX,2029-W42,0.0,,True,,,,False,True
SmartX,AssemblyCN_g1,IN:mom:AssemblyCN_g1:SmartX,2029-W43,0.0,,True,,,,False,True
SmartX,FoundryTW_g1,IN:mom:FoundryTW_g1:SmartX,2029-W43,0.0,,True,,,,False,True
SmartX,WaferFab_TW_g1,IN:leaf_in:WaferFab_TW_g1:SmartX,2029-W43,0.0,,True,,,,False,True
SmartX,AssemblyCN_g1,IN:mom:AssemblyCN_g1:SmartX,2029-W44,0.0,,True,,,,False,True
SmartX,FoundryTW_g1,IN:mom:FoundryTW_g1:SmartX,2029-W44,0.0,,True,,,,False,True
SmartX,WaferFab_TW_g1,IN:leaf_in:WaferFab_TW_g1:SmartX,2029-W44,0.0,,True,,,,False,True
SmartX,AssemblyCN_g1,IN:mom:AssemblyCN_g1:SmartX,2029-W45,0.0,,True,,,,False,True
SmartX,FoundryTW_g1,IN:mom:FoundryTW_g1:SmartX,2029-W45,0.0,,True,,,,False,True
SmartX,WaferFab_TW_g1,IN:leaf_in:WaferFab_TW_g1:SmartX,2029-W45,0.0,,True,,,,False,True
SmartX,AssemblyCN_g1,IN:mom:AssemblyCN_g1:SmartX,2029-W46,0.0,,True,,,,False,True
SmartX,FoundryTW_g1,IN:mom:FoundryTW_g1:SmartX,2029-W46,0.0,,True,,,,False,True
SmartX,WaferFab_TW_g1,IN:leaf_in:WaferFab_TW_g1:SmartX,2029-W46,0.0,,True,,,,False,True
SmartX,AssemblyCN_g1,IN:mom:AssemblyCN_g1:SmartX,2029-W47,0.0,,True,,,,False,True
SmartX,FoundryTW_g1,IN:mom:FoundryTW_g1:SmartX,2029-W47,0.0,,True,,,,False,True
SmartX,WaferFab_TW_g1,IN:leaf_in:WaferFab_TW_g1:SmartX,2029-W47,0.0,,True,,,,False,True
SmartX,AssemblyCN_g1,IN:mom:AssemblyCN_g1:SmartX,2029-W48,0.0,,True,,,,False,True
SmartX,FoundryTW_g1,IN:mom:FoundryTW_g1:SmartX,2029-W48,0.0,,True,,,,False,True
SmartX,WaferFab_TW_g1,IN:leaf_in:WaferFab_TW_g1:SmartX,2029-W48,0.0,,True,,,,False,True
SmartX,AssemblyCN_g1,IN:mom:AssemblyCN_g1:SmartX,2029-W49,0.0,,True,,,,False,True
SmartX,FoundryTW_g1,IN:mom:FoundryTW_g1:SmartX,2029-W49,0.0,,True,,,,False,True
SmartX,WaferFab_TW_g1,IN:leaf_in:WaferFab_TW_g1:SmartX,2029-W49,0.0,,True,,,,False,True
SmartX,AssemblyCN_g1,IN:mom:AssemblyCN_g1:SmartX,2029-W50,0.0,,True,,,,False,True
SmartX,FoundryTW_g1,IN:mom:FoundryTW_g1:SmartX,2029-W50,0.0,,True,,,,False,True
SmartX,WaferFab_TW_g1,IN:leaf_in:WaferFab_TW_g1:SmartX,2029-W50,0.0,,True,,,,False,True
SmartX,AssemblyCN_g1,IN:mom:AssemblyCN_g1:SmartX,2029-W51,0.0,,True,,,,False,True
SmartX,FoundryTW_g1,IN:mom:FoundryTW_g1:SmartX,2029-W51,0.0,,True,,,,False,True
SmartX,WaferFab_TW_g1,IN:leaf_in:WaferFab_TW_g1:SmartX,2029-W51,0.0,,True,,,,False,True
SmartX,AssemblyCN_g1,IN:mom:AssemblyCN_g1:SmartX,2029-W52,0.0,,True,,,,False,True
SmartX,FoundryTW_g1,IN:mom:FoundryTW_g1:SmartX,2029-W52,0.0,,True,,,,False,True
SmartX,WaferFab_TW_g1,IN:leaf_in:WaferFab_TW_g1:SmartX,2029-W52,0.0,,True,,,,False,True
SmartX,AssemblyCN_g1,IN:mom:AssemblyCN_g1:SmartX,2030-W01,0.0,,True,,,,False,True
SmartX,FoundryTW_g1,IN:mom:FoundryTW_g1:SmartX,2030-W01,0.0,,True,,,,False,True
SmartX,WaferFab_TW_g1,IN:leaf_in:WaferFab_TW_g1:SmartX,2030-W01,0.0,,True,,,,False,True
SmartX,AssemblyCN_g1,IN:mom:AssemblyCN_g1:SmartX,2030-W02,0.0,,True,,,,False,True
SmartX,FoundryTW_g1,IN:mom:FoundryTW_g1:SmartX,2030-W02,0.0,,True,,,,False,True
SmartX,WaferFab_TW_g1,IN:leaf_in:WaferFab_TW_g1:SmartX,2030-W02,0.0,,True,,,,False,True
SmartX,AssemblyCN_g1,IN:mom:AssemblyCN_g1:SmartX,2030-W03,0.0,,True,,,,False,True
SmartX,FoundryTW_g1,IN:mom:FoundryTW_g1:SmartX,2030-W03,0.0,,True,,,,False,True
SmartX,WaferFab_TW_g1,IN:leaf_in:WaferFab_TW_g1:SmartX,2030-W03,0.0,,True,,,,False,True
SmartX,AssemblyCN_g1,IN:mom:AssemblyCN_g1:SmartX,2030-W04,0.0,,True,,,,False,True
SmartX,FoundryTW_g1,IN:mom:FoundryTW_g1:SmartX,2030-W04,0.0,,True,,,,False,True
SmartX,WaferFab_TW_g1,IN:leaf_in:WaferFab_TW_g1:SmartX,2030-W04,0.0,,True,,,,False,True
SmartX,AssemblyCN_g1,IN:mom:AssemblyCN_g1:SmartX,2030-W05,0.0,,True,,,,False,True
SmartX,FoundryTW_g1,IN:mom:FoundryTW_g1:SmartX,2030-W05,0.0,,True,,,,False,True
SmartX,WaferFab_TW_g1,IN:leaf_in:WaferFab_TW_g1:SmartX,2030-W05,0.0,0.0,False,,,,False,False
SmartX,AssemblyCN_g1,IN:mom:AssemblyCN_g1:SmartX,2030-W06,0.0,,True,,,,False,True
SmartX,FoundryTW_g1,IN:mom:FoundryTW_g1:SmartX,2030-W06,0.0,,True,,,,False,True
SmartX,WaferFab_TW_g1,IN:leaf_in:WaferFab_TW_g1:SmartX,2030-W06,0.0,0.0,False,,,,False,False
SmartX,AssemblyCN_g1,IN:mom:AssemblyCN_g1:SmartX,2030-W07,0.0,,True,,,,False,True
SmartX,FoundryTW_g1,IN:mom:FoundryTW_g1:SmartX,2030-W07,0.0,,True,,,,False,True
SmartX,WaferFab_TW_g1,IN:leaf_in:WaferFab_TW_g1:SmartX,2030-W07,0.0,,True,,,,False,True
SmartX,AssemblyCN_g1,IN:mom:AssemblyCN_g1:SmartX,2030-W08,0.0,,True,,,,False,True
SmartX,FoundryTW_g1,IN:mom:FoundryTW_g1:SmartX,2030-W08,0.0,,True,,,,False,True
SmartX,WaferFab_TW_g1,IN:leaf_in:WaferFab_TW_g1:SmartX,2030-W08,0.0,,True,,,,False,True
SmartX,AssemblyCN_g1,IN:mom:AssemblyCN_g1:SmartX,2030-W09,0.0,,True,,,,False,True
SmartX,FoundryTW_g1,IN:mom:FoundryTW_g1:SmartX,2030-W09,0.0,,True,,,,False,True
SmartX,WaferFab_TW_g1,IN:leaf_in:WaferFab_TW_g1:SmartX,2030-W09,0.0,,True,,,,False,True
SmartX,AssemblyCN_g1,IN:mom:AssemblyCN_g1:SmartX,2030-W10,0.0,,True,,,,False,True
SmartX,FoundryTW_g1,IN:mom:FoundryTW_g1:SmartX,2030-W10,0.0,,True,,,,False,True
SmartX,WaferFab_TW_g1,IN:leaf_in:WaferFab_TW_g1:SmartX,2030-W10,0.0,,True,,,,False,True
SmartX,AssemblyCN_g1,IN:mom:AssemblyCN_g1:SmartX,2030-W11,0.0,,True,,,,False,True
SmartX,FoundryTW_g1,IN:mom:FoundryTW_g1:SmartX,2030-W11,0.0,,True,,,,False,True
SmartX,WaferFab_TW_g1,IN:leaf_in:WaferFab_TW_g1:SmartX,2030-W11,0.0,,True,,,,False,True
SmartX,AssemblyCN_g1,IN:mom:AssemblyCN_g1:SmartX,2030-W12,0.0,,True,,,,False,True
SmartX,FoundryTW_g1,IN:mom:FoundryTW_g1:SmartX,2030-W12,0.0,,True,,,,False,True
SmartX,WaferFab_TW_g1,IN:leaf_in:WaferFab_TW_g1:SmartX,2030-W12,0.0,,True,,,,False,True
SmartX,AssemblyCN_g1,IN:mom:AssemblyCN_g1:SmartX,2030-W13,0.0,,True,,,,False,True
SmartX,FoundryTW_g1,IN:mom:FoundryTW_g1:SmartX,2030-W13,0.0,,True,,,,False,True
SmartX,WaferFab_TW_g1,IN:leaf_in:WaferFab_TW_g1:SmartX,2030-W13,0.0,,True,,,,False,True
SmartX,AssemblyCN_g1,IN:mom:AssemblyCN_g1:SmartX,2030-W14,0.0,,True,,,,False,True
SmartX,FoundryTW_g1,IN:mom:FoundryTW_g1:SmartX,2030-W14,0.0,,True,,,,False,True
SmartX,WaferFab_TW_g1,IN:leaf_in:WaferFab_TW_g1:SmartX,2030-W14,0.0,,True,,,,False,True
SmartX,AssemblyCN_g1,IN:mom:AssemblyCN_g1:SmartX,2030-W15,0.0,,True,,,,False,True
SmartX,FoundryTW_g1,IN:mom:FoundryTW_g1:SmartX,2030-W15,0.0,,True,,,,False,True
SmartX,WaferFab_TW_g1,IN:leaf_in:WaferFab_TW_g1:SmartX,2030-W15,0.0,,True,,,,False,True
SmartX,AssemblyCN_g1,IN:mom:AssemblyCN_g1:SmartX,2030-W16,0.0,,True,,,,False,True
SmartX,FoundryTW_g1,IN:mom:FoundryTW_g1:SmartX,2030-W16,0.0,,True,,,,False,True
SmartX,WaferFab_TW_g1,IN:leaf_in:WaferFab_TW_g1:SmartX,2030-W16,0.0,,True,,,,False,True
SmartX,AssemblyCN_g1,IN:mom:AssemblyCN_g1:SmartX,2030-W17,0.0,,True,,,,False,True
SmartX,FoundryTW_g1,IN:mom:FoundryTW_g1:SmartX,2030-W17,0.0,,True,,,,False,True
SmartX,WaferFab_TW_g1,IN:leaf_in:WaferFab_TW_g1:SmartX,2030-W17,0.0,,True,,,,False,True
SmartX,AssemblyCN_g1,IN:mom:AssemblyCN_g1:SmartX,2030-W18,0.0,,True,,,,False,True
SmartX,FoundryTW_g1,IN:mom:FoundryTW_g1:SmartX,2030-W18,0.0,,True,,,,False,True
SmartX,WaferFab_TW_g1,IN:leaf_in:WaferFab_TW_g1:SmartX,2030-W18,0.0,,True,,,,False,True
SmartX,AssemblyCN_g1,IN:mom:AssemblyCN_g1:SmartX,2030-W19,0.0,,True,,,,False,True
SmartX,FoundryTW_g1,IN:mom:FoundryTW_g1:SmartX,2030-W19,0.0,,True,,,,False,True
SmartX,WaferFab_TW_g1,IN:leaf_in:WaferFab_TW_g1:SmartX,2030-W19,0.0,,True,,,,False,True
SmartX,AssemblyCN_g1,IN:mom:AssemblyCN_g1:SmartX,2030-W20,0.0,,True,,,,False,True
SmartX,FoundryTW_g1,IN:mom:FoundryTW_g1:SmartX,2030-W20,0.0,,True,,,,False,True
SmartX,WaferFab_TW_g1,IN:leaf_in:WaferFab_TW_g1:SmartX,2030-W20,0.0,,True,,,,False,True
SmartX,AssemblyCN_g1,IN:mom:AssemblyCN_g1:SmartX,2030-W21,0.0,,True,,,,False,True
SmartX,FoundryTW_g1,IN:mom:FoundryTW_g1:SmartX,2030-W21,0.0,,True,,,,False,True
SmartX,WaferFab_TW_g1,IN:leaf_in:WaferFab_TW_g1:SmartX,2030-W21,0.0,,True,,,,False,True
SmartX,AssemblyCN_g1,IN:mom:AssemblyCN_g1:SmartX,2030-W22,0.0,,True,,,,False,True
SmartX,FoundryTW_g1,IN:mom:FoundryTW_g1:SmartX,2030-W22,0.0,,True,,,,False,True
SmartX,WaferFab_TW_g1,IN:leaf_in:WaferFab_TW_g1:SmartX,2030-W22,0.0,,True,,,,False,True
SmartX,AssemblyCN_g1,IN:mom:AssemblyCN_g1:SmartX,2030-W23,0.0,,True,,,,False,True
SmartX,FoundryTW_g1,IN:mom:FoundryTW_g1:SmartX,2030-W23,0.0,,True,,,,False,True
SmartX,WaferFab_TW_g1,IN:leaf_in:WaferFab_TW_g1:SmartX,2030-W23,0.0,,True,,,,False,True
SmartX,AssemblyCN_g1,IN:mom:AssemblyCN_g1:SmartX,2030-W24,0.0,,True,,,,False,True
SmartX,FoundryTW_g1,IN:mom:FoundryTW_g1:SmartX,2030-W24,0.0,,True,,,,False,True
SmartX,WaferFab_TW_g1,IN:leaf_in:WaferFab_TW_g1:SmartX,2030-W24,0.0,,True,,,,False,True
SmartX,AssemblyCN_g1,IN:mom:AssemblyCN_g1:SmartX,2030-W25,0.0,,True,,,,False,True
SmartX,FoundryTW_g1,IN:mom:FoundryTW_g1:SmartX,2030-W25,0.0,,True,,,,False,True
SmartX,WaferFab_TW_g1,IN:leaf_in:WaferFab_TW_g1:SmartX,2030-W25,0.0,,True,,,,False,True
SmartX,AssemblyCN_g1,IN:mom:AssemblyCN_g1:SmartX,2030-W26,0.0,,True,,,,False,True
SmartX,FoundryTW_g1,IN:mom:FoundryTW_g1:SmartX,2030-W26,0.0,,True,,,,False,True
SmartX,WaferFab_TW_g1,IN:leaf_in:WaferFab_TW_g1:SmartX,2030-W26,0.0,,True,,,,False,True
SmartX,AssemblyCN_g1,IN:mom:AssemblyCN_g1:SmartX,2030-W27,0.0,,True,,,,False,True
SmartX,FoundryTW_g1,IN:mom:FoundryTW_g1:SmartX,2030-W27,0.0,,True,,,,False,True
SmartX,WaferFab_TW_g1,IN:leaf_in:WaferFab_TW_g1:SmartX,2030-W27,0.0,,True,,,,False,True
SmartX,AssemblyCN_g1,IN:mom:AssemblyCN_g1:SmartX,2030-W28,0.0,,True,,,,False,True
SmartX,FoundryTW_g1,IN:mom:FoundryTW_g1:SmartX,2030-W28,0.0,,True,,,,False,True
SmartX,WaferFab_TW_g1,IN:leaf_in:WaferFab_TW_g1:SmartX,2030-W28,0.0,,True,,,,False,True
SmartX,AssemblyCN_g1,IN:mom:AssemblyCN_g1:SmartX,2030-W29,0.0,,True,,,,False,True
SmartX,FoundryTW_g1,IN:mom:FoundryTW_g1:SmartX,2030-W29,0.0,,True,,,,False,True
SmartX,WaferFab_TW_g1,IN:leaf_in:WaferFab_TW_g1:SmartX,2030-W29,0.0,,True,,,,False,True
SmartX,AssemblyCN_g1,IN:mom:AssemblyCN_g1:SmartX,2030-W30,0.0,,True,,,,False,True
SmartX,FoundryTW_g1,IN:mom:FoundryTW_g1:SmartX,2030-W30,0.0,,True,,,,False,True
SmartX,WaferFab_TW_g1,IN:leaf_in:WaferFab_TW_g1:SmartX,2030-W30,0.0,,True,,,,False,True
SmartX,AssemblyCN_g1,IN:mom:AssemblyCN_g1:SmartX,2030-W31,0.0,,True,,,,False,True
SmartX,FoundryTW_g1,IN:mom:FoundryTW_g1:SmartX,2030-W31,0.0,,True,,,,False,True
SmartX,WaferFab_TW_g1,IN:leaf_in:WaferFab_TW_g1:SmartX,2030-W31,0.0,,True,,,,False,True
SmartX,AssemblyCN_g1,IN:mom:AssemblyCN_g1:SmartX,2030-W32,0.0,,True,,,,False,True
SmartX,FoundryTW_g1,IN:mom:FoundryTW_g1:SmartX,2030-W32,0.0,,True,,,,False,True
SmartX,WaferFab_TW_g1,IN:leaf_in:WaferFab_TW_g1:SmartX,2030-W32,0.0,,True,,,,False,True
SmartX,AssemblyCN_g1,IN:mom:AssemblyCN_g1:SmartX,2030-W33,0.0,,True,,,,False,True
SmartX,FoundryTW_g1,IN:mom:FoundryTW_g1:SmartX,2030-W33,0.0,,True,,,,False,True
SmartX,WaferFab_TW_g1,IN:leaf_in:WaferFab_TW_g1:SmartX,2030-W33,0.0,,True,,,,False,True
SmartX,AssemblyCN_g1,IN:mom:AssemblyCN_g1:SmartX,2030-W34,0.0,,True,,,,False,True
SmartX,FoundryTW_g1,IN:mom:FoundryTW_g1:SmartX,2030-W34,0.0,,True,,,,False,True
SmartX,WaferFab_TW_g1,IN:leaf_in:WaferFab_TW_g1:SmartX,2030-W34,0.0,,True,,,,False,True
SmartX,AssemblyCN_g1,IN:mom:AssemblyCN_g1:SmartX,2030-W35,0.0,,True,,,,False,True
SmartX,FoundryTW_g1,IN:mom:FoundryTW_g1:SmartX,2030-W35,0.0,,True,,,,False,True
SmartX,WaferFab_TW_g1,IN:leaf_in:WaferFab_TW_g1:SmartX,2030-W35,0.0,,True,,,,False,True
SmartX,AssemblyCN_g1,IN:mom:AssemblyCN_g1:SmartX,2030-W36,0.0,,True,,,,False,True
SmartX,FoundryTW_g1,IN:mom:FoundryTW_g1:SmartX,2030-W36,0.0,,True,,,,False,True
SmartX,WaferFab_TW_g1,IN:leaf_in:WaferFab_TW_g1:SmartX,2030-W36,0.0,,True,,,,False,True
SmartX,AssemblyCN_g1,IN:mom:AssemblyCN_g1:SmartX,2030-W37,0.0,,True,,,,False,True
SmartX,FoundryTW_g1,IN:mom:FoundryTW_g1:SmartX,2030-W37,0.0,,True,,,,False,True
SmartX,WaferFab_TW_g1,IN:leaf_in:WaferFab_TW_g1:SmartX,2030-W37,0.0,,True,,,,False,True
SmartX,AssemblyCN_g1,IN:mom:AssemblyCN_g1:SmartX,2030-W38,0.0,,True,,,,False,True
SmartX,FoundryTW_g1,IN:mom:FoundryTW_g1:SmartX,2030-W38,0.0,,True,,,,False,True
SmartX,WaferFab_TW_g1,IN:leaf_in:WaferFab_TW_g1:SmartX,2030-W38,0.0,,True,,,,False,True
SmartX,AssemblyCN_g1,IN:mom:AssemblyCN_g1:SmartX,2030-W39,0.0,,True,,,,False,True
SmartX,FoundryTW_g1,IN:mom:FoundryTW_g1:SmartX,2030-W39,0.0,,True,,,,False,True
SmartX,WaferFab_TW_g1,IN:leaf_in:WaferFab_TW_g1:SmartX,2030-W39,0.0,,True,,,,False,True
SmartX,AssemblyCN_g1,IN:mom:AssemblyCN_g1:SmartX,2030-W40,0.0,,True,,,,False,True
SmartX,FoundryTW_g1,IN:mom:FoundryTW_g1:SmartX,2030-W40,0.0,,True,,,,False,True
SmartX,WaferFab_TW_g1,IN:leaf_in:WaferFab_TW_g1:SmartX,2030-W40,0.0,,True,,,,False,True
SmartX,AssemblyCN_g1,IN:mom:AssemblyCN_g1:SmartX,2030-W41,0.0,,True,,,,False,True
SmartX,FoundryTW_g1,IN:mom:FoundryTW_g1:SmartX,2030-W41,0.0,,True,,,,False,True
SmartX,WaferFab_TW_g1,IN:leaf_in:WaferFab_TW_g1:SmartX,2030-W41,0.0,,True,,,,False,True
SmartX,AssemblyCN_g1,IN:mom:AssemblyCN_g1:SmartX,2030-W42,0.0,,True,,,,False,True
SmartX,FoundryTW_g1,IN:mom:FoundryTW_g1:SmartX,2030-W42,0.0,,True,,,,False,True
SmartX,WaferFab_TW_g1,IN:leaf_in:WaferFab_TW_g1:SmartX,2030-W42,0.0,,True,,,,False,True
SmartX,AssemblyCN_g1,IN:mom:AssemblyCN_g1:SmartX,2030-W43,0.0,,True,,,,False,True
SmartX,FoundryTW_g1,IN:mom:FoundryTW_g1:SmartX,2030-W43,0.0,,True,,,,False,True
SmartX,WaferFab_TW_g1,IN:leaf_in:WaferFab_TW_g1:SmartX,2030-W43,0.0,,True,,,,False,True
SmartX,AssemblyCN_g1,IN:mom:AssemblyCN_g1:SmartX,2030-W44,0.0,,True,,,,False,True
SmartX,FoundryTW_g1,IN:mom:FoundryTW_g1:SmartX,2030-W44,0.0,,True,,,,False,True
SmartX,WaferFab_TW_g1,IN:leaf_in:WaferFab_TW_g1:SmartX,2030-W44,0.0,,True,,,,False,True
SmartX,AssemblyCN_g1,IN:mom:AssemblyCN_g1:SmartX,2030-W45,0.0,,True,,,,False,True
SmartX,FoundryTW_g1,IN:mom:FoundryTW_g1:SmartX,2030-W45,0.0,,True,,,,False,True
SmartX,WaferFab_TW_g1,IN:leaf_in:WaferFab_TW_g1:SmartX,2030-W45,0.0,,True,,,,False,True
SmartX,AssemblyCN_g1,IN:mom:AssemblyCN_g1:SmartX,2030-W46,0.0,,True,,,,False,True
SmartX,FoundryTW_g1,IN:mom:FoundryTW_g1:SmartX,2030-W46,0.0,,True,,,,False,True
SmartX,WaferFab_TW_g1,IN:leaf_in:WaferFab_TW_g1:SmartX,2030-W46,0.0,,True,,,,False,True
SmartX,AssemblyCN_g1,IN:mom:AssemblyCN_g1:SmartX,2030-W47,0.0,,True,,,,False,True
SmartX,FoundryTW_g1,IN:mom:FoundryTW_g1:SmartX,2030-W47,0.0,,True,,,,False,True
SmartX,WaferFab_TW_g1,IN:leaf_in:WaferFab_TW_g1:SmartX,2030-W47,0.0,,True,,,,False,True
SmartX,AssemblyCN_g1,IN:mom:AssemblyCN_g1:SmartX,2030-W48,0.0,,True,,,,False,True
SmartX,FoundryTW_g1,IN:mom:FoundryTW_g1:SmartX,2030-W48,0.0,,True,,,,False,True
SmartX,WaferFab_TW_g1,IN:leaf_in:WaferFab_TW_g1:SmartX,2030-W48,0.0,,True,,,,False,True
SmartX,AssemblyCN_g1,IN:mom:AssemblyCN_g1:SmartX,2030-W49,0.0,,True,,,,False,True
SmartX,FoundryTW_g1,IN:mom:FoundryTW_g1:SmartX,2030-W49,0.0,,True,,,,False,True
SmartX,WaferFab_TW_g1,IN:leaf_in:WaferFab_TW_g1:SmartX,2030-W49,0.0,,True,,,,False,True
SmartX,AssemblyCN_g1,IN:mom:AssemblyCN_g1:SmartX,2030-W50,0.0,,True,,,,False,True
SmartX,FoundryTW_g1,IN:mom:FoundryTW_g1:SmartX,2030-W50,0.0,,True,,,,False,True
SmartX,WaferFab_TW_g1,IN:leaf_in:WaferFab_TW_g1:SmartX,2030-W50,0.0,,True,,,,False,True
SmartX,AssemblyCN_g1,IN:mom:AssemblyCN_g1:SmartX,2030-W51,0.0,,True,,,,False,True
SmartX,FoundryTW_g1,IN:mom:FoundryTW_g1:SmartX,2030-W51,0.0,,True,,,,False,True
SmartX,WaferFab_TW_g1,IN:leaf_in:WaferFab_TW_g1:SmartX,2030-W51,0.0,,True,,,,False,True
SmartX,AssemblyCN_g1,IN:mom:AssemblyCN_g1:SmartX,2030-W52,0.0,,True,,,,False,True
SmartX,FoundryTW_g1,IN:mom:FoundryTW_g1:SmartX,2030-W52,0.0,,True,,,,False,True
SmartX,WaferFab_TW_g1,IN:leaf_in:WaferFab_TW_g1:SmartX,2030-W52,0.0,,True,,,,False,True
SmartXNext,AssemblyCN_g3,IN:mom:AssemblyCN_g3:SmartXNext,2025-W36,0.0,,True,,,,False,True
SmartXNext,FoundryTW_g3,IN:mom:FoundryTW_g3:SmartXNext,2025-W36,0.0,,True,,,,False,True
SmartXNext,WaferFab_TW_g3,IN:leaf_in:WaferFab_TW_g3:SmartXNext,2025-W36,0.0,,True,,,,False,True
SmartXNext,AssemblyCN_g3,IN:mom:AssemblyCN_g3:SmartXNext,2025-W37,0.0,,True,,,,False,True
SmartXNext,FoundryTW_g3,IN:mom:FoundryTW_g3:SmartXNext,2025-W37,0.0,,True,,,,False,True
SmartXNext,WaferFab_TW_g3,IN:leaf_in:WaferFab_TW_g3:SmartXNext,2025-W37,0.0,,True,,,,False,True
SmartXNext,AssemblyCN_g3,IN:mom:AssemblyCN_g3:SmartXNext,2025-W38,0.0,,True,,,,False,True
SmartXNext,FoundryTW_g3,IN:mom:FoundryTW_g3:SmartXNext,2025-W38,0.0,,True,,,,False,True
SmartXNext,WaferFab_TW_g3,IN:leaf_in:WaferFab_TW_g3:SmartXNext,2025-W38,0.0,,True,,,,False,True
SmartXNext,AssemblyCN_g3,IN:mom:AssemblyCN_g3:SmartXNext,2025-W39,0.0,,True,,,,False,True
SmartXNext,FoundryTW_g3,IN:mom:FoundryTW_g3:SmartXNext,2025-W39,0.0,,True,,,,False,True
SmartXNext,WaferFab_TW_g3,IN:leaf_in:WaferFab_TW_g3:SmartXNext,2025-W39,0.0,,True,,,,False,True
SmartXNext,AssemblyCN_g3,IN:mom:AssemblyCN_g3:SmartXNext,2025-W40,0.0,,True,,,,False,True
SmartXNext,FoundryTW_g3,IN:mom:FoundryTW_g3:SmartXNext,2025-W40,0.0,,True,,,,False,True
SmartXNext,WaferFab_TW_g3,IN:leaf_in:WaferFab_TW_g3:SmartXNext,2025-W40,0.0,,True,,,,False,True
SmartXNext,AssemblyCN_g3,IN:mom:AssemblyCN_g3:SmartXNext,2025-W41,0.0,,True,,,,False,True
SmartXNext,FoundryTW_g3,IN:mom:FoundryTW_g3:SmartXNext,2025-W41,0.0,,True,,,,False,True
SmartXNext,WaferFab_TW_g3,IN:leaf_in:WaferFab_TW_g3:SmartXNext,2025-W41,0.0,,True,,,,False,True
SmartXNext,AssemblyCN_g3,IN:mom:AssemblyCN_g3:SmartXNext,2025-W42,0.0,,True,,,,False,True
SmartXNext,FoundryTW_g3,IN:mom:FoundryTW_g3:SmartXNext,2025-W42,0.0,,True,,,,False,True
SmartXNext,WaferFab_TW_g3,IN:leaf_in:WaferFab_TW_g3:SmartXNext,2025-W42,0.0,,True,,,,False,True
SmartXNext,AssemblyCN_g3,IN:mom:AssemblyCN_g3:SmartXNext,2025-W43,0.0,,True,,,,False,True
SmartXNext,FoundryTW_g3,IN:mom:FoundryTW_g3:SmartXNext,2025-W43,0.0,,True,,,,False,True
SmartXNext,WaferFab_TW_g3,IN:leaf_in:WaferFab_TW_g3:SmartXNext,2025-W43,0.0,,True,,,,False,True
SmartXNext,AssemblyCN_g3,IN:mom:AssemblyCN_g3:SmartXNext,2025-W44,0.0,,True,,,,False,True
SmartXNext,FoundryTW_g3,IN:mom:FoundryTW_g3:SmartXNext,2025-W44,0.0,,True,,,,False,True
SmartXNext,WaferFab_TW_g3,IN:leaf_in:WaferFab_TW_g3:SmartXNext,2025-W44,0.0,,True,,,,False,True
SmartXNext,AssemblyCN_g3,IN:mom:AssemblyCN_g3:SmartXNext,2025-W45,0.0,,True,,,,False,True
SmartXNext,FoundryTW_g3,IN:mom:FoundryTW_g3:SmartXNext,2025-W45,0.0,,True,,,,False,True
SmartXNext,WaferFab_TW_g3,IN:leaf_in:WaferFab_TW_g3:SmartXNext,2025-W45,0.0,,True,,,,False,True
SmartXNext,AssemblyCN_g3,IN:mom:AssemblyCN_g3:SmartXNext,2025-W46,0.0,,True,,,,False,True
SmartXNext,FoundryTW_g3,IN:mom:FoundryTW_g3:SmartXNext,2025-W46,0.0,,True,,,,False,True
SmartXNext,WaferFab_TW_g3,IN:leaf_in:WaferFab_TW_g3:SmartXNext,2025-W46,0.0,,True,,,,False,True
SmartXNext,AssemblyCN_g3,IN:mom:AssemblyCN_g3:SmartXNext,2025-W47,0.0,,True,,,,False,True
SmartXNext,FoundryTW_g3,IN:mom:FoundryTW_g3:SmartXNext,2025-W47,0.0,,True,,,,False,True
SmartXNext,WaferFab_TW_g3,IN:leaf_in:WaferFab_TW_g3:SmartXNext,2025-W47,0.0,,True,,,,False,True
SmartXNext,AssemblyCN_g3,IN:mom:AssemblyCN_g3:SmartXNext,2025-W48,0.0,,True,,,,False,True
SmartXNext,FoundryTW_g3,IN:mom:FoundryTW_g3:SmartXNext,2025-W48,0.0,,True,,,,False,True
SmartXNext,WaferFab_TW_g3,IN:leaf_in:WaferFab_TW_g3:SmartXNext,2025-W48,0.0,,True,,,,False,True
SmartXNext,AssemblyCN_g3,IN:mom:AssemblyCN_g3:SmartXNext,2025-W49,0.0,,True,,,,False,True
SmartXNext,FoundryTW_g3,IN:mom:FoundryTW_g3:SmartXNext,2025-W49,0.0,,True,,,,False,True
SmartXNext,WaferFab_TW_g3,IN:leaf_in:WaferFab_TW_g3:SmartXNext,2025-W49,0.0,,True,,,,False,True
SmartXNext,AssemblyCN_g3,IN:mom:AssemblyCN_g3:SmartXNext,2025-W50,0.0,,True,,,,False,True
SmartXNext,FoundryTW_g3,IN:mom:FoundryTW_g3:SmartXNext,2025-W50,0.0,,True,,,,False,True
SmartXNext,WaferFab_TW_g3,IN:leaf_in:WaferFab_TW_g3:SmartXNext,2025-W50,0.0,,True,,,,False,True
SmartXNext,AssemblyCN_g3,IN:mom:AssemblyCN_g3:SmartXNext,2025-W51,0.0,,True,,,,False,True
SmartXNext,FoundryTW_g3,IN:mom:FoundryTW_g3:SmartXNext,2025-W51,0.0,,True,,,,False,True
SmartXNext,WaferFab_TW_g3,IN:leaf_in:WaferFab_TW_g3:SmartXNext,2025-W51,0.0,,True,,,,False,True
SmartXNext,AssemblyCN_g3,IN:mom:AssemblyCN_g3:SmartXNext,2025-W52,0.0,,True,,,,False,True
SmartXNext,FoundryTW_g3,IN:mom:FoundryTW_g3:SmartXNext,2025-W52,0.0,,True,,,,False,True
SmartXNext,WaferFab_TW_g3,IN:leaf_in:WaferFab_TW_g3:SmartXNext,2025-W52,0.0,,True,,,,False,True
SmartXNext,AssemblyCN_g3,IN:mom:AssemblyCN_g3:SmartXNext,2026-W01,0.0,,True,,,,False,True
SmartXNext,FoundryTW_g3,IN:mom:FoundryTW_g3:SmartXNext,2026-W01,0.0,,True,,,,False,True
SmartXNext,WaferFab_TW_g3,IN:leaf_in:WaferFab_TW_g3:SmartXNext,2026-W01,0.0,,True,,,,False,True
SmartXNext,AssemblyCN_g3,IN:mom:AssemblyCN_g3:SmartXNext,2026-W02,0.0,,True,,,,False,True
SmartXNext,FoundryTW_g3,IN:mom:FoundryTW_g3:SmartXNext,2026-W02,0.0,,True,,,,False,True
SmartXNext,WaferFab_TW_g3,IN:leaf_in:WaferFab_TW_g3:SmartXNext,2026-W02,0.0,,True,,,,False,True
SmartXNext,AssemblyCN_g3,IN:mom:AssemblyCN_g3:SmartXNext,2026-W03,0.0,,True,,,,False,True
SmartXNext,FoundryTW_g3,IN:mom:FoundryTW_g3:SmartXNext,2026-W03,0.0,,True,,,,False,True
SmartXNext,WaferFab_TW_g3,IN:leaf_in:WaferFab_TW_g3:SmartXNext,2026-W03,0.0,,True,,,,False,True
SmartXNext,AssemblyCN_g3,IN:mom:AssemblyCN_g3:SmartXNext,2026-W04,0.0,,True,,,,False,True
SmartXNext,FoundryTW_g3,IN:mom:FoundryTW_g3:SmartXNext,2026-W04,0.0,,True,,,,False,True
SmartXNext,WaferFab_TW_g3,IN:leaf_in:WaferFab_TW_g3:SmartXNext,2026-W04,0.0,,True,,,,False,True
SmartXNext,AssemblyCN_g3,IN:mom:AssemblyCN_g3:SmartXNext,2026-W05,0.0,,True,,,,False,True
SmartXNext,FoundryTW_g3,IN:mom:FoundryTW_g3:SmartXNext,2026-W05,0.0,,True,,,,False,True
SmartXNext,WaferFab_TW_g3,IN:leaf_in:WaferFab_TW_g3:SmartXNext,2026-W05,0.0,,True,,,,False,True
SmartXNext,AssemblyCN_g3,IN:mom:AssemblyCN_g3:SmartXNext,2026-W06,0.0,,True,,,,False,True
SmartXNext,FoundryTW_g3,IN:mom:FoundryTW_g3:SmartXNext,2026-W06,0.0,,True,,,,False,True
SmartXNext,WaferFab_TW_g3,IN:leaf_in:WaferFab_TW_g3:SmartXNext,2026-W06,0.0,,True,,,,False,True
SmartXNext,AssemblyCN_g3,IN:mom:AssemblyCN_g3:SmartXNext,2026-W07,0.0,,True,,,,False,True
SmartXNext,FoundryTW_g3,IN:mom:FoundryTW_g3:SmartXNext,2026-W07,0.0,,True,,,,False,True
SmartXNext,WaferFab_TW_g3,IN:leaf_in:WaferFab_TW_g3:SmartXNext,2026-W07,0.0,,True,,,,False,True
SmartXNext,AssemblyCN_g3,IN:mom:AssemblyCN_g3:SmartXNext,2026-W08,0.0,,True,,,,False,True
SmartXNext,FoundryTW_g3,IN:mom:FoundryTW_g3:SmartXNext,2026-W08,0.0,,True,,,,False,True
SmartXNext,WaferFab_TW_g3,IN:leaf_in:WaferFab_TW_g3:SmartXNext,2026-W08,0.0,0.0,False,,,,False,False
SmartXNext,AssemblyCN_g3,IN:mom:AssemblyCN_g3:SmartXNext,2026-W09,0.0,,True,,,,False,True
SmartXNext,FoundryTW_g3,IN:mom:FoundryTW_g3:SmartXNext,2026-W09,0.0,,True,,,,False,True
SmartXNext,WaferFab_TW_g3,IN:leaf_in:WaferFab_TW_g3:SmartXNext,2026-W09,0.0,0.0,False,,,,False,False
SmartXNext,AssemblyCN_g3,IN:mom:AssemblyCN_g3:SmartXNext,2026-W10,0.0,,True,,,,False,True
SmartXNext,FoundryTW_g3,IN:mom:FoundryTW_g3:SmartXNext,2026-W10,0.0,,True,,,,False,True
SmartXNext,WaferFab_TW_g3,IN:leaf_in:WaferFab_TW_g3:SmartXNext,2026-W10,0.0,,True,,,,False,True
SmartXNext,AssemblyCN_g3,IN:mom:AssemblyCN_g3:SmartXNext,2026-W11,0.0,,True,,,,False,True
SmartXNext,FoundryTW_g3,IN:mom:FoundryTW_g3:SmartXNext,2026-W11,0.0,,True,,,,False,True
SmartXNext,WaferFab_TW_g3,IN:leaf_in:WaferFab_TW_g3:SmartXNext,2026-W11,0.0,,True,,,,False,True
SmartXNext,AssemblyCN_g3,IN:mom:AssemblyCN_g3:SmartXNext,2026-W12,0.0,,True,,,,False,True
SmartXNext,FoundryTW_g3,IN:mom:FoundryTW_g3:SmartXNext,2026-W12,0.0,,True,,,,False,True
SmartXNext,WaferFab_TW_g3,IN:leaf_in:WaferFab_TW_g3:SmartXNext,2026-W12,0.0,,True,,,,False,True
SmartXNext,AssemblyCN_g3,IN:mom:AssemblyCN_g3:SmartXNext,2026-W13,0.0,,True,,,,False,True
SmartXNext,FoundryTW_g3,IN:mom:FoundryTW_g3:SmartXNext,2026-W13,0.0,,True,,,,False,True
SmartXNext,WaferFab_TW_g3,IN:leaf_in:WaferFab_TW_g3:SmartXNext,2026-W13,0.0,,True,,,,False,True
SmartXNext,AssemblyCN_g3,IN:mom:AssemblyCN_g3:SmartXNext,2026-W14,0.0,,True,,,,False,True
SmartXNext,FoundryTW_g3,IN:mom:FoundryTW_g3:SmartXNext,2026-W14,0.0,,True,,,,False,True
SmartXNext,WaferFab_TW_g3,IN:leaf_in:WaferFab_TW_g3:SmartXNext,2026-W14,0.0,,True,,,,False,True
SmartXNext,AssemblyCN_g3,IN:mom:AssemblyCN_g3:SmartXNext,2026-W15,0.0,,True,,,,False,True
SmartXNext,FoundryTW_g3,IN:mom:FoundryTW_g3:SmartXNext,2026-W15,0.0,,True,,,,False,True
SmartXNext,WaferFab_TW_g3,IN:leaf_in:WaferFab_TW_g3:SmartXNext,2026-W15,0.0,,True,,,,False,True
SmartXNext,AssemblyCN_g3,IN:mom:AssemblyCN_g3:SmartXNext,2026-W16,0.0,,True,,,,False,True
SmartXNext,FoundryTW_g3,IN:mom:FoundryTW_g3:SmartXNext,2026-W16,0.0,,True,,,,False,True
SmartXNext,WaferFab_TW_g3,IN:leaf_in:WaferFab_TW_g3:SmartXNext,2026-W16,0.0,,True,,,,False,True
SmartXNext,AssemblyCN_g3,IN:mom:AssemblyCN_g3:SmartXNext,2026-W17,0.0,,True,,,,False,True
SmartXNext,FoundryTW_g3,IN:mom:FoundryTW_g3:SmartXNext,2026-W17,0.0,,True,,,,False,True
SmartXNext,WaferFab_TW_g3,IN:leaf_in:WaferFab_TW_g3:SmartXNext,2026-W17,0.0,,True,,,,False,True
SmartXNext,AssemblyCN_g3,IN:mom:AssemblyCN_g3:SmartXNext,2026-W18,0.0,,True,,,,False,True
SmartXNext,FoundryTW_g3,IN:mom:FoundryTW_g3:SmartXNext,2026-W18,0.0,,True,,,,False,True
SmartXNext,WaferFab_TW_g3,IN:leaf_in:WaferFab_TW_g3:SmartXNext,2026-W18,0.0,,True,,,,False,True
SmartXNext,AssemblyCN_g3,IN:mom:AssemblyCN_g3:SmartXNext,2026-W19,0.0,,True,,,,False,True
SmartXNext,FoundryTW_g3,IN:mom:FoundryTW_g3:SmartXNext,2026-W19,0.0,,True,,,,False,True
SmartXNext,WaferFab_TW_g3,IN:leaf_in:WaferFab_TW_g3:SmartXNext,2026-W19,0.0,,True,,,,False,True
SmartXNext,AssemblyCN_g3,IN:mom:AssemblyCN_g3:SmartXNext,2026-W20,0.0,,True,,,,False,True
SmartXNext,FoundryTW_g3,IN:mom:FoundryTW_g3:SmartXNext,2026-W20,0.0,,True,,,,False,True
SmartXNext,WaferFab_TW_g3,IN:leaf_in:WaferFab_TW_g3:SmartXNext,2026-W20,0.0,,True,,,,False,True
SmartXNext,AssemblyCN_g3,IN:mom:AssemblyCN_g3:SmartXNext,2026-W21,0.0,,True,,,,False,True
SmartXNext,FoundryTW_g3,IN:mom:FoundryTW_g3:SmartXNext,2026-W21,0.0,,True,,,,False,True
SmartXNext,WaferFab_TW_g3,IN:leaf_in:WaferFab_TW_g3:SmartXNext,2026-W21,0.0,,True,,,,False,True
SmartXNext,AssemblyCN_g3,IN:mom:AssemblyCN_g3:SmartXNext,2026-W22,0.0,,True,,,,False,True
SmartXNext,FoundryTW_g3,IN:mom:FoundryTW_g3:SmartXNext,2026-W22,0.0,,True,,,,False,True
SmartXNext,WaferFab_TW_g3,IN:leaf_in:WaferFab_TW_g3:SmartXNext,2026-W22,0.0,,True,,,,False,True
SmartXNext,AssemblyCN_g3,IN:mom:AssemblyCN_g3:SmartXNext,2026-W23,0.0,,True,,,,False,True
SmartXNext,FoundryTW_g3,IN:mom:FoundryTW_g3:SmartXNext,2026-W23,0.0,,True,,,,False,True
SmartXNext,WaferFab_TW_g3,IN:leaf_in:WaferFab_TW_g3:SmartXNext,2026-W23,0.0,,True,,,,False,True
SmartXNext,AssemblyCN_g3,IN:mom:AssemblyCN_g3:SmartXNext,2026-W24,0.0,,True,,,,False,True
SmartXNext,FoundryTW_g3,IN:mom:FoundryTW_g3:SmartXNext,2026-W24,0.0,,True,,,,False,True
SmartXNext,WaferFab_TW_g3,IN:leaf_in:WaferFab_TW_g3:SmartXNext,2026-W24,0.0,,True,,,,False,True
SmartXNext,AssemblyCN_g3,IN:mom:AssemblyCN_g3:SmartXNext,2026-W25,0.0,,True,,,,False,True
SmartXNext,FoundryTW_g3,IN:mom:FoundryTW_g3:SmartXNext,2026-W25,0.0,,True,,,,False,True
SmartXNext,WaferFab_TW_g3,IN:leaf_in:WaferFab_TW_g3:SmartXNext,2026-W25,0.0,,True,,,,False,True
SmartXNext,AssemblyCN_g3,IN:mom:AssemblyCN_g3:SmartXNext,2026-W26,0.0,,True,,,,False,True
SmartXNext,FoundryTW_g3,IN:mom:FoundryTW_g3:SmartXNext,2026-W26,0.0,,True,,,,False,True
SmartXNext,WaferFab_TW_g3,IN:leaf_in:WaferFab_TW_g3:SmartXNext,2026-W26,0.0,,True,,,,False,True
SmartXNext,AssemblyCN_g3,IN:mom:AssemblyCN_g3:SmartXNext,2026-W27,0.0,,True,,,,False,True
SmartXNext,FoundryTW_g3,IN:mom:FoundryTW_g3:SmartXNext,2026-W27,0.0,,True,,,,False,True
SmartXNext,WaferFab_TW_g3,IN:leaf_in:WaferFab_TW_g3:SmartXNext,2026-W27,0.0,,True,,,,False,True
SmartXNext,AssemblyCN_g3,IN:mom:AssemblyCN_g3:SmartXNext,2026-W28,0.0,,True,,,,False,True
SmartXNext,FoundryTW_g3,IN:mom:FoundryTW_g3:SmartXNext,2026-W28,0.0,,True,,,,False,True
SmartXNext,WaferFab_TW_g3,IN:leaf_in:WaferFab_TW_g3:SmartXNext,2026-W28,0.0,,True,,,,False,True
SmartXNext,AssemblyCN_g3,IN:mom:AssemblyCN_g3:SmartXNext,2026-W29,0.0,,True,,,,False,True
SmartXNext,FoundryTW_g3,IN:mom:FoundryTW_g3:SmartXNext,2026-W29,0.0,,True,,,,False,True
SmartXNext,WaferFab_TW_g3,IN:leaf_in:WaferFab_TW_g3:SmartXNext,2026-W29,0.0,,True,,,,False,True
SmartXNext,AssemblyCN_g3,IN:mom:AssemblyCN_g3:SmartXNext,2026-W30,0.0,,True,,,,False,True
SmartXNext,FoundryTW_g3,IN:mom:FoundryTW_g3:SmartXNext,2026-W30,0.0,,True,,,,False,True
SmartXNext,WaferFab_TW_g3,IN:leaf_in:WaferFab_TW_g3:SmartXNext,2026-W30,0.0,,True,,,,False,True
SmartXNext,AssemblyCN_g3,IN:mom:AssemblyCN_g3:SmartXNext,2026-W31,0.0,,True,,,,False,True
SmartXNext,FoundryTW_g3,IN:mom:FoundryTW_g3:SmartXNext,2026-W31,0.0,,True,,,,False,True
SmartXNext,WaferFab_TW_g3,IN:leaf_in:WaferFab_TW_g3:SmartXNext,2026-W31,0.0,,True,,,,False,True
SmartXNext,AssemblyCN_g3,IN:mom:AssemblyCN_g3:SmartXNext,2026-W32,0.0,,True,,,,False,True
SmartXNext,FoundryTW_g3,IN:mom:FoundryTW_g3:SmartXNext,2026-W32,0.0,,True,,,,False,True
SmartXNext,WaferFab_TW_g3,IN:leaf_in:WaferFab_TW_g3:SmartXNext,2026-W32,0.0,,True,,,,False,True
SmartXNext,AssemblyCN_g3,IN:mom:AssemblyCN_g3:SmartXNext,2026-W33,0.0,,True,,,,False,True
SmartXNext,FoundryTW_g3,IN:mom:FoundryTW_g3:SmartXNext,2026-W33,0.0,,True,,,,False,True
SmartXNext,WaferFab_TW_g3,IN:leaf_in:WaferFab_TW_g3:SmartXNext,2026-W33,0.0,,True,,,,False,True
SmartXNext,AssemblyCN_g3,IN:mom:AssemblyCN_g3:SmartXNext,2026-W34,0.0,,True,,,,False,True
SmartXNext,FoundryTW_g3,IN:mom:FoundryTW_g3:SmartXNext,2026-W34,0.0,,True,,,,False,True
SmartXNext,WaferFab_TW_g3,IN:leaf_in:WaferFab_TW_g3:SmartXNext,2026-W34,0.0,,True,,,,False,True
SmartXNext,AssemblyCN_g3,IN:mom:AssemblyCN_g3:SmartXNext,2026-W35,0.0,,True,,,,False,True
SmartXNext,FoundryTW_g3,IN:mom:FoundryTW_g3:SmartXNext,2026-W35,0.0,,True,,,,False,True
SmartXNext,WaferFab_TW_g3,IN:leaf_in:WaferFab_TW_g3:SmartXNext,2026-W35,0.0,,True,,,,False,True
SmartXNext,AssemblyCN_g3,IN:mom:AssemblyCN_g3:SmartXNext,2026-W36,0.0,,True,,,,False,True
SmartXNext,FoundryTW_g3,IN:mom:FoundryTW_g3:SmartXNext,2026-W36,0.0,,True,,,,False,True
SmartXNext,WaferFab_TW_g3,IN:leaf_in:WaferFab_TW_g3:SmartXNext,2026-W36,0.0,,True,,,,False,True
SmartXNext,AssemblyCN_g3,IN:mom:AssemblyCN_g3:SmartXNext,2026-W37,0.0,,True,,,,False,True
SmartXNext,FoundryTW_g3,IN:mom:FoundryTW_g3:SmartXNext,2026-W37,0.0,,True,,,,False,True
SmartXNext,WaferFab_TW_g3,IN:leaf_in:WaferFab_TW_g3:SmartXNext,2026-W37,0.0,,True,,,,False,True
SmartXNext,AssemblyCN_g3,IN:mom:AssemblyCN_g3:SmartXNext,2026-W38,0.0,,True,,,,False,True
SmartXNext,FoundryTW_g3,IN:mom:FoundryTW_g3:SmartXNext,2026-W38,0.0,,True,,,,False,True
SmartXNext,WaferFab_TW_g3,IN:leaf_in:WaferFab_TW_g3:SmartXNext,2026-W38,0.0,,True,,,,False,True
SmartXNext,AssemblyCN_g3,IN:mom:AssemblyCN_g3:SmartXNext,2026-W39,0.0,,True,,,,False,True
SmartXNext,FoundryTW_g3,IN:mom:FoundryTW_g3:SmartXNext,2026-W39,0.0,,True,,,,False,True
SmartXNext,WaferFab_TW_g3,IN:leaf_in:WaferFab_TW_g3:SmartXNext,2026-W39,0.0,,True,,,,False,True
SmartXNext,AssemblyCN_g3,IN:mom:AssemblyCN_g3:SmartXNext,2026-W40,0.0,,True,,,,False,True
SmartXNext,FoundryTW_g3,IN:mom:FoundryTW_g3:SmartXNext,2026-W40,0.0,,True,,,,False,True
SmartXNext,WaferFab_TW_g3,IN:leaf_in:WaferFab_TW_g3:SmartXNext,2026-W40,0.0,,True,,,,False,True
SmartXNext,AssemblyCN_g3,IN:mom:AssemblyCN_g3:SmartXNext,2026-W41,0.0,,True,,,,False,True
SmartXNext,FoundryTW_g3,IN:mom:FoundryTW_g3:SmartXNext,2026-W41,0.0,,True,,,,False,True
SmartXNext,WaferFab_TW_g3,IN:leaf_in:WaferFab_TW_g3:SmartXNext,2026-W41,0.0,,True,,,,False,True
SmartXNext,AssemblyCN_g3,IN:mom:AssemblyCN_g3:SmartXNext,2026-W42,0.0,,True,,,,False,True
SmartXNext,FoundryTW_g3,IN:mom:FoundryTW_g3:SmartXNext,2026-W42,0.0,,True,,,,False,True
SmartXNext,WaferFab_TW_g3,IN:leaf_in:WaferFab_TW_g3:SmartXNext,2026-W42,0.0,,True,,,,False,True
SmartXNext,AssemblyCN_g3,IN:mom:AssemblyCN_g3:SmartXNext,2026-W43,0.0,,True,,,,False,True
SmartXNext,FoundryTW_g3,IN:mom:FoundryTW_g3:SmartXNext,2026-W43,0.0,,True,,,,False,True
SmartXNext,WaferFab_TW_g3,IN:leaf_in:WaferFab_TW_g3:SmartXNext,2026-W43,0.0,,True,,,,False,True
SmartXNext,AssemblyCN_g3,IN:mom:AssemblyCN_g3:SmartXNext,2026-W44,0.0,,True,,,,False,True
SmartXNext,FoundryTW_g3,IN:mom:FoundryTW_g3:SmartXNext,2026-W44,0.0,,True,,,,False,True
SmartXNext,WaferFab_TW_g3,IN:leaf_in:WaferFab_TW_g3:SmartXNext,2026-W44,0.0,,True,,,,False,True
SmartXNext,AssemblyCN_g3,IN:mom:AssemblyCN_g3:SmartXNext,2026-W45,0.0,,True,,,,False,True
SmartXNext,FoundryTW_g3,IN:mom:FoundryTW_g3:SmartXNext,2026-W45,0.0,,True,,,,False,True
SmartXNext,WaferFab_TW_g3,IN:leaf_in:WaferFab_TW_g3:SmartXNext,2026-W45,0.0,,True,,,,False,True
SmartXNext,AssemblyCN_g3,IN:mom:AssemblyCN_g3:SmartXNext,2026-W46,0.0,,True,,,,False,True
SmartXNext,FoundryTW_g3,IN:mom:FoundryTW_g3:SmartXNext,2026-W46,0.0,,True,,,,False,True
SmartXNext,WaferFab_TW_g3,IN:leaf_in:WaferFab_TW_g3:SmartXNext,2026-W46,0.0,,True,,,,False,True
SmartXNext,AssemblyCN_g3,IN:mom:AssemblyCN_g3:SmartXNext,2026-W47,0.0,,True,,,,False,True
SmartXNext,FoundryTW_g3,IN:mom:FoundryTW_g3:SmartXNext,2026-W47,0.0,,True,,,,False,True
SmartXNext,WaferFab_TW_g3,IN:leaf_in:WaferFab_TW_g3:SmartXNext,2026-W47,0.0,,True,,,,False,True
SmartXNext,AssemblyCN_g3,IN:mom:AssemblyCN_g3:SmartXNext,2026-W48,0.0,,True,,,,False,True
SmartXNext,FoundryTW_g3,IN:mom:FoundryTW_g3:SmartXNext,2026-W48,0.0,,True,,,,False,True
SmartXNext,WaferFab_TW_g3,IN:leaf_in:WaferFab_TW_g3:SmartXNext,2026-W48,0.0,,True,,,,False,True
SmartXNext,AssemblyCN_g3,IN:mom:AssemblyCN_g3:SmartXNext,2026-W49,0.0,,True,,,,False,True
SmartXNext,FoundryTW_g3,IN:mom:FoundryTW_g3:SmartXNext,2026-W49,0.0,,True,,,,False,True
SmartXNext,WaferFab_TW_g3,IN:leaf_in:WaferFab_TW_g3:SmartXNext,2026-W49,0.0,,True,,,,False,True
SmartXNext,AssemblyCN_g3,IN:mom:AssemblyCN_g3:SmartXNext,2026-W50,0.0,,True,,,,False,True
SmartXNext,FoundryTW_g3,IN:mom:FoundryTW_g3:SmartXNext,2026-W50,0.0,,True,,,,False,True
SmartXNext,WaferFab_TW_g3,IN:leaf_in:WaferFab_TW_g3:SmartXNext,2026-W50,0.0,,True,,,,False,True
SmartXNext,AssemblyCN_g3,IN:mom:AssemblyCN_g3:SmartXNext,2026-W51,0.0,,True,,,,False,True
SmartXNext,FoundryTW_g3,IN:mom:FoundryTW_g3:SmartXNext,2026-W51,0.0,,True,,,,False,True
SmartXNext,WaferFab_TW_g3,IN:leaf_in:WaferFab_TW_g3:SmartXNext,2026-W51,0.0,,True,,,,False,True
SmartXNext,AssemblyCN_g3,IN:mom:AssemblyCN_g3:SmartXNext,2026-W52,0.0,,True,,,,False,True
SmartXNext,FoundryTW_g3,IN:mom:FoundryTW_g3:SmartXNext,2026-W52,0.0,,True,,,,False,True
SmartXNext,WaferFab_TW_g3,IN:leaf_in:WaferFab_TW_g3:SmartXNext,2026-W52,0.0,,True,,,,False,True
SmartXNext,AssemblyCN_g3,IN:mom:AssemblyCN_g3:SmartXNext,2026-W53,0.0,,True,,,,False,True
SmartXNext,FoundryTW_g3,IN:mom:FoundryTW_g3:SmartXNext,2026-W53,0.0,,True,,,,False,True
SmartXNext,WaferFab_TW_g3,IN:leaf_in:WaferFab_TW_g3:SmartXNext,2026-W53,0.0,,True,,,,False,True
SmartXNext,AssemblyCN_g3,IN:mom:AssemblyCN_g3:SmartXNext,2027-W01,0.0,,True,,,,False,True
SmartXNext,FoundryTW_g3,IN:mom:FoundryTW_g3:SmartXNext,2027-W01,0.0,,True,,,,False,True
SmartXNext,WaferFab_TW_g3,IN:leaf_in:WaferFab_TW_g3:SmartXNext,2027-W01,0.0,,True,,,,False,True
SmartXNext,AssemblyCN_g3,IN:mom:AssemblyCN_g3:SmartXNext,2027-W02,0.0,,True,,,,False,True
SmartXNext,FoundryTW_g3,IN:mom:FoundryTW_g3:SmartXNext,2027-W02,0.0,,True,,,,False,True
SmartXNext,WaferFab_TW_g3,IN:leaf_in:WaferFab_TW_g3:SmartXNext,2027-W02,0.0,,True,,,,False,True
SmartXNext,AssemblyCN_g3,IN:mom:AssemblyCN_g3:SmartXNext,2027-W03,0.0,,True,,,,False,True
SmartXNext,FoundryTW_g3,IN:mom:FoundryTW_g3:SmartXNext,2027-W03,0.0,,True,,,,False,True
SmartXNext,WaferFab_TW_g3,IN:leaf_in:WaferFab_TW_g3:SmartXNext,2027-W03,0.0,,True,,,,False,True
SmartXNext,AssemblyCN_g3,IN:mom:AssemblyCN_g3:SmartXNext,2027-W04,0.0,,True,,,,False,True
SmartXNext,FoundryTW_g3,IN:mom:FoundryTW_g3:SmartXNext,2027-W04,0.0,,True,,,,False,True
SmartXNext,WaferFab_TW_g3,IN:leaf_in:WaferFab_TW_g3:SmartXNext,2027-W04,0.0,,True,,,,False,True
SmartXNext,AssemblyCN_g3,IN:mom:AssemblyCN_g3:SmartXNext,2027-W05,0.0,,True,,,,False,True
SmartXNext,FoundryTW_g3,IN:mom:FoundryTW_g3:SmartXNext,2027-W05,0.0,,True,,,,False,True
SmartXNext,WaferFab_TW_g3,IN:leaf_in:WaferFab_TW_g3:SmartXNext,2027-W05,0.0,,True,,,,False,True
SmartXNext,AssemblyCN_g3,IN:mom:AssemblyCN_g3:SmartXNext,2027-W06,0.0,,True,,,,False,True
SmartXNext,FoundryTW_g3,IN:mom:FoundryTW_g3:SmartXNext,2027-W06,0.0,,True,,,,False,True
SmartXNext,WaferFab_TW_g3,IN:leaf_in:WaferFab_TW_g3:SmartXNext,2027-W06,0.0,0.0,False,,,,False,False
SmartXNext,AssemblyCN_g3,IN:mom:AssemblyCN_g3:SmartXNext,2027-W07,0.0,,True,,,,False,True
SmartXNext,FoundryTW_g3,IN:mom:FoundryTW_g3:SmartXNext,2027-W07,0.0,,True,,,,False,True
SmartXNext,WaferFab_TW_g3,IN:leaf_in:WaferFab_TW_g3:SmartXNext,2027-W07,0.0,0.0,False,,,,False,False
SmartXNext,AssemblyCN_g3,IN:mom:AssemblyCN_g3:SmartXNext,2027-W08,0.0,,True,,,,False,True
SmartXNext,FoundryTW_g3,IN:mom:FoundryTW_g3:SmartXNext,2027-W08,0.0,,True,,,,False,True
SmartXNext,WaferFab_TW_g3,IN:leaf_in:WaferFab_TW_g3:SmartXNext,2027-W08,0.0,,True,,,,False,True
SmartXNext,AssemblyCN_g3,IN:mom:AssemblyCN_g3:SmartXNext,2027-W09,0.0,,True,,,,False,True
SmartXNext,FoundryTW_g3,IN:mom:FoundryTW_g3:SmartXNext,2027-W09,0.0,,True,,,,False,True
SmartXNext,WaferFab_TW_g3,IN:leaf_in:WaferFab_TW_g3:SmartXNext,2027-W09,0.0,,True,,,,False,True
SmartXNext,AssemblyCN_g3,IN:mom:AssemblyCN_g3:SmartXNext,2027-W10,0.0,,True,,,,False,True
SmartXNext,FoundryTW_g3,IN:mom:FoundryTW_g3:SmartXNext,2027-W10,0.0,,True,,,,False,True
SmartXNext,WaferFab_TW_g3,IN:leaf_in:WaferFab_TW_g3:SmartXNext,2027-W10,0.0,,True,,,,False,True
SmartXNext,AssemblyCN_g3,IN:mom:AssemblyCN_g3:SmartXNext,2027-W11,0.0,,True,,,,False,True
SmartXNext,FoundryTW_g3,IN:mom:FoundryTW_g3:SmartXNext,2027-W11,0.0,,True,,,,False,True
SmartXNext,WaferFab_TW_g3,IN:leaf_in:WaferFab_TW_g3:SmartXNext,2027-W11,0.0,,True,,,,False,True
SmartXNext,AssemblyCN_g3,IN:mom:AssemblyCN_g3:SmartXNext,2027-W12,0.0,,True,,,,False,True
SmartXNext,FoundryTW_g3,IN:mom:FoundryTW_g3:SmartXNext,2027-W12,0.0,,True,,,,False,True
SmartXNext,WaferFab_TW_g3,IN:leaf_in:WaferFab_TW_g3:SmartXNext,2027-W12,0.0,,True,,,,False,True
SmartXNext,AssemblyCN_g3,IN:mom:AssemblyCN_g3:SmartXNext,2027-W13,0.0,,True,,,,False,True
SmartXNext,FoundryTW_g3,IN:mom:FoundryTW_g3:SmartXNext,2027-W13,0.0,,True,,,,False,True
SmartXNext,WaferFab_TW_g3,IN:leaf_in:WaferFab_TW_g3:SmartXNext,2027-W13,0.0,,True,,,,False,True
SmartXNext,AssemblyCN_g3,IN:mom:AssemblyCN_g3:SmartXNext,2027-W14,0.0,,True,,,,False,True
SmartXNext,FoundryTW_g3,IN:mom:FoundryTW_g3:SmartXNext,2027-W14,0.0,,True,,,,False,True
SmartXNext,WaferFab_TW_g3,IN:leaf_in:WaferFab_TW_g3:SmartXNext,2027-W14,0.0,,True,,,,False,True
SmartXNext,AssemblyCN_g3,IN:mom:AssemblyCN_g3:SmartXNext,2027-W15,0.0,,True,,,,False,True
SmartXNext,FoundryTW_g3,IN:mom:FoundryTW_g3:SmartXNext,2027-W15,0.0,,True,,,,False,True
SmartXNext,WaferFab_TW_g3,IN:leaf_in:WaferFab_TW_g3:SmartXNext,2027-W15,0.0,,True,,,,False,True
SmartXNext,AssemblyCN_g3,IN:mom:AssemblyCN_g3:SmartXNext,2027-W16,0.0,,True,,,,False,True
SmartXNext,FoundryTW_g3,IN:mom:FoundryTW_g3:SmartXNext,2027-W16,0.0,,True,,,,False,True
SmartXNext,WaferFab_TW_g3,IN:leaf_in:WaferFab_TW_g3:SmartXNext,2027-W16,0.0,,True,,,,False,True
SmartXNext,AssemblyCN_g3,IN:mom:AssemblyCN_g3:SmartXNext,2027-W17,0.0,,True,,,,False,True
SmartXNext,FoundryTW_g3,IN:mom:FoundryTW_g3:SmartXNext,2027-W17,0.0,,True,,,,False,True
SmartXNext,WaferFab_TW_g3,IN:leaf_in:WaferFab_TW_g3:SmartXNext,2027-W17,0.0,,True,,,,False,True
SmartXNext,AssemblyCN_g3,IN:mom:AssemblyCN_g3:SmartXNext,2027-W18,0.0,,True,,,,False,True
SmartXNext,FoundryTW_g3,IN:mom:FoundryTW_g3:SmartXNext,2027-W18,0.0,,True,,,,False,True
SmartXNext,WaferFab_TW_g3,IN:leaf_in:WaferFab_TW_g3:SmartXNext,2027-W18,0.0,,True,,,,False,True
SmartXNext,AssemblyCN_g3,IN:mom:AssemblyCN_g3:SmartXNext,2027-W19,0.0,,True,,,,False,True
SmartXNext,FoundryTW_g3,IN:mom:FoundryTW_g3:SmartXNext,2027-W19,0.0,,True,,,,False,True
SmartXNext,WaferFab_TW_g3,IN:leaf_in:WaferFab_TW_g3:SmartXNext,2027-W19,0.0,,True,,,,False,True
SmartXNext,AssemblyCN_g3,IN:mom:AssemblyCN_g3:SmartXNext,2027-W20,0.0,,True,,,,False,True
SmartXNext,FoundryTW_g3,IN:mom:FoundryTW_g3:SmartXNext,2027-W20,0.0,,True,,,,False,True
SmartXNext,WaferFab_TW_g3,IN:leaf_in:WaferFab_TW_g3:SmartXNext,2027-W20,0.0,,True,,,,False,True
SmartXNext,AssemblyCN_g3,IN:mom:AssemblyCN_g3:SmartXNext,2027-W21,0.0,,True,,,,False,True
SmartXNext,FoundryTW_g3,IN:mom:FoundryTW_g3:SmartXNext,2027-W21,0.0,,True,,,,False,True
SmartXNext,WaferFab_TW_g3,IN:leaf_in:WaferFab_TW_g3:SmartXNext,2027-W21,0.0,,True,,,,False,True
SmartXNext,AssemblyCN_g3,IN:mom:AssemblyCN_g3:SmartXNext,2027-W22,0.0,,True,,,,False,True
SmartXNext,FoundryTW_g3,IN:mom:FoundryTW_g3:SmartXNext,2027-W22,0.0,,True,,,,False,True
SmartXNext,WaferFab_TW_g3,IN:leaf_in:WaferFab_TW_g3:SmartXNext,2027-W22,0.0,,True,,,,False,True
SmartXNext,AssemblyCN_g3,IN:mom:AssemblyCN_g3:SmartXNext,2027-W23,0.0,,True,,,,False,True
SmartXNext,FoundryTW_g3,IN:mom:FoundryTW_g3:SmartXNext,2027-W23,0.0,,True,,,,False,True
SmartXNext,WaferFab_TW_g3,IN:leaf_in:WaferFab_TW_g3:SmartXNext,2027-W23,0.0,,True,,,,False,True
SmartXNext,AssemblyCN_g3,IN:mom:AssemblyCN_g3:SmartXNext,2027-W24,0.0,,True,,,,False,True
SmartXNext,FoundryTW_g3,IN:mom:FoundryTW_g3:SmartXNext,2027-W24,0.0,,True,,,,False,True
SmartXNext,WaferFab_TW_g3,IN:leaf_in:WaferFab_TW_g3:SmartXNext,2027-W24,0.0,,True,,,,False,True
SmartXNext,AssemblyCN_g3,IN:mom:AssemblyCN_g3:SmartXNext,2027-W25,0.0,,True,,,,False,True
SmartXNext,FoundryTW_g3,IN:mom:FoundryTW_g3:SmartXNext,2027-W25,0.0,,True,,,,False,True
SmartXNext,WaferFab_TW_g3,IN:leaf_in:WaferFab_TW_g3:SmartXNext,2027-W25,0.0,,True,,,,False,True
SmartXNext,AssemblyCN_g3,IN:mom:AssemblyCN_g3:SmartXNext,2027-W26,0.0,,True,,,,False,True
SmartXNext,FoundryTW_g3,IN:mom:FoundryTW_g3:SmartXNext,2027-W26,0.0,,True,,,,False,True
SmartXNext,WaferFab_TW_g3,IN:leaf_in:WaferFab_TW_g3:SmartXNext,2027-W26,0.0,,True,,,,False,True
SmartXNext,AssemblyCN_g3,IN:mom:AssemblyCN_g3:SmartXNext,2027-W27,0.0,,True,,,,False,True
SmartXNext,FoundryTW_g3,IN:mom:FoundryTW_g3:SmartXNext,2027-W27,0.0,,True,,,,False,True
SmartXNext,WaferFab_TW_g3,IN:leaf_in:WaferFab_TW_g3:SmartXNext,2027-W27,0.0,,True,,,,False,True
SmartXNext,AssemblyCN_g3,IN:mom:AssemblyCN_g3:SmartXNext,2027-W28,0.0,,True,,,,False,True
SmartXNext,FoundryTW_g3,IN:mom:FoundryTW_g3:SmartXNext,2027-W28,0.0,,True,,,,False,True
SmartXNext,WaferFab_TW_g3,IN:leaf_in:WaferFab_TW_g3:SmartXNext,2027-W28,0.0,,True,,,,False,True
SmartXNext,AssemblyCN_g3,IN:mom:AssemblyCN_g3:SmartXNext,2027-W29,0.0,,True,,,,False,True
SmartXNext,FoundryTW_g3,IN:mom:FoundryTW_g3:SmartXNext,2027-W29,0.0,,True,,,,False,True
SmartXNext,WaferFab_TW_g3,IN:leaf_in:WaferFab_TW_g3:SmartXNext,2027-W29,0.0,,True,,,,False,True
SmartXNext,AssemblyCN_g3,IN:mom:AssemblyCN_g3:SmartXNext,2027-W30,0.0,,True,,,,False,True
SmartXNext,FoundryTW_g3,IN:mom:FoundryTW_g3:SmartXNext,2027-W30,0.0,,True,,,,False,True
SmartXNext,WaferFab_TW_g3,IN:leaf_in:WaferFab_TW_g3:SmartXNext,2027-W30,0.0,,True,,,,False,True
SmartXNext,AssemblyCN_g3,IN:mom:AssemblyCN_g3:SmartXNext,2027-W31,0.0,,True,,,,False,True
SmartXNext,FoundryTW_g3,IN:mom:FoundryTW_g3:SmartXNext,2027-W31,0.0,,True,,,,False,True
SmartXNext,WaferFab_TW_g3,IN:leaf_in:WaferFab_TW_g3:SmartXNext,2027-W31,0.0,,True,,,,False,True
SmartXNext,AssemblyCN_g3,IN:mom:AssemblyCN_g3:SmartXNext,2027-W32,0.0,,True,,,,False,True
SmartXNext,FoundryTW_g3,IN:mom:FoundryTW_g3:SmartXNext,2027-W32,0.0,,True,,,,False,True
SmartXNext,WaferFab_TW_g3,IN:leaf_in:WaferFab_TW_g3:SmartXNext,2027-W32,0.0,,True,,,,False,True
SmartXNext,AssemblyCN_g3,IN:mom:AssemblyCN_g3:SmartXNext,2027-W33,0.0,,True,,,,False,True
SmartXNext,FoundryTW_g3,IN:mom:FoundryTW_g3:SmartXNext,2027-W33,0.0,,True,,,,False,True
SmartXNext,WaferFab_TW_g3,IN:leaf_in:WaferFab_TW_g3:SmartXNext,2027-W33,0.0,,True,,,,False,True
SmartXNext,AssemblyCN_g3,IN:mom:AssemblyCN_g3:SmartXNext,2027-W34,0.0,,True,,,,False,True
SmartXNext,FoundryTW_g3,IN:mom:FoundryTW_g3:SmartXNext,2027-W34,0.0,,True,,,,False,True
SmartXNext,WaferFab_TW_g3,IN:leaf_in:WaferFab_TW_g3:SmartXNext,2027-W34,0.0,,True,,,,False,True
SmartXNext,AssemblyCN_g3,IN:mom:AssemblyCN_g3:SmartXNext,2027-W35,0.0,,True,,,,False,True
SmartXNext,FoundryTW_g3,IN:mom:FoundryTW_g3:SmartXNext,2027-W35,0.0,,True,,,,False,True
SmartXNext,WaferFab_TW_g3,IN:leaf_in:WaferFab_TW_g3:SmartXNext,2027-W35,0.0,,True,,,,False,True
SmartXNext,AssemblyCN_g3,IN:mom:AssemblyCN_g3:SmartXNext,2027-W36,0.0,,True,,,,False,True
SmartXNext,FoundryTW_g3,IN:mom:FoundryTW_g3:SmartXNext,2027-W36,0.0,,True,,,,False,True
SmartXNext,WaferFab_TW_g3,IN:leaf_in:WaferFab_TW_g3:SmartXNext,2027-W36,0.0,,True,,,,False,True
SmartXNext,AssemblyCN_g3,IN:mom:AssemblyCN_g3:SmartXNext,2027-W37,0.0,,True,,,,False,True
SmartXNext,FoundryTW_g3,IN:mom:FoundryTW_g3:SmartXNext,2027-W37,0.0,,True,,,,False,True
SmartXNext,WaferFab_TW_g3,IN:leaf_in:WaferFab_TW_g3:SmartXNext,2027-W37,0.0,,True,,,,False,True
SmartXNext,AssemblyCN_g3,IN:mom:AssemblyCN_g3:SmartXNext,2027-W38,0.0,,True,,,,False,True
SmartXNext,FoundryTW_g3,IN:mom:FoundryTW_g3:SmartXNext,2027-W38,0.0,,True,,,,False,True
SmartXNext,WaferFab_TW_g3,IN:leaf_in:WaferFab_TW_g3:SmartXNext,2027-W38,0.0,,True,,,,False,True
SmartXNext,AssemblyCN_g3,IN:mom:AssemblyCN_g3:SmartXNext,2027-W39,0.0,,True,,,,False,True
SmartXNext,FoundryTW_g3,IN:mom:FoundryTW_g3:SmartXNext,2027-W39,0.0,,True,,,,False,True
SmartXNext,WaferFab_TW_g3,IN:leaf_in:WaferFab_TW_g3:SmartXNext,2027-W39,0.0,,True,,,,False,True
SmartXNext,AssemblyCN_g3,IN:mom:AssemblyCN_g3:SmartXNext,2027-W40,0.0,,True,,,,False,True
SmartXNext,FoundryTW_g3,IN:mom:FoundryTW_g3:SmartXNext,2027-W40,0.0,,True,,,,False,True
SmartXNext,WaferFab_TW_g3,IN:leaf_in:WaferFab_TW_g3:SmartXNext,2027-W40,0.0,,True,,,,False,True
SmartXNext,AssemblyCN_g3,IN:mom:AssemblyCN_g3:SmartXNext,2027-W41,0.0,,True,,,,False,True
SmartXNext,FoundryTW_g3,IN:mom:FoundryTW_g3:SmartXNext,2027-W41,0.0,,True,,,,False,True
SmartXNext,WaferFab_TW_g3,IN:leaf_in:WaferFab_TW_g3:SmartXNext,2027-W41,0.0,,True,,,,False,True
SmartXNext,AssemblyCN_g3,IN:mom:AssemblyCN_g3:SmartXNext,2027-W42,0.0,,True,,,,False,True
SmartXNext,FoundryTW_g3,IN:mom:FoundryTW_g3:SmartXNext,2027-W42,0.0,,True,,,,False,True
SmartXNext,WaferFab_TW_g3,IN:leaf_in:WaferFab_TW_g3:SmartXNext,2027-W42,0.0,,True,,,,False,True
SmartXNext,AssemblyCN_g3,IN:mom:AssemblyCN_g3:SmartXNext,2027-W43,0.0,,True,,,,False,True
SmartXNext,FoundryTW_g3,IN:mom:FoundryTW_g3:SmartXNext,2027-W43,0.0,,True,,,,False,True
SmartXNext,WaferFab_TW_g3,IN:leaf_in:WaferFab_TW_g3:SmartXNext,2027-W43,0.0,,True,,,,False,True
SmartXNext,AssemblyCN_g3,IN:mom:AssemblyCN_g3:SmartXNext,2027-W44,0.0,,True,,,,False,True
SmartXNext,FoundryTW_g3,IN:mom:FoundryTW_g3:SmartXNext,2027-W44,0.0,,True,,,,False,True
SmartXNext,WaferFab_TW_g3,IN:leaf_in:WaferFab_TW_g3:SmartXNext,2027-W44,0.0,,True,,,,False,True
SmartXNext,AssemblyCN_g3,IN:mom:AssemblyCN_g3:SmartXNext,2027-W45,0.0,,True,,,,False,True
SmartXNext,FoundryTW_g3,IN:mom:FoundryTW_g3:SmartXNext,2027-W45,0.0,,True,,,,False,True
SmartXNext,WaferFab_TW_g3,IN:leaf_in:WaferFab_TW_g3:SmartXNext,2027-W45,0.0,,True,,,,False,True
SmartXNext,AssemblyCN_g3,IN:mom:AssemblyCN_g3:SmartXNext,2027-W46,0.0,,True,,,,False,True
SmartXNext,FoundryTW_g3,IN:mom:FoundryTW_g3:SmartXNext,2027-W46,0.0,,True,,,,False,True
SmartXNext,WaferFab_TW_g3,IN:leaf_in:WaferFab_TW_g3:SmartXNext,2027-W46,0.0,,True,,,,False,True
SmartXNext,AssemblyCN_g3,IN:mom:AssemblyCN_g3:SmartXNext,2027-W47,0.0,,True,,,,False,True
SmartXNext,FoundryTW_g3,IN:mom:FoundryTW_g3:SmartXNext,2027-W47,0.0,,True,,,,False,True
SmartXNext,WaferFab_TW_g3,IN:leaf_in:WaferFab_TW_g3:SmartXNext,2027-W47,0.0,,True,,,,False,True
SmartXNext,AssemblyCN_g3,IN:mom:AssemblyCN_g3:SmartXNext,2027-W48,0.0,,True,,,,False,True
SmartXNext,FoundryTW_g3,IN:mom:FoundryTW_g3:SmartXNext,2027-W48,0.0,,True,,,,False,True
SmartXNext,WaferFab_TW_g3,IN:leaf_in:WaferFab_TW_g3:SmartXNext,2027-W48,0.0,,True,,,,False,True
SmartXNext,AssemblyCN_g3,IN:mom:AssemblyCN_g3:SmartXNext,2027-W49,0.0,,True,,,,False,True
SmartXNext,FoundryTW_g3,IN:mom:FoundryTW_g3:SmartXNext,2027-W49,0.0,,True,,,,False,True
SmartXNext,WaferFab_TW_g3,IN:leaf_in:WaferFab_TW_g3:SmartXNext,2027-W49,0.0,,True,,,,False,True
SmartXNext,AssemblyCN_g3,IN:mom:AssemblyCN_g3:SmartXNext,2027-W50,0.0,,True,,,,False,True
SmartXNext,FoundryTW_g3,IN:mom:FoundryTW_g3:SmartXNext,2027-W50,0.0,,True,,,,False,True
SmartXNext,WaferFab_TW_g3,IN:leaf_in:WaferFab_TW_g3:SmartXNext,2027-W50,0.0,,True,,,,False,True
SmartXNext,AssemblyCN_g3,IN:mom:AssemblyCN_g3:SmartXNext,2027-W51,0.0,,True,,,,False,True
SmartXNext,FoundryTW_g3,IN:mom:FoundryTW_g3:SmartXNext,2027-W51,0.0,,True,,,,False,True
SmartXNext,WaferFab_TW_g3,IN:leaf_in:WaferFab_TW_g3:SmartXNext,2027-W51,0.0,,True,,,,False,True
SmartXNext,AssemblyCN_g3,IN:mom:AssemblyCN_g3:SmartXNext,2027-W52,0.0,,True,,,,False,True
SmartXNext,FoundryTW_g3,IN:mom:FoundryTW_g3:SmartXNext,2027-W52,0.0,,True,,,,False,True
SmartXNext,WaferFab_TW_g3,IN:leaf_in:WaferFab_TW_g3:SmartXNext,2027-W52,0.0,,True,,,,False,True
SmartXNext,AssemblyCN_g3,IN:mom:AssemblyCN_g3:SmartXNext,2028-W01,0.0,,True,,,,False,True
SmartXNext,FoundryTW_g3,IN:mom:FoundryTW_g3:SmartXNext,2028-W01,0.0,,True,,,,False,True
SmartXNext,WaferFab_TW_g3,IN:leaf_in:WaferFab_TW_g3:SmartXNext,2028-W01,0.0,,True,,,,False,True
SmartXNext,AssemblyCN_g3,IN:mom:AssemblyCN_g3:SmartXNext,2028-W02,0.0,,True,,,,False,True
SmartXNext,FoundryTW_g3,IN:mom:FoundryTW_g3:SmartXNext,2028-W02,0.0,,True,,,,False,True
SmartXNext,WaferFab_TW_g3,IN:leaf_in:WaferFab_TW_g3:SmartXNext,2028-W02,0.0,,True,,,,False,True
SmartXNext,AssemblyCN_g3,IN:mom:AssemblyCN_g3:SmartXNext,2028-W03,0.0,,True,,,,False,True
SmartXNext,FoundryTW_g3,IN:mom:FoundryTW_g3:SmartXNext,2028-W03,0.0,,True,,,,False,True
SmartXNext,WaferFab_TW_g3,IN:leaf_in:WaferFab_TW_g3:SmartXNext,2028-W03,0.0,,True,,,,False,True
SmartXNext,AssemblyCN_g3,IN:mom:AssemblyCN_g3:SmartXNext,2028-W04,0.0,,True,,,,False,True
SmartXNext,FoundryTW_g3,IN:mom:FoundryTW_g3:SmartXNext,2028-W04,0.0,,True,,,,False,True
SmartXNext,WaferFab_TW_g3,IN:leaf_in:WaferFab_TW_g3:SmartXNext,2028-W04,0.0,,True,,,,False,True
SmartXNext,AssemblyCN_g3,IN:mom:AssemblyCN_g3:SmartXNext,2028-W05,0.0,,True,,,,False,True
SmartXNext,FoundryTW_g3,IN:mom:FoundryTW_g3:SmartXNext,2028-W05,0.0,,True,,,,False,True
SmartXNext,WaferFab_TW_g3,IN:leaf_in:WaferFab_TW_g3:SmartXNext,2028-W05,0.0,0.0,False,,,,False,False
SmartXNext,AssemblyCN_g3,IN:mom:AssemblyCN_g3:SmartXNext,2028-W06,0.0,,True,,,,False,True
SmartXNext,FoundryTW_g3,IN:mom:FoundryTW_g3:SmartXNext,2028-W06,0.0,,True,,,,False,True
SmartXNext,WaferFab_TW_g3,IN:leaf_in:WaferFab_TW_g3:SmartXNext,2028-W06,0.0,0.0,False,,,,False,False
SmartXNext,AssemblyCN_g3,IN:mom:AssemblyCN_g3:SmartXNext,2028-W07,0.0,,True,,,,False,True
SmartXNext,FoundryTW_g3,IN:mom:FoundryTW_g3:SmartXNext,2028-W07,0.0,,True,,,,False,True
SmartXNext,WaferFab_TW_g3,IN:leaf_in:WaferFab_TW_g3:SmartXNext,2028-W07,0.0,,True,,,,False,True
SmartXNext,AssemblyCN_g3,IN:mom:AssemblyCN_g3:SmartXNext,2028-W08,0.0,,True,,,,False,True
SmartXNext,FoundryTW_g3,IN:mom:FoundryTW_g3:SmartXNext,2028-W08,0.0,,True,,,,False,True
SmartXNext,WaferFab_TW_g3,IN:leaf_in:WaferFab_TW_g3:SmartXNext,2028-W08,0.0,,True,,,,False,True
SmartXNext,AssemblyCN_g3,IN:mom:AssemblyCN_g3:SmartXNext,2028-W09,0.0,,True,,,,False,True
SmartXNext,FoundryTW_g3,IN:mom:FoundryTW_g3:SmartXNext,2028-W09,0.0,,True,,,,False,True
SmartXNext,WaferFab_TW_g3,IN:leaf_in:WaferFab_TW_g3:SmartXNext,2028-W09,0.0,,True,,,,False,True
SmartXNext,AssemblyCN_g3,IN:mom:AssemblyCN_g3:SmartXNext,2028-W10,0.0,,True,,,,False,True
SmartXNext,FoundryTW_g3,IN:mom:FoundryTW_g3:SmartXNext,2028-W10,0.0,,True,,,,False,True
SmartXNext,WaferFab_TW_g3,IN:leaf_in:WaferFab_TW_g3:SmartXNext,2028-W10,0.0,,True,,,,False,True
SmartXNext,AssemblyCN_g3,IN:mom:AssemblyCN_g3:SmartXNext,2028-W11,0.0,,True,,,,False,True
SmartXNext,FoundryTW_g3,IN:mom:FoundryTW_g3:SmartXNext,2028-W11,0.0,,True,,,,False,True
SmartXNext,WaferFab_TW_g3,IN:leaf_in:WaferFab_TW_g3:SmartXNext,2028-W11,0.0,,True,,,,False,True
SmartXNext,AssemblyCN_g3,IN:mom:AssemblyCN_g3:SmartXNext,2028-W12,0.0,,True,,,,False,True
SmartXNext,FoundryTW_g3,IN:mom:FoundryTW_g3:SmartXNext,2028-W12,0.0,,True,,,,False,True
SmartXNext,WaferFab_TW_g3,IN:leaf_in:WaferFab_TW_g3:SmartXNext,2028-W12,0.0,,True,,,,False,True
SmartXNext,AssemblyCN_g3,IN:mom:AssemblyCN_g3:SmartXNext,2028-W13,0.0,,True,,,,False,True
SmartXNext,FoundryTW_g3,IN:mom:FoundryTW_g3:SmartXNext,2028-W13,0.0,,True,,,,False,True
SmartXNext,WaferFab_TW_g3,IN:leaf_in:WaferFab_TW_g3:SmartXNext,2028-W13,0.0,,True,,,,False,True
SmartXNext,AssemblyCN_g3,IN:mom:AssemblyCN_g3:SmartXNext,2028-W14,0.0,,True,,,,False,True
SmartXNext,FoundryTW_g3,IN:mom:FoundryTW_g3:SmartXNext,2028-W14,0.0,,True,,,,False,True
SmartXNext,WaferFab_TW_g3,IN:leaf_in:WaferFab_TW_g3:SmartXNext,2028-W14,0.0,,True,,,,False,True
SmartXNext,AssemblyCN_g3,IN:mom:AssemblyCN_g3:SmartXNext,2028-W15,0.0,,True,,,,False,True
SmartXNext,FoundryTW_g3,IN:mom:FoundryTW_g3:SmartXNext,2028-W15,0.0,,True,,,,False,True
SmartXNext,WaferFab_TW_g3,IN:leaf_in:WaferFab_TW_g3:SmartXNext,2028-W15,0.0,,True,,,,False,True
SmartXNext,AssemblyCN_g3,IN:mom:AssemblyCN_g3:SmartXNext,2028-W16,0.0,,True,,,,False,True
SmartXNext,FoundryTW_g3,IN:mom:FoundryTW_g3:SmartXNext,2028-W16,0.0,,True,,,,False,True
SmartXNext,WaferFab_TW_g3,IN:leaf_in:WaferFab_TW_g3:SmartXNext,2028-W16,0.0,,True,,,,False,True
SmartXNext,AssemblyCN_g3,IN:mom:AssemblyCN_g3:SmartXNext,2028-W17,0.0,,True,,,,False,True
SmartXNext,FoundryTW_g3,IN:mom:FoundryTW_g3:SmartXNext,2028-W17,0.0,,True,,,,False,True
SmartXNext,WaferFab_TW_g3,IN:leaf_in:WaferFab_TW_g3:SmartXNext,2028-W17,0.0,,True,,,,False,True
SmartXNext,AssemblyCN_g3,IN:mom:AssemblyCN_g3:SmartXNext,2028-W18,0.0,,True,,,,False,True
SmartXNext,FoundryTW_g3,IN:mom:FoundryTW_g3:SmartXNext,2028-W18,0.0,,True,,,,False,True
SmartXNext,WaferFab_TW_g3,IN:leaf_in:WaferFab_TW_g3:SmartXNext,2028-W18,0.0,,True,,,,False,True
SmartXNext,AssemblyCN_g3,IN:mom:AssemblyCN_g3:SmartXNext,2028-W19,0.0,,True,,,,False,True
SmartXNext,FoundryTW_g3,IN:mom:FoundryTW_g3:SmartXNext,2028-W19,0.0,,True,,,,False,True
SmartXNext,WaferFab_TW_g3,IN:leaf_in:WaferFab_TW_g3:SmartXNext,2028-W19,0.0,,True,,,,False,True
SmartXNext,AssemblyCN_g3,IN:mom:AssemblyCN_g3:SmartXNext,2028-W20,0.0,,True,,,,False,True
SmartXNext,FoundryTW_g3,IN:mom:FoundryTW_g3:SmartXNext,2028-W20,0.0,,True,,,,False,True
SmartXNext,WaferFab_TW_g3,IN:leaf_in:WaferFab_TW_g3:SmartXNext,2028-W20,0.0,,True,,,,False,True
SmartXNext,AssemblyCN_g3,IN:mom:AssemblyCN_g3:SmartXNext,2028-W21,0.0,,True,,,,False,True
SmartXNext,FoundryTW_g3,IN:mom:FoundryTW_g3:SmartXNext,2028-W21,0.0,,True,,,,False,True
SmartXNext,WaferFab_TW_g3,IN:leaf_in:WaferFab_TW_g3:SmartXNext,2028-W21,0.0,,True,,,,False,True
SmartXNext,AssemblyCN_g3,IN:mom:AssemblyCN_g3:SmartXNext,2028-W22,0.0,,True,,,,False,True
SmartXNext,FoundryTW_g3,IN:mom:FoundryTW_g3:SmartXNext,2028-W22,0.0,,True,,,,False,True
SmartXNext,WaferFab_TW_g3,IN:leaf_in:WaferFab_TW_g3:SmartXNext,2028-W22,0.0,,True,,,,False,True
SmartXNext,AssemblyCN_g3,IN:mom:AssemblyCN_g3:SmartXNext,2028-W23,0.0,,True,,,,False,True
SmartXNext,FoundryTW_g3,IN:mom:FoundryTW_g3:SmartXNext,2028-W23,0.0,,True,,,,False,True
SmartXNext,WaferFab_TW_g3,IN:leaf_in:WaferFab_TW_g3:SmartXNext,2028-W23,0.0,,True,,,,False,True
SmartXNext,AssemblyCN_g3,IN:mom:AssemblyCN_g3:SmartXNext,2028-W24,0.0,,True,,,,False,True
SmartXNext,FoundryTW_g3,IN:mom:FoundryTW_g3:SmartXNext,2028-W24,0.0,,True,,,,False,True
SmartXNext,WaferFab_TW_g3,IN:leaf_in:WaferFab_TW_g3:SmartXNext,2028-W24,0.0,,True,,,,False,True
SmartXNext,AssemblyCN_g3,IN:mom:AssemblyCN_g3:SmartXNext,2028-W25,0.0,,True,,,,False,True
SmartXNext,FoundryTW_g3,IN:mom:FoundryTW_g3:SmartXNext,2028-W25,0.0,,True,,,,False,True
SmartXNext,WaferFab_TW_g3,IN:leaf_in:WaferFab_TW_g3:SmartXNext,2028-W25,0.0,,True,,,,False,True
SmartXNext,AssemblyCN_g3,IN:mom:AssemblyCN_g3:SmartXNext,2028-W26,0.0,,True,,,,False,True
SmartXNext,FoundryTW_g3,IN:mom:FoundryTW_g3:SmartXNext,2028-W26,0.0,,True,,,,False,True
SmartXNext,WaferFab_TW_g3,IN:leaf_in:WaferFab_TW_g3:SmartXNext,2028-W26,0.0,,True,,,,False,True
SmartXNext,AssemblyCN_g3,IN:mom:AssemblyCN_g3:SmartXNext,2028-W27,0.0,,True,,,,False,True
SmartXNext,FoundryTW_g3,IN:mom:FoundryTW_g3:SmartXNext,2028-W27,0.0,,True,,,,False,True
SmartXNext,WaferFab_TW_g3,IN:leaf_in:WaferFab_TW_g3:SmartXNext,2028-W27,0.0,,True,,,,False,True
SmartXNext,AssemblyCN_g3,IN:mom:AssemblyCN_g3:SmartXNext,2028-W28,0.0,,True,,,,False,True
SmartXNext,FoundryTW_g3,IN:mom:FoundryTW_g3:SmartXNext,2028-W28,0.0,,True,,,,False,True
SmartXNext,WaferFab_TW_g3,IN:leaf_in:WaferFab_TW_g3:SmartXNext,2028-W28,0.0,,True,,,,False,True
SmartXNext,AssemblyCN_g3,IN:mom:AssemblyCN_g3:SmartXNext,2028-W29,0.0,,True,,,,False,True
SmartXNext,FoundryTW_g3,IN:mom:FoundryTW_g3:SmartXNext,2028-W29,0.0,,True,,,,False,True
SmartXNext,WaferFab_TW_g3,IN:leaf_in:WaferFab_TW_g3:SmartXNext,2028-W29,0.0,,True,,,,False,True
SmartXNext,AssemblyCN_g3,IN:mom:AssemblyCN_g3:SmartXNext,2028-W30,0.0,,True,,,,False,True
SmartXNext,FoundryTW_g3,IN:mom:FoundryTW_g3:SmartXNext,2028-W30,0.0,,True,,,,False,True
SmartXNext,WaferFab_TW_g3,IN:leaf_in:WaferFab_TW_g3:SmartXNext,2028-W30,0.0,,True,,,,False,True
SmartXNext,AssemblyCN_g3,IN:mom:AssemblyCN_g3:SmartXNext,2028-W31,0.0,,True,,,,False,True
SmartXNext,FoundryTW_g3,IN:mom:FoundryTW_g3:SmartXNext,2028-W31,0.0,,True,,,,False,True
SmartXNext,WaferFab_TW_g3,IN:leaf_in:WaferFab_TW_g3:SmartXNext,2028-W31,0.0,,True,,,,False,True
SmartXNext,AssemblyCN_g3,IN:mom:AssemblyCN_g3:SmartXNext,2028-W32,0.0,,True,,,,False,True
SmartXNext,FoundryTW_g3,IN:mom:FoundryTW_g3:SmartXNext,2028-W32,0.0,,True,,,,False,True
SmartXNext,WaferFab_TW_g3,IN:leaf_in:WaferFab_TW_g3:SmartXNext,2028-W32,0.0,,True,,,,False,True
SmartXNext,AssemblyCN_g3,IN:mom:AssemblyCN_g3:SmartXNext,2028-W33,0.0,,True,,,,False,True
SmartXNext,FoundryTW_g3,IN:mom:FoundryTW_g3:SmartXNext,2028-W33,0.0,,True,,,,False,True
SmartXNext,WaferFab_TW_g3,IN:leaf_in:WaferFab_TW_g3:SmartXNext,2028-W33,0.0,,True,,,,False,True
SmartXNext,AssemblyCN_g3,IN:mom:AssemblyCN_g3:SmartXNext,2028-W34,0.0,,True,,,,False,True
SmartXNext,FoundryTW_g3,IN:mom:FoundryTW_g3:SmartXNext,2028-W34,0.0,,True,,,,False,True
SmartXNext,WaferFab_TW_g3,IN:leaf_in:WaferFab_TW_g3:SmartXNext,2028-W34,0.0,,True,,,,False,True
SmartXNext,AssemblyCN_g3,IN:mom:AssemblyCN_g3:SmartXNext,2028-W35,0.0,,True,,,,False,True
SmartXNext,FoundryTW_g3,IN:mom:FoundryTW_g3:SmartXNext,2028-W35,0.0,,True,,,,False,True
SmartXNext,WaferFab_TW_g3,IN:leaf_in:WaferFab_TW_g3:SmartXNext,2028-W35,0.0,,True,,,,False,True
SmartXNext,AssemblyCN_g3,IN:mom:AssemblyCN_g3:SmartXNext,2028-W36,0.0,,True,,,,False,True
SmartXNext,FoundryTW_g3,IN:mom:FoundryTW_g3:SmartXNext,2028-W36,0.0,,True,,,,False,True
SmartXNext,WaferFab_TW_g3,IN:leaf_in:WaferFab_TW_g3:SmartXNext,2028-W36,0.0,,True,,,,False,True
SmartXNext,AssemblyCN_g3,IN:mom:AssemblyCN_g3:SmartXNext,2028-W37,0.0,,True,,,,False,True
SmartXNext,FoundryTW_g3,IN:mom:FoundryTW_g3:SmartXNext,2028-W37,0.0,,True,,,,False,True
SmartXNext,WaferFab_TW_g3,IN:leaf_in:WaferFab_TW_g3:SmartXNext,2028-W37,0.0,,True,,,,False,True
SmartXNext,AssemblyCN_g3,IN:mom:AssemblyCN_g3:SmartXNext,2028-W38,0.0,,True,,,,False,True
SmartXNext,FoundryTW_g3,IN:mom:FoundryTW_g3:SmartXNext,2028-W38,0.0,,True,,,,False,True
SmartXNext,WaferFab_TW_g3,IN:leaf_in:WaferFab_TW_g3:SmartXNext,2028-W38,0.0,,True,,,,False,True
SmartXNext,AssemblyCN_g3,IN:mom:AssemblyCN_g3:SmartXNext,2028-W39,0.0,,True,,,,False,True
SmartXNext,FoundryTW_g3,IN:mom:FoundryTW_g3:SmartXNext,2028-W39,0.0,,True,,,,False,True
SmartXNext,WaferFab_TW_g3,IN:leaf_in:WaferFab_TW_g3:SmartXNext,2028-W39,0.0,,True,,,,False,True
SmartXNext,AssemblyCN_g3,IN:mom:AssemblyCN_g3:SmartXNext,2028-W40,0.0,,True,,,,False,True
SmartXNext,FoundryTW_g3,IN:mom:FoundryTW_g3:SmartXNext,2028-W40,0.0,,True,,,,False,True
SmartXNext,WaferFab_TW_g3,IN:leaf_in:WaferFab_TW_g3:SmartXNext,2028-W40,0.0,,True,,,,False,True
SmartXNext,AssemblyCN_g3,IN:mom:AssemblyCN_g3:SmartXNext,2028-W41,0.0,,True,,,,False,True
SmartXNext,FoundryTW_g3,IN:mom:FoundryTW_g3:SmartXNext,2028-W41,0.0,,True,,,,False,True
SmartXNext,WaferFab_TW_g3,IN:leaf_in:WaferFab_TW_g3:SmartXNext,2028-W41,0.0,,True,,,,False,True
SmartXNext,AssemblyCN_g3,IN:mom:AssemblyCN_g3:SmartXNext,2028-W42,0.0,,True,,,,False,True
SmartXNext,FoundryTW_g3,IN:mom:FoundryTW_g3:SmartXNext,2028-W42,0.0,,True,,,,False,True
SmartXNext,WaferFab_TW_g3,IN:leaf_in:WaferFab_TW_g3:SmartXNext,2028-W42,0.0,,True,,,,False,True
SmartXNext,AssemblyCN_g3,IN:mom:AssemblyCN_g3:SmartXNext,2028-W43,0.0,,True,,,,False,True
SmartXNext,FoundryTW_g3,IN:mom:FoundryTW_g3:SmartXNext,2028-W43,0.0,,True,,,,False,True
SmartXNext,WaferFab_TW_g3,IN:leaf_in:WaferFab_TW_g3:SmartXNext,2028-W43,0.0,,True,,,,False,True
SmartXNext,AssemblyCN_g3,IN:mom:AssemblyCN_g3:SmartXNext,2028-W44,0.0,,True,,,,False,True
SmartXNext,FoundryTW_g3,IN:mom:FoundryTW_g3:SmartXNext,2028-W44,0.0,,True,,,,False,True
SmartXNext,WaferFab_TW_g3,IN:leaf_in:WaferFab_TW_g3:SmartXNext,2028-W44,0.0,,True,,,,False,True
SmartXNext,AssemblyCN_g3,IN:mom:AssemblyCN_g3:SmartXNext,2028-W45,0.0,,True,,,,False,True
SmartXNext,FoundryTW_g3,IN:mom:FoundryTW_g3:SmartXNext,2028-W45,0.0,,True,,,,False,True
SmartXNext,WaferFab_TW_g3,IN:leaf_in:WaferFab_TW_g3:SmartXNext,2028-W45,0.0,,True,,,,False,True
SmartXNext,AssemblyCN_g3,IN:mom:AssemblyCN_g3:SmartXNext,2028-W46,0.0,,True,,,,False,True
SmartXNext,FoundryTW_g3,IN:mom:FoundryTW_g3:SmartXNext,2028-W46,0.0,,True,,,,False,True
SmartXNext,WaferFab_TW_g3,IN:leaf_in:WaferFab_TW_g3:SmartXNext,2028-W46,0.0,,True,,,,False,True
SmartXNext,AssemblyCN_g3,IN:mom:AssemblyCN_g3:SmartXNext,2028-W47,0.0,,True,,,,False,True
SmartXNext,FoundryTW_g3,IN:mom:FoundryTW_g3:SmartXNext,2028-W47,0.0,,True,,,,False,True
SmartXNext,WaferFab_TW_g3,IN:leaf_in:WaferFab_TW_g3:SmartXNext,2028-W47,0.0,,True,,,,False,True
SmartXNext,AssemblyCN_g3,IN:mom:AssemblyCN_g3:SmartXNext,2028-W48,0.0,,True,,,,False,True
SmartXNext,FoundryTW_g3,IN:mom:FoundryTW_g3:SmartXNext,2028-W48,0.0,,True,,,,False,True
SmartXNext,WaferFab_TW_g3,IN:leaf_in:WaferFab_TW_g3:SmartXNext,2028-W48,0.0,,True,,,,False,True
SmartXNext,AssemblyCN_g3,IN:mom:AssemblyCN_g3:SmartXNext,2028-W49,0.0,,True,,,,False,True
SmartXNext,FoundryTW_g3,IN:mom:FoundryTW_g3:SmartXNext,2028-W49,0.0,,True,,,,False,True
SmartXNext,WaferFab_TW_g3,IN:leaf_in:WaferFab_TW_g3:SmartXNext,2028-W49,0.0,,True,,,,False,True
SmartXNext,AssemblyCN_g3,IN:mom:AssemblyCN_g3:SmartXNext,2028-W50,0.0,,True,,,,False,True
SmartXNext,FoundryTW_g3,IN:mom:FoundryTW_g3:SmartXNext,2028-W50,0.0,,True,,,,False,True
SmartXNext,WaferFab_TW_g3,IN:leaf_in:WaferFab_TW_g3:SmartXNext,2028-W50,0.0,,True,,,,False,True
SmartXNext,AssemblyCN_g3,IN:mom:AssemblyCN_g3:SmartXNext,2028-W51,0.0,,True,,,,False,True
SmartXNext,FoundryTW_g3,IN:mom:FoundryTW_g3:SmartXNext,2028-W51,0.0,,True,,,,False,True
SmartXNext,WaferFab_TW_g3,IN:leaf_in:WaferFab_TW_g3:SmartXNext,2028-W51,0.0,,True,,,,False,True
SmartXNext,AssemblyCN_g3,IN:mom:AssemblyCN_g3:SmartXNext,2028-W52,0.0,,True,,,,False,True
SmartXNext,FoundryTW_g3,IN:mom:FoundryTW_g3:SmartXNext,2028-W52,0.0,,True,,,,False,True
SmartXNext,WaferFab_TW_g3,IN:leaf_in:WaferFab_TW_g3:SmartXNext,2028-W52,0.0,,True,,,,False,True
SmartXNext,AssemblyCN_g3,IN:mom:AssemblyCN_g3:SmartXNext,2029-W01,0.0,,True,,,,False,True
SmartXNext,FoundryTW_g3,IN:mom:FoundryTW_g3:SmartXNext,2029-W01,0.0,,True,,,,False,True
SmartXNext,WaferFab_TW_g3,IN:leaf_in:WaferFab_TW_g3:SmartXNext,2029-W01,0.0,,True,,,,False,True
SmartXNext,AssemblyCN_g3,IN:mom:AssemblyCN_g3:SmartXNext,2029-W02,0.0,,True,,,,False,True
SmartXNext,FoundryTW_g3,IN:mom:FoundryTW_g3:SmartXNext,2029-W02,0.0,,True,,,,False,True
SmartXNext,WaferFab_TW_g3,IN:leaf_in:WaferFab_TW_g3:SmartXNext,2029-W02,0.0,,True,,,,False,True
SmartXNext,AssemblyCN_g3,IN:mom:AssemblyCN_g3:SmartXNext,2029-W03,0.0,,True,,,,False,True
SmartXNext,FoundryTW_g3,IN:mom:FoundryTW_g3:SmartXNext,2029-W03,0.0,,True,,,,False,True
SmartXNext,WaferFab_TW_g3,IN:leaf_in:WaferFab_TW_g3:SmartXNext,2029-W03,0.0,,True,,,,False,True
SmartXNext,AssemblyCN_g3,IN:mom:AssemblyCN_g3:SmartXNext,2029-W04,0.0,,True,,,,False,True
SmartXNext,FoundryTW_g3,IN:mom:FoundryTW_g3:SmartXNext,2029-W04,0.0,,True,,,,False,True
SmartXNext,WaferFab_TW_g3,IN:leaf_in:WaferFab_TW_g3:SmartXNext,2029-W04,0.0,0.0,False,,,,False,False
SmartXNext,AssemblyCN_g3,IN:mom:AssemblyCN_g3:SmartXNext,2029-W05,0.0,,True,,,,False,True
SmartXNext,FoundryTW_g3,IN:mom:FoundryTW_g3:SmartXNext,2029-W05,0.0,,True,,,,False,True
SmartXNext,WaferFab_TW_g3,IN:leaf_in:WaferFab_TW_g3:SmartXNext,2029-W05,0.0,0.0,False,,,,False,False
SmartXNext,AssemblyCN_g3,IN:mom:AssemblyCN_g3:SmartXNext,2029-W06,0.0,,True,,,,False,True
SmartXNext,FoundryTW_g3,IN:mom:FoundryTW_g3:SmartXNext,2029-W06,0.0,,True,,,,False,True
SmartXNext,WaferFab_TW_g3,IN:leaf_in:WaferFab_TW_g3:SmartXNext,2029-W06,0.0,,True,,,,False,True
SmartXNext,AssemblyCN_g3,IN:mom:AssemblyCN_g3:SmartXNext,2029-W07,0.0,,True,,,,False,True
SmartXNext,FoundryTW_g3,IN:mom:FoundryTW_g3:SmartXNext,2029-W07,0.0,,True,,,,False,True
SmartXNext,WaferFab_TW_g3,IN:leaf_in:WaferFab_TW_g3:SmartXNext,2029-W07,0.0,,True,,,,False,True
SmartXNext,AssemblyCN_g3,IN:mom:AssemblyCN_g3:SmartXNext,2029-W08,0.0,,True,,,,False,True
SmartXNext,FoundryTW_g3,IN:mom:FoundryTW_g3:SmartXNext,2029-W08,0.0,,True,,,,False,True
SmartXNext,WaferFab_TW_g3,IN:leaf_in:WaferFab_TW_g3:SmartXNext,2029-W08,0.0,,True,,,,False,True
SmartXNext,AssemblyCN_g3,IN:mom:AssemblyCN_g3:SmartXNext,2029-W09,0.0,,True,,,,False,True
SmartXNext,FoundryTW_g3,IN:mom:FoundryTW_g3:SmartXNext,2029-W09,0.0,,True,,,,False,True
SmartXNext,WaferFab_TW_g3,IN:leaf_in:WaferFab_TW_g3:SmartXNext,2029-W09,0.0,,True,,,,False,True
SmartXNext,AssemblyCN_g3,IN:mom:AssemblyCN_g3:SmartXNext,2029-W10,0.0,,True,,,,False,True
SmartXNext,FoundryTW_g3,IN:mom:FoundryTW_g3:SmartXNext,2029-W10,0.0,,True,,,,False,True
SmartXNext,WaferFab_TW_g3,IN:leaf_in:WaferFab_TW_g3:SmartXNext,2029-W10,0.0,,True,,,,False,True
SmartXNext,AssemblyCN_g3,IN:mom:AssemblyCN_g3:SmartXNext,2029-W11,0.0,,True,,,,False,True
SmartXNext,FoundryTW_g3,IN:mom:FoundryTW_g3:SmartXNext,2029-W11,0.0,,True,,,,False,True
SmartXNext,WaferFab_TW_g3,IN:leaf_in:WaferFab_TW_g3:SmartXNext,2029-W11,0.0,,True,,,,False,True
SmartXNext,AssemblyCN_g3,IN:mom:AssemblyCN_g3:SmartXNext,2029-W12,0.0,,True,,,,False,True
SmartXNext,FoundryTW_g3,IN:mom:FoundryTW_g3:SmartXNext,2029-W12,0.0,,True,,,,False,True
SmartXNext,WaferFab_TW_g3,IN:leaf_in:WaferFab_TW_g3:SmartXNext,2029-W12,0.0,,True,,,,False,True
SmartXNext,AssemblyCN_g3,IN:mom:AssemblyCN_g3:SmartXNext,2029-W13,0.0,,True,,,,False,True
SmartXNext,FoundryTW_g3,IN:mom:FoundryTW_g3:SmartXNext,2029-W13,0.0,,True,,,,False,True
SmartXNext,WaferFab_TW_g3,IN:leaf_in:WaferFab_TW_g3:SmartXNext,2029-W13,0.0,,True,,,,False,True
SmartXNext,AssemblyCN_g3,IN:mom:AssemblyCN_g3:SmartXNext,2029-W14,0.0,,True,,,,False,True
SmartXNext,FoundryTW_g3,IN:mom:FoundryTW_g3:SmartXNext,2029-W14,0.0,,True,,,,False,True
SmartXNext,WaferFab_TW_g3,IN:leaf_in:WaferFab_TW_g3:SmartXNext,2029-W14,0.0,,True,,,,False,True
SmartXNext,AssemblyCN_g3,IN:mom:AssemblyCN_g3:SmartXNext,2029-W15,0.0,,True,,,,False,True
SmartXNext,FoundryTW_g3,IN:mom:FoundryTW_g3:SmartXNext,2029-W15,0.0,,True,,,,False,True
SmartXNext,WaferFab_TW_g3,IN:leaf_in:WaferFab_TW_g3:SmartXNext,2029-W15,0.0,,True,,,,False,True
SmartXNext,AssemblyCN_g3,IN:mom:AssemblyCN_g3:SmartXNext,2029-W16,0.0,,True,,,,False,True
SmartXNext,FoundryTW_g3,IN:mom:FoundryTW_g3:SmartXNext,2029-W16,0.0,,True,,,,False,True
SmartXNext,WaferFab_TW_g3,IN:leaf_in:WaferFab_TW_g3:SmartXNext,2029-W16,0.0,,True,,,,False,True
SmartXNext,AssemblyCN_g3,IN:mom:AssemblyCN_g3:SmartXNext,2029-W17,0.0,,True,,,,False,True
SmartXNext,FoundryTW_g3,IN:mom:FoundryTW_g3:SmartXNext,2029-W17,0.0,,True,,,,False,True
SmartXNext,WaferFab_TW_g3,IN:leaf_in:WaferFab_TW_g3:SmartXNext,2029-W17,0.0,,True,,,,False,True
SmartXNext,AssemblyCN_g3,IN:mom:AssemblyCN_g3:SmartXNext,2029-W18,0.0,,True,,,,False,True
SmartXNext,FoundryTW_g3,IN:mom:FoundryTW_g3:SmartXNext,2029-W18,0.0,,True,,,,False,True
SmartXNext,WaferFab_TW_g3,IN:leaf_in:WaferFab_TW_g3:SmartXNext,2029-W18,0.0,,True,,,,False,True
SmartXNext,AssemblyCN_g3,IN:mom:AssemblyCN_g3:SmartXNext,2029-W19,0.0,,True,,,,False,True
SmartXNext,FoundryTW_g3,IN:mom:FoundryTW_g3:SmartXNext,2029-W19,0.0,,True,,,,False,True
SmartXNext,WaferFab_TW_g3,IN:leaf_in:WaferFab_TW_g3:SmartXNext,2029-W19,0.0,,True,,,,False,True
SmartXNext,AssemblyCN_g3,IN:mom:AssemblyCN_g3:SmartXNext,2029-W20,0.0,,True,,,,False,True
SmartXNext,FoundryTW_g3,IN:mom:FoundryTW_g3:SmartXNext,2029-W20,0.0,,True,,,,False,True
SmartXNext,WaferFab_TW_g3,IN:leaf_in:WaferFab_TW_g3:SmartXNext,2029-W20,0.0,,True,,,,False,True
SmartXNext,AssemblyCN_g3,IN:mom:AssemblyCN_g3:SmartXNext,2029-W21,0.0,,True,,,,False,True
SmartXNext,FoundryTW_g3,IN:mom:FoundryTW_g3:SmartXNext,2029-W21,0.0,,True,,,,False,True
SmartXNext,WaferFab_TW_g3,IN:leaf_in:WaferFab_TW_g3:SmartXNext,2029-W21,0.0,,True,,,,False,True
SmartXNext,AssemblyCN_g3,IN:mom:AssemblyCN_g3:SmartXNext,2029-W22,0.0,,True,,,,False,True
SmartXNext,FoundryTW_g3,IN:mom:FoundryTW_g3:SmartXNext,2029-W22,0.0,,True,,,,False,True
SmartXNext,WaferFab_TW_g3,IN:leaf_in:WaferFab_TW_g3:SmartXNext,2029-W22,0.0,,True,,,,False,True
SmartXNext,AssemblyCN_g3,IN:mom:AssemblyCN_g3:SmartXNext,2029-W23,0.0,,True,,,,False,True
SmartXNext,FoundryTW_g3,IN:mom:FoundryTW_g3:SmartXNext,2029-W23,0.0,,True,,,,False,True
SmartXNext,WaferFab_TW_g3,IN:leaf_in:WaferFab_TW_g3:SmartXNext,2029-W23,0.0,,True,,,,False,True
SmartXNext,AssemblyCN_g3,IN:mom:AssemblyCN_g3:SmartXNext,2029-W24,0.0,,True,,,,False,True
SmartXNext,FoundryTW_g3,IN:mom:FoundryTW_g3:SmartXNext,2029-W24,0.0,,True,,,,False,True
SmartXNext,WaferFab_TW_g3,IN:leaf_in:WaferFab_TW_g3:SmartXNext,2029-W24,0.0,,True,,,,False,True
SmartXNext,AssemblyCN_g3,IN:mom:AssemblyCN_g3:SmartXNext,2029-W25,0.0,,True,,,,False,True
SmartXNext,FoundryTW_g3,IN:mom:FoundryTW_g3:SmartXNext,2029-W25,0.0,,True,,,,False,True
SmartXNext,WaferFab_TW_g3,IN:leaf_in:WaferFab_TW_g3:SmartXNext,2029-W25,0.0,,True,,,,False,True
SmartXNext,AssemblyCN_g3,IN:mom:AssemblyCN_g3:SmartXNext,2029-W26,0.0,,True,,,,False,True
SmartXNext,FoundryTW_g3,IN:mom:FoundryTW_g3:SmartXNext,2029-W26,0.0,,True,,,,False,True
SmartXNext,WaferFab_TW_g3,IN:leaf_in:WaferFab_TW_g3:SmartXNext,2029-W26,0.0,,True,,,,False,True
SmartXNext,AssemblyCN_g3,IN:mom:AssemblyCN_g3:SmartXNext,2029-W27,0.0,,True,,,,False,True
SmartXNext,FoundryTW_g3,IN:mom:FoundryTW_g3:SmartXNext,2029-W27,0.0,,True,,,,False,True
SmartXNext,WaferFab_TW_g3,IN:leaf_in:WaferFab_TW_g3:SmartXNext,2029-W27,0.0,,True,,,,False,True
SmartXNext,AssemblyCN_g3,IN:mom:AssemblyCN_g3:SmartXNext,2029-W28,0.0,,True,,,,False,True
SmartXNext,FoundryTW_g3,IN:mom:FoundryTW_g3:SmartXNext,2029-W28,0.0,,True,,,,False,True
SmartXNext,WaferFab_TW_g3,IN:leaf_in:WaferFab_TW_g3:SmartXNext,2029-W28,0.0,,True,,,,False,True
SmartXNext,AssemblyCN_g3,IN:mom:AssemblyCN_g3:SmartXNext,2029-W29,0.0,,True,,,,False,True
SmartXNext,FoundryTW_g3,IN:mom:FoundryTW_g3:SmartXNext,2029-W29,0.0,,True,,,,False,True
SmartXNext,WaferFab_TW_g3,IN:leaf_in:WaferFab_TW_g3:SmartXNext,2029-W29,0.0,,True,,,,False,True
SmartXNext,AssemblyCN_g3,IN:mom:AssemblyCN_g3:SmartXNext,2029-W30,0.0,,True,,,,False,True
SmartXNext,FoundryTW_g3,IN:mom:FoundryTW_g3:SmartXNext,2029-W30,0.0,,True,,,,False,True
SmartXNext,WaferFab_TW_g3,IN:leaf_in:WaferFab_TW_g3:SmartXNext,2029-W30,0.0,,True,,,,False,True
SmartXNext,AssemblyCN_g3,IN:mom:AssemblyCN_g3:SmartXNext,2029-W31,0.0,,True,,,,False,True
SmartXNext,FoundryTW_g3,IN:mom:FoundryTW_g3:SmartXNext,2029-W31,0.0,,True,,,,False,True
SmartXNext,WaferFab_TW_g3,IN:leaf_in:WaferFab_TW_g3:SmartXNext,2029-W31,0.0,,True,,,,False,True
SmartXNext,AssemblyCN_g3,IN:mom:AssemblyCN_g3:SmartXNext,2029-W32,0.0,,True,,,,False,True
SmartXNext,FoundryTW_g3,IN:mom:FoundryTW_g3:SmartXNext,2029-W32,0.0,,True,,,,False,True
SmartXNext,WaferFab_TW_g3,IN:leaf_in:WaferFab_TW_g3:SmartXNext,2029-W32,0.0,,True,,,,False,True
SmartXNext,AssemblyCN_g3,IN:mom:AssemblyCN_g3:SmartXNext,2029-W33,0.0,,True,,,,False,True
SmartXNext,FoundryTW_g3,IN:mom:FoundryTW_g3:SmartXNext,2029-W33,0.0,,True,,,,False,True
SmartXNext,WaferFab_TW_g3,IN:leaf_in:WaferFab_TW_g3:SmartXNext,2029-W33,0.0,,True,,,,False,True
SmartXNext,AssemblyCN_g3,IN:mom:AssemblyCN_g3:SmartXNext,2029-W34,0.0,,True,,,,False,True
SmartXNext,FoundryTW_g3,IN:mom:FoundryTW_g3:SmartXNext,2029-W34,0.0,,True,,,,False,True
SmartXNext,WaferFab_TW_g3,IN:leaf_in:WaferFab_TW_g3:SmartXNext,2029-W34,0.0,,True,,,,False,True
SmartXNext,AssemblyCN_g3,IN:mom:AssemblyCN_g3:SmartXNext,2029-W35,0.0,,True,,,,False,True
SmartXNext,FoundryTW_g3,IN:mom:FoundryTW_g3:SmartXNext,2029-W35,0.0,,True,,,,False,True
SmartXNext,WaferFab_TW_g3,IN:leaf_in:WaferFab_TW_g3:SmartXNext,2029-W35,0.0,,True,,,,False,True
SmartXNext,AssemblyCN_g3,IN:mom:AssemblyCN_g3:SmartXNext,2029-W36,0.0,,True,,,,False,True
SmartXNext,FoundryTW_g3,IN:mom:FoundryTW_g3:SmartXNext,2029-W36,0.0,,True,,,,False,True
SmartXNext,WaferFab_TW_g3,IN:leaf_in:WaferFab_TW_g3:SmartXNext,2029-W36,0.0,,True,,,,False,True
SmartXNext,AssemblyCN_g3,IN:mom:AssemblyCN_g3:SmartXNext,2029-W37,0.0,,True,,,,False,True
SmartXNext,FoundryTW_g3,IN:mom:FoundryTW_g3:SmartXNext,2029-W37,0.0,,True,,,,False,True
SmartXNext,WaferFab_TW_g3,IN:leaf_in:WaferFab_TW_g3:SmartXNext,2029-W37,0.0,,True,,,,False,True
SmartXNext,AssemblyCN_g3,IN:mom:AssemblyCN_g3:SmartXNext,2029-W38,0.0,,True,,,,False,True
SmartXNext,FoundryTW_g3,IN:mom:FoundryTW_g3:SmartXNext,2029-W38,0.0,,True,,,,False,True
SmartXNext,WaferFab_TW_g3,IN:leaf_in:WaferFab_TW_g3:SmartXNext,2029-W38,0.0,,True,,,,False,True
SmartXNext,AssemblyCN_g3,IN:mom:AssemblyCN_g3:SmartXNext,2029-W39,0.0,,True,,,,False,True
SmartXNext,FoundryTW_g3,IN:mom:FoundryTW_g3:SmartXNext,2029-W39,0.0,,True,,,,False,True
SmartXNext,WaferFab_TW_g3,IN:leaf_in:WaferFab_TW_g3:SmartXNext,2029-W39,0.0,,True,,,,False,True
SmartXNext,AssemblyCN_g3,IN:mom:AssemblyCN_g3:SmartXNext,2029-W40,0.0,,True,,,,False,True
SmartXNext,FoundryTW_g3,IN:mom:FoundryTW_g3:SmartXNext,2029-W40,0.0,,True,,,,False,True
SmartXNext,WaferFab_TW_g3,IN:leaf_in:WaferFab_TW_g3:SmartXNext,2029-W40,0.0,,True,,,,False,True
SmartXNext,AssemblyCN_g3,IN:mom:AssemblyCN_g3:SmartXNext,2029-W41,0.0,,True,,,,False,True
SmartXNext,FoundryTW_g3,IN:mom:FoundryTW_g3:SmartXNext,2029-W41,0.0,,True,,,,False,True
SmartXNext,WaferFab_TW_g3,IN:leaf_in:WaferFab_TW_g3:SmartXNext,2029-W41,0.0,,True,,,,False,True
SmartXNext,AssemblyCN_g3,IN:mom:AssemblyCN_g3:SmartXNext,2029-W42,0.0,,True,,,,False,True
SmartXNext,FoundryTW_g3,IN:mom:FoundryTW_g3:SmartXNext,2029-W42,0.0,,True,,,,False,True
SmartXNext,WaferFab_TW_g3,IN:leaf_in:WaferFab_TW_g3:SmartXNext,2029-W42,0.0,,True,,,,False,True
SmartXNext,AssemblyCN_g3,IN:mom:AssemblyCN_g3:SmartXNext,2029-W43,0.0,,True,,,,False,True
SmartXNext,FoundryTW_g3,IN:mom:FoundryTW_g3:SmartXNext,2029-W43,0.0,,True,,,,False,True
SmartXNext,WaferFab_TW_g3,IN:leaf_in:WaferFab_TW_g3:SmartXNext,2029-W43,0.0,,True,,,,False,True
SmartXNext,AssemblyCN_g3,IN:mom:AssemblyCN_g3:SmartXNext,2029-W44,0.0,,True,,,,False,True
SmartXNext,FoundryTW_g3,IN:mom:FoundryTW_g3:SmartXNext,2029-W44,0.0,,True,,,,False,True
SmartXNext,WaferFab_TW_g3,IN:leaf_in:WaferFab_TW_g3:SmartXNext,2029-W44,0.0,,True,,,,False,True
SmartXNext,AssemblyCN_g3,IN:mom:AssemblyCN_g3:SmartXNext,2029-W45,0.0,,True,,,,False,True
SmartXNext,FoundryTW_g3,IN:mom:FoundryTW_g3:SmartXNext,2029-W45,0.0,,True,,,,False,True
SmartXNext,WaferFab_TW_g3,IN:leaf_in:WaferFab_TW_g3:SmartXNext,2029-W45,0.0,,True,,,,False,True
SmartXNext,AssemblyCN_g3,IN:mom:AssemblyCN_g3:SmartXNext,2029-W46,0.0,,True,,,,False,True
SmartXNext,FoundryTW_g3,IN:mom:FoundryTW_g3:SmartXNext,2029-W46,0.0,,True,,,,False,True
SmartXNext,WaferFab_TW_g3,IN:leaf_in:WaferFab_TW_g3:SmartXNext,2029-W46,0.0,,True,,,,False,True
SmartXNext,AssemblyCN_g3,IN:mom:AssemblyCN_g3:SmartXNext,2029-W47,0.0,,True,,,,False,True
SmartXNext,FoundryTW_g3,IN:mom:FoundryTW_g3:SmartXNext,2029-W47,0.0,,True,,,,False,True
SmartXNext,WaferFab_TW_g3,IN:leaf_in:WaferFab_TW_g3:SmartXNext,2029-W47,0.0,,True,,,,False,True
SmartXNext,AssemblyCN_g3,IN:mom:AssemblyCN_g3:SmartXNext,2029-W48,0.0,,True,,,,False,True
SmartXNext,FoundryTW_g3,IN:mom:FoundryTW_g3:SmartXNext,2029-W48,0.0,,True,,,,False,True
SmartXNext,WaferFab_TW_g3,IN:leaf_in:WaferFab_TW_g3:SmartXNext,2029-W48,0.0,,True,,,,False,True
SmartXNext,AssemblyCN_g3,IN:mom:AssemblyCN_g3:SmartXNext,2029-W49,0.0,,True,,,,False,True
SmartXNext,FoundryTW_g3,IN:mom:FoundryTW_g3:SmartXNext,2029-W49,0.0,,True,,,,False,True
SmartXNext,WaferFab_TW_g3,IN:leaf_in:WaferFab_TW_g3:SmartXNext,2029-W49,0.0,,True,,,,False,True
SmartXNext,AssemblyCN_g3,IN:mom:AssemblyCN_g3:SmartXNext,2029-W50,0.0,,True,,,,False,True
SmartXNext,FoundryTW_g3,IN:mom:FoundryTW_g3:SmartXNext,2029-W50,0.0,,True,,,,False,True
SmartXNext,WaferFab_TW_g3,IN:leaf_in:WaferFab_TW_g3:SmartXNext,2029-W50,0.0,,True,,,,False,True
SmartXNext,AssemblyCN_g3,IN:mom:AssemblyCN_g3:SmartXNext,2029-W51,0.0,,True,,,,False,True
SmartXNext,FoundryTW_g3,IN:mom:FoundryTW_g3:SmartXNext,2029-W51,0.0,,True,,,,False,True
SmartXNext,WaferFab_TW_g3,IN:leaf_in:WaferFab_TW_g3:SmartXNext,2029-W51,0.0,,True,,,,False,True
SmartXNext,AssemblyCN_g3,IN:mom:AssemblyCN_g3:SmartXNext,2029-W52,0.0,,True,,,,False,True
SmartXNext,FoundryTW_g3,IN:mom:FoundryTW_g3:SmartXNext,2029-W52,0.0,,True,,,,False,True
SmartXNext,WaferFab_TW_g3,IN:leaf_in:WaferFab_TW_g3:SmartXNext,2029-W52,0.0,,True,,,,False,True
SmartXNext,AssemblyCN_g3,IN:mom:AssemblyCN_g3:SmartXNext,2030-W01,0.0,,True,,,,False,True
SmartXNext,FoundryTW_g3,IN:mom:FoundryTW_g3:SmartXNext,2030-W01,0.0,,True,,,,False,True
SmartXNext,WaferFab_TW_g3,IN:leaf_in:WaferFab_TW_g3:SmartXNext,2030-W01,0.0,,True,,,,False,True
SmartXNext,AssemblyCN_g3,IN:mom:AssemblyCN_g3:SmartXNext,2030-W02,0.0,,True,,,,False,True
SmartXNext,FoundryTW_g3,IN:mom:FoundryTW_g3:SmartXNext,2030-W02,0.0,,True,,,,False,True
SmartXNext,WaferFab_TW_g3,IN:leaf_in:WaferFab_TW_g3:SmartXNext,2030-W02,0.0,,True,,,,False,True
SmartXNext,AssemblyCN_g3,IN:mom:AssemblyCN_g3:SmartXNext,2030-W03,0.0,,True,,,,False,True
SmartXNext,FoundryTW_g3,IN:mom:FoundryTW_g3:SmartXNext,2030-W03,0.0,,True,,,,False,True
SmartXNext,WaferFab_TW_g3,IN:leaf_in:WaferFab_TW_g3:SmartXNext,2030-W03,0.0,,True,,,,False,True
SmartXNext,AssemblyCN_g3,IN:mom:AssemblyCN_g3:SmartXNext,2030-W04,0.0,,True,,,,False,True
SmartXNext,FoundryTW_g3,IN:mom:FoundryTW_g3:SmartXNext,2030-W04,0.0,,True,,,,False,True
SmartXNext,WaferFab_TW_g3,IN:leaf_in:WaferFab_TW_g3:SmartXNext,2030-W04,0.0,,True,,,,False,True
SmartXNext,AssemblyCN_g3,IN:mom:AssemblyCN_g3:SmartXNext,2030-W05,0.0,,True,,,,False,True
SmartXNext,FoundryTW_g3,IN:mom:FoundryTW_g3:SmartXNext,2030-W05,0.0,,True,,,,False,True
SmartXNext,WaferFab_TW_g3,IN:leaf_in:WaferFab_TW_g3:SmartXNext,2030-W05,0.0,0.0,False,,,,False,False
SmartXNext,AssemblyCN_g3,IN:mom:AssemblyCN_g3:SmartXNext,2030-W06,0.0,,True,,,,False,True
SmartXNext,FoundryTW_g3,IN:mom:FoundryTW_g3:SmartXNext,2030-W06,0.0,,True,,,,False,True
SmartXNext,WaferFab_TW_g3,IN:leaf_in:WaferFab_TW_g3:SmartXNext,2030-W06,0.0,0.0,False,,,,False,False
SmartXNext,AssemblyCN_g3,IN:mom:AssemblyCN_g3:SmartXNext,2030-W07,0.0,,True,,,,False,True
SmartXNext,FoundryTW_g3,IN:mom:FoundryTW_g3:SmartXNext,2030-W07,0.0,,True,,,,False,True
SmartXNext,WaferFab_TW_g3,IN:leaf_in:WaferFab_TW_g3:SmartXNext,2030-W07,0.0,,True,,,,False,True
SmartXNext,AssemblyCN_g3,IN:mom:AssemblyCN_g3:SmartXNext,2030-W08,0.0,,True,,,,False,True
SmartXNext,FoundryTW_g3,IN:mom:FoundryTW_g3:SmartXNext,2030-W08,0.0,,True,,,,False,True
SmartXNext,WaferFab_TW_g3,IN:leaf_in:WaferFab_TW_g3:SmartXNext,2030-W08,0.0,,True,,,,False,True
SmartXNext,AssemblyCN_g3,IN:mom:AssemblyCN_g3:SmartXNext,2030-W09,0.0,,True,,,,False,True
SmartXNext,FoundryTW_g3,IN:mom:FoundryTW_g3:SmartXNext,2030-W09,0.0,,True,,,,False,True
SmartXNext,WaferFab_TW_g3,IN:leaf_in:WaferFab_TW_g3:SmartXNext,2030-W09,0.0,,True,,,,False,True
SmartXNext,AssemblyCN_g3,IN:mom:AssemblyCN_g3:SmartXNext,2030-W10,0.0,,True,,,,False,True
SmartXNext,FoundryTW_g3,IN:mom:FoundryTW_g3:SmartXNext,2030-W10,0.0,,True,,,,False,True
SmartXNext,WaferFab_TW_g3,IN:leaf_in:WaferFab_TW_g3:SmartXNext,2030-W10,0.0,,True,,,,False,True
SmartXNext,AssemblyCN_g3,IN:mom:AssemblyCN_g3:SmartXNext,2030-W11,0.0,,True,,,,False,True
SmartXNext,FoundryTW_g3,IN:mom:FoundryTW_g3:SmartXNext,2030-W11,0.0,,True,,,,False,True
SmartXNext,WaferFab_TW_g3,IN:leaf_in:WaferFab_TW_g3:SmartXNext,2030-W11,0.0,,True,,,,False,True
SmartXNext,AssemblyCN_g3,IN:mom:AssemblyCN_g3:SmartXNext,2030-W12,0.0,,True,,,,False,True
SmartXNext,FoundryTW_g3,IN:mom:FoundryTW_g3:SmartXNext,2030-W12,0.0,,True,,,,False,True
SmartXNext,WaferFab_TW_g3,IN:leaf_in:WaferFab_TW_g3:SmartXNext,2030-W12,0.0,,True,,,,False,True
SmartXNext,AssemblyCN_g3,IN:mom:AssemblyCN_g3:SmartXNext,2030-W13,0.0,,True,,,,False,True
SmartXNext,FoundryTW_g3,IN:mom:FoundryTW_g3:SmartXNext,2030-W13,0.0,,True,,,,False,True
SmartXNext,WaferFab_TW_g3,IN:leaf_in:WaferFab_TW_g3:SmartXNext,2030-W13,0.0,,True,,,,False,True
SmartXNext,AssemblyCN_g3,IN:mom:AssemblyCN_g3:SmartXNext,2030-W14,0.0,,True,,,,False,True
SmartXNext,FoundryTW_g3,IN:mom:FoundryTW_g3:SmartXNext,2030-W14,0.0,,True,,,,False,True
SmartXNext,WaferFab_TW_g3,IN:leaf_in:WaferFab_TW_g3:SmartXNext,2030-W14,0.0,,True,,,,False,True
SmartXNext,AssemblyCN_g3,IN:mom:AssemblyCN_g3:SmartXNext,2030-W15,0.0,,True,,,,False,True
SmartXNext,FoundryTW_g3,IN:mom:FoundryTW_g3:SmartXNext,2030-W15,0.0,,True,,,,False,True
SmartXNext,WaferFab_TW_g3,IN:leaf_in:WaferFab_TW_g3:SmartXNext,2030-W15,0.0,,True,,,,False,True
SmartXNext,AssemblyCN_g3,IN:mom:AssemblyCN_g3:SmartXNext,2030-W16,0.0,,True,,,,False,True
SmartXNext,FoundryTW_g3,IN:mom:FoundryTW_g3:SmartXNext,2030-W16,0.0,,True,,,,False,True
SmartXNext,WaferFab_TW_g3,IN:leaf_in:WaferFab_TW_g3:SmartXNext,2030-W16,0.0,,True,,,,False,True
SmartXNext,AssemblyCN_g3,IN:mom:AssemblyCN_g3:SmartXNext,2030-W17,0.0,,True,,,,False,True
SmartXNext,FoundryTW_g3,IN:mom:FoundryTW_g3:SmartXNext,2030-W17,0.0,,True,,,,False,True
SmartXNext,WaferFab_TW_g3,IN:leaf_in:WaferFab_TW_g3:SmartXNext,2030-W17,0.0,,True,,,,False,True
SmartXNext,AssemblyCN_g3,IN:mom:AssemblyCN_g3:SmartXNext,2030-W18,0.0,,True,,,,False,True
SmartXNext,FoundryTW_g3,IN:mom:FoundryTW_g3:SmartXNext,2030-W18,0.0,,True,,,,False,True
SmartXNext,WaferFab_TW_g3,IN:leaf_in:WaferFab_TW_g3:SmartXNext,2030-W18,0.0,,True,,,,False,True
SmartXNext,AssemblyCN_g3,IN:mom:AssemblyCN_g3:SmartXNext,2030-W19,0.0,,True,,,,False,True
SmartXNext,FoundryTW_g3,IN:mom:FoundryTW_g3:SmartXNext,2030-W19,0.0,,True,,,,False,True
SmartXNext,WaferFab_TW_g3,IN:leaf_in:WaferFab_TW_g3:SmartXNext,2030-W19,0.0,,True,,,,False,True
SmartXNext,AssemblyCN_g3,IN:mom:AssemblyCN_g3:SmartXNext,2030-W20,0.0,,True,,,,False,True
SmartXNext,FoundryTW_g3,IN:mom:FoundryTW_g3:SmartXNext,2030-W20,0.0,,True,,,,False,True
SmartXNext,WaferFab_TW_g3,IN:leaf_in:WaferFab_TW_g3:SmartXNext,2030-W20,0.0,,True,,,,False,True
SmartXNext,AssemblyCN_g3,IN:mom:AssemblyCN_g3:SmartXNext,2030-W21,0.0,,True,,,,False,True
SmartXNext,FoundryTW_g3,IN:mom:FoundryTW_g3:SmartXNext,2030-W21,0.0,,True,,,,False,True
SmartXNext,WaferFab_TW_g3,IN:leaf_in:WaferFab_TW_g3:SmartXNext,2030-W21,0.0,,True,,,,False,True
SmartXNext,AssemblyCN_g3,IN:mom:AssemblyCN_g3:SmartXNext,2030-W22,0.0,,True,,,,False,True
SmartXNext,FoundryTW_g3,IN:mom:FoundryTW_g3:SmartXNext,2030-W22,0.0,,True,,,,False,True
SmartXNext,WaferFab_TW_g3,IN:leaf_in:WaferFab_TW_g3:SmartXNext,2030-W22,0.0,,True,,,,False,True
SmartXNext,AssemblyCN_g3,IN:mom:AssemblyCN_g3:SmartXNext,2030-W23,0.0,,True,,,,False,True
SmartXNext,FoundryTW_g3,IN:mom:FoundryTW_g3:SmartXNext,2030-W23,0.0,,True,,,,False,True
SmartXNext,WaferFab_TW_g3,IN:leaf_in:WaferFab_TW_g3:SmartXNext,2030-W23,0.0,,True,,,,False,True
SmartXNext,AssemblyCN_g3,IN:mom:AssemblyCN_g3:SmartXNext,2030-W24,0.0,,True,,,,False,True
SmartXNext,FoundryTW_g3,IN:mom:FoundryTW_g3:SmartXNext,2030-W24,0.0,,True,,,,False,True
SmartXNext,WaferFab_TW_g3,IN:leaf_in:WaferFab_TW_g3:SmartXNext,2030-W24,0.0,,True,,,,False,True
SmartXNext,AssemblyCN_g3,IN:mom:AssemblyCN_g3:SmartXNext,2030-W25,0.0,,True,,,,False,True
SmartXNext,FoundryTW_g3,IN:mom:FoundryTW_g3:SmartXNext,2030-W25,0.0,,True,,,,False,True
SmartXNext,WaferFab_TW_g3,IN:leaf_in:WaferFab_TW_g3:SmartXNext,2030-W25,0.0,,True,,,,False,True
SmartXNext,AssemblyCN_g3,IN:mom:AssemblyCN_g3:SmartXNext,2030-W26,0.0,,True,,,,False,True
SmartXNext,FoundryTW_g3,IN:mom:FoundryTW_g3:SmartXNext,2030-W26,0.0,,True,,,,False,True
SmartXNext,WaferFab_TW_g3,IN:leaf_in:WaferFab_TW_g3:SmartXNext,2030-W26,0.0,,True,,,,False,True
SmartXNext,AssemblyCN_g3,IN:mom:AssemblyCN_g3:SmartXNext,2030-W27,0.0,,True,,,,False,True
SmartXNext,FoundryTW_g3,IN:mom:FoundryTW_g3:SmartXNext,2030-W27,0.0,,True,,,,False,True
SmartXNext,WaferFab_TW_g3,IN:leaf_in:WaferFab_TW_g3:SmartXNext,2030-W27,0.0,,True,,,,False,True
SmartXNext,AssemblyCN_g3,IN:mom:AssemblyCN_g3:SmartXNext,2030-W28,0.0,,True,,,,False,True
SmartXNext,FoundryTW_g3,IN:mom:FoundryTW_g3:SmartXNext,2030-W28,0.0,,True,,,,False,True
SmartXNext,WaferFab_TW_g3,IN:leaf_in:WaferFab_TW_g3:SmartXNext,2030-W28,0.0,,True,,,,False,True
SmartXNext,AssemblyCN_g3,IN:mom:AssemblyCN_g3:SmartXNext,2030-W29,0.0,,True,,,,False,True
SmartXNext,FoundryTW_g3,IN:mom:FoundryTW_g3:SmartXNext,2030-W29,0.0,,True,,,,False,True
SmartXNext,WaferFab_TW_g3,IN:leaf_in:WaferFab_TW_g3:SmartXNext,2030-W29,0.0,,True,,,,False,True
SmartXNext,AssemblyCN_g3,IN:mom:AssemblyCN_g3:SmartXNext,2030-W30,0.0,,True,,,,False,True
SmartXNext,FoundryTW_g3,IN:mom:FoundryTW_g3:SmartXNext,2030-W30,0.0,,True,,,,False,True
SmartXNext,WaferFab_TW_g3,IN:leaf_in:WaferFab_TW_g3:SmartXNext,2030-W30,0.0,,True,,,,False,True
SmartXNext,AssemblyCN_g3,IN:mom:AssemblyCN_g3:SmartXNext,2030-W31,0.0,,True,,,,False,True
SmartXNext,FoundryTW_g3,IN:mom:FoundryTW_g3:SmartXNext,2030-W31,0.0,,True,,,,False,True
SmartXNext,WaferFab_TW_g3,IN:leaf_in:WaferFab_TW_g3:SmartXNext,2030-W31,0.0,,True,,,,False,True
SmartXNext,AssemblyCN_g3,IN:mom:AssemblyCN_g3:SmartXNext,2030-W32,0.0,,True,,,,False,True
SmartXNext,FoundryTW_g3,IN:mom:FoundryTW_g3:SmartXNext,2030-W32,0.0,,True,,,,False,True
SmartXNext,WaferFab_TW_g3,IN:leaf_in:WaferFab_TW_g3:SmartXNext,2030-W32,0.0,,True,,,,False,True
SmartXNext,AssemblyCN_g3,IN:mom:AssemblyCN_g3:SmartXNext,2030-W33,0.0,,True,,,,False,True
SmartXNext,FoundryTW_g3,IN:mom:FoundryTW_g3:SmartXNext,2030-W33,0.0,,True,,,,False,True
SmartXNext,WaferFab_TW_g3,IN:leaf_in:WaferFab_TW_g3:SmartXNext,2030-W33,0.0,,True,,,,False,True
SmartXNext,AssemblyCN_g3,IN:mom:AssemblyCN_g3:SmartXNext,2030-W34,0.0,,True,,,,False,True
SmartXNext,FoundryTW_g3,IN:mom:FoundryTW_g3:SmartXNext,2030-W34,0.0,,True,,,,False,True
SmartXNext,WaferFab_TW_g3,IN:leaf_in:WaferFab_TW_g3:SmartXNext,2030-W34,0.0,,True,,,,False,True
SmartXNext,AssemblyCN_g3,IN:mom:AssemblyCN_g3:SmartXNext,2030-W35,0.0,,True,,,,False,True
SmartXNext,FoundryTW_g3,IN:mom:FoundryTW_g3:SmartXNext,2030-W35,0.0,,True,,,,False,True
SmartXNext,WaferFab_TW_g3,IN:leaf_in:WaferFab_TW_g3:SmartXNext,2030-W35,0.0,,True,,,,False,True
SmartXNext,AssemblyCN_g3,IN:mom:AssemblyCN_g3:SmartXNext,2030-W36,0.0,,True,,,,False,True
SmartXNext,FoundryTW_g3,IN:mom:FoundryTW_g3:SmartXNext,2030-W36,0.0,,True,,,,False,True
SmartXNext,WaferFab_TW_g3,IN:leaf_in:WaferFab_TW_g3:SmartXNext,2030-W36,0.0,,True,,,,False,True
SmartXNext,AssemblyCN_g3,IN:mom:AssemblyCN_g3:SmartXNext,2030-W37,0.0,,True,,,,False,True
SmartXNext,FoundryTW_g3,IN:mom:FoundryTW_g3:SmartXNext,2030-W37,0.0,,True,,,,False,True
SmartXNext,WaferFab_TW_g3,IN:leaf_in:WaferFab_TW_g3:SmartXNext,2030-W37,0.0,,True,,,,False,True
SmartXNext,AssemblyCN_g3,IN:mom:AssemblyCN_g3:SmartXNext,2030-W38,0.0,,True,,,,False,True
SmartXNext,FoundryTW_g3,IN:mom:FoundryTW_g3:SmartXNext,2030-W38,0.0,,True,,,,False,True
SmartXNext,WaferFab_TW_g3,IN:leaf_in:WaferFab_TW_g3:SmartXNext,2030-W38,0.0,,True,,,,False,True
SmartXNext,AssemblyCN_g3,IN:mom:AssemblyCN_g3:SmartXNext,2030-W39,0.0,,True,,,,False,True
SmartXNext,FoundryTW_g3,IN:mom:FoundryTW_g3:SmartXNext,2030-W39,0.0,,True,,,,False,True
SmartXNext,WaferFab_TW_g3,IN:leaf_in:WaferFab_TW_g3:SmartXNext,2030-W39,0.0,,True,,,,False,True
SmartXNext,AssemblyCN_g3,IN:mom:AssemblyCN_g3:SmartXNext,2030-W40,0.0,,True,,,,False,True
SmartXNext,FoundryTW_g3,IN:mom:FoundryTW_g3:SmartXNext,2030-W40,0.0,,True,,,,False,True
SmartXNext,WaferFab_TW_g3,IN:leaf_in:WaferFab_TW_g3:SmartXNext,2030-W40,0.0,,True,,,,False,True
SmartXNext,AssemblyCN_g3,IN:mom:AssemblyCN_g3:SmartXNext,2030-W41,0.0,,True,,,,False,True
SmartXNext,FoundryTW_g3,IN:mom:FoundryTW_g3:SmartXNext,2030-W41,0.0,,True,,,,False,True
SmartXNext,WaferFab_TW_g3,IN:leaf_in:WaferFab_TW_g3:SmartXNext,2030-W41,0.0,,True,,,,False,True
SmartXNext,AssemblyCN_g3,IN:mom:AssemblyCN_g3:SmartXNext,2030-W42,0.0,,True,,,,False,True
SmartXNext,FoundryTW_g3,IN:mom:FoundryTW_g3:SmartXNext,2030-W42,0.0,,True,,,,False,True
SmartXNext,WaferFab_TW_g3,IN:leaf_in:WaferFab_TW_g3:SmartXNext,2030-W42,0.0,,True,,,,False,True
SmartXNext,AssemblyCN_g3,IN:mom:AssemblyCN_g3:SmartXNext,2030-W43,0.0,,True,,,,False,True
SmartXNext,FoundryTW_g3,IN:mom:FoundryTW_g3:SmartXNext,2030-W43,0.0,,True,,,,False,True
SmartXNext,WaferFab_TW_g3,IN:leaf_in:WaferFab_TW_g3:SmartXNext,2030-W43,0.0,,True,,,,False,True
SmartXNext,AssemblyCN_g3,IN:mom:AssemblyCN_g3:SmartXNext,2030-W44,0.0,,True,,,,False,True
SmartXNext,FoundryTW_g3,IN:mom:FoundryTW_g3:SmartXNext,2030-W44,0.0,,True,,,,False,True
SmartXNext,WaferFab_TW_g3,IN:leaf_in:WaferFab_TW_g3:SmartXNext,2030-W44,0.0,,True,,,,False,True
SmartXNext,AssemblyCN_g3,IN:mom:AssemblyCN_g3:SmartXNext,2030-W45,0.0,,True,,,,False,True
SmartXNext,FoundryTW_g3,IN:mom:FoundryTW_g3:SmartXNext,2030-W45,0.0,,True,,,,False,True
SmartXNext,WaferFab_TW_g3,IN:leaf_in:WaferFab_TW_g3:SmartXNext,2030-W45,0.0,,True,,,,False,True
SmartXNext,AssemblyCN_g3,IN:mom:AssemblyCN_g3:SmartXNext,2030-W46,0.0,,True,,,,False,True
SmartXNext,FoundryTW_g3,IN:mom:FoundryTW_g3:SmartXNext,2030-W46,0.0,,True,,,,False,True
SmartXNext,WaferFab_TW_g3,IN:leaf_in:WaferFab_TW_g3:SmartXNext,2030-W46,0.0,,True,,,,False,True
SmartXNext,AssemblyCN_g3,IN:mom:AssemblyCN_g3:SmartXNext,2030-W47,0.0,,True,,,,False,True
SmartXNext,FoundryTW_g3,IN:mom:FoundryTW_g3:SmartXNext,2030-W47,0.0,,True,,,,False,True
SmartXNext,WaferFab_TW_g3,IN:leaf_in:WaferFab_TW_g3:SmartXNext,2030-W47,0.0,,True,,,,False,True
SmartXNext,AssemblyCN_g3,IN:mom:AssemblyCN_g3:SmartXNext,2030-W48,0.0,,True,,,,False,True
SmartXNext,FoundryTW_g3,IN:mom:FoundryTW_g3:SmartXNext,2030-W48,0.0,,True,,,,False,True
SmartXNext,WaferFab_TW_g3,IN:leaf_in:WaferFab_TW_g3:SmartXNext,2030-W48,0.0,,True,,,,False,True
SmartXNext,AssemblyCN_g3,IN:mom:AssemblyCN_g3:SmartXNext,2030-W49,0.0,,True,,,,False,True
SmartXNext,FoundryTW_g3,IN:mom:FoundryTW_g3:SmartXNext,2030-W49,0.0,,True,,,,False,True
SmartXNext,WaferFab_TW_g3,IN:leaf_in:WaferFab_TW_g3:SmartXNext,2030-W49,0.0,,True,,,,False,True
SmartXNext,AssemblyCN_g3,IN:mom:AssemblyCN_g3:SmartXNext,2030-W50,0.0,,True,,,,False,True
SmartXNext,FoundryTW_g3,IN:mom:FoundryTW_g3:SmartXNext,2030-W50,0.0,,True,,,,False,True
SmartXNext,WaferFab_TW_g3,IN:leaf_in:WaferFab_TW_g3:SmartXNext,2030-W50,0.0,,True,,,,False,True
SmartXNext,AssemblyCN_g3,IN:mom:AssemblyCN_g3:SmartXNext,2030-W51,0.0,,True,,,,False,True
SmartXNext,FoundryTW_g3,IN:mom:FoundryTW_g3:SmartXNext,2030-W51,0.0,,True,,,,False,True
SmartXNext,WaferFab_TW_g3,IN:leaf_in:WaferFab_TW_g3:SmartXNext,2030-W51,0.0,,True,,,,False,True
SmartXNext,AssemblyCN_g3,IN:mom:AssemblyCN_g3:SmartXNext,2030-W52,0.0,,True,,,,False,True
SmartXNext,FoundryTW_g3,IN:mom:FoundryTW_g3:SmartXNext,2030-W52,0.0,,True,,,,False,True
SmartXNext,WaferFab_TW_g3,IN:leaf_in:WaferFab_TW_g3:SmartXNext,2030-W52,0.0,,True,,,,False,True
SmartXPro_CN,AssemblyCN,IN:mom:AssemblyCN:SmartXPro_CN,2025-W36,1350.0,1350.0,True,20000.0,0.0675,0.0675,False,False
SmartXPro_CN,FoundryTW,IN:mom:FoundryTW:SmartXPro_CN,2025-W36,1350.0,1350.0,True,20000.0,0.0675,0.0675,False,False
SmartXPro_CN,Buffer_Chip_TW,IN:mom:Buffer_Chip_TW:SmartXPro_CN,2025-W36,1350.0,1350.0,True,20000.0,0.0675,0.0675,True,False
SmartXPro_CN,WaferFab_TW,IN:leaf_in:WaferFab_TW:SmartXPro_CN,2025-W36,20000.0,20000.0,True,20000.0,1.0,1.0,False,False
SmartXPro_CN,AssemblyCN,IN:mom:AssemblyCN:SmartXPro_CN,2025-W37,1350.0,1350.0,True,20000.0,0.0675,0.0675,False,False
SmartXPro_CN,FoundryTW,IN:mom:FoundryTW:SmartXPro_CN,2025-W37,1350.0,1350.0,True,20000.0,0.0675,0.0675,False,False
SmartXPro_CN,Buffer_Chip_TW,IN:mom:Buffer_Chip_TW:SmartXPro_CN,2025-W37,1350.0,1350.0,True,20000.0,0.0675,0.0675,True,False
SmartXPro_CN,WaferFab_TW,IN:leaf_in:WaferFab_TW:SmartXPro_CN,2025-W37,20000.0,20000.0,True,20000.0,1.0,1.0,False,False
SmartXPro_CN,AssemblyCN,IN:mom:AssemblyCN:SmartXPro_CN,2025-W38,1350.0,1350.0,True,20000.0,0.0675,0.0675,False,False
SmartXPro_CN,FoundryTW,IN:mom:FoundryTW:SmartXPro_CN,2025-W38,1350.0,1350.0,True,20000.0,0.0675,0.0675,False,False
SmartXPro_CN,Buffer_Chip_TW,IN:mom:Buffer_Chip_TW:SmartXPro_CN,2025-W38,1350.0,1350.0,True,20000.0,0.0675,0.0675,True,False
SmartXPro_CN,WaferFab_TW,IN:leaf_in:WaferFab_TW:SmartXPro_CN,2025-W38,20000.0,20000.0,True,20000.0,1.0,1.0,False,False
SmartXPro_CN,AssemblyCN,IN:mom:AssemblyCN:SmartXPro_CN,2025-W39,1350.0,1350.0,True,20000.0,0.0675,0.0675,False,False
SmartXPro_CN,FoundryTW,IN:mom:FoundryTW:SmartXPro_CN,2025-W39,1350.0,1350.0,True,20000.0,0.0675,0.0675,False,False
SmartXPro_CN,Buffer_Chip_TW,IN:mom:Buffer_Chip_TW:SmartXPro_CN,2025-W39,1350.0,1350.0,True,20000.0,0.0675,0.0675,True,False
SmartXPro_CN,WaferFab_TW,IN:leaf_in:WaferFab_TW:SmartXPro_CN,2025-W39,20000.0,20000.0,True,20000.0,1.0,1.0,False,False
SmartXPro_CN,AssemblyCN,IN:mom:AssemblyCN:SmartXPro_CN,2025-W40,1350.0,1350.0,True,20000.0,0.0675,0.0675,False,False
SmartXPro_CN,FoundryTW,IN:mom:FoundryTW:SmartXPro_CN,2025-W40,1350.0,1350.0,True,20000.0,0.0675,0.0675,False,False
SmartXPro_CN,Buffer_Chip_TW,IN:mom:Buffer_Chip_TW:SmartXPro_CN,2025-W40,1350.0,1350.0,True,20000.0,0.0675,0.0675,True,False
SmartXPro_CN,WaferFab_TW,IN:leaf_in:WaferFab_TW:SmartXPro_CN,2025-W40,20000.0,20000.0,True,20000.0,1.0,1.0,False,False
SmartXPro_CN,AssemblyCN,IN:mom:AssemblyCN:SmartXPro_CN,2025-W41,1350.0,1350.0,True,20000.0,0.0675,0.0675,False,False
SmartXPro_CN,FoundryTW,IN:mom:FoundryTW:SmartXPro_CN,2025-W41,1350.0,1350.0,True,20000.0,0.0675,0.0675,False,False
SmartXPro_CN,Buffer_Chip_TW,IN:mom:Buffer_Chip_TW:SmartXPro_CN,2025-W41,1350.0,1350.0,True,20000.0,0.0675,0.0675,True,False
SmartXPro_CN,WaferFab_TW,IN:leaf_in:WaferFab_TW:SmartXPro_CN,2025-W41,20000.0,20000.0,True,20000.0,1.0,1.0,False,False
SmartXPro_CN,AssemblyCN,IN:mom:AssemblyCN:SmartXPro_CN,2025-W42,1350.0,1350.0,True,20000.0,0.0675,0.0675,False,False
SmartXPro_CN,FoundryTW,IN:mom:FoundryTW:SmartXPro_CN,2025-W42,1350.0,1350.0,True,20000.0,0.0675,0.0675,False,False
SmartXPro_CN,Buffer_Chip_TW,IN:mom:Buffer_Chip_TW:SmartXPro_CN,2025-W42,1350.0,1350.0,True,20000.0,0.0675,0.0675,True,False
SmartXPro_CN,WaferFab_TW,IN:leaf_in:WaferFab_TW:SmartXPro_CN,2025-W42,20000.0,20000.0,True,20000.0,1.0,1.0,False,False
SmartXPro_CN,AssemblyCN,IN:mom:AssemblyCN:SmartXPro_CN,2025-W43,1350.0,1350.0,True,20000.0,0.0675,0.0675,False,False
SmartXPro_CN,FoundryTW,IN:mom:FoundryTW:SmartXPro_CN,2025-W43,1350.0,1350.0,True,20000.0,0.0675,0.0675,False,False
SmartXPro_CN,Buffer_Chip_TW,IN:mom:Buffer_Chip_TW:SmartXPro_CN,2025-W43,1350.0,1350.0,True,20000.0,0.0675,0.0675,True,False
SmartXPro_CN,WaferFab_TW,IN:leaf_in:WaferFab_TW:SmartXPro_CN,2025-W43,20000.0,20000.0,True,20000.0,1.0,1.0,False,False
SmartXPro_CN,AssemblyCN,IN:mom:AssemblyCN:SmartXPro_CN,2025-W44,1350.0,1350.0,True,20000.0,0.0675,0.0675,False,False
SmartXPro_CN,FoundryTW,IN:mom:FoundryTW:SmartXPro_CN,2025-W44,1350.0,1350.0,True,20000.0,0.0675,0.0675,False,False
SmartXPro_CN,Buffer_Chip_TW,IN:mom:Buffer_Chip_TW:SmartXPro_CN,2025-W44,1350.0,1350.0,True,20000.0,0.0675,0.0675,True,False
SmartXPro_CN,WaferFab_TW,IN:leaf_in:WaferFab_TW:SmartXPro_CN,2025-W44,20000.0,20000.0,True,20000.0,1.0,1.0,False,False
SmartXPro_CN,AssemblyCN,IN:mom:AssemblyCN:SmartXPro_CN,2025-W45,1350.0,1350.0,True,20000.0,0.0675,0.0675,False,False
SmartXPro_CN,FoundryTW,IN:mom:FoundryTW:SmartXPro_CN,2025-W45,1350.0,1350.0,True,20000.0,0.0675,0.0675,False,False
SmartXPro_CN,Buffer_Chip_TW,IN:mom:Buffer_Chip_TW:SmartXPro_CN,2025-W45,1350.0,1350.0,True,20000.0,0.0675,0.0675,True,False
SmartXPro_CN,WaferFab_TW,IN:leaf_in:WaferFab_TW:SmartXPro_CN,2025-W45,20000.0,20000.0,True,20000.0,1.0,1.0,False,False
SmartXPro_CN,AssemblyCN,IN:mom:AssemblyCN:SmartXPro_CN,2025-W46,1350.0,1350.0,True,20000.0,0.0675,0.0675,False,False
SmartXPro_CN,FoundryTW,IN:mom:FoundryTW:SmartXPro_CN,2025-W46,1350.0,1350.0,True,20000.0,0.0675,0.0675,False,False
SmartXPro_CN,Buffer_Chip_TW,IN:mom:Buffer_Chip_TW:SmartXPro_CN,2025-W46,1350.0,1350.0,True,20000.0,0.0675,0.0675,True,False
SmartXPro_CN,WaferFab_TW,IN:leaf_in:WaferFab_TW:SmartXPro_CN,2025-W46,20000.0,20000.0,True,20000.0,1.0,1.0,False,False
SmartXPro_CN,AssemblyCN,IN:mom:AssemblyCN:SmartXPro_CN,2025-W47,1350.0,1350.0,True,20000.0,0.0675,0.0675,False,False
SmartXPro_CN,FoundryTW,IN:mom:FoundryTW:SmartXPro_CN,2025-W47,1350.0,1350.0,True,20000.0,0.0675,0.0675,False,False
SmartXPro_CN,Buffer_Chip_TW,IN:mom:Buffer_Chip_TW:SmartXPro_CN,2025-W47,1350.0,1350.0,True,20000.0,0.0675,0.0675,True,False
SmartXPro_CN,WaferFab_TW,IN:leaf_in:WaferFab_TW:SmartXPro_CN,2025-W47,20000.0,20000.0,True,20000.0,1.0,1.0,False,False
SmartXPro_CN,AssemblyCN,IN:mom:AssemblyCN:SmartXPro_CN,2025-W48,1350.0,1350.0,True,20000.0,0.0675,0.0675,False,False
SmartXPro_CN,FoundryTW,IN:mom:FoundryTW:SmartXPro_CN,2025-W48,1350.0,1350.0,True,20000.0,0.0675,0.0675,False,False
SmartXPro_CN,Buffer_Chip_TW,IN:mom:Buffer_Chip_TW:SmartXPro_CN,2025-W48,1350.0,1350.0,True,20000.0,0.0675,0.0675,True,False
SmartXPro_CN,WaferFab_TW,IN:leaf_in:WaferFab_TW:SmartXPro_CN,2025-W48,20000.0,20000.0,True,20000.0,1.0,1.0,False,False
SmartXPro_CN,AssemblyCN,IN:mom:AssemblyCN:SmartXPro_CN,2025-W49,1350.0,1350.0,True,20000.0,0.0675,0.0675,False,False
SmartXPro_CN,FoundryTW,IN:mom:FoundryTW:SmartXPro_CN,2025-W49,1350.0,1350.0,True,20000.0,0.0675,0.0675,False,False
SmartXPro_CN,Buffer_Chip_TW,IN:mom:Buffer_Chip_TW:SmartXPro_CN,2025-W49,1350.0,1350.0,True,20000.0,0.0675,0.0675,True,False
SmartXPro_CN,WaferFab_TW,IN:leaf_in:WaferFab_TW:SmartXPro_CN,2025-W49,20000.0,20000.0,True,20000.0,1.0,1.0,False,False
SmartXPro_CN,AssemblyCN,IN:mom:AssemblyCN:SmartXPro_CN,2025-W50,1350.0,1350.0,True,20000.0,0.0675,0.0675,False,False
SmartXPro_CN,FoundryTW,IN:mom:FoundryTW:SmartXPro_CN,2025-W50,1350.0,1350.0,True,20000.0,0.0675,0.0675,False,False
SmartXPro_CN,Buffer_Chip_TW,IN:mom:Buffer_Chip_TW:SmartXPro_CN,2025-W50,1350.0,1350.0,True,20000.0,0.0675,0.0675,True,False
SmartXPro_CN,WaferFab_TW,IN:leaf_in:WaferFab_TW:SmartXPro_CN,2025-W50,20000.0,20000.0,True,20000.0,1.0,1.0,False,False
SmartXPro_CN,AssemblyCN,IN:mom:AssemblyCN:SmartXPro_CN,2025-W51,1350.0,1350.0,True,20000.0,0.0675,0.0675,False,False
SmartXPro_CN,FoundryTW,IN:mom:FoundryTW:SmartXPro_CN,2025-W51,1350.0,1350.0,True,20000.0,0.0675,0.0675,False,False
SmartXPro_CN,Buffer_Chip_TW,IN:mom:Buffer_Chip_TW:SmartXPro_CN,2025-W51,1350.0,1350.0,True,20000.0,0.0675,0.0675,True,False
SmartXPro_CN,WaferFab_TW,IN:leaf_in:WaferFab_TW:SmartXPro_CN,2025-W51,20000.0,20000.0,True,20000.0,1.0,1.0,False,False
SmartXPro_CN,AssemblyCN,IN:mom:AssemblyCN:SmartXPro_CN,2025-W52,1350.0,1350.0,True,20000.0,0.0675,0.0675,False,False
SmartXPro_CN,FoundryTW,IN:mom:FoundryTW:SmartXPro_CN,2025-W52,1350.0,1350.0,True,20000.0,0.0675,0.0675,False,False
SmartXPro_CN,Buffer_Chip_TW,IN:mom:Buffer_Chip_TW:SmartXPro_CN,2025-W52,1350.0,1350.0,True,20000.0,0.0675,0.0675,True,False
SmartXPro_CN,WaferFab_TW,IN:leaf_in:WaferFab_TW:SmartXPro_CN,2025-W52,20000.0,20000.0,True,20000.0,1.0,1.0,False,False
SmartXPro_CN,AssemblyCN,IN:mom:AssemblyCN:SmartXPro_CN,2026-W01,1350.0,1350.0,True,20000.0,0.0675,0.0675,False,False
SmartXPro_CN,FoundryTW,IN:mom:FoundryTW:SmartXPro_CN,2026-W01,1350.0,1350.0,True,20000.0,0.0675,0.0675,False,False
SmartXPro_CN,Buffer_Chip_TW,IN:mom:Buffer_Chip_TW:SmartXPro_CN,2026-W01,1350.0,1350.0,True,20000.0,0.0675,0.0675,True,False
SmartXPro_CN,WaferFab_TW,IN:leaf_in:WaferFab_TW:SmartXPro_CN,2026-W01,20000.0,20000.0,True,20000.0,1.0,1.0,False,False
SmartXPro_CN,AssemblyCN,IN:mom:AssemblyCN:SmartXPro_CN,2026-W02,1350.0,1350.0,True,20000.0,0.0675,0.0675,False,False
SmartXPro_CN,FoundryTW,IN:mom:FoundryTW:SmartXPro_CN,2026-W02,1350.0,1350.0,True,20000.0,0.0675,0.0675,False,False
SmartXPro_CN,Buffer_Chip_TW,IN:mom:Buffer_Chip_TW:SmartXPro_CN,2026-W02,1350.0,1350.0,True,20000.0,0.0675,0.0675,True,False
SmartXPro_CN,WaferFab_TW,IN:leaf_in:WaferFab_TW:SmartXPro_CN,2026-W02,20000.0,20000.0,True,20000.0,1.0,1.0,False,False
SmartXPro_CN,AssemblyCN,IN:mom:AssemblyCN:SmartXPro_CN,2026-W03,1350.0,1350.0,True,20000.0,0.0675,0.0675,False,False
SmartXPro_CN,FoundryTW,IN:mom:FoundryTW:SmartXPro_CN,2026-W03,1350.0,1350.0,True,20000.0,0.0675,0.0675,False,False
SmartXPro_CN,Buffer_Chip_TW,IN:mom:Buffer_Chip_TW:SmartXPro_CN,2026-W03,1350.0,1350.0,True,20000.0,0.0675,0.0675,True,False
SmartXPro_CN,WaferFab_TW,IN:leaf_in:WaferFab_TW:SmartXPro_CN,2026-W03,20000.0,20000.0,True,20000.0,1.0,1.0,False,False
SmartXPro_CN,AssemblyCN,IN:mom:AssemblyCN:SmartXPro_CN,2026-W04,1350.0,1350.0,True,20000.0,0.0675,0.0675,False,False
SmartXPro_CN,FoundryTW,IN:mom:FoundryTW:SmartXPro_CN,2026-W04,1350.0,1350.0,True,20000.0,0.0675,0.0675,False,False
SmartXPro_CN,Buffer_Chip_TW,IN:mom:Buffer_Chip_TW:SmartXPro_CN,2026-W04,1350.0,1350.0,True,20000.0,0.0675,0.0675,True,False
SmartXPro_CN,WaferFab_TW,IN:leaf_in:WaferFab_TW:SmartXPro_CN,2026-W04,20000.0,20000.0,True,20000.0,1.0,1.0,False,False
SmartXPro_CN,AssemblyCN,IN:mom:AssemblyCN:SmartXPro_CN,2026-W05,1350.0,1350.0,True,20000.0,0.0675,0.0675,False,False
SmartXPro_CN,FoundryTW,IN:mom:FoundryTW:SmartXPro_CN,2026-W05,1350.0,1350.0,True,20000.0,0.0675,0.0675,False,False
SmartXPro_CN,Buffer_Chip_TW,IN:mom:Buffer_Chip_TW:SmartXPro_CN,2026-W05,1350.0,1350.0,True,20000.0,0.0675,0.0675,True,False
SmartXPro_CN,WaferFab_TW,IN:leaf_in:WaferFab_TW:SmartXPro_CN,2026-W05,20000.0,20000.0,True,20000.0,1.0,1.0,False,False
SmartXPro_CN,AssemblyCN,IN:mom:AssemblyCN:SmartXPro_CN,2026-W06,1350.0,1350.0,True,20000.0,0.0675,0.0675,False,False
SmartXPro_CN,FoundryTW,IN:mom:FoundryTW:SmartXPro_CN,2026-W06,1350.0,1350.0,True,20000.0,0.0675,0.0675,False,False
SmartXPro_CN,Buffer_Chip_TW,IN:mom:Buffer_Chip_TW:SmartXPro_CN,2026-W06,1350.0,1350.0,True,20000.0,0.0675,0.0675,True,False
SmartXPro_CN,WaferFab_TW,IN:leaf_in:WaferFab_TW:SmartXPro_CN,2026-W06,20000.0,20000.0,True,20000.0,1.0,1.0,False,False
SmartXPro_CN,AssemblyCN,IN:mom:AssemblyCN:SmartXPro_CN,2026-W07,1350.0,1350.0,True,20000.0,0.0675,0.0675,False,False
SmartXPro_CN,FoundryTW,IN:mom:FoundryTW:SmartXPro_CN,2026-W07,1350.0,1350.0,True,20000.0,0.0675,0.0675,False,False
SmartXPro_CN,Buffer_Chip_TW,IN:mom:Buffer_Chip_TW:SmartXPro_CN,2026-W07,1350.0,1350.0,True,20000.0,0.0675,0.0675,True,False
SmartXPro_CN,WaferFab_TW,IN:leaf_in:WaferFab_TW:SmartXPro_CN,2026-W07,20000.0,20000.0,True,20000.0,1.0,1.0,False,False
SmartXPro_CN,AssemblyCN,IN:mom:AssemblyCN:SmartXPro_CN,2026-W08,1350.0,1350.0,True,20000.0,0.0675,0.0675,False,False
SmartXPro_CN,FoundryTW,IN:mom:FoundryTW:SmartXPro_CN,2026-W08,1350.0,1350.0,True,20000.0,0.0675,0.0675,False,False
SmartXPro_CN,Buffer_Chip_TW,IN:mom:Buffer_Chip_TW:SmartXPro_CN,2026-W08,1350.0,1350.0,True,20000.0,0.0675,0.0675,True,False
SmartXPro_CN,WaferFab_TW,IN:leaf_in:WaferFab_TW:SmartXPro_CN,2026-W08,20000.0,0.0,False,20000.0,1.0,0.0,False,False
SmartXPro_CN,AssemblyCN,IN:mom:AssemblyCN:SmartXPro_CN,2026-W09,1350.0,1350.0,True,20000.0,0.0675,0.0675,False,False
SmartXPro_CN,FoundryTW,IN:mom:FoundryTW:SmartXPro_CN,2026-W09,1350.0,1350.0,True,20000.0,0.0675,0.0675,False,False
SmartXPro_CN,Buffer_Chip_TW,IN:mom:Buffer_Chip_TW:SmartXPro_CN,2026-W09,1350.0,1350.0,True,20000.0,0.0675,0.0675,True,False
SmartXPro_CN,WaferFab_TW,IN:leaf_in:WaferFab_TW:SmartXPro_CN,2026-W09,20000.0,0.0,False,20000.0,1.0,0.0,False,False
SmartXPro_CN,AssemblyCN,IN:mom:AssemblyCN:SmartXPro_CN,2026-W10,1350.0,1350.0,True,20000.0,0.0675,0.0675,False,False
SmartXPro_CN,FoundryTW,IN:mom:FoundryTW:SmartXPro_CN,2026-W10,1350.0,1350.0,True,20000.0,0.0675,0.0675,False,False
SmartXPro_CN,Buffer_Chip_TW,IN:mom:Buffer_Chip_TW:SmartXPro_CN,2026-W10,1350.0,1350.0,True,20000.0,0.0675,0.0675,True,False
SmartXPro_CN,WaferFab_TW,IN:leaf_in:WaferFab_TW:SmartXPro_CN,2026-W10,20000.0,20000.0,True,20000.0,1.0,1.0,False,False
SmartXPro_CN,AssemblyCN,IN:mom:AssemblyCN:SmartXPro_CN,2026-W11,1350.0,1350.0,True,20000.0,0.0675,0.0675,False,False
SmartXPro_CN,FoundryTW,IN:mom:FoundryTW:SmartXPro_CN,2026-W11,1350.0,1350.0,True,20000.0,0.0675,0.0675,False,False
SmartXPro_CN,Buffer_Chip_TW,IN:mom:Buffer_Chip_TW:SmartXPro_CN,2026-W11,1350.0,1350.0,True,20000.0,0.0675,0.0675,True,False
SmartXPro_CN,WaferFab_TW,IN:leaf_in:WaferFab_TW:SmartXPro_CN,2026-W11,20000.0,20000.0,True,20000.0,1.0,1.0,False,False
SmartXPro_CN,AssemblyCN,IN:mom:AssemblyCN:SmartXPro_CN,2026-W12,1350.0,1350.0,True,20000.0,0.0675,0.0675,False,False
SmartXPro_CN,FoundryTW,IN:mom:FoundryTW:SmartXPro_CN,2026-W12,1350.0,1350.0,True,20000.0,0.0675,0.0675,False,False
SmartXPro_CN,Buffer_Chip_TW,IN:mom:Buffer_Chip_TW:SmartXPro_CN,2026-W12,1350.0,1350.0,True,20000.0,0.0675,0.0675,True,False
SmartXPro_CN,WaferFab_TW,IN:leaf_in:WaferFab_TW:SmartXPro_CN,2026-W12,20000.0,20000.0,True,20000.0,1.0,1.0,False,False
SmartXPro_CN,AssemblyCN,IN:mom:AssemblyCN:SmartXPro_CN,2026-W13,1350.0,1350.0,True,20000.0,0.0675,0.0675,False,False
SmartXPro_CN,FoundryTW,IN:mom:FoundryTW:SmartXPro_CN,2026-W13,1350.0,1350.0,True,20000.0,0.0675,0.0675,False,False
SmartXPro_CN,Buffer_Chip_TW,IN:mom:Buffer_Chip_TW:SmartXPro_CN,2026-W13,1350.0,1350.0,True,20000.0,0.0675,0.0675,True,False
SmartXPro_CN,WaferFab_TW,IN:leaf_in:WaferFab_TW:SmartXPro_CN,2026-W13,20000.0,20000.0,True,20000.0,1.0,1.0,False,False
SmartXPro_CN,AssemblyCN,IN:mom:AssemblyCN:SmartXPro_CN,2026-W14,1350.0,1350.0,True,20000.0,0.0675,0.0675,False,False
SmartXPro_CN,FoundryTW,IN:mom:FoundryTW:SmartXPro_CN,2026-W14,1350.0,1350.0,True,20000.0,0.0675,0.0675,False,False
SmartXPro_CN,Buffer_Chip_TW,IN:mom:Buffer_Chip_TW:SmartXPro_CN,2026-W14,1350.0,1350.0,True,20000.0,0.0675,0.0675,True,False
SmartXPro_CN,WaferFab_TW,IN:leaf_in:WaferFab_TW:SmartXPro_CN,2026-W14,20000.0,20000.0,True,20000.0,1.0,1.0,False,False
SmartXPro_CN,AssemblyCN,IN:mom:AssemblyCN:SmartXPro_CN,2026-W15,1350.0,1350.0,True,20000.0,0.0675,0.0675,False,False
SmartXPro_CN,FoundryTW,IN:mom:FoundryTW:SmartXPro_CN,2026-W15,1350.0,1350.0,True,20000.0,0.0675,0.0675,False,False
SmartXPro_CN,Buffer_Chip_TW,IN:mom:Buffer_Chip_TW:SmartXPro_CN,2026-W15,1350.0,1350.0,True,20000.0,0.0675,0.0675,True,False
SmartXPro_CN,WaferFab_TW,IN:leaf_in:WaferFab_TW:SmartXPro_CN,2026-W15,20000.0,20000.0,True,20000.0,1.0,1.0,False,False
SmartXPro_CN,AssemblyCN,IN:mom:AssemblyCN:SmartXPro_CN,2026-W16,1350.0,1350.0,True,20000.0,0.0675,0.0675,False,False
SmartXPro_CN,FoundryTW,IN:mom:FoundryTW:SmartXPro_CN,2026-W16,1350.0,1350.0,True,20000.0,0.0675,0.0675,False,False
SmartXPro_CN,Buffer_Chip_TW,IN:mom:Buffer_Chip_TW:SmartXPro_CN,2026-W16,1350.0,1350.0,True,20000.0,0.0675,0.0675,True,False
SmartXPro_CN,WaferFab_TW,IN:leaf_in:WaferFab_TW:SmartXPro_CN,2026-W16,20000.0,20000.0,True,20000.0,1.0,1.0,False,False
SmartXPro_CN,AssemblyCN,IN:mom:AssemblyCN:SmartXPro_CN,2026-W17,1350.0,1350.0,True,20000.0,0.0675,0.0675,False,False
SmartXPro_CN,FoundryTW,IN:mom:FoundryTW:SmartXPro_CN,2026-W17,1350.0,1350.0,True,20000.0,0.0675,0.0675,False,False
SmartXPro_CN,Buffer_Chip_TW,IN:mom:Buffer_Chip_TW:SmartXPro_CN,2026-W17,1350.0,1350.0,True,20000.0,0.0675,0.0675,True,False
SmartXPro_CN,WaferFab_TW,IN:leaf_in:WaferFab_TW:SmartXPro_CN,2026-W17,20000.0,20000.0,True,20000.0,1.0,1.0,False,False
SmartXPro_CN,AssemblyCN,IN:mom:AssemblyCN:SmartXPro_CN,2026-W18,1350.0,1350.0,True,20000.0,0.0675,0.0675,False,False
SmartXPro_CN,FoundryTW,IN:mom:FoundryTW:SmartXPro_CN,2026-W18,1350.0,1350.0,True,20000.0,0.0675,0.0675,False,False
SmartXPro_CN,Buffer_Chip_TW,IN:mom:Buffer_Chip_TW:SmartXPro_CN,2026-W18,1350.0,1350.0,True,20000.0,0.0675,0.0675,True,False
SmartXPro_CN,WaferFab_TW,IN:leaf_in:WaferFab_TW:SmartXPro_CN,2026-W18,20000.0,20000.0,True,20000.0,1.0,1.0,False,False
SmartXPro_CN,AssemblyCN,IN:mom:AssemblyCN:SmartXPro_CN,2026-W19,1350.0,1350.0,True,20000.0,0.0675,0.0675,False,False
SmartXPro_CN,FoundryTW,IN:mom:FoundryTW:SmartXPro_CN,2026-W19,1350.0,1350.0,True,20000.0,0.0675,0.0675,False,False
SmartXPro_CN,Buffer_Chip_TW,IN:mom:Buffer_Chip_TW:SmartXPro_CN,2026-W19,1350.0,1350.0,True,20000.0,0.0675,0.0675,True,False
SmartXPro_CN,WaferFab_TW,IN:leaf_in:WaferFab_TW:SmartXPro_CN,2026-W19,20000.0,20000.0,True,20000.0,1.0,1.0,False,False
SmartXPro_CN,AssemblyCN,IN:mom:AssemblyCN:SmartXPro_CN,2026-W20,1350.0,1350.0,True,20000.0,0.0675,0.0675,False,False
SmartXPro_CN,FoundryTW,IN:mom:FoundryTW:SmartXPro_CN,2026-W20,1350.0,1350.0,True,20000.0,0.0675,0.0675,False,False
SmartXPro_CN,Buffer_Chip_TW,IN:mom:Buffer_Chip_TW:SmartXPro_CN,2026-W20,1350.0,1350.0,True,20000.0,0.0675,0.0675,True,False
SmartXPro_CN,WaferFab_TW,IN:leaf_in:WaferFab_TW:SmartXPro_CN,2026-W20,20000.0,20000.0,True,20000.0,1.0,1.0,False,False
SmartXPro_CN,AssemblyCN,IN:mom:AssemblyCN:SmartXPro_CN,2026-W21,1350.0,1350.0,True,20000.0,0.0675,0.0675,False,False
SmartXPro_CN,FoundryTW,IN:mom:FoundryTW:SmartXPro_CN,2026-W21,1350.0,1350.0,True,20000.0,0.0675,0.0675,False,False
SmartXPro_CN,Buffer_Chip_TW,IN:mom:Buffer_Chip_TW:SmartXPro_CN,2026-W21,1350.0,1350.0,True,20000.0,0.0675,0.0675,True,False
SmartXPro_CN,WaferFab_TW,IN:leaf_in:WaferFab_TW:SmartXPro_CN,2026-W21,20000.0,20000.0,True,20000.0,1.0,1.0,False,False
SmartXPro_CN,AssemblyCN,IN:mom:AssemblyCN:SmartXPro_CN,2026-W22,1350.0,1350.0,True,20000.0,0.0675,0.0675,False,False
SmartXPro_CN,FoundryTW,IN:mom:FoundryTW:SmartXPro_CN,2026-W22,1350.0,1350.0,True,20000.0,0.0675,0.0675,False,False
SmartXPro_CN,Buffer_Chip_TW,IN:mom:Buffer_Chip_TW:SmartXPro_CN,2026-W22,1350.0,1350.0,True,20000.0,0.0675,0.0675,True,False
SmartXPro_CN,WaferFab_TW,IN:leaf_in:WaferFab_TW:SmartXPro_CN,2026-W22,20000.0,20000.0,True,20000.0,1.0,1.0,False,False
SmartXPro_CN,AssemblyCN,IN:mom:AssemblyCN:SmartXPro_CN,2026-W23,1350.0,1350.0,True,20000.0,0.0675,0.0675,False,False
SmartXPro_CN,FoundryTW,IN:mom:FoundryTW:SmartXPro_CN,2026-W23,1350.0,1350.0,True,20000.0,0.0675,0.0675,False,False
SmartXPro_CN,Buffer_Chip_TW,IN:mom:Buffer_Chip_TW:SmartXPro_CN,2026-W23,1350.0,1350.0,True,20000.0,0.0675,0.0675,True,False
SmartXPro_CN,WaferFab_TW,IN:leaf_in:WaferFab_TW:SmartXPro_CN,2026-W23,20000.0,20000.0,True,20000.0,1.0,1.0,False,False
SmartXPro_CN,AssemblyCN,IN:mom:AssemblyCN:SmartXPro_CN,2026-W24,1350.0,1350.0,True,20000.0,0.0675,0.0675,False,False
SmartXPro_CN,FoundryTW,IN:mom:FoundryTW:SmartXPro_CN,2026-W24,1350.0,1350.0,True,20000.0,0.0675,0.0675,False,False
SmartXPro_CN,Buffer_Chip_TW,IN:mom:Buffer_Chip_TW:SmartXPro_CN,2026-W24,1350.0,1350.0,True,20000.0,0.0675,0.0675,True,False
SmartXPro_CN,WaferFab_TW,IN:leaf_in:WaferFab_TW:SmartXPro_CN,2026-W24,20000.0,20000.0,True,20000.0,1.0,1.0,False,False
SmartXPro_CN,AssemblyCN,IN:mom:AssemblyCN:SmartXPro_CN,2026-W25,1350.0,1350.0,True,20000.0,0.0675,0.0675,False,False
SmartXPro_CN,FoundryTW,IN:mom:FoundryTW:SmartXPro_CN,2026-W25,1350.0,1350.0,True,20000.0,0.0675,0.0675,False,False
SmartXPro_CN,Buffer_Chip_TW,IN:mom:Buffer_Chip_TW:SmartXPro_CN,2026-W25,1350.0,1350.0,True,20000.0,0.0675,0.0675,True,False
SmartXPro_CN,WaferFab_TW,IN:leaf_in:WaferFab_TW:SmartXPro_CN,2026-W25,20000.0,20000.0,True,20000.0,1.0,1.0,False,False
SmartXPro_CN,AssemblyCN,IN:mom:AssemblyCN:SmartXPro_CN,2026-W26,1350.0,1350.0,True,20000.0,0.0675,0.0675,False,False
SmartXPro_CN,FoundryTW,IN:mom:FoundryTW:SmartXPro_CN,2026-W26,1350.0,1350.0,True,20000.0,0.0675,0.0675,False,False
SmartXPro_CN,Buffer_Chip_TW,IN:mom:Buffer_Chip_TW:SmartXPro_CN,2026-W26,1350.0,1350.0,True,20000.0,0.0675,0.0675,True,False
SmartXPro_CN,WaferFab_TW,IN:leaf_in:WaferFab_TW:SmartXPro_CN,2026-W26,20000.0,20000.0,True,20000.0,1.0,1.0,False,False
SmartXPro_CN,AssemblyCN,IN:mom:AssemblyCN:SmartXPro_CN,2026-W27,1350.0,1350.0,True,20000.0,0.0675,0.0675,False,False
SmartXPro_CN,FoundryTW,IN:mom:FoundryTW:SmartXPro_CN,2026-W27,1350.0,1350.0,True,20000.0,0.0675,0.0675,False,False
SmartXPro_CN,Buffer_Chip_TW,IN:mom:Buffer_Chip_TW:SmartXPro_CN,2026-W27,1350.0,1350.0,True,20000.0,0.0675,0.0675,True,False
SmartXPro_CN,WaferFab_TW,IN:leaf_in:WaferFab_TW:SmartXPro_CN,2026-W27,20000.0,20000.0,True,20000.0,1.0,1.0,False,False
SmartXPro_CN,AssemblyCN,IN:mom:AssemblyCN:SmartXPro_CN,2026-W28,1350.0,1350.0,True,20000.0,0.0675,0.0675,False,False
SmartXPro_CN,FoundryTW,IN:mom:FoundryTW:SmartXPro_CN,2026-W28,1350.0,1350.0,True,20000.0,0.0675,0.0675,False,False
SmartXPro_CN,Buffer_Chip_TW,IN:mom:Buffer_Chip_TW:SmartXPro_CN,2026-W28,1350.0,1350.0,True,20000.0,0.0675,0.0675,True,False
SmartXPro_CN,WaferFab_TW,IN:leaf_in:WaferFab_TW:SmartXPro_CN,2026-W28,20000.0,20000.0,True,20000.0,1.0,1.0,False,False
SmartXPro_CN,AssemblyCN,IN:mom:AssemblyCN:SmartXPro_CN,2026-W29,1350.0,1350.0,True,20000.0,0.0675,0.0675,False,False
SmartXPro_CN,FoundryTW,IN:mom:FoundryTW:SmartXPro_CN,2026-W29,1350.0,1350.0,True,20000.0,0.0675,0.0675,False,False
SmartXPro_CN,Buffer_Chip_TW,IN:mom:Buffer_Chip_TW:SmartXPro_CN,2026-W29,1350.0,1350.0,True,20000.0,0.0675,0.0675,True,False
SmartXPro_CN,WaferFab_TW,IN:leaf_in:WaferFab_TW:SmartXPro_CN,2026-W29,20000.0,20000.0,True,20000.0,1.0,1.0,False,False
SmartXPro_CN,AssemblyCN,IN:mom:AssemblyCN:SmartXPro_CN,2026-W30,1350.0,1350.0,True,20000.0,0.0675,0.0675,False,False
SmartXPro_CN,FoundryTW,IN:mom:FoundryTW:SmartXPro_CN,2026-W30,1350.0,1350.0,True,20000.0,0.0675,0.0675,False,False
SmartXPro_CN,Buffer_Chip_TW,IN:mom:Buffer_Chip_TW:SmartXPro_CN,2026-W30,1350.0,1350.0,True,20000.0,0.0675,0.0675,True,False
SmartXPro_CN,WaferFab_TW,IN:leaf_in:WaferFab_TW:SmartXPro_CN,2026-W30,20000.0,20000.0,True,20000.0,1.0,1.0,False,False
SmartXPro_CN,AssemblyCN,IN:mom:AssemblyCN:SmartXPro_CN,2026-W31,1350.0,1350.0,True,20000.0,0.0675,0.0675,False,False
SmartXPro_CN,FoundryTW,IN:mom:FoundryTW:SmartXPro_CN,2026-W31,1350.0,1350.0,True,20000.0,0.0675,0.0675,False,False
SmartXPro_CN,Buffer_Chip_TW,IN:mom:Buffer_Chip_TW:SmartXPro_CN,2026-W31,1350.0,1350.0,True,20000.0,0.0675,0.0675,True,False
SmartXPro_CN,WaferFab_TW,IN:leaf_in:WaferFab_TW:SmartXPro_CN,2026-W31,20000.0,20000.0,True,20000.0,1.0,1.0,False,False
SmartXPro_CN,AssemblyCN,IN:mom:AssemblyCN:SmartXPro_CN,2026-W32,1350.0,1350.0,True,20000.0,0.0675,0.0675,False,False
SmartXPro_CN,FoundryTW,IN:mom:FoundryTW:SmartXPro_CN,2026-W32,1350.0,1350.0,True,20000.0,0.0675,0.0675,False,False
SmartXPro_CN,Buffer_Chip_TW,IN:mom:Buffer_Chip_TW:SmartXPro_CN,2026-W32,1350.0,1350.0,True,20000.0,0.0675,0.0675,True,False
SmartXPro_CN,WaferFab_TW,IN:leaf_in:WaferFab_TW:SmartXPro_CN,2026-W32,20000.0,20000.0,True,20000.0,1.0,1.0,False,False
SmartXPro_CN,AssemblyCN,IN:mom:AssemblyCN:SmartXPro_CN,2026-W33,1350.0,1350.0,True,20000.0,0.0675,0.0675,False,False
SmartXPro_CN,FoundryTW,IN:mom:FoundryTW:SmartXPro_CN,2026-W33,1350.0,1350.0,True,20000.0,0.0675,0.0675,False,False
SmartXPro_CN,Buffer_Chip_TW,IN:mom:Buffer_Chip_TW:SmartXPro_CN,2026-W33,1350.0,1350.0,True,20000.0,0.0675,0.0675,True,False
SmartXPro_CN,WaferFab_TW,IN:leaf_in:WaferFab_TW:SmartXPro_CN,2026-W33,20000.0,20000.0,True,20000.0,1.0,1.0,False,False
SmartXPro_CN,AssemblyCN,IN:mom:AssemblyCN:SmartXPro_CN,2026-W34,1350.0,1350.0,True,20000.0,0.0675,0.0675,False,False
SmartXPro_CN,FoundryTW,IN:mom:FoundryTW:SmartXPro_CN,2026-W34,1350.0,1350.0,True,20000.0,0.0675,0.0675,False,False
SmartXPro_CN,Buffer_Chip_TW,IN:mom:Buffer_Chip_TW:SmartXPro_CN,2026-W34,1350.0,1350.0,True,20000.0,0.0675,0.0675,True,False
SmartXPro_CN,WaferFab_TW,IN:leaf_in:WaferFab_TW:SmartXPro_CN,2026-W34,20000.0,20000.0,True,20000.0,1.0,1.0,False,False
SmartXPro_CN,AssemblyCN,IN:mom:AssemblyCN:SmartXPro_CN,2026-W35,1350.0,1350.0,True,20000.0,0.0675,0.0675,False,False
SmartXPro_CN,FoundryTW,IN:mom:FoundryTW:SmartXPro_CN,2026-W35,1350.0,1350.0,True,20000.0,0.0675,0.0675,False,False
SmartXPro_CN,Buffer_Chip_TW,IN:mom:Buffer_Chip_TW:SmartXPro_CN,2026-W35,1350.0,1350.0,True,20000.0,0.0675,0.0675,True,False
SmartXPro_CN,WaferFab_TW,IN:leaf_in:WaferFab_TW:SmartXPro_CN,2026-W35,20000.0,20000.0,True,20000.0,1.0,1.0,False,False
SmartXPro_CN,AssemblyCN,IN:mom:AssemblyCN:SmartXPro_CN,2026-W36,1350.0,1350.0,True,20000.0,0.0675,0.0675,False,False
SmartXPro_CN,FoundryTW,IN:mom:FoundryTW:SmartXPro_CN,2026-W36,1350.0,1350.0,True,20000.0,0.0675,0.0675,False,False
SmartXPro_CN,Buffer_Chip_TW,IN:mom:Buffer_Chip_TW:SmartXPro_CN,2026-W36,1350.0,1350.0,True,20000.0,0.0675,0.0675,True,False
SmartXPro_CN,WaferFab_TW,IN:leaf_in:WaferFab_TW:SmartXPro_CN,2026-W36,20000.0,20000.0,True,20000.0,1.0,1.0,False,False
SmartXPro_CN,AssemblyCN,IN:mom:AssemblyCN:SmartXPro_CN,2026-W37,1350.0,1350.0,True,20000.0,0.0675,0.0675,False,False
SmartXPro_CN,FoundryTW,IN:mom:FoundryTW:SmartXPro_CN,2026-W37,1350.0,1350.0,True,20000.0,0.0675,0.0675,False,False
SmartXPro_CN,Buffer_Chip_TW,IN:mom:Buffer_Chip_TW:SmartXPro_CN,2026-W37,1350.0,1350.0,True,20000.0,0.0675,0.0675,True,False
SmartXPro_CN,WaferFab_TW,IN:leaf_in:WaferFab_TW:SmartXPro_CN,2026-W37,20000.0,20000.0,True,20000.0,1.0,1.0,False,False
SmartXPro_CN,AssemblyCN,IN:mom:AssemblyCN:SmartXPro_CN,2026-W38,1350.0,1350.0,True,20000.0,0.0675,0.0675,False,False
SmartXPro_CN,FoundryTW,IN:mom:FoundryTW:SmartXPro_CN,2026-W38,1350.0,1350.0,True,20000.0,0.0675,0.0675,False,False
SmartXPro_CN,Buffer_Chip_TW,IN:mom:Buffer_Chip_TW:SmartXPro_CN,2026-W38,1350.0,1350.0,True,20000.0,0.0675,0.0675,True,False
SmartXPro_CN,WaferFab_TW,IN:leaf_in:WaferFab_TW:SmartXPro_CN,2026-W38,20000.0,20000.0,True,20000.0,1.0,1.0,False,False
SmartXPro_CN,AssemblyCN,IN:mom:AssemblyCN:SmartXPro_CN,2026-W39,1350.0,1350.0,True,20000.0,0.0675,0.0675,False,False
SmartXPro_CN,FoundryTW,IN:mom:FoundryTW:SmartXPro_CN,2026-W39,1350.0,1350.0,True,20000.0,0.0675,0.0675,False,False
SmartXPro_CN,Buffer_Chip_TW,IN:mom:Buffer_Chip_TW:SmartXPro_CN,2026-W39,1350.0,1350.0,True,20000.0,0.0675,0.0675,True,False
SmartXPro_CN,WaferFab_TW,IN:leaf_in:WaferFab_TW:SmartXPro_CN,2026-W39,20000.0,20000.0,True,20000.0,1.0,1.0,False,False
SmartXPro_CN,AssemblyCN,IN:mom:AssemblyCN:SmartXPro_CN,2026-W40,1350.0,1350.0,True,20000.0,0.0675,0.0675,False,False
SmartXPro_CN,FoundryTW,IN:mom:FoundryTW:SmartXPro_CN,2026-W40,1350.0,1350.0,True,20000.0,0.0675,0.0675,False,False
SmartXPro_CN,Buffer_Chip_TW,IN:mom:Buffer_Chip_TW:SmartXPro_CN,2026-W40,1350.0,1350.0,True,20000.0,0.0675,0.0675,True,False
SmartXPro_CN,WaferFab_TW,IN:leaf_in:WaferFab_TW:SmartXPro_CN,2026-W40,20000.0,20000.0,True,20000.0,1.0,1.0,False,False
SmartXPro_CN,AssemblyCN,IN:mom:AssemblyCN:SmartXPro_CN,2026-W41,1350.0,1350.0,True,20000.0,0.0675,0.0675,False,False
SmartXPro_CN,FoundryTW,IN:mom:FoundryTW:SmartXPro_CN,2026-W41,1350.0,1350.0,True,20000.0,0.0675,0.0675,False,False
SmartXPro_CN,Buffer_Chip_TW,IN:mom:Buffer_Chip_TW:SmartXPro_CN,2026-W41,1350.0,1350.0,True,20000.0,0.0675,0.0675,True,False
SmartXPro_CN,WaferFab_TW,IN:leaf_in:WaferFab_TW:SmartXPro_CN,2026-W41,20000.0,20000.0,True,20000.0,1.0,1.0,False,False
SmartXPro_CN,AssemblyCN,IN:mom:AssemblyCN:SmartXPro_CN,2026-W42,1350.0,1350.0,True,20000.0,0.0675,0.0675,False,False
SmartXPro_CN,FoundryTW,IN:mom:FoundryTW:SmartXPro_CN,2026-W42,1350.0,1350.0,True,20000.0,0.0675,0.0675,False,False
SmartXPro_CN,Buffer_Chip_TW,IN:mom:Buffer_Chip_TW:SmartXPro_CN,2026-W42,1350.0,1350.0,True,20000.0,0.0675,0.0675,True,False
SmartXPro_CN,WaferFab_TW,IN:leaf_in:WaferFab_TW:SmartXPro_CN,2026-W42,20000.0,20000.0,True,20000.0,1.0,1.0,False,False
SmartXPro_CN,AssemblyCN,IN:mom:AssemblyCN:SmartXPro_CN,2026-W43,1350.0,1350.0,True,20000.0,0.0675,0.0675,False,False
SmartXPro_CN,FoundryTW,IN:mom:FoundryTW:SmartXPro_CN,2026-W43,1350.0,1350.0,True,20000.0,0.0675,0.0675,False,False
SmartXPro_CN,Buffer_Chip_TW,IN:mom:Buffer_Chip_TW:SmartXPro_CN,2026-W43,1350.0,1350.0,True,20000.0,0.0675,0.0675,True,False
SmartXPro_CN,WaferFab_TW,IN:leaf_in:WaferFab_TW:SmartXPro_CN,2026-W43,20000.0,20000.0,True,20000.0,1.0,1.0,False,False
SmartXPro_CN,AssemblyCN,IN:mom:AssemblyCN:SmartXPro_CN,2026-W44,1350.0,1350.0,True,20000.0,0.0675,0.0675,False,False
SmartXPro_CN,FoundryTW,IN:mom:FoundryTW:SmartXPro_CN,2026-W44,1350.0,1350.0,True,20000.0,0.0675,0.0675,False,False
SmartXPro_CN,Buffer_Chip_TW,IN:mom:Buffer_Chip_TW:SmartXPro_CN,2026-W44,1350.0,1350.0,True,20000.0,0.0675,0.0675,True,False
SmartXPro_CN,WaferFab_TW,IN:leaf_in:WaferFab_TW:SmartXPro_CN,2026-W44,20000.0,20000.0,True,20000.0,1.0,1.0,False,False
SmartXPro_CN,AssemblyCN,IN:mom:AssemblyCN:SmartXPro_CN,2026-W45,1350.0,1350.0,True,20000.0,0.0675,0.0675,False,False
SmartXPro_CN,FoundryTW,IN:mom:FoundryTW:SmartXPro_CN,2026-W45,1350.0,1350.0,True,20000.0,0.0675,0.0675,False,False
SmartXPro_CN,Buffer_Chip_TW,IN:mom:Buffer_Chip_TW:SmartXPro_CN,2026-W45,1350.0,1350.0,True,20000.0,0.0675,0.0675,True,False
SmartXPro_CN,WaferFab_TW,IN:leaf_in:WaferFab_TW:SmartXPro_CN,2026-W45,20000.0,20000.0,True,20000.0,1.0,1.0,False,False
SmartXPro_CN,AssemblyCN,IN:mom:AssemblyCN:SmartXPro_CN,2026-W46,1350.0,1350.0,True,20000.0,0.0675,0.0675,False,False
SmartXPro_CN,FoundryTW,IN:mom:FoundryTW:SmartXPro_CN,2026-W46,1350.0,1350.0,True,20000.0,0.0675,0.0675,False,False
SmartXPro_CN,Buffer_Chip_TW,IN:mom:Buffer_Chip_TW:SmartXPro_CN,2026-W46,1350.0,1350.0,True,20000.0,0.0675,0.0675,True,False
SmartXPro_CN,WaferFab_TW,IN:leaf_in:WaferFab_TW:SmartXPro_CN,2026-W46,20000.0,20000.0,True,20000.0,1.0,1.0,False,False
SmartXPro_CN,AssemblyCN,IN:mom:AssemblyCN:SmartXPro_CN,2026-W47,1350.0,1350.0,True,20000.0,0.0675,0.0675,False,False
SmartXPro_CN,FoundryTW,IN:mom:FoundryTW:SmartXPro_CN,2026-W47,1350.0,1350.0,True,20000.0,0.0675,0.0675,False,False
SmartXPro_CN,Buffer_Chip_TW,IN:mom:Buffer_Chip_TW:SmartXPro_CN,2026-W47,1350.0,1350.0,True,20000.0,0.0675,0.0675,True,False
SmartXPro_CN,WaferFab_TW,IN:leaf_in:WaferFab_TW:SmartXPro_CN,2026-W47,20000.0,20000.0,True,20000.0,1.0,1.0,False,False
SmartXPro_CN,AssemblyCN,IN:mom:AssemblyCN:SmartXPro_CN,2026-W48,1350.0,1350.0,True,20000.0,0.0675,0.0675,False,False
SmartXPro_CN,FoundryTW,IN:mom:FoundryTW:SmartXPro_CN,2026-W48,1350.0,1350.0,True,20000.0,0.0675,0.0675,False,False
SmartXPro_CN,Buffer_Chip_TW,IN:mom:Buffer_Chip_TW:SmartXPro_CN,2026-W48,1350.0,1350.0,True,20000.0,0.0675,0.0675,True,False
SmartXPro_CN,WaferFab_TW,IN:leaf_in:WaferFab_TW:SmartXPro_CN,2026-W48,20000.0,20000.0,True,20000.0,1.0,1.0,False,False
SmartXPro_CN,AssemblyCN,IN:mom:AssemblyCN:SmartXPro_CN,2026-W49,1350.0,1350.0,True,20000.0,0.0675,0.0675,False,False
SmartXPro_CN,FoundryTW,IN:mom:FoundryTW:SmartXPro_CN,2026-W49,1350.0,1350.0,True,20000.0,0.0675,0.0675,False,False
SmartXPro_CN,Buffer_Chip_TW,IN:mom:Buffer_Chip_TW:SmartXPro_CN,2026-W49,1350.0,1350.0,True,20000.0,0.0675,0.0675,True,False
SmartXPro_CN,WaferFab_TW,IN:leaf_in:WaferFab_TW:SmartXPro_CN,2026-W49,20000.0,20000.0,True,20000.0,1.0,1.0,False,False
SmartXPro_CN,AssemblyCN,IN:mom:AssemblyCN:SmartXPro_CN,2026-W50,1350.0,1350.0,True,20000.0,0.0675,0.0675,False,False
SmartXPro_CN,FoundryTW,IN:mom:FoundryTW:SmartXPro_CN,2026-W50,1350.0,1350.0,True,20000.0,0.0675,0.0675,False,False
SmartXPro_CN,Buffer_Chip_TW,IN:mom:Buffer_Chip_TW:SmartXPro_CN,2026-W50,1350.0,1350.0,True,20000.0,0.0675,0.0675,True,False
SmartXPro_CN,WaferFab_TW,IN:leaf_in:WaferFab_TW:SmartXPro_CN,2026-W50,20000.0,20000.0,True,20000.0,1.0,1.0,False,False
SmartXPro_CN,AssemblyCN,IN:mom:AssemblyCN:SmartXPro_CN,2026-W51,1350.0,1350.0,True,20000.0,0.0675,0.0675,False,False
SmartXPro_CN,FoundryTW,IN:mom:FoundryTW:SmartXPro_CN,2026-W51,1350.0,1350.0,True,20000.0,0.0675,0.0675,False,False
SmartXPro_CN,Buffer_Chip_TW,IN:mom:Buffer_Chip_TW:SmartXPro_CN,2026-W51,1350.0,1350.0,True,20000.0,0.0675,0.0675,True,False
SmartXPro_CN,WaferFab_TW,IN:leaf_in:WaferFab_TW:SmartXPro_CN,2026-W51,20000.0,20000.0,True,20000.0,1.0,1.0,False,False
SmartXPro_CN,AssemblyCN,IN:mom:AssemblyCN:SmartXPro_CN,2026-W52,1350.0,1350.0,True,20000.0,0.0675,0.0675,False,False
SmartXPro_CN,FoundryTW,IN:mom:FoundryTW:SmartXPro_CN,2026-W52,1350.0,1350.0,True,20000.0,0.0675,0.0675,False,False
SmartXPro_CN,Buffer_Chip_TW,IN:mom:Buffer_Chip_TW:SmartXPro_CN,2026-W52,1350.0,1350.0,True,20000.0,0.0675,0.0675,True,False
SmartXPro_CN,WaferFab_TW,IN:leaf_in:WaferFab_TW:SmartXPro_CN,2026-W52,20000.0,20000.0,True,20000.0,1.0,1.0,False,False
SmartXPro_CN,AssemblyCN,IN:mom:AssemblyCN:SmartXPro_CN,2026-W53,1350.0,1350.0,True,20000.0,0.0675,0.0675,False,False
SmartXPro_CN,FoundryTW,IN:mom:FoundryTW:SmartXPro_CN,2026-W53,1350.0,1350.0,True,20000.0,0.0675,0.0675,False,False
SmartXPro_CN,Buffer_Chip_TW,IN:mom:Buffer_Chip_TW:SmartXPro_CN,2026-W53,1350.0,1350.0,True,20000.0,0.0675,0.0675,True,False
SmartXPro_CN,WaferFab_TW,IN:leaf_in:WaferFab_TW:SmartXPro_CN,2026-W53,20000.0,20000.0,True,20000.0,1.0,1.0,False,False
SmartXPro_CN,AssemblyCN,IN:mom:AssemblyCN:SmartXPro_CN,2027-W01,1350.0,1350.0,True,20000.0,0.0675,0.0675,False,False
SmartXPro_CN,FoundryTW,IN:mom:FoundryTW:SmartXPro_CN,2027-W01,1350.0,1350.0,True,20000.0,0.0675,0.0675,False,False
SmartXPro_CN,Buffer_Chip_TW,IN:mom:Buffer_Chip_TW:SmartXPro_CN,2027-W01,1350.0,1350.0,True,20000.0,0.0675,0.0675,True,False
SmartXPro_CN,WaferFab_TW,IN:leaf_in:WaferFab_TW:SmartXPro_CN,2027-W01,20000.0,20000.0,True,20000.0,1.0,1.0,False,False
SmartXPro_CN,AssemblyCN,IN:mom:AssemblyCN:SmartXPro_CN,2027-W02,1350.0,1350.0,True,20000.0,0.0675,0.0675,False,False
SmartXPro_CN,FoundryTW,IN:mom:FoundryTW:SmartXPro_CN,2027-W02,1350.0,1350.0,True,20000.0,0.0675,0.0675,False,False
SmartXPro_CN,Buffer_Chip_TW,IN:mom:Buffer_Chip_TW:SmartXPro_CN,2027-W02,1350.0,1350.0,True,20000.0,0.0675,0.0675,True,False
SmartXPro_CN,WaferFab_TW,IN:leaf_in:WaferFab_TW:SmartXPro_CN,2027-W02,20000.0,20000.0,True,20000.0,1.0,1.0,False,False
SmartXPro_CN,AssemblyCN,IN:mom:AssemblyCN:SmartXPro_CN,2027-W03,1350.0,1350.0,True,20000.0,0.0675,0.0675,False,False
SmartXPro_CN,FoundryTW,IN:mom:FoundryTW:SmartXPro_CN,2027-W03,1350.0,1350.0,True,20000.0,0.0675,0.0675,False,False
SmartXPro_CN,Buffer_Chip_TW,IN:mom:Buffer_Chip_TW:SmartXPro_CN,2027-W03,1350.0,1350.0,True,20000.0,0.0675,0.0675,True,False
SmartXPro_CN,WaferFab_TW,IN:leaf_in:WaferFab_TW:SmartXPro_CN,2027-W03,20000.0,20000.0,True,20000.0,1.0,1.0,False,False
SmartXPro_CN,AssemblyCN,IN:mom:AssemblyCN:SmartXPro_CN,2027-W04,1350.0,1350.0,True,20000.0,0.0675,0.0675,False,False
SmartXPro_CN,FoundryTW,IN:mom:FoundryTW:SmartXPro_CN,2027-W04,1350.0,1350.0,True,20000.0,0.0675,0.0675,False,False
SmartXPro_CN,Buffer_Chip_TW,IN:mom:Buffer_Chip_TW:SmartXPro_CN,2027-W04,1350.0,1350.0,True,20000.0,0.0675,0.0675,True,False
SmartXPro_CN,WaferFab_TW,IN:leaf_in:WaferFab_TW:SmartXPro_CN,2027-W04,20000.0,20000.0,True,20000.0,1.0,1.0,False,False
SmartXPro_CN,AssemblyCN,IN:mom:AssemblyCN:SmartXPro_CN,2027-W05,1350.0,1350.0,True,20000.0,0.0675,0.0675,False,False
SmartXPro_CN,FoundryTW,IN:mom:FoundryTW:SmartXPro_CN,2027-W05,1350.0,1350.0,True,20000.0,0.0675,0.0675,False,False
SmartXPro_CN,Buffer_Chip_TW,IN:mom:Buffer_Chip_TW:SmartXPro_CN,2027-W05,1350.0,1350.0,True,20000.0,0.0675,0.0675,True,False
SmartXPro_CN,WaferFab_TW,IN:leaf_in:WaferFab_TW:SmartXPro_CN,2027-W05,20000.0,20000.0,True,20000.0,1.0,1.0,False,False
SmartXPro_CN,AssemblyCN,IN:mom:AssemblyCN:SmartXPro_CN,2027-W06,1350.0,1350.0,True,20000.0,0.0675,0.0675,False,False
SmartXPro_CN,FoundryTW,IN:mom:FoundryTW:SmartXPro_CN,2027-W06,1350.0,1350.0,True,20000.0,0.0675,0.0675,False,False
SmartXPro_CN,Buffer_Chip_TW,IN:mom:Buffer_Chip_TW:SmartXPro_CN,2027-W06,1350.0,1350.0,True,20000.0,0.0675,0.0675,True,False
SmartXPro_CN,WaferFab_TW,IN:leaf_in:WaferFab_TW:SmartXPro_CN,2027-W06,20000.0,0.0,False,20000.0,1.0,0.0,False,False
SmartXPro_CN,AssemblyCN,IN:mom:AssemblyCN:SmartXPro_CN,2027-W07,1350.0,1350.0,True,20000.0,0.0675,0.0675,False,False
SmartXPro_CN,FoundryTW,IN:mom:FoundryTW:SmartXPro_CN,2027-W07,1350.0,1350.0,True,20000.0,0.0675,0.0675,False,False
SmartXPro_CN,Buffer_Chip_TW,IN:mom:Buffer_Chip_TW:SmartXPro_CN,2027-W07,1350.0,1350.0,True,20000.0,0.0675,0.0675,True,False
SmartXPro_CN,WaferFab_TW,IN:leaf_in:WaferFab_TW:SmartXPro_CN,2027-W07,20000.0,0.0,False,20000.0,1.0,0.0,False,False
SmartXPro_CN,AssemblyCN,IN:mom:AssemblyCN:SmartXPro_CN,2027-W08,1350.0,1350.0,True,20000.0,0.0675,0.0675,False,False
SmartXPro_CN,FoundryTW,IN:mom:FoundryTW:SmartXPro_CN,2027-W08,1350.0,1350.0,True,20000.0,0.0675,0.0675,False,False
SmartXPro_CN,Buffer_Chip_TW,IN:mom:Buffer_Chip_TW:SmartXPro_CN,2027-W08,1350.0,1350.0,True,20000.0,0.0675,0.0675,True,False
SmartXPro_CN,WaferFab_TW,IN:leaf_in:WaferFab_TW:SmartXPro_CN,2027-W08,20000.0,20000.0,True,20000.0,1.0,1.0,False,False
SmartXPro_CN,AssemblyCN,IN:mom:AssemblyCN:SmartXPro_CN,2027-W09,1350.0,1350.0,True,20000.0,0.0675,0.0675,False,False
SmartXPro_CN,FoundryTW,IN:mom:FoundryTW:SmartXPro_CN,2027-W09,1350.0,1350.0,True,20000.0,0.0675,0.0675,False,False
SmartXPro_CN,Buffer_Chip_TW,IN:mom:Buffer_Chip_TW:SmartXPro_CN,2027-W09,1350.0,1350.0,True,20000.0,0.0675,0.0675,True,False
SmartXPro_CN,WaferFab_TW,IN:leaf_in:WaferFab_TW:SmartXPro_CN,2027-W09,20000.0,20000.0,True,20000.0,1.0,1.0,False,False
SmartXPro_CN,AssemblyCN,IN:mom:AssemblyCN:SmartXPro_CN,2027-W10,1350.0,1350.0,True,20000.0,0.0675,0.0675,False,False
SmartXPro_CN,FoundryTW,IN:mom:FoundryTW:SmartXPro_CN,2027-W10,1350.0,1350.0,True,20000.0,0.0675,0.0675,False,False
SmartXPro_CN,Buffer_Chip_TW,IN:mom:Buffer_Chip_TW:SmartXPro_CN,2027-W10,1350.0,1350.0,True,20000.0,0.0675,0.0675,True,False
SmartXPro_CN,WaferFab_TW,IN:leaf_in:WaferFab_TW:SmartXPro_CN,2027-W10,20000.0,20000.0,True,20000.0,1.0,1.0,False,False
SmartXPro_CN,AssemblyCN,IN:mom:AssemblyCN:SmartXPro_CN,2027-W11,1350.0,1350.0,True,20000.0,0.0675,0.0675,False,False
SmartXPro_CN,FoundryTW,IN:mom:FoundryTW:SmartXPro_CN,2027-W11,1350.0,1350.0,True,20000.0,0.0675,0.0675,False,False
SmartXPro_CN,Buffer_Chip_TW,IN:mom:Buffer_Chip_TW:SmartXPro_CN,2027-W11,1350.0,1350.0,True,20000.0,0.0675,0.0675,True,False
SmartXPro_CN,WaferFab_TW,IN:leaf_in:WaferFab_TW:SmartXPro_CN,2027-W11,20000.0,20000.0,True,20000.0,1.0,1.0,False,False
SmartXPro_CN,AssemblyCN,IN:mom:AssemblyCN:SmartXPro_CN,2027-W12,1350.0,1350.0,True,20000.0,0.0675,0.0675,False,False
SmartXPro_CN,FoundryTW,IN:mom:FoundryTW:SmartXPro_CN,2027-W12,1350.0,1350.0,True,20000.0,0.0675,0.0675,False,False
SmartXPro_CN,Buffer_Chip_TW,IN:mom:Buffer_Chip_TW:SmartXPro_CN,2027-W12,1350.0,1350.0,True,20000.0,0.0675,0.0675,True,False
SmartXPro_CN,WaferFab_TW,IN:leaf_in:WaferFab_TW:SmartXPro_CN,2027-W12,20000.0,20000.0,True,20000.0,1.0,1.0,False,False
SmartXPro_CN,AssemblyCN,IN:mom:AssemblyCN:SmartXPro_CN,2027-W13,1350.0,1350.0,True,20000.0,0.0675,0.0675,False,False
SmartXPro_CN,FoundryTW,IN:mom:FoundryTW:SmartXPro_CN,2027-W13,1350.0,1350.0,True,20000.0,0.0675,0.0675,False,False
SmartXPro_CN,Buffer_Chip_TW,IN:mom:Buffer_Chip_TW:SmartXPro_CN,2027-W13,1350.0,1350.0,True,20000.0,0.0675,0.0675,True,False
SmartXPro_CN,WaferFab_TW,IN:leaf_in:WaferFab_TW:SmartXPro_CN,2027-W13,20000.0,20000.0,True,20000.0,1.0,1.0,False,False
SmartXPro_CN,AssemblyCN,IN:mom:AssemblyCN:SmartXPro_CN,2027-W14,1350.0,1350.0,True,20000.0,0.0675,0.0675,False,False
SmartXPro_CN,FoundryTW,IN:mom:FoundryTW:SmartXPro_CN,2027-W14,1350.0,1350.0,True,20000.0,0.0675,0.0675,False,False
SmartXPro_CN,Buffer_Chip_TW,IN:mom:Buffer_Chip_TW:SmartXPro_CN,2027-W14,1350.0,1350.0,True,20000.0,0.0675,0.0675,True,False
SmartXPro_CN,WaferFab_TW,IN:leaf_in:WaferFab_TW:SmartXPro_CN,2027-W14,20000.0,20000.0,True,20000.0,1.0,1.0,False,False
SmartXPro_CN,AssemblyCN,IN:mom:AssemblyCN:SmartXPro_CN,2027-W15,1350.0,1350.0,True,20000.0,0.0675,0.0675,False,False
SmartXPro_CN,FoundryTW,IN:mom:FoundryTW:SmartXPro_CN,2027-W15,1350.0,1350.0,True,20000.0,0.0675,0.0675,False,False
SmartXPro_CN,Buffer_Chip_TW,IN:mom:Buffer_Chip_TW:SmartXPro_CN,2027-W15,1350.0,1350.0,True,20000.0,0.0675,0.0675,True,False
SmartXPro_CN,WaferFab_TW,IN:leaf_in:WaferFab_TW:SmartXPro_CN,2027-W15,20000.0,20000.0,True,20000.0,1.0,1.0,False,False
SmartXPro_CN,AssemblyCN,IN:mom:AssemblyCN:SmartXPro_CN,2027-W16,1350.0,1350.0,True,20000.0,0.0675,0.0675,False,False
SmartXPro_CN,FoundryTW,IN:mom:FoundryTW:SmartXPro_CN,2027-W16,1350.0,1350.0,True,20000.0,0.0675,0.0675,False,False
SmartXPro_CN,Buffer_Chip_TW,IN:mom:Buffer_Chip_TW:SmartXPro_CN,2027-W16,1350.0,1350.0,True,20000.0,0.0675,0.0675,True,False
SmartXPro_CN,WaferFab_TW,IN:leaf_in:WaferFab_TW:SmartXPro_CN,2027-W16,20000.0,20000.0,True,20000.0,1.0,1.0,False,False
SmartXPro_CN,AssemblyCN,IN:mom:AssemblyCN:SmartXPro_CN,2027-W17,1350.0,1350.0,True,20000.0,0.0675,0.0675,False,False
SmartXPro_CN,FoundryTW,IN:mom:FoundryTW:SmartXPro_CN,2027-W17,1350.0,1350.0,True,20000.0,0.0675,0.0675,False,False
SmartXPro_CN,Buffer_Chip_TW,IN:mom:Buffer_Chip_TW:SmartXPro_CN,2027-W17,1350.0,1350.0,True,20000.0,0.0675,0.0675,True,False
SmartXPro_CN,WaferFab_TW,IN:leaf_in:WaferFab_TW:SmartXPro_CN,2027-W17,20000.0,20000.0,True,20000.0,1.0,1.0,False,False
SmartXPro_CN,AssemblyCN,IN:mom:AssemblyCN:SmartXPro_CN,2027-W18,1350.0,1350.0,True,20000.0,0.0675,0.0675,False,False
SmartXPro_CN,FoundryTW,IN:mom:FoundryTW:SmartXPro_CN,2027-W18,1350.0,1350.0,True,20000.0,0.0675,0.0675,False,False
SmartXPro_CN,Buffer_Chip_TW,IN:mom:Buffer_Chip_TW:SmartXPro_CN,2027-W18,1350.0,1350.0,True,20000.0,0.0675,0.0675,True,False
SmartXPro_CN,WaferFab_TW,IN:leaf_in:WaferFab_TW:SmartXPro_CN,2027-W18,20000.0,20000.0,True,20000.0,1.0,1.0,False,False
SmartXPro_CN,AssemblyCN,IN:mom:AssemblyCN:SmartXPro_CN,2027-W19,1350.0,1350.0,True,20000.0,0.0675,0.0675,False,False
SmartXPro_CN,FoundryTW,IN:mom:FoundryTW:SmartXPro_CN,2027-W19,1350.0,1350.0,True,20000.0,0.0675,0.0675,False,False
SmartXPro_CN,Buffer_Chip_TW,IN:mom:Buffer_Chip_TW:SmartXPro_CN,2027-W19,1350.0,1350.0,True,20000.0,0.0675,0.0675,True,False
SmartXPro_CN,WaferFab_TW,IN:leaf_in:WaferFab_TW:SmartXPro_CN,2027-W19,20000.0,20000.0,True,20000.0,1.0,1.0,False,False
SmartXPro_CN,AssemblyCN,IN:mom:AssemblyCN:SmartXPro_CN,2027-W20,1350.0,1350.0,True,20000.0,0.0675,0.0675,False,False
SmartXPro_CN,FoundryTW,IN:mom:FoundryTW:SmartXPro_CN,2027-W20,1350.0,1350.0,True,20000.0,0.0675,0.0675,False,False
SmartXPro_CN,Buffer_Chip_TW,IN:mom:Buffer_Chip_TW:SmartXPro_CN,2027-W20,1350.0,1350.0,True,20000.0,0.0675,0.0675,True,False
SmartXPro_CN,WaferFab_TW,IN:leaf_in:WaferFab_TW:SmartXPro_CN,2027-W20,20000.0,20000.0,True,20000.0,1.0,1.0,False,False
SmartXPro_CN,AssemblyCN,IN:mom:AssemblyCN:SmartXPro_CN,2027-W21,1350.0,1350.0,True,20000.0,0.0675,0.0675,False,False
SmartXPro_CN,FoundryTW,IN:mom:FoundryTW:SmartXPro_CN,2027-W21,1350.0,1350.0,True,20000.0,0.0675,0.0675,False,False
SmartXPro_CN,Buffer_Chip_TW,IN:mom:Buffer_Chip_TW:SmartXPro_CN,2027-W21,1350.0,1350.0,True,20000.0,0.0675,0.0675,True,False
SmartXPro_CN,WaferFab_TW,IN:leaf_in:WaferFab_TW:SmartXPro_CN,2027-W21,20000.0,20000.0,True,20000.0,1.0,1.0,False,False
SmartXPro_CN,AssemblyCN,IN:mom:AssemblyCN:SmartXPro_CN,2027-W22,1350.0,1350.0,True,20000.0,0.0675,0.0675,False,False
SmartXPro_CN,FoundryTW,IN:mom:FoundryTW:SmartXPro_CN,2027-W22,1350.0,1350.0,True,20000.0,0.0675,0.0675,False,False
SmartXPro_CN,Buffer_Chip_TW,IN:mom:Buffer_Chip_TW:SmartXPro_CN,2027-W22,1350.0,1350.0,True,20000.0,0.0675,0.0675,True,False
SmartXPro_CN,WaferFab_TW,IN:leaf_in:WaferFab_TW:SmartXPro_CN,2027-W22,20000.0,20000.0,True,20000.0,1.0,1.0,False,False
SmartXPro_CN,AssemblyCN,IN:mom:AssemblyCN:SmartXPro_CN,2027-W23,1350.0,1350.0,True,20000.0,0.0675,0.0675,False,False
SmartXPro_CN,FoundryTW,IN:mom:FoundryTW:SmartXPro_CN,2027-W23,1350.0,1350.0,True,20000.0,0.0675,0.0675,False,False
SmartXPro_CN,Buffer_Chip_TW,IN:mom:Buffer_Chip_TW:SmartXPro_CN,2027-W23,1350.0,1350.0,True,20000.0,0.0675,0.0675,True,False
SmartXPro_CN,WaferFab_TW,IN:leaf_in:WaferFab_TW:SmartXPro_CN,2027-W23,20000.0,20000.0,True,20000.0,1.0,1.0,False,False
SmartXPro_CN,AssemblyCN,IN:mom:AssemblyCN:SmartXPro_CN,2027-W24,1350.0,1350.0,True,20000.0,0.0675,0.0675,False,False
SmartXPro_CN,FoundryTW,IN:mom:FoundryTW:SmartXPro_CN,2027-W24,1350.0,1350.0,True,20000.0,0.0675,0.0675,False,False
SmartXPro_CN,Buffer_Chip_TW,IN:mom:Buffer_Chip_TW:SmartXPro_CN,2027-W24,1350.0,1350.0,True,20000.0,0.0675,0.0675,True,False
SmartXPro_CN,WaferFab_TW,IN:leaf_in:WaferFab_TW:SmartXPro_CN,2027-W24,20000.0,20000.0,True,20000.0,1.0,1.0,False,False
SmartXPro_CN,AssemblyCN,IN:mom:AssemblyCN:SmartXPro_CN,2027-W25,1350.0,1350.0,True,20000.0,0.0675,0.0675,False,False
SmartXPro_CN,FoundryTW,IN:mom:FoundryTW:SmartXPro_CN,2027-W25,1350.0,1350.0,True,20000.0,0.0675,0.0675,False,False
SmartXPro_CN,Buffer_Chip_TW,IN:mom:Buffer_Chip_TW:SmartXPro_CN,2027-W25,1350.0,1350.0,True,20000.0,0.0675,0.0675,True,False
SmartXPro_CN,WaferFab_TW,IN:leaf_in:WaferFab_TW:SmartXPro_CN,2027-W25,20000.0,20000.0,True,20000.0,1.0,1.0,False,False
SmartXPro_CN,AssemblyCN,IN:mom:AssemblyCN:SmartXPro_CN,2027-W26,1350.0,1350.0,True,20000.0,0.0675,0.0675,False,False
SmartXPro_CN,FoundryTW,IN:mom:FoundryTW:SmartXPro_CN,2027-W26,1350.0,1350.0,True,20000.0,0.0675,0.0675,False,False
SmartXPro_CN,Buffer_Chip_TW,IN:mom:Buffer_Chip_TW:SmartXPro_CN,2027-W26,1350.0,1350.0,True,20000.0,0.0675,0.0675,True,False
SmartXPro_CN,WaferFab_TW,IN:leaf_in:WaferFab_TW:SmartXPro_CN,2027-W26,20000.0,20000.0,True,20000.0,1.0,1.0,False,False
SmartXPro_CN,AssemblyCN,IN:mom:AssemblyCN:SmartXPro_CN,2027-W27,1350.0,1350.0,True,20000.0,0.0675,0.0675,False,False
SmartXPro_CN,FoundryTW,IN:mom:FoundryTW:SmartXPro_CN,2027-W27,1350.0,1350.0,True,20000.0,0.0675,0.0675,False,False
SmartXPro_CN,Buffer_Chip_TW,IN:mom:Buffer_Chip_TW:SmartXPro_CN,2027-W27,1350.0,1350.0,True,20000.0,0.0675,0.0675,True,False
SmartXPro_CN,WaferFab_TW,IN:leaf_in:WaferFab_TW:SmartXPro_CN,2027-W27,20000.0,20000.0,True,20000.0,1.0,1.0,False,False
SmartXPro_CN,AssemblyCN,IN:mom:AssemblyCN:SmartXPro_CN,2027-W28,1350.0,1350.0,True,20000.0,0.0675,0.0675,False,False
SmartXPro_CN,FoundryTW,IN:mom:FoundryTW:SmartXPro_CN,2027-W28,1350.0,1350.0,True,20000.0,0.0675,0.0675,False,False
SmartXPro_CN,Buffer_Chip_TW,IN:mom:Buffer_Chip_TW:SmartXPro_CN,2027-W28,1350.0,1350.0,True,20000.0,0.0675,0.0675,True,False
SmartXPro_CN,WaferFab_TW,IN:leaf_in:WaferFab_TW:SmartXPro_CN,2027-W28,20000.0,20000.0,True,20000.0,1.0,1.0,False,False
SmartXPro_CN,AssemblyCN,IN:mom:AssemblyCN:SmartXPro_CN,2027-W29,1350.0,1350.0,True,20000.0,0.0675,0.0675,False,False
SmartXPro_CN,FoundryTW,IN:mom:FoundryTW:SmartXPro_CN,2027-W29,1350.0,1350.0,True,20000.0,0.0675,0.0675,False,False
SmartXPro_CN,Buffer_Chip_TW,IN:mom:Buffer_Chip_TW:SmartXPro_CN,2027-W29,1350.0,1350.0,True,20000.0,0.0675,0.0675,True,False
SmartXPro_CN,WaferFab_TW,IN:leaf_in:WaferFab_TW:SmartXPro_CN,2027-W29,20000.0,20000.0,True,20000.0,1.0,1.0,False,False
SmartXPro_CN,AssemblyCN,IN:mom:AssemblyCN:SmartXPro_CN,2027-W30,1350.0,1350.0,True,20000.0,0.0675,0.0675,False,False
SmartXPro_CN,FoundryTW,IN:mom:FoundryTW:SmartXPro_CN,2027-W30,1350.0,1350.0,True,20000.0,0.0675,0.0675,False,False
SmartXPro_CN,Buffer_Chip_TW,IN:mom:Buffer_Chip_TW:SmartXPro_CN,2027-W30,1350.0,1350.0,True,20000.0,0.0675,0.0675,True,False
SmartXPro_CN,WaferFab_TW,IN:leaf_in:WaferFab_TW:SmartXPro_CN,2027-W30,20000.0,20000.0,True,20000.0,1.0,1.0,False,False
SmartXPro_CN,AssemblyCN,IN:mom:AssemblyCN:SmartXPro_CN,2027-W31,1350.0,1350.0,True,20000.0,0.0675,0.0675,False,False
SmartXPro_CN,FoundryTW,IN:mom:FoundryTW:SmartXPro_CN,2027-W31,1350.0,1350.0,True,20000.0,0.0675,0.0675,False,False
SmartXPro_CN,Buffer_Chip_TW,IN:mom:Buffer_Chip_TW:SmartXPro_CN,2027-W31,1350.0,1350.0,True,20000.0,0.0675,0.0675,True,False
SmartXPro_CN,WaferFab_TW,IN:leaf_in:WaferFab_TW:SmartXPro_CN,2027-W31,20000.0,20000.0,True,20000.0,1.0,1.0,False,False
SmartXPro_CN,AssemblyCN,IN:mom:AssemblyCN:SmartXPro_CN,2027-W32,1350.0,1350.0,True,20000.0,0.0675,0.0675,False,False
SmartXPro_CN,FoundryTW,IN:mom:FoundryTW:SmartXPro_CN,2027-W32,1350.0,1350.0,True,20000.0,0.0675,0.0675,False,False
SmartXPro_CN,Buffer_Chip_TW,IN:mom:Buffer_Chip_TW:SmartXPro_CN,2027-W32,1350.0,1350.0,True,20000.0,0.0675,0.0675,True,False
SmartXPro_CN,WaferFab_TW,IN:leaf_in:WaferFab_TW:SmartXPro_CN,2027-W32,20000.0,20000.0,True,20000.0,1.0,1.0,False,False
SmartXPro_CN,AssemblyCN,IN:mom:AssemblyCN:SmartXPro_CN,2027-W33,1350.0,1350.0,True,20000.0,0.0675,0.0675,False,False
SmartXPro_CN,FoundryTW,IN:mom:FoundryTW:SmartXPro_CN,2027-W33,1350.0,1350.0,True,20000.0,0.0675,0.0675,False,False
SmartXPro_CN,Buffer_Chip_TW,IN:mom:Buffer_Chip_TW:SmartXPro_CN,2027-W33,1350.0,1350.0,True,20000.0,0.0675,0.0675,True,False
SmartXPro_CN,WaferFab_TW,IN:leaf_in:WaferFab_TW:SmartXPro_CN,2027-W33,20000.0,20000.0,True,20000.0,1.0,1.0,False,False
SmartXPro_CN,AssemblyCN,IN:mom:AssemblyCN:SmartXPro_CN,2027-W34,1350.0,1350.0,True,20000.0,0.0675,0.0675,False,False
SmartXPro_CN,FoundryTW,IN:mom:FoundryTW:SmartXPro_CN,2027-W34,1350.0,1350.0,True,20000.0,0.0675,0.0675,False,False
SmartXPro_CN,Buffer_Chip_TW,IN:mom:Buffer_Chip_TW:SmartXPro_CN,2027-W34,1350.0,1350.0,True,20000.0,0.0675,0.0675,True,False
SmartXPro_CN,WaferFab_TW,IN:leaf_in:WaferFab_TW:SmartXPro_CN,2027-W34,20000.0,20000.0,True,20000.0,1.0,1.0,False,False
SmartXPro_CN,AssemblyCN,IN:mom:AssemblyCN:SmartXPro_CN,2027-W35,1350.0,1350.0,True,20000.0,0.0675,0.0675,False,False
SmartXPro_CN,FoundryTW,IN:mom:FoundryTW:SmartXPro_CN,2027-W35,1350.0,1350.0,True,20000.0,0.0675,0.0675,False,False
SmartXPro_CN,Buffer_Chip_TW,IN:mom:Buffer_Chip_TW:SmartXPro_CN,2027-W35,1350.0,1350.0,True,20000.0,0.0675,0.0675,True,False
SmartXPro_CN,WaferFab_TW,IN:leaf_in:WaferFab_TW:SmartXPro_CN,2027-W35,20000.0,20000.0,True,20000.0,1.0,1.0,False,False
SmartXPro_CN,AssemblyCN,IN:mom:AssemblyCN:SmartXPro_CN,2027-W36,1350.0,1350.0,True,20000.0,0.0675,0.0675,False,False
SmartXPro_CN,FoundryTW,IN:mom:FoundryTW:SmartXPro_CN,2027-W36,1350.0,1350.0,True,20000.0,0.0675,0.0675,False,False
SmartXPro_CN,Buffer_Chip_TW,IN:mom:Buffer_Chip_TW:SmartXPro_CN,2027-W36,1350.0,1350.0,True,20000.0,0.0675,0.0675,True,False
SmartXPro_CN,WaferFab_TW,IN:leaf_in:WaferFab_TW:SmartXPro_CN,2027-W36,20000.0,20000.0,True,20000.0,1.0,1.0,False,False
SmartXPro_CN,AssemblyCN,IN:mom:AssemblyCN:SmartXPro_CN,2027-W37,1350.0,1350.0,True,20000.0,0.0675,0.0675,False,False
SmartXPro_CN,FoundryTW,IN:mom:FoundryTW:SmartXPro_CN,2027-W37,1350.0,1350.0,True,20000.0,0.0675,0.0675,False,False
SmartXPro_CN,Buffer_Chip_TW,IN:mom:Buffer_Chip_TW:SmartXPro_CN,2027-W37,1350.0,1350.0,True,20000.0,0.0675,0.0675,True,False
SmartXPro_CN,WaferFab_TW,IN:leaf_in:WaferFab_TW:SmartXPro_CN,2027-W37,20000.0,20000.0,True,20000.0,1.0,1.0,False,False
SmartXPro_CN,AssemblyCN,IN:mom:AssemblyCN:SmartXPro_CN,2027-W38,1350.0,1350.0,True,20000.0,0.0675,0.0675,False,False
SmartXPro_CN,FoundryTW,IN:mom:FoundryTW:SmartXPro_CN,2027-W38,1350.0,1350.0,True,20000.0,0.0675,0.0675,False,False
SmartXPro_CN,Buffer_Chip_TW,IN:mom:Buffer_Chip_TW:SmartXPro_CN,2027-W38,1350.0,1350.0,True,20000.0,0.0675,0.0675,True,False
SmartXPro_CN,WaferFab_TW,IN:leaf_in:WaferFab_TW:SmartXPro_CN,2027-W38,20000.0,20000.0,True,20000.0,1.0,1.0,False,False
SmartXPro_CN,AssemblyCN,IN:mom:AssemblyCN:SmartXPro_CN,2027-W39,1350.0,1350.0,True,20000.0,0.0675,0.0675,False,False
SmartXPro_CN,FoundryTW,IN:mom:FoundryTW:SmartXPro_CN,2027-W39,1350.0,1350.0,True,20000.0,0.0675,0.0675,False,False
SmartXPro_CN,Buffer_Chip_TW,IN:mom:Buffer_Chip_TW:SmartXPro_CN,2027-W39,1350.0,1350.0,True,20000.0,0.0675,0.0675,True,False
SmartXPro_CN,WaferFab_TW,IN:leaf_in:WaferFab_TW:SmartXPro_CN,2027-W39,20000.0,20000.0,True,20000.0,1.0,1.0,False,False
SmartXPro_CN,AssemblyCN,IN:mom:AssemblyCN:SmartXPro_CN,2027-W40,1350.0,1350.0,True,20000.0,0.0675,0.0675,False,False
SmartXPro_CN,FoundryTW,IN:mom:FoundryTW:SmartXPro_CN,2027-W40,1350.0,1350.0,True,20000.0,0.0675,0.0675,False,False
SmartXPro_CN,Buffer_Chip_TW,IN:mom:Buffer_Chip_TW:SmartXPro_CN,2027-W40,1350.0,1350.0,True,20000.0,0.0675,0.0675,True,False
SmartXPro_CN,WaferFab_TW,IN:leaf_in:WaferFab_TW:SmartXPro_CN,2027-W40,20000.0,20000.0,True,20000.0,1.0,1.0,False,False
SmartXPro_CN,AssemblyCN,IN:mom:AssemblyCN:SmartXPro_CN,2027-W41,1350.0,1350.0,True,20000.0,0.0675,0.0675,False,False
SmartXPro_CN,FoundryTW,IN:mom:FoundryTW:SmartXPro_CN,2027-W41,1350.0,1350.0,True,20000.0,0.0675,0.0675,False,False
SmartXPro_CN,Buffer_Chip_TW,IN:mom:Buffer_Chip_TW:SmartXPro_CN,2027-W41,1350.0,1350.0,True,20000.0,0.0675,0.0675,True,False
SmartXPro_CN,WaferFab_TW,IN:leaf_in:WaferFab_TW:SmartXPro_CN,2027-W41,20000.0,20000.0,True,20000.0,1.0,1.0,False,False
SmartXPro_CN,AssemblyCN,IN:mom:AssemblyCN:SmartXPro_CN,2027-W42,1350.0,1350.0,True,20000.0,0.0675,0.0675,False,False
SmartXPro_CN,FoundryTW,IN:mom:FoundryTW:SmartXPro_CN,2027-W42,1350.0,1350.0,True,20000.0,0.0675,0.0675,False,False
SmartXPro_CN,Buffer_Chip_TW,IN:mom:Buffer_Chip_TW:SmartXPro_CN,2027-W42,1350.0,1350.0,True,20000.0,0.0675,0.0675,True,False
SmartXPro_CN,WaferFab_TW,IN:leaf_in:WaferFab_TW:SmartXPro_CN,2027-W42,20000.0,20000.0,True,20000.0,1.0,1.0,False,False
SmartXPro_CN,AssemblyCN,IN:mom:AssemblyCN:SmartXPro_CN,2027-W43,1350.0,1350.0,True,20000.0,0.0675,0.0675,False,False
SmartXPro_CN,FoundryTW,IN:mom:FoundryTW:SmartXPro_CN,2027-W43,1350.0,1350.0,True,20000.0,0.0675,0.0675,False,False
SmartXPro_CN,Buffer_Chip_TW,IN:mom:Buffer_Chip_TW:SmartXPro_CN,2027-W43,1350.0,1350.0,True,20000.0,0.0675,0.0675,True,False
SmartXPro_CN,WaferFab_TW,IN:leaf_in:WaferFab_TW:SmartXPro_CN,2027-W43,20000.0,20000.0,True,20000.0,1.0,1.0,False,False
SmartXPro_CN,AssemblyCN,IN:mom:AssemblyCN:SmartXPro_CN,2027-W44,1350.0,1350.0,True,20000.0,0.0675,0.0675,False,False
SmartXPro_CN,FoundryTW,IN:mom:FoundryTW:SmartXPro_CN,2027-W44,1350.0,1350.0,True,20000.0,0.0675,0.0675,False,False
SmartXPro_CN,Buffer_Chip_TW,IN:mom:Buffer_Chip_TW:SmartXPro_CN,2027-W44,1350.0,1350.0,True,20000.0,0.0675,0.0675,True,False
SmartXPro_CN,WaferFab_TW,IN:leaf_in:WaferFab_TW:SmartXPro_CN,2027-W44,20000.0,20000.0,True,20000.0,1.0,1.0,False,False
SmartXPro_CN,AssemblyCN,IN:mom:AssemblyCN:SmartXPro_CN,2027-W45,1350.0,1350.0,True,20000.0,0.0675,0.0675,False,False
SmartXPro_CN,FoundryTW,IN:mom:FoundryTW:SmartXPro_CN,2027-W45,1350.0,1350.0,True,20000.0,0.0675,0.0675,False,False
SmartXPro_CN,Buffer_Chip_TW,IN:mom:Buffer_Chip_TW:SmartXPro_CN,2027-W45,1350.0,1350.0,True,20000.0,0.0675,0.0675,True,False
SmartXPro_CN,WaferFab_TW,IN:leaf_in:WaferFab_TW:SmartXPro_CN,2027-W45,20000.0,20000.0,True,20000.0,1.0,1.0,False,False
SmartXPro_CN,AssemblyCN,IN:mom:AssemblyCN:SmartXPro_CN,2027-W46,1350.0,1350.0,True,20000.0,0.0675,0.0675,False,False
SmartXPro_CN,FoundryTW,IN:mom:FoundryTW:SmartXPro_CN,2027-W46,1350.0,1350.0,True,20000.0,0.0675,0.0675,False,False
SmartXPro_CN,Buffer_Chip_TW,IN:mom:Buffer_Chip_TW:SmartXPro_CN,2027-W46,1350.0,1350.0,True,20000.0,0.0675,0.0675,True,False
SmartXPro_CN,WaferFab_TW,IN:leaf_in:WaferFab_TW:SmartXPro_CN,2027-W46,20000.0,20000.0,True,20000.0,1.0,1.0,False,False
SmartXPro_CN,AssemblyCN,IN:mom:AssemblyCN:SmartXPro_CN,2027-W47,1350.0,1350.0,True,20000.0,0.0675,0.0675,False,False
SmartXPro_CN,FoundryTW,IN:mom:FoundryTW:SmartXPro_CN,2027-W47,1350.0,1350.0,True,20000.0,0.0675,0.0675,False,False
SmartXPro_CN,Buffer_Chip_TW,IN:mom:Buffer_Chip_TW:SmartXPro_CN,2027-W47,1350.0,1350.0,True,20000.0,0.0675,0.0675,True,False
SmartXPro_CN,WaferFab_TW,IN:leaf_in:WaferFab_TW:SmartXPro_CN,2027-W47,20000.0,20000.0,True,20000.0,1.0,1.0,False,False
SmartXPro_CN,AssemblyCN,IN:mom:AssemblyCN:SmartXPro_CN,2027-W48,1350.0,1350.0,True,20000.0,0.0675,0.0675,False,False
SmartXPro_CN,FoundryTW,IN:mom:FoundryTW:SmartXPro_CN,2027-W48,1350.0,1350.0,True,20000.0,0.0675,0.0675,False,False
SmartXPro_CN,Buffer_Chip_TW,IN:mom:Buffer_Chip_TW:SmartXPro_CN,2027-W48,1350.0,1350.0,True,20000.0,0.0675,0.0675,True,False
SmartXPro_CN,WaferFab_TW,IN:leaf_in:WaferFab_TW:SmartXPro_CN,2027-W48,20000.0,20000.0,True,20000.0,1.0,1.0,False,False
SmartXPro_CN,AssemblyCN,IN:mom:AssemblyCN:SmartXPro_CN,2027-W49,1350.0,1350.0,True,20000.0,0.0675,0.0675,False,False
SmartXPro_CN,FoundryTW,IN:mom:FoundryTW:SmartXPro_CN,2027-W49,1350.0,1350.0,True,20000.0,0.0675,0.0675,False,False
SmartXPro_CN,Buffer_Chip_TW,IN:mom:Buffer_Chip_TW:SmartXPro_CN,2027-W49,1350.0,1350.0,True,20000.0,0.0675,0.0675,True,False
SmartXPro_CN,WaferFab_TW,IN:leaf_in:WaferFab_TW:SmartXPro_CN,2027-W49,20000.0,20000.0,True,20000.0,1.0,1.0,False,False
SmartXPro_CN,AssemblyCN,IN:mom:AssemblyCN:SmartXPro_CN,2027-W50,1350.0,1350.0,True,20000.0,0.0675,0.0675,False,False
SmartXPro_CN,FoundryTW,IN:mom:FoundryTW:SmartXPro_CN,2027-W50,1350.0,1350.0,True,20000.0,0.0675,0.0675,False,False
SmartXPro_CN,Buffer_Chip_TW,IN:mom:Buffer_Chip_TW:SmartXPro_CN,2027-W50,1350.0,1350.0,True,20000.0,0.0675,0.0675,True,False
SmartXPro_CN,WaferFab_TW,IN:leaf_in:WaferFab_TW:SmartXPro_CN,2027-W50,20000.0,20000.0,True,20000.0,1.0,1.0,False,False
SmartXPro_CN,AssemblyCN,IN:mom:AssemblyCN:SmartXPro_CN,2027-W51,1350.0,1350.0,True,20000.0,0.0675,0.0675,False,False
SmartXPro_CN,FoundryTW,IN:mom:FoundryTW:SmartXPro_CN,2027-W51,1350.0,1350.0,True,20000.0,0.0675,0.0675,False,False
SmartXPro_CN,Buffer_Chip_TW,IN:mom:Buffer_Chip_TW:SmartXPro_CN,2027-W51,1350.0,1350.0,True,20000.0,0.0675,0.0675,True,False
SmartXPro_CN,WaferFab_TW,IN:leaf_in:WaferFab_TW:SmartXPro_CN,2027-W51,20000.0,20000.0,True,20000.0,1.0,1.0,False,False
SmartXPro_CN,AssemblyCN,IN:mom:AssemblyCN:SmartXPro_CN,2027-W52,1350.0,1350.0,True,20000.0,0.0675,0.0675,False,False
SmartXPro_CN,FoundryTW,IN:mom:FoundryTW:SmartXPro_CN,2027-W52,1350.0,1350.0,True,20000.0,0.0675,0.0675,False,False
SmartXPro_CN,Buffer_Chip_TW,IN:mom:Buffer_Chip_TW:SmartXPro_CN,2027-W52,1350.0,1350.0,True,20000.0,0.0675,0.0675,True,False
SmartXPro_CN,WaferFab_TW,IN:leaf_in:WaferFab_TW:SmartXPro_CN,2027-W52,20000.0,20000.0,True,20000.0,1.0,1.0,False,False
SmartXPro_CN,AssemblyCN,IN:mom:AssemblyCN:SmartXPro_CN,2028-W01,1350.0,1350.0,True,20000.0,0.0675,0.0675,False,False
SmartXPro_CN,FoundryTW,IN:mom:FoundryTW:SmartXPro_CN,2028-W01,1350.0,1350.0,True,20000.0,0.0675,0.0675,False,False
SmartXPro_CN,Buffer_Chip_TW,IN:mom:Buffer_Chip_TW:SmartXPro_CN,2028-W01,1350.0,1350.0,True,20000.0,0.0675,0.0675,True,False
SmartXPro_CN,WaferFab_TW,IN:leaf_in:WaferFab_TW:SmartXPro_CN,2028-W01,20000.0,20000.0,True,20000.0,1.0,1.0,False,False
SmartXPro_CN,AssemblyCN,IN:mom:AssemblyCN:SmartXPro_CN,2028-W02,1350.0,1350.0,True,20000.0,0.0675,0.0675,False,False
SmartXPro_CN,FoundryTW,IN:mom:FoundryTW:SmartXPro_CN,2028-W02,1350.0,1350.0,True,20000.0,0.0675,0.0675,False,False
SmartXPro_CN,Buffer_Chip_TW,IN:mom:Buffer_Chip_TW:SmartXPro_CN,2028-W02,1350.0,1350.0,True,20000.0,0.0675,0.0675,True,False
SmartXPro_CN,WaferFab_TW,IN:leaf_in:WaferFab_TW:SmartXPro_CN,2028-W02,20000.0,20000.0,True,20000.0,1.0,1.0,False,False
SmartXPro_CN,AssemblyCN,IN:mom:AssemblyCN:SmartXPro_CN,2028-W03,1350.0,1350.0,True,20000.0,0.0675,0.0675,False,False
SmartXPro_CN,FoundryTW,IN:mom:FoundryTW:SmartXPro_CN,2028-W03,1350.0,1350.0,True,20000.0,0.0675,0.0675,False,False
SmartXPro_CN,Buffer_Chip_TW,IN:mom:Buffer_Chip_TW:SmartXPro_CN,2028-W03,1350.0,1350.0,True,20000.0,0.0675,0.0675,True,False
SmartXPro_CN,WaferFab_TW,IN:leaf_in:WaferFab_TW:SmartXPro_CN,2028-W03,20000.0,20000.0,True,20000.0,1.0,1.0,False,False
SmartXPro_CN,AssemblyCN,IN:mom:AssemblyCN:SmartXPro_CN,2028-W04,1350.0,1350.0,True,20000.0,0.0675,0.0675,False,False
SmartXPro_CN,FoundryTW,IN:mom:FoundryTW:SmartXPro_CN,2028-W04,1350.0,1350.0,True,20000.0,0.0675,0.0675,False,False
SmartXPro_CN,Buffer_Chip_TW,IN:mom:Buffer_Chip_TW:SmartXPro_CN,2028-W04,1350.0,1350.0,True,20000.0,0.0675,0.0675,True,False
SmartXPro_CN,WaferFab_TW,IN:leaf_in:WaferFab_TW:SmartXPro_CN,2028-W04,20000.0,20000.0,True,20000.0,1.0,1.0,False,False
SmartXPro_CN,AssemblyCN,IN:mom:AssemblyCN:SmartXPro_CN,2028-W05,1350.0,1350.0,True,20000.0,0.0675,0.0675,False,False
SmartXPro_CN,FoundryTW,IN:mom:FoundryTW:SmartXPro_CN,2028-W05,1350.0,1350.0,True,20000.0,0.0675,0.0675,False,False
SmartXPro_CN,Buffer_Chip_TW,IN:mom:Buffer_Chip_TW:SmartXPro_CN,2028-W05,1350.0,1350.0,True,20000.0,0.0675,0.0675,True,False
SmartXPro_CN,WaferFab_TW,IN:leaf_in:WaferFab_TW:SmartXPro_CN,2028-W05,20000.0,0.0,False,20000.0,1.0,0.0,False,False
SmartXPro_CN,AssemblyCN,IN:mom:AssemblyCN:SmartXPro_CN,2028-W06,1350.0,1350.0,True,20000.0,0.0675,0.0675,False,False
SmartXPro_CN,FoundryTW,IN:mom:FoundryTW:SmartXPro_CN,2028-W06,1350.0,1350.0,True,20000.0,0.0675,0.0675,False,False
SmartXPro_CN,Buffer_Chip_TW,IN:mom:Buffer_Chip_TW:SmartXPro_CN,2028-W06,1350.0,1350.0,True,20000.0,0.0675,0.0675,True,False
SmartXPro_CN,WaferFab_TW,IN:leaf_in:WaferFab_TW:SmartXPro_CN,2028-W06,20000.0,0.0,False,20000.0,1.0,0.0,False,False
SmartXPro_CN,AssemblyCN,IN:mom:AssemblyCN:SmartXPro_CN,2028-W07,1350.0,1350.0,True,20000.0,0.0675,0.0675,False,False
SmartXPro_CN,FoundryTW,IN:mom:FoundryTW:SmartXPro_CN,2028-W07,1350.0,1350.0,True,20000.0,0.0675,0.0675,False,False
SmartXPro_CN,Buffer_Chip_TW,IN:mom:Buffer_Chip_TW:SmartXPro_CN,2028-W07,1350.0,1350.0,True,20000.0,0.0675,0.0675,True,False
SmartXPro_CN,WaferFab_TW,IN:leaf_in:WaferFab_TW:SmartXPro_CN,2028-W07,20000.0,20000.0,True,20000.0,1.0,1.0,False,False
SmartXPro_CN,AssemblyCN,IN:mom:AssemblyCN:SmartXPro_CN,2028-W08,1350.0,1350.0,True,20000.0,0.0675,0.0675,False,False
SmartXPro_CN,FoundryTW,IN:mom:FoundryTW:SmartXPro_CN,2028-W08,1350.0,1350.0,True,20000.0,0.0675,0.0675,False,False
SmartXPro_CN,Buffer_Chip_TW,IN:mom:Buffer_Chip_TW:SmartXPro_CN,2028-W08,1350.0,1350.0,True,20000.0,0.0675,0.0675,True,False
SmartXPro_CN,WaferFab_TW,IN:leaf_in:WaferFab_TW:SmartXPro_CN,2028-W08,20000.0,20000.0,True,20000.0,1.0,1.0,False,False
SmartXPro_CN,AssemblyCN,IN:mom:AssemblyCN:SmartXPro_CN,2028-W09,1350.0,1350.0,True,20000.0,0.0675,0.0675,False,False
SmartXPro_CN,FoundryTW,IN:mom:FoundryTW:SmartXPro_CN,2028-W09,1350.0,1350.0,True,20000.0,0.0675,0.0675,False,False
SmartXPro_CN,Buffer_Chip_TW,IN:mom:Buffer_Chip_TW:SmartXPro_CN,2028-W09,1350.0,1350.0,True,20000.0,0.0675,0.0675,True,False
SmartXPro_CN,WaferFab_TW,IN:leaf_in:WaferFab_TW:SmartXPro_CN,2028-W09,20000.0,20000.0,True,20000.0,1.0,1.0,False,False
SmartXPro_CN,AssemblyCN,IN:mom:AssemblyCN:SmartXPro_CN,2028-W10,1350.0,1350.0,True,20000.0,0.0675,0.0675,False,False
SmartXPro_CN,FoundryTW,IN:mom:FoundryTW:SmartXPro_CN,2028-W10,1350.0,1350.0,True,20000.0,0.0675,0.0675,False,False
SmartXPro_CN,Buffer_Chip_TW,IN:mom:Buffer_Chip_TW:SmartXPro_CN,2028-W10,1350.0,1350.0,True,20000.0,0.0675,0.0675,True,False
SmartXPro_CN,WaferFab_TW,IN:leaf_in:WaferFab_TW:SmartXPro_CN,2028-W10,20000.0,20000.0,True,20000.0,1.0,1.0,False,False
SmartXPro_CN,AssemblyCN,IN:mom:AssemblyCN:SmartXPro_CN,2028-W11,1350.0,1350.0,True,20000.0,0.0675,0.0675,False,False
SmartXPro_CN,FoundryTW,IN:mom:FoundryTW:SmartXPro_CN,2028-W11,1350.0,1350.0,True,20000.0,0.0675,0.0675,False,False
SmartXPro_CN,Buffer_Chip_TW,IN:mom:Buffer_Chip_TW:SmartXPro_CN,2028-W11,1350.0,1350.0,True,20000.0,0.0675,0.0675,True,False
SmartXPro_CN,WaferFab_TW,IN:leaf_in:WaferFab_TW:SmartXPro_CN,2028-W11,20000.0,20000.0,True,20000.0,1.0,1.0,False,False
SmartXPro_CN,AssemblyCN,IN:mom:AssemblyCN:SmartXPro_CN,2028-W12,1350.0,1350.0,True,20000.0,0.0675,0.0675,False,False
SmartXPro_CN,FoundryTW,IN:mom:FoundryTW:SmartXPro_CN,2028-W12,1350.0,1350.0,True,20000.0,0.0675,0.0675,False,False
SmartXPro_CN,Buffer_Chip_TW,IN:mom:Buffer_Chip_TW:SmartXPro_CN,2028-W12,1350.0,1350.0,True,20000.0,0.0675,0.0675,True,False
SmartXPro_CN,WaferFab_TW,IN:leaf_in:WaferFab_TW:SmartXPro_CN,2028-W12,20000.0,20000.0,True,20000.0,1.0,1.0,False,False
SmartXPro_CN,AssemblyCN,IN:mom:AssemblyCN:SmartXPro_CN,2028-W13,1350.0,1350.0,True,20000.0,0.0675,0.0675,False,False
SmartXPro_CN,FoundryTW,IN:mom:FoundryTW:SmartXPro_CN,2028-W13,1350.0,1350.0,True,20000.0,0.0675,0.0675,False,False
SmartXPro_CN,Buffer_Chip_TW,IN:mom:Buffer_Chip_TW:SmartXPro_CN,2028-W13,1350.0,1350.0,True,20000.0,0.0675,0.0675,True,False
SmartXPro_CN,WaferFab_TW,IN:leaf_in:WaferFab_TW:SmartXPro_CN,2028-W13,20000.0,20000.0,True,20000.0,1.0,1.0,False,False
SmartXPro_CN,AssemblyCN,IN:mom:AssemblyCN:SmartXPro_CN,2028-W14,901.0,901.0,True,20000.0,0.04505,0.04505,False,False
SmartXPro_CN,FoundryTW,IN:mom:FoundryTW:SmartXPro_CN,2028-W14,1350.0,1350.0,True,20000.0,0.0675,0.0675,False,False
SmartXPro_CN,Buffer_Chip_TW,IN:mom:Buffer_Chip_TW:SmartXPro_CN,2028-W14,1350.0,1350.0,True,20000.0,0.0675,0.0675,True,False
SmartXPro_CN,WaferFab_TW,IN:leaf_in:WaferFab_TW:SmartXPro_CN,2028-W14,20000.0,20000.0,True,20000.0,1.0,1.0,False,False
SmartXPro_CN,AssemblyCN,IN:mom:AssemblyCN:SmartXPro_CN,2028-W15,901.0,901.0,True,20000.0,0.04505,0.04505,False,False
SmartXPro_CN,FoundryTW,IN:mom:FoundryTW:SmartXPro_CN,2028-W15,1350.0,1350.0,True,20000.0,0.0675,0.0675,False,False
SmartXPro_CN,Buffer_Chip_TW,IN:mom:Buffer_Chip_TW:SmartXPro_CN,2028-W15,1350.0,1350.0,True,20000.0,0.0675,0.0675,True,False
SmartXPro_CN,WaferFab_TW,IN:leaf_in:WaferFab_TW:SmartXPro_CN,2028-W15,20000.0,20000.0,True,20000.0,1.0,1.0,False,False
SmartXPro_CN,AssemblyCN,IN:mom:AssemblyCN:SmartXPro_CN,2028-W16,901.0,901.0,True,20000.0,0.04505,0.04505,False,False
SmartXPro_CN,FoundryTW,IN:mom:FoundryTW:SmartXPro_CN,2028-W16,1350.0,1350.0,True,20000.0,0.0675,0.0675,False,False
SmartXPro_CN,Buffer_Chip_TW,IN:mom:Buffer_Chip_TW:SmartXPro_CN,2028-W16,1350.0,1350.0,True,20000.0,0.0675,0.0675,True,False
SmartXPro_CN,WaferFab_TW,IN:leaf_in:WaferFab_TW:SmartXPro_CN,2028-W16,20000.0,20000.0,True,20000.0,1.0,1.0,False,False
SmartXPro_CN,AssemblyCN,IN:mom:AssemblyCN:SmartXPro_CN,2028-W17,901.0,901.0,True,20000.0,0.04505,0.04505,False,False
SmartXPro_CN,FoundryTW,IN:mom:FoundryTW:SmartXPro_CN,2028-W17,1350.0,1350.0,True,20000.0,0.0675,0.0675,False,False
SmartXPro_CN,Buffer_Chip_TW,IN:mom:Buffer_Chip_TW:SmartXPro_CN,2028-W17,1350.0,1350.0,True,20000.0,0.0675,0.0675,True,False
SmartXPro_CN,WaferFab_TW,IN:leaf_in:WaferFab_TW:SmartXPro_CN,2028-W17,20000.0,20000.0,True,20000.0,1.0,1.0,False,False
SmartXPro_CN,AssemblyCN,IN:mom:AssemblyCN:SmartXPro_CN,2028-W18,901.0,901.0,True,20000.0,0.04505,0.04505,False,False
SmartXPro_CN,FoundryTW,IN:mom:FoundryTW:SmartXPro_CN,2028-W18,1350.0,1350.0,True,20000.0,0.0675,0.0675,False,False
SmartXPro_CN,Buffer_Chip_TW,IN:mom:Buffer_Chip_TW:SmartXPro_CN,2028-W18,1350.0,1350.0,True,20000.0,0.0675,0.0675,True,False
SmartXPro_CN,WaferFab_TW,IN:leaf_in:WaferFab_TW:SmartXPro_CN,2028-W18,20000.0,20000.0,True,20000.0,1.0,1.0,False,False
SmartXPro_CN,AssemblyCN,IN:mom:AssemblyCN:SmartXPro_CN,2028-W19,901.0,901.0,True,20000.0,0.04505,0.04505,False,False
SmartXPro_CN,FoundryTW,IN:mom:FoundryTW:SmartXPro_CN,2028-W19,1350.0,1350.0,True,20000.0,0.0675,0.0675,False,False
SmartXPro_CN,Buffer_Chip_TW,IN:mom:Buffer_Chip_TW:SmartXPro_CN,2028-W19,1350.0,1350.0,True,20000.0,0.0675,0.0675,True,False
SmartXPro_CN,WaferFab_TW,IN:leaf_in:WaferFab_TW:SmartXPro_CN,2028-W19,20000.0,20000.0,True,20000.0,1.0,1.0,False,False
SmartXPro_CN,AssemblyCN,IN:mom:AssemblyCN:SmartXPro_CN,2028-W20,901.0,901.0,True,20000.0,0.04505,0.04505,False,False
SmartXPro_CN,FoundryTW,IN:mom:FoundryTW:SmartXPro_CN,2028-W20,1350.0,1350.0,True,20000.0,0.0675,0.0675,False,False
SmartXPro_CN,Buffer_Chip_TW,IN:mom:Buffer_Chip_TW:SmartXPro_CN,2028-W20,1350.0,1350.0,True,20000.0,0.0675,0.0675,True,False
SmartXPro_CN,WaferFab_TW,IN:leaf_in:WaferFab_TW:SmartXPro_CN,2028-W20,20000.0,20000.0,True,20000.0,1.0,1.0,False,False
SmartXPro_CN,AssemblyCN,IN:mom:AssemblyCN:SmartXPro_CN,2028-W21,901.0,901.0,True,20000.0,0.04505,0.04505,False,False
SmartXPro_CN,FoundryTW,IN:mom:FoundryTW:SmartXPro_CN,2028-W21,1350.0,1350.0,True,20000.0,0.0675,0.0675,False,False
SmartXPro_CN,Buffer_Chip_TW,IN:mom:Buffer_Chip_TW:SmartXPro_CN,2028-W21,1350.0,1350.0,True,20000.0,0.0675,0.0675,True,False
SmartXPro_CN,WaferFab_TW,IN:leaf_in:WaferFab_TW:SmartXPro_CN,2028-W21,20000.0,20000.0,True,20000.0,1.0,1.0,False,False
SmartXPro_CN,AssemblyCN,IN:mom:AssemblyCN:SmartXPro_CN,2028-W22,901.0,901.0,True,20000.0,0.04505,0.04505,False,False
SmartXPro_CN,FoundryTW,IN:mom:FoundryTW:SmartXPro_CN,2028-W22,1350.0,1350.0,True,20000.0,0.0675,0.0675,False,False
SmartXPro_CN,Buffer_Chip_TW,IN:mom:Buffer_Chip_TW:SmartXPro_CN,2028-W22,1350.0,1350.0,True,20000.0,0.0675,0.0675,True,False
SmartXPro_CN,WaferFab_TW,IN:leaf_in:WaferFab_TW:SmartXPro_CN,2028-W22,20000.0,20000.0,True,20000.0,1.0,1.0,False,False
SmartXPro_CN,AssemblyCN,IN:mom:AssemblyCN:SmartXPro_CN,2028-W23,901.0,901.0,True,20000.0,0.04505,0.04505,False,False
SmartXPro_CN,FoundryTW,IN:mom:FoundryTW:SmartXPro_CN,2028-W23,1350.0,1350.0,True,20000.0,0.0675,0.0675,False,False
SmartXPro_CN,Buffer_Chip_TW,IN:mom:Buffer_Chip_TW:SmartXPro_CN,2028-W23,1350.0,1350.0,True,20000.0,0.0675,0.0675,True,False
SmartXPro_CN,WaferFab_TW,IN:leaf_in:WaferFab_TW:SmartXPro_CN,2028-W23,20000.0,20000.0,True,20000.0,1.0,1.0,False,False
SmartXPro_CN,AssemblyCN,IN:mom:AssemblyCN:SmartXPro_CN,2028-W24,901.0,901.0,True,20000.0,0.04505,0.04505,False,False
SmartXPro_CN,FoundryTW,IN:mom:FoundryTW:SmartXPro_CN,2028-W24,1350.0,1350.0,True,20000.0,0.0675,0.0675,False,False
SmartXPro_CN,Buffer_Chip_TW,IN:mom:Buffer_Chip_TW:SmartXPro_CN,2028-W24,1350.0,1350.0,True,20000.0,0.0675,0.0675,True,False
SmartXPro_CN,WaferFab_TW,IN:leaf_in:WaferFab_TW:SmartXPro_CN,2028-W24,20000.0,20000.0,True,20000.0,1.0,1.0,False,False
SmartXPro_CN,AssemblyCN,IN:mom:AssemblyCN:SmartXPro_CN,2028-W25,901.0,901.0,True,20000.0,0.04505,0.04505,False,False
SmartXPro_CN,FoundryTW,IN:mom:FoundryTW:SmartXPro_CN,2028-W25,1350.0,1350.0,True,20000.0,0.0675,0.0675,False,False
SmartXPro_CN,Buffer_Chip_TW,IN:mom:Buffer_Chip_TW:SmartXPro_CN,2028-W25,1350.0,1350.0,True,20000.0,0.0675,0.0675,True,False
SmartXPro_CN,WaferFab_TW,IN:leaf_in:WaferFab_TW:SmartXPro_CN,2028-W25,20000.0,20000.0,True,20000.0,1.0,1.0,False,False
SmartXPro_CN,AssemblyCN,IN:mom:AssemblyCN:SmartXPro_CN,2028-W26,901.0,901.0,True,20000.0,0.04505,0.04505,False,False
SmartXPro_CN,FoundryTW,IN:mom:FoundryTW:SmartXPro_CN,2028-W26,1350.0,1350.0,True,20000.0,0.0675,0.0675,False,False
SmartXPro_CN,Buffer_Chip_TW,IN:mom:Buffer_Chip_TW:SmartXPro_CN,2028-W26,1350.0,1350.0,True,20000.0,0.0675,0.0675,True,False
SmartXPro_CN,WaferFab_TW,IN:leaf_in:WaferFab_TW:SmartXPro_CN,2028-W26,20000.0,20000.0,True,20000.0,1.0,1.0,False,False
SmartXPro_CN,AssemblyCN,IN:mom:AssemblyCN:SmartXPro_CN,2028-W27,901.0,901.0,True,20000.0,0.04505,0.04505,False,False
SmartXPro_CN,FoundryTW,IN:mom:FoundryTW:SmartXPro_CN,2028-W27,1350.0,1350.0,True,20000.0,0.0675,0.0675,False,False
SmartXPro_CN,Buffer_Chip_TW,IN:mom:Buffer_Chip_TW:SmartXPro_CN,2028-W27,1350.0,1350.0,True,20000.0,0.0675,0.0675,True,False
SmartXPro_CN,WaferFab_TW,IN:leaf_in:WaferFab_TW:SmartXPro_CN,2028-W27,20000.0,20000.0,True,20000.0,1.0,1.0,False,False
SmartXPro_CN,AssemblyCN,IN:mom:AssemblyCN:SmartXPro_CN,2028-W28,901.0,901.0,True,20000.0,0.04505,0.04505,False,False
SmartXPro_CN,FoundryTW,IN:mom:FoundryTW:SmartXPro_CN,2028-W28,1350.0,1350.0,True,20000.0,0.0675,0.0675,False,False
SmartXPro_CN,Buffer_Chip_TW,IN:mom:Buffer_Chip_TW:SmartXPro_CN,2028-W28,1350.0,1350.0,True,20000.0,0.0675,0.0675,True,False
SmartXPro_CN,WaferFab_TW,IN:leaf_in:WaferFab_TW:SmartXPro_CN,2028-W28,20000.0,20000.0,True,20000.0,1.0,1.0,False,False
SmartXPro_CN,AssemblyCN,IN:mom:AssemblyCN:SmartXPro_CN,2028-W29,901.0,901.0,True,20000.0,0.04505,0.04505,False,False
SmartXPro_CN,FoundryTW,IN:mom:FoundryTW:SmartXPro_CN,2028-W29,1350.0,1350.0,True,20000.0,0.0675,0.0675,False,False
SmartXPro_CN,Buffer_Chip_TW,IN:mom:Buffer_Chip_TW:SmartXPro_CN,2028-W29,1350.0,1350.0,True,20000.0,0.0675,0.0675,True,False
SmartXPro_CN,WaferFab_TW,IN:leaf_in:WaferFab_TW:SmartXPro_CN,2028-W29,20000.0,20000.0,True,20000.0,1.0,1.0,False,False
SmartXPro_CN,AssemblyCN,IN:mom:AssemblyCN:SmartXPro_CN,2028-W30,901.0,901.0,True,20000.0,0.04505,0.04505,False,False
SmartXPro_CN,FoundryTW,IN:mom:FoundryTW:SmartXPro_CN,2028-W30,1350.0,1350.0,True,20000.0,0.0675,0.0675,False,False
SmartXPro_CN,Buffer_Chip_TW,IN:mom:Buffer_Chip_TW:SmartXPro_CN,2028-W30,1350.0,1350.0,True,20000.0,0.0675,0.0675,True,False
SmartXPro_CN,WaferFab_TW,IN:leaf_in:WaferFab_TW:SmartXPro_CN,2028-W30,20000.0,20000.0,True,20000.0,1.0,1.0,False,False
SmartXPro_CN,AssemblyCN,IN:mom:AssemblyCN:SmartXPro_CN,2028-W31,901.0,901.0,True,20000.0,0.04505,0.04505,False,False
SmartXPro_CN,FoundryTW,IN:mom:FoundryTW:SmartXPro_CN,2028-W31,1350.0,1350.0,True,20000.0,0.0675,0.0675,False,False
SmartXPro_CN,Buffer_Chip_TW,IN:mom:Buffer_Chip_TW:SmartXPro_CN,2028-W31,1350.0,1350.0,True,20000.0,0.0675,0.0675,True,False
SmartXPro_CN,WaferFab_TW,IN:leaf_in:WaferFab_TW:SmartXPro_CN,2028-W31,20000.0,20000.0,True,20000.0,1.0,1.0,False,False
SmartXPro_CN,AssemblyCN,IN:mom:AssemblyCN:SmartXPro_CN,2028-W32,901.0,901.0,True,20000.0,0.04505,0.04505,False,False
SmartXPro_CN,FoundryTW,IN:mom:FoundryTW:SmartXPro_CN,2028-W32,1350.0,1350.0,True,20000.0,0.0675,0.0675,False,False
SmartXPro_CN,Buffer_Chip_TW,IN:mom:Buffer_Chip_TW:SmartXPro_CN,2028-W32,1350.0,1350.0,True,20000.0,0.0675,0.0675,True,False
SmartXPro_CN,WaferFab_TW,IN:leaf_in:WaferFab_TW:SmartXPro_CN,2028-W32,20000.0,20000.0,True,20000.0,1.0,1.0,False,False
SmartXPro_CN,AssemblyCN,IN:mom:AssemblyCN:SmartXPro_CN,2028-W33,901.0,901.0,True,20000.0,0.04505,0.04505,False,False
SmartXPro_CN,FoundryTW,IN:mom:FoundryTW:SmartXPro_CN,2028-W33,1350.0,1350.0,True,20000.0,0.0675,0.0675,False,False
SmartXPro_CN,Buffer_Chip_TW,IN:mom:Buffer_Chip_TW:SmartXPro_CN,2028-W33,1350.0,1350.0,True,20000.0,0.0675,0.0675,True,False
SmartXPro_CN,WaferFab_TW,IN:leaf_in:WaferFab_TW:SmartXPro_CN,2028-W33,20000.0,20000.0,True,20000.0,1.0,1.0,False,False
SmartXPro_CN,AssemblyCN,IN:mom:AssemblyCN:SmartXPro_CN,2028-W34,901.0,901.0,True,20000.0,0.04505,0.04505,False,False
SmartXPro_CN,FoundryTW,IN:mom:FoundryTW:SmartXPro_CN,2028-W34,1350.0,1350.0,True,20000.0,0.0675,0.0675,False,False
SmartXPro_CN,Buffer_Chip_TW,IN:mom:Buffer_Chip_TW:SmartXPro_CN,2028-W34,1350.0,1350.0,True,20000.0,0.0675,0.0675,True,False
SmartXPro_CN,WaferFab_TW,IN:leaf_in:WaferFab_TW:SmartXPro_CN,2028-W34,20000.0,20000.0,True,20000.0,1.0,1.0,False,False
SmartXPro_CN,AssemblyCN,IN:mom:AssemblyCN:SmartXPro_CN,2028-W35,901.0,901.0,True,20000.0,0.04505,0.04505,False,False
SmartXPro_CN,FoundryTW,IN:mom:FoundryTW:SmartXPro_CN,2028-W35,1350.0,1350.0,True,20000.0,0.0675,0.0675,False,False
SmartXPro_CN,Buffer_Chip_TW,IN:mom:Buffer_Chip_TW:SmartXPro_CN,2028-W35,1350.0,1350.0,True,20000.0,0.0675,0.0675,True,False
SmartXPro_CN,WaferFab_TW,IN:leaf_in:WaferFab_TW:SmartXPro_CN,2028-W35,20000.0,20000.0,True,20000.0,1.0,1.0,False,False
SmartXPro_CN,AssemblyCN,IN:mom:AssemblyCN:SmartXPro_CN,2028-W36,901.0,901.0,True,20000.0,0.04505,0.04505,False,False
SmartXPro_CN,FoundryTW,IN:mom:FoundryTW:SmartXPro_CN,2028-W36,1350.0,1350.0,True,20000.0,0.0675,0.0675,False,False
SmartXPro_CN,Buffer_Chip_TW,IN:mom:Buffer_Chip_TW:SmartXPro_CN,2028-W36,1350.0,1350.0,True,20000.0,0.0675,0.0675,True,False
SmartXPro_CN,WaferFab_TW,IN:leaf_in:WaferFab_TW:SmartXPro_CN,2028-W36,20000.0,20000.0,True,20000.0,1.0,1.0,False,False
SmartXPro_CN,AssemblyCN,IN:mom:AssemblyCN:SmartXPro_CN,2028-W37,901.0,901.0,True,20000.0,0.04505,0.04505,False,False
SmartXPro_CN,FoundryTW,IN:mom:FoundryTW:SmartXPro_CN,2028-W37,1350.0,1350.0,True,20000.0,0.0675,0.0675,False,False
SmartXPro_CN,Buffer_Chip_TW,IN:mom:Buffer_Chip_TW:SmartXPro_CN,2028-W37,1350.0,1350.0,True,20000.0,0.0675,0.0675,True,False
SmartXPro_CN,WaferFab_TW,IN:leaf_in:WaferFab_TW:SmartXPro_CN,2028-W37,20000.0,20000.0,True,20000.0,1.0,1.0,False,False
SmartXPro_CN,AssemblyCN,IN:mom:AssemblyCN:SmartXPro_CN,2028-W38,901.0,901.0,True,20000.0,0.04505,0.04505,False,False
SmartXPro_CN,FoundryTW,IN:mom:FoundryTW:SmartXPro_CN,2028-W38,1350.0,1350.0,True,20000.0,0.0675,0.0675,False,False
SmartXPro_CN,Buffer_Chip_TW,IN:mom:Buffer_Chip_TW:SmartXPro_CN,2028-W38,1350.0,1350.0,True,20000.0,0.0675,0.0675,True,False
SmartXPro_CN,WaferFab_TW,IN:leaf_in:WaferFab_TW:SmartXPro_CN,2028-W38,20000.0,20000.0,True,20000.0,1.0,1.0,False,False
SmartXPro_CN,AssemblyCN,IN:mom:AssemblyCN:SmartXPro_CN,2028-W39,901.0,901.0,True,20000.0,0.04505,0.04505,False,False
SmartXPro_CN,FoundryTW,IN:mom:FoundryTW:SmartXPro_CN,2028-W39,1350.0,1350.0,True,20000.0,0.0675,0.0675,False,False
SmartXPro_CN,Buffer_Chip_TW,IN:mom:Buffer_Chip_TW:SmartXPro_CN,2028-W39,1350.0,1350.0,True,20000.0,0.0675,0.0675,True,False
SmartXPro_CN,WaferFab_TW,IN:leaf_in:WaferFab_TW:SmartXPro_CN,2028-W39,20000.0,20000.0,True,20000.0,1.0,1.0,False,False
SmartXPro_CN,AssemblyCN,IN:mom:AssemblyCN:SmartXPro_CN,2028-W40,901.0,901.0,True,20000.0,0.04505,0.04505,False,False
SmartXPro_CN,FoundryTW,IN:mom:FoundryTW:SmartXPro_CN,2028-W40,1350.0,1350.0,True,20000.0,0.0675,0.0675,False,False
SmartXPro_CN,Buffer_Chip_TW,IN:mom:Buffer_Chip_TW:SmartXPro_CN,2028-W40,1350.0,1350.0,True,20000.0,0.0675,0.0675,True,False
SmartXPro_CN,WaferFab_TW,IN:leaf_in:WaferFab_TW:SmartXPro_CN,2028-W40,20000.0,20000.0,True,20000.0,1.0,1.0,False,False
SmartXPro_CN,AssemblyCN,IN:mom:AssemblyCN:SmartXPro_CN,2028-W41,901.0,901.0,True,20000.0,0.04505,0.04505,False,False
SmartXPro_CN,FoundryTW,IN:mom:FoundryTW:SmartXPro_CN,2028-W41,1350.0,1350.0,True,20000.0,0.0675,0.0675,False,False
SmartXPro_CN,Buffer_Chip_TW,IN:mom:Buffer_Chip_TW:SmartXPro_CN,2028-W41,1350.0,1350.0,True,20000.0,0.0675,0.0675,True,False
SmartXPro_CN,WaferFab_TW,IN:leaf_in:WaferFab_TW:SmartXPro_CN,2028-W41,20000.0,20000.0,True,20000.0,1.0,1.0,False,False
SmartXPro_CN,AssemblyCN,IN:mom:AssemblyCN:SmartXPro_CN,2028-W42,901.0,901.0,True,20000.0,0.04505,0.04505,False,False
SmartXPro_CN,FoundryTW,IN:mom:FoundryTW:SmartXPro_CN,2028-W42,1350.0,1350.0,True,20000.0,0.0675,0.0675,False,False
SmartXPro_CN,Buffer_Chip_TW,IN:mom:Buffer_Chip_TW:SmartXPro_CN,2028-W42,1350.0,1350.0,True,20000.0,0.0675,0.0675,True,False
SmartXPro_CN,WaferFab_TW,IN:leaf_in:WaferFab_TW:SmartXPro_CN,2028-W42,20000.0,20000.0,True,20000.0,1.0,1.0,False,False
SmartXPro_CN,AssemblyCN,IN:mom:AssemblyCN:SmartXPro_CN,2028-W43,901.0,901.0,True,20000.0,0.04505,0.04505,False,False
SmartXPro_CN,FoundryTW,IN:mom:FoundryTW:SmartXPro_CN,2028-W43,1350.0,1350.0,True,20000.0,0.0675,0.0675,False,False
SmartXPro_CN,Buffer_Chip_TW,IN:mom:Buffer_Chip_TW:SmartXPro_CN,2028-W43,1350.0,1350.0,True,20000.0,0.0675,0.0675,True,False
SmartXPro_CN,WaferFab_TW,IN:leaf_in:WaferFab_TW:SmartXPro_CN,2028-W43,20000.0,20000.0,True,20000.0,1.0,1.0,False,False
SmartXPro_CN,AssemblyCN,IN:mom:AssemblyCN:SmartXPro_CN,2028-W44,901.0,901.0,True,20000.0,0.04505,0.04505,False,False
SmartXPro_CN,FoundryTW,IN:mom:FoundryTW:SmartXPro_CN,2028-W44,1350.0,1350.0,True,20000.0,0.0675,0.0675,False,False
SmartXPro_CN,Buffer_Chip_TW,IN:mom:Buffer_Chip_TW:SmartXPro_CN,2028-W44,1350.0,1350.0,True,20000.0,0.0675,0.0675,True,False
SmartXPro_CN,WaferFab_TW,IN:leaf_in:WaferFab_TW:SmartXPro_CN,2028-W44,20000.0,20000.0,True,20000.0,1.0,1.0,False,False
SmartXPro_CN,AssemblyCN,IN:mom:AssemblyCN:SmartXPro_CN,2028-W45,901.0,901.0,True,20000.0,0.04505,0.04505,False,False
SmartXPro_CN,FoundryTW,IN:mom:FoundryTW:SmartXPro_CN,2028-W45,1350.0,1350.0,True,20000.0,0.0675,0.0675,False,False
SmartXPro_CN,Buffer_Chip_TW,IN:mom:Buffer_Chip_TW:SmartXPro_CN,2028-W45,1350.0,1350.0,True,20000.0,0.0675,0.0675,True,False
SmartXPro_CN,WaferFab_TW,IN:leaf_in:WaferFab_TW:SmartXPro_CN,2028-W45,20000.0,20000.0,True,20000.0,1.0,1.0,False,False
SmartXPro_CN,AssemblyCN,IN:mom:AssemblyCN:SmartXPro_CN,2028-W46,901.0,901.0,True,20000.0,0.04505,0.04505,False,False
SmartXPro_CN,FoundryTW,IN:mom:FoundryTW:SmartXPro_CN,2028-W46,1350.0,1350.0,True,20000.0,0.0675,0.0675,False,False
SmartXPro_CN,Buffer_Chip_TW,IN:mom:Buffer_Chip_TW:SmartXPro_CN,2028-W46,1350.0,1350.0,True,20000.0,0.0675,0.0675,True,False
SmartXPro_CN,WaferFab_TW,IN:leaf_in:WaferFab_TW:SmartXPro_CN,2028-W46,20000.0,20000.0,True,20000.0,1.0,1.0,False,False
SmartXPro_CN,AssemblyCN,IN:mom:AssemblyCN:SmartXPro_CN,2028-W47,901.0,901.0,True,20000.0,0.04505,0.04505,False,False
SmartXPro_CN,FoundryTW,IN:mom:FoundryTW:SmartXPro_CN,2028-W47,1350.0,1350.0,True,20000.0,0.0675,0.0675,False,False
SmartXPro_CN,Buffer_Chip_TW,IN:mom:Buffer_Chip_TW:SmartXPro_CN,2028-W47,1350.0,1350.0,True,20000.0,0.0675,0.0675,True,False
SmartXPro_CN,WaferFab_TW,IN:leaf_in:WaferFab_TW:SmartXPro_CN,2028-W47,20000.0,20000.0,True,20000.0,1.0,1.0,False,False
SmartXPro_CN,AssemblyCN,IN:mom:AssemblyCN:SmartXPro_CN,2028-W48,901.0,901.0,True,20000.0,0.04505,0.04505,False,False
SmartXPro_CN,FoundryTW,IN:mom:FoundryTW:SmartXPro_CN,2028-W48,1350.0,1350.0,True,20000.0,0.0675,0.0675,False,False
SmartXPro_CN,Buffer_Chip_TW,IN:mom:Buffer_Chip_TW:SmartXPro_CN,2028-W48,1350.0,1350.0,True,20000.0,0.0675,0.0675,True,False
SmartXPro_CN,WaferFab_TW,IN:leaf_in:WaferFab_TW:SmartXPro_CN,2028-W48,20000.0,20000.0,True,20000.0,1.0,1.0,False,False
SmartXPro_CN,AssemblyCN,IN:mom:AssemblyCN:SmartXPro_CN,2028-W49,901.0,901.0,True,20000.0,0.04505,0.04505,False,False
SmartXPro_CN,FoundryTW,IN:mom:FoundryTW:SmartXPro_CN,2028-W49,1350.0,1350.0,True,20000.0,0.0675,0.0675,False,False
SmartXPro_CN,Buffer_Chip_TW,IN:mom:Buffer_Chip_TW:SmartXPro_CN,2028-W49,1350.0,1350.0,True,20000.0,0.0675,0.0675,True,False
SmartXPro_CN,WaferFab_TW,IN:leaf_in:WaferFab_TW:SmartXPro_CN,2028-W49,20000.0,20000.0,True,20000.0,1.0,1.0,False,False
SmartXPro_CN,AssemblyCN,IN:mom:AssemblyCN:SmartXPro_CN,2028-W50,901.0,901.0,True,20000.0,0.04505,0.04505,False,False
SmartXPro_CN,FoundryTW,IN:mom:FoundryTW:SmartXPro_CN,2028-W50,1350.0,1350.0,True,20000.0,0.0675,0.0675,False,False
SmartXPro_CN,Buffer_Chip_TW,IN:mom:Buffer_Chip_TW:SmartXPro_CN,2028-W50,1350.0,1350.0,True,20000.0,0.0675,0.0675,True,False
SmartXPro_CN,WaferFab_TW,IN:leaf_in:WaferFab_TW:SmartXPro_CN,2028-W50,20000.0,20000.0,True,20000.0,1.0,1.0,False,False
SmartXPro_CN,AssemblyCN,IN:mom:AssemblyCN:SmartXPro_CN,2028-W51,901.0,901.0,True,20000.0,0.04505,0.04505,False,False
SmartXPro_CN,FoundryTW,IN:mom:FoundryTW:SmartXPro_CN,2028-W51,1350.0,1350.0,True,20000.0,0.0675,0.0675,False,False
SmartXPro_CN,Buffer_Chip_TW,IN:mom:Buffer_Chip_TW:SmartXPro_CN,2028-W51,1350.0,1350.0,True,20000.0,0.0675,0.0675,True,False
SmartXPro_CN,WaferFab_TW,IN:leaf_in:WaferFab_TW:SmartXPro_CN,2028-W51,20000.0,20000.0,True,20000.0,1.0,1.0,False,False
SmartXPro_CN,AssemblyCN,IN:mom:AssemblyCN:SmartXPro_CN,2028-W52,901.0,901.0,True,20000.0,0.04505,0.04505,False,False
SmartXPro_CN,FoundryTW,IN:mom:FoundryTW:SmartXPro_CN,2028-W52,1350.0,1350.0,True,20000.0,0.0675,0.0675,False,False
SmartXPro_CN,Buffer_Chip_TW,IN:mom:Buffer_Chip_TW:SmartXPro_CN,2028-W52,1350.0,1350.0,True,20000.0,0.0675,0.0675,True,False
SmartXPro_CN,WaferFab_TW,IN:leaf_in:WaferFab_TW:SmartXPro_CN,2028-W52,20000.0,20000.0,True,20000.0,1.0,1.0,False,False
SmartXPro_CN,AssemblyCN,IN:mom:AssemblyCN:SmartXPro_CN,2029-W01,901.0,901.0,True,20000.0,0.04505,0.04505,False,False
SmartXPro_CN,FoundryTW,IN:mom:FoundryTW:SmartXPro_CN,2029-W01,1350.0,1350.0,True,20000.0,0.0675,0.0675,False,False
SmartXPro_CN,Buffer_Chip_TW,IN:mom:Buffer_Chip_TW:SmartXPro_CN,2029-W01,1350.0,1350.0,True,20000.0,0.0675,0.0675,True,False
SmartXPro_CN,WaferFab_TW,IN:leaf_in:WaferFab_TW:SmartXPro_CN,2029-W01,20000.0,20000.0,True,20000.0,1.0,1.0,False,False
SmartXPro_CN,AssemblyCN,IN:mom:AssemblyCN:SmartXPro_CN,2029-W02,901.0,901.0,True,20000.0,0.04505,0.04505,False,False
SmartXPro_CN,FoundryTW,IN:mom:FoundryTW:SmartXPro_CN,2029-W02,1350.0,1350.0,True,20000.0,0.0675,0.0675,False,False
SmartXPro_CN,Buffer_Chip_TW,IN:mom:Buffer_Chip_TW:SmartXPro_CN,2029-W02,1350.0,1350.0,True,20000.0,0.0675,0.0675,True,False
SmartXPro_CN,WaferFab_TW,IN:leaf_in:WaferFab_TW:SmartXPro_CN,2029-W02,20000.0,20000.0,True,20000.0,1.0,1.0,False,False
SmartXPro_CN,AssemblyCN,IN:mom:AssemblyCN:SmartXPro_CN,2029-W03,901.0,901.0,True,20000.0,0.04505,0.04505,False,False
SmartXPro_CN,FoundryTW,IN:mom:FoundryTW:SmartXPro_CN,2029-W03,1350.0,1350.0,True,20000.0,0.0675,0.0675,False,False
SmartXPro_CN,Buffer_Chip_TW,IN:mom:Buffer_Chip_TW:SmartXPro_CN,2029-W03,1350.0,1350.0,True,20000.0,0.0675,0.0675,True,False
SmartXPro_CN,WaferFab_TW,IN:leaf_in:WaferFab_TW:SmartXPro_CN,2029-W03,20000.0,20000.0,True,20000.0,1.0,1.0,False,False
SmartXPro_CN,AssemblyCN,IN:mom:AssemblyCN:SmartXPro_CN,2029-W04,901.0,901.0,True,20000.0,0.04505,0.04505,False,False
SmartXPro_CN,FoundryTW,IN:mom:FoundryTW:SmartXPro_CN,2029-W04,1350.0,1350.0,True,20000.0,0.0675,0.0675,False,False
SmartXPro_CN,Buffer_Chip_TW,IN:mom:Buffer_Chip_TW:SmartXPro_CN,2029-W04,1350.0,1350.0,True,20000.0,0.0675,0.0675,True,False
SmartXPro_CN,WaferFab_TW,IN:leaf_in:WaferFab_TW:SmartXPro_CN,2029-W04,20000.0,0.0,False,20000.0,1.0,0.0,False,False
SmartXPro_CN,AssemblyCN,IN:mom:AssemblyCN:SmartXPro_CN,2029-W05,901.0,901.0,True,20000.0,0.04505,0.04505,False,False
SmartXPro_CN,FoundryTW,IN:mom:FoundryTW:SmartXPro_CN,2029-W05,1350.0,1350.0,True,20000.0,0.0675,0.0675,False,False
SmartXPro_CN,Buffer_Chip_TW,IN:mom:Buffer_Chip_TW:SmartXPro_CN,2029-W05,1350.0,1350.0,True,20000.0,0.0675,0.0675,True,False
SmartXPro_CN,WaferFab_TW,IN:leaf_in:WaferFab_TW:SmartXPro_CN,2029-W05,20000.0,0.0,False,20000.0,1.0,0.0,False,False
SmartXPro_CN,AssemblyCN,IN:mom:AssemblyCN:SmartXPro_CN,2029-W06,901.0,901.0,True,20000.0,0.04505,0.04505,False,False
SmartXPro_CN,FoundryTW,IN:mom:FoundryTW:SmartXPro_CN,2029-W06,1350.0,1350.0,True,20000.0,0.0675,0.0675,False,False
SmartXPro_CN,Buffer_Chip_TW,IN:mom:Buffer_Chip_TW:SmartXPro_CN,2029-W06,1350.0,1350.0,True,20000.0,0.0675,0.0675,True,False
SmartXPro_CN,WaferFab_TW,IN:leaf_in:WaferFab_TW:SmartXPro_CN,2029-W06,20000.0,20000.0,True,20000.0,1.0,1.0,False,False
SmartXPro_CN,AssemblyCN,IN:mom:AssemblyCN:SmartXPro_CN,2029-W07,901.0,901.0,True,20000.0,0.04505,0.04505,False,False
SmartXPro_CN,FoundryTW,IN:mom:FoundryTW:SmartXPro_CN,2029-W07,1350.0,1350.0,True,20000.0,0.0675,0.0675,False,False
SmartXPro_CN,Buffer_Chip_TW,IN:mom:Buffer_Chip_TW:SmartXPro_CN,2029-W07,1350.0,1350.0,True,20000.0,0.0675,0.0675,True,False
SmartXPro_CN,WaferFab_TW,IN:leaf_in:WaferFab_TW:SmartXPro_CN,2029-W07,20000.0,20000.0,True,20000.0,1.0,1.0,False,False
SmartXPro_CN,AssemblyCN,IN:mom:AssemblyCN:SmartXPro_CN,2029-W08,901.0,901.0,True,20000.0,0.04505,0.04505,False,False
SmartXPro_CN,FoundryTW,IN:mom:FoundryTW:SmartXPro_CN,2029-W08,1350.0,1350.0,True,20000.0,0.0675,0.0675,False,False
SmartXPro_CN,Buffer_Chip_TW,IN:mom:Buffer_Chip_TW:SmartXPro_CN,2029-W08,1350.0,1350.0,True,20000.0,0.0675,0.0675,True,False
SmartXPro_CN,WaferFab_TW,IN:leaf_in:WaferFab_TW:SmartXPro_CN,2029-W08,20000.0,20000.0,True,20000.0,1.0,1.0,False,False
SmartXPro_CN,AssemblyCN,IN:mom:AssemblyCN:SmartXPro_CN,2029-W09,901.0,901.0,True,20000.0,0.04505,0.04505,False,False
SmartXPro_CN,FoundryTW,IN:mom:FoundryTW:SmartXPro_CN,2029-W09,1350.0,1350.0,True,20000.0,0.0675,0.0675,False,False
SmartXPro_CN,Buffer_Chip_TW,IN:mom:Buffer_Chip_TW:SmartXPro_CN,2029-W09,1350.0,1350.0,True,20000.0,0.0675,0.0675,True,False
SmartXPro_CN,WaferFab_TW,IN:leaf_in:WaferFab_TW:SmartXPro_CN,2029-W09,20000.0,20000.0,True,20000.0,1.0,1.0,False,False
SmartXPro_CN,AssemblyCN,IN:mom:AssemblyCN:SmartXPro_CN,2029-W10,901.0,901.0,True,20000.0,0.04505,0.04505,False,False
SmartXPro_CN,FoundryTW,IN:mom:FoundryTW:SmartXPro_CN,2029-W10,1350.0,1350.0,True,20000.0,0.0675,0.0675,False,False
SmartXPro_CN,Buffer_Chip_TW,IN:mom:Buffer_Chip_TW:SmartXPro_CN,2029-W10,1350.0,1350.0,True,20000.0,0.0675,0.0675,True,False
SmartXPro_CN,WaferFab_TW,IN:leaf_in:WaferFab_TW:SmartXPro_CN,2029-W10,20000.0,20000.0,True,20000.0,1.0,1.0,False,False
SmartXPro_CN,AssemblyCN,IN:mom:AssemblyCN:SmartXPro_CN,2029-W11,901.0,901.0,True,20000.0,0.04505,0.04505,False,False
SmartXPro_CN,FoundryTW,IN:mom:FoundryTW:SmartXPro_CN,2029-W11,1350.0,1350.0,True,20000.0,0.0675,0.0675,False,False
SmartXPro_CN,Buffer_Chip_TW,IN:mom:Buffer_Chip_TW:SmartXPro_CN,2029-W11,1350.0,1350.0,True,20000.0,0.0675,0.0675,True,False
SmartXPro_CN,WaferFab_TW,IN:leaf_in:WaferFab_TW:SmartXPro_CN,2029-W11,20000.0,20000.0,True,20000.0,1.0,1.0,False,False
SmartXPro_CN,AssemblyCN,IN:mom:AssemblyCN:SmartXPro_CN,2029-W12,901.0,901.0,True,20000.0,0.04505,0.04505,False,False
SmartXPro_CN,FoundryTW,IN:mom:FoundryTW:SmartXPro_CN,2029-W12,1350.0,1350.0,True,20000.0,0.0675,0.0675,False,False
SmartXPro_CN,Buffer_Chip_TW,IN:mom:Buffer_Chip_TW:SmartXPro_CN,2029-W12,1350.0,1350.0,True,20000.0,0.0675,0.0675,True,False
SmartXPro_CN,WaferFab_TW,IN:leaf_in:WaferFab_TW:SmartXPro_CN,2029-W12,20000.0,20000.0,True,20000.0,1.0,1.0,False,False
SmartXPro_CN,AssemblyCN,IN:mom:AssemblyCN:SmartXPro_CN,2029-W13,901.0,901.0,True,20000.0,0.04505,0.04505,False,False
SmartXPro_CN,FoundryTW,IN:mom:FoundryTW:SmartXPro_CN,2029-W13,1350.0,1350.0,True,20000.0,0.0675,0.0675,False,False
SmartXPro_CN,Buffer_Chip_TW,IN:mom:Buffer_Chip_TW:SmartXPro_CN,2029-W13,1350.0,1350.0,True,20000.0,0.0675,0.0675,True,False
SmartXPro_CN,WaferFab_TW,IN:leaf_in:WaferFab_TW:SmartXPro_CN,2029-W13,20000.0,20000.0,True,20000.0,1.0,1.0,False,False
SmartXPro_CN,AssemblyCN,IN:mom:AssemblyCN:SmartXPro_CN,2029-W14,451.0,451.0,True,20000.0,0.02255,0.02255,False,False
SmartXPro_CN,FoundryTW,IN:mom:FoundryTW:SmartXPro_CN,2029-W14,1350.0,1350.0,True,20000.0,0.0675,0.0675,False,False
SmartXPro_CN,Buffer_Chip_TW,IN:mom:Buffer_Chip_TW:SmartXPro_CN,2029-W14,1350.0,1350.0,True,20000.0,0.0675,0.0675,True,False
SmartXPro_CN,WaferFab_TW,IN:leaf_in:WaferFab_TW:SmartXPro_CN,2029-W14,20000.0,20000.0,True,20000.0,1.0,1.0,False,False
SmartXPro_CN,AssemblyCN,IN:mom:AssemblyCN:SmartXPro_CN,2029-W15,451.0,451.0,True,20000.0,0.02255,0.02255,False,False
SmartXPro_CN,FoundryTW,IN:mom:FoundryTW:SmartXPro_CN,2029-W15,1350.0,1350.0,True,20000.0,0.0675,0.0675,False,False
SmartXPro_CN,Buffer_Chip_TW,IN:mom:Buffer_Chip_TW:SmartXPro_CN,2029-W15,1350.0,1350.0,True,20000.0,0.0675,0.0675,True,False
SmartXPro_CN,WaferFab_TW,IN:leaf_in:WaferFab_TW:SmartXPro_CN,2029-W15,20000.0,20000.0,True,20000.0,1.0,1.0,False,False
SmartXPro_CN,AssemblyCN,IN:mom:AssemblyCN:SmartXPro_CN,2029-W16,451.0,451.0,True,20000.0,0.02255,0.02255,False,False
SmartXPro_CN,FoundryTW,IN:mom:FoundryTW:SmartXPro_CN,2029-W16,1350.0,1350.0,True,20000.0,0.0675,0.0675,False,False
SmartXPro_CN,Buffer_Chip_TW,IN:mom:Buffer_Chip_TW:SmartXPro_CN,2029-W16,1350.0,1350.0,True,20000.0,0.0675,0.0675,True,False
SmartXPro_CN,WaferFab_TW,IN:leaf_in:WaferFab_TW:SmartXPro_CN,2029-W16,20000.0,20000.0,True,20000.0,1.0,1.0,False,False
SmartXPro_CN,AssemblyCN,IN:mom:AssemblyCN:SmartXPro_CN,2029-W17,451.0,451.0,True,20000.0,0.02255,0.02255,False,False
SmartXPro_CN,FoundryTW,IN:mom:FoundryTW:SmartXPro_CN,2029-W17,1350.0,1350.0,True,20000.0,0.0675,0.0675,False,False
SmartXPro_CN,Buffer_Chip_TW,IN:mom:Buffer_Chip_TW:SmartXPro_CN,2029-W17,1350.0,1350.0,True,20000.0,0.0675,0.0675,True,False
SmartXPro_CN,WaferFab_TW,IN:leaf_in:WaferFab_TW:SmartXPro_CN,2029-W17,20000.0,20000.0,True,20000.0,1.0,1.0,False,False
SmartXPro_CN,AssemblyCN,IN:mom:AssemblyCN:SmartXPro_CN,2029-W18,451.0,451.0,True,20000.0,0.02255,0.02255,False,False
SmartXPro_CN,FoundryTW,IN:mom:FoundryTW:SmartXPro_CN,2029-W18,1350.0,1350.0,True,20000.0,0.0675,0.0675,False,False
SmartXPro_CN,Buffer_Chip_TW,IN:mom:Buffer_Chip_TW:SmartXPro_CN,2029-W18,1350.0,1350.0,True,20000.0,0.0675,0.0675,True,False
SmartXPro_CN,WaferFab_TW,IN:leaf_in:WaferFab_TW:SmartXPro_CN,2029-W18,20000.0,20000.0,True,20000.0,1.0,1.0,False,False
SmartXPro_CN,AssemblyCN,IN:mom:AssemblyCN:SmartXPro_CN,2029-W19,451.0,451.0,True,20000.0,0.02255,0.02255,False,False
SmartXPro_CN,FoundryTW,IN:mom:FoundryTW:SmartXPro_CN,2029-W19,1350.0,1350.0,True,20000.0,0.0675,0.0675,False,False
SmartXPro_CN,Buffer_Chip_TW,IN:mom:Buffer_Chip_TW:SmartXPro_CN,2029-W19,1350.0,1350.0,True,20000.0,0.0675,0.0675,True,False
SmartXPro_CN,WaferFab_TW,IN:leaf_in:WaferFab_TW:SmartXPro_CN,2029-W19,20000.0,20000.0,True,20000.0,1.0,1.0,False,False
SmartXPro_CN,AssemblyCN,IN:mom:AssemblyCN:SmartXPro_CN,2029-W20,451.0,451.0,True,20000.0,0.02255,0.02255,False,False
SmartXPro_CN,FoundryTW,IN:mom:FoundryTW:SmartXPro_CN,2029-W20,1350.0,1350.0,True,20000.0,0.0675,0.0675,False,False
SmartXPro_CN,Buffer_Chip_TW,IN:mom:Buffer_Chip_TW:SmartXPro_CN,2029-W20,1350.0,1350.0,True,20000.0,0.0675,0.0675,True,False
SmartXPro_CN,WaferFab_TW,IN:leaf_in:WaferFab_TW:SmartXPro_CN,2029-W20,20000.0,20000.0,True,20000.0,1.0,1.0,False,False
SmartXPro_CN,AssemblyCN,IN:mom:AssemblyCN:SmartXPro_CN,2029-W21,451.0,451.0,True,20000.0,0.02255,0.02255,False,False
SmartXPro_CN,FoundryTW,IN:mom:FoundryTW:SmartXPro_CN,2029-W21,1350.0,1350.0,True,20000.0,0.0675,0.0675,False,False
SmartXPro_CN,Buffer_Chip_TW,IN:mom:Buffer_Chip_TW:SmartXPro_CN,2029-W21,1350.0,1350.0,True,20000.0,0.0675,0.0675,True,False
SmartXPro_CN,WaferFab_TW,IN:leaf_in:WaferFab_TW:SmartXPro_CN,2029-W21,20000.0,20000.0,True,20000.0,1.0,1.0,False,False
SmartXPro_CN,AssemblyCN,IN:mom:AssemblyCN:SmartXPro_CN,2029-W22,451.0,451.0,True,20000.0,0.02255,0.02255,False,False
SmartXPro_CN,FoundryTW,IN:mom:FoundryTW:SmartXPro_CN,2029-W22,1350.0,1350.0,True,20000.0,0.0675,0.0675,False,False
SmartXPro_CN,Buffer_Chip_TW,IN:mom:Buffer_Chip_TW:SmartXPro_CN,2029-W22,1350.0,1350.0,True,20000.0,0.0675,0.0675,True,False
SmartXPro_CN,WaferFab_TW,IN:leaf_in:WaferFab_TW:SmartXPro_CN,2029-W22,20000.0,20000.0,True,20000.0,1.0,1.0,False,False
SmartXPro_CN,AssemblyCN,IN:mom:AssemblyCN:SmartXPro_CN,2029-W23,451.0,451.0,True,20000.0,0.02255,0.02255,False,False
SmartXPro_CN,FoundryTW,IN:mom:FoundryTW:SmartXPro_CN,2029-W23,1350.0,1350.0,True,20000.0,0.0675,0.0675,False,False
SmartXPro_CN,Buffer_Chip_TW,IN:mom:Buffer_Chip_TW:SmartXPro_CN,2029-W23,1350.0,1350.0,True,20000.0,0.0675,0.0675,True,False
SmartXPro_CN,WaferFab_TW,IN:leaf_in:WaferFab_TW:SmartXPro_CN,2029-W23,20000.0,20000.0,True,20000.0,1.0,1.0,False,False
SmartXPro_CN,AssemblyCN,IN:mom:AssemblyCN:SmartXPro_CN,2029-W24,451.0,451.0,True,20000.0,0.02255,0.02255,False,False
SmartXPro_CN,FoundryTW,IN:mom:FoundryTW:SmartXPro_CN,2029-W24,1350.0,1350.0,True,20000.0,0.0675,0.0675,False,False
SmartXPro_CN,Buffer_Chip_TW,IN:mom:Buffer_Chip_TW:SmartXPro_CN,2029-W24,1350.0,1350.0,True,20000.0,0.0675,0.0675,True,False
SmartXPro_CN,WaferFab_TW,IN:leaf_in:WaferFab_TW:SmartXPro_CN,2029-W24,20000.0,20000.0,True,20000.0,1.0,1.0,False,False
SmartXPro_CN,AssemblyCN,IN:mom:AssemblyCN:SmartXPro_CN,2029-W25,451.0,451.0,True,20000.0,0.02255,0.02255,False,False
SmartXPro_CN,FoundryTW,IN:mom:FoundryTW:SmartXPro_CN,2029-W25,1350.0,1350.0,True,20000.0,0.0675,0.0675,False,False
SmartXPro_CN,Buffer_Chip_TW,IN:mom:Buffer_Chip_TW:SmartXPro_CN,2029-W25,1350.0,1350.0,True,20000.0,0.0675,0.0675,True,False
SmartXPro_CN,WaferFab_TW,IN:leaf_in:WaferFab_TW:SmartXPro_CN,2029-W25,20000.0,20000.0,True,20000.0,1.0,1.0,False,False
SmartXPro_CN,AssemblyCN,IN:mom:AssemblyCN:SmartXPro_CN,2029-W26,451.0,451.0,True,20000.0,0.02255,0.02255,False,False
SmartXPro_CN,FoundryTW,IN:mom:FoundryTW:SmartXPro_CN,2029-W26,1350.0,1350.0,True,20000.0,0.0675,0.0675,False,False
SmartXPro_CN,Buffer_Chip_TW,IN:mom:Buffer_Chip_TW:SmartXPro_CN,2029-W26,1350.0,1350.0,True,20000.0,0.0675,0.0675,True,False
SmartXPro_CN,WaferFab_TW,IN:leaf_in:WaferFab_TW:SmartXPro_CN,2029-W26,20000.0,20000.0,True,20000.0,1.0,1.0,False,False
SmartXPro_CN,AssemblyCN,IN:mom:AssemblyCN:SmartXPro_CN,2029-W27,451.0,451.0,True,20000.0,0.02255,0.02255,False,False
SmartXPro_CN,FoundryTW,IN:mom:FoundryTW:SmartXPro_CN,2029-W27,1350.0,1350.0,True,20000.0,0.0675,0.0675,False,False
SmartXPro_CN,Buffer_Chip_TW,IN:mom:Buffer_Chip_TW:SmartXPro_CN,2029-W27,1350.0,1350.0,True,20000.0,0.0675,0.0675,True,False
SmartXPro_CN,WaferFab_TW,IN:leaf_in:WaferFab_TW:SmartXPro_CN,2029-W27,20000.0,20000.0,True,20000.0,1.0,1.0,False,False
SmartXPro_CN,AssemblyCN,IN:mom:AssemblyCN:SmartXPro_CN,2029-W28,451.0,451.0,True,20000.0,0.02255,0.02255,False,False
SmartXPro_CN,FoundryTW,IN:mom:FoundryTW:SmartXPro_CN,2029-W28,1350.0,1350.0,True,20000.0,0.0675,0.0675,False,False
SmartXPro_CN,Buffer_Chip_TW,IN:mom:Buffer_Chip_TW:SmartXPro_CN,2029-W28,1350.0,1350.0,True,20000.0,0.0675,0.0675,True,False
SmartXPro_CN,WaferFab_TW,IN:leaf_in:WaferFab_TW:SmartXPro_CN,2029-W28,20000.0,20000.0,True,20000.0,1.0,1.0,False,False
SmartXPro_CN,AssemblyCN,IN:mom:AssemblyCN:SmartXPro_CN,2029-W29,451.0,451.0,True,20000.0,0.02255,0.02255,False,False
SmartXPro_CN,FoundryTW,IN:mom:FoundryTW:SmartXPro_CN,2029-W29,1350.0,1350.0,True,20000.0,0.0675,0.0675,False,False
SmartXPro_CN,Buffer_Chip_TW,IN:mom:Buffer_Chip_TW:SmartXPro_CN,2029-W29,1350.0,1350.0,True,20000.0,0.0675,0.0675,True,False
SmartXPro_CN,WaferFab_TW,IN:leaf_in:WaferFab_TW:SmartXPro_CN,2029-W29,20000.0,20000.0,True,20000.0,1.0,1.0,False,False
SmartXPro_CN,AssemblyCN,IN:mom:AssemblyCN:SmartXPro_CN,2029-W30,451.0,451.0,True,20000.0,0.02255,0.02255,False,False
SmartXPro_CN,FoundryTW,IN:mom:FoundryTW:SmartXPro_CN,2029-W30,1350.0,1350.0,True,20000.0,0.0675,0.0675,False,False
SmartXPro_CN,Buffer_Chip_TW,IN:mom:Buffer_Chip_TW:SmartXPro_CN,2029-W30,1350.0,1350.0,True,20000.0,0.0675,0.0675,True,False
SmartXPro_CN,WaferFab_TW,IN:leaf_in:WaferFab_TW:SmartXPro_CN,2029-W30,20000.0,20000.0,True,20000.0,1.0,1.0,False,False
SmartXPro_CN,AssemblyCN,IN:mom:AssemblyCN:SmartXPro_CN,2029-W31,451.0,451.0,True,20000.0,0.02255,0.02255,False,False
SmartXPro_CN,FoundryTW,IN:mom:FoundryTW:SmartXPro_CN,2029-W31,1350.0,1350.0,True,20000.0,0.0675,0.0675,False,False
SmartXPro_CN,Buffer_Chip_TW,IN:mom:Buffer_Chip_TW:SmartXPro_CN,2029-W31,1350.0,1350.0,True,20000.0,0.0675,0.0675,True,False
SmartXPro_CN,WaferFab_TW,IN:leaf_in:WaferFab_TW:SmartXPro_CN,2029-W31,20000.0,20000.0,True,20000.0,1.0,1.0,False,False
SmartXPro_CN,AssemblyCN,IN:mom:AssemblyCN:SmartXPro_CN,2029-W32,451.0,451.0,True,20000.0,0.02255,0.02255,False,False
SmartXPro_CN,FoundryTW,IN:mom:FoundryTW:SmartXPro_CN,2029-W32,1350.0,1350.0,True,20000.0,0.0675,0.0675,False,False
SmartXPro_CN,Buffer_Chip_TW,IN:mom:Buffer_Chip_TW:SmartXPro_CN,2029-W32,1350.0,1350.0,True,20000.0,0.0675,0.0675,True,False
SmartXPro_CN,WaferFab_TW,IN:leaf_in:WaferFab_TW:SmartXPro_CN,2029-W32,20000.0,20000.0,True,20000.0,1.0,1.0,False,False
SmartXPro_CN,AssemblyCN,IN:mom:AssemblyCN:SmartXPro_CN,2029-W33,451.0,451.0,True,20000.0,0.02255,0.02255,False,False
SmartXPro_CN,FoundryTW,IN:mom:FoundryTW:SmartXPro_CN,2029-W33,1350.0,1350.0,True,20000.0,0.0675,0.0675,False,False
SmartXPro_CN,Buffer_Chip_TW,IN:mom:Buffer_Chip_TW:SmartXPro_CN,2029-W33,1350.0,1350.0,True,20000.0,0.0675,0.0675,True,False
SmartXPro_CN,WaferFab_TW,IN:leaf_in:WaferFab_TW:SmartXPro_CN,2029-W33,20000.0,20000.0,True,20000.0,1.0,1.0,False,False
SmartXPro_CN,AssemblyCN,IN:mom:AssemblyCN:SmartXPro_CN,2029-W34,451.0,451.0,True,20000.0,0.02255,0.02255,False,False
SmartXPro_CN,FoundryTW,IN:mom:FoundryTW:SmartXPro_CN,2029-W34,1350.0,1350.0,True,20000.0,0.0675,0.0675,False,False
SmartXPro_CN,Buffer_Chip_TW,IN:mom:Buffer_Chip_TW:SmartXPro_CN,2029-W34,1350.0,1350.0,True,20000.0,0.0675,0.0675,True,False
SmartXPro_CN,WaferFab_TW,IN:leaf_in:WaferFab_TW:SmartXPro_CN,2029-W34,20000.0,20000.0,True,20000.0,1.0,1.0,False,False
SmartXPro_CN,AssemblyCN,IN:mom:AssemblyCN:SmartXPro_CN,2029-W35,451.0,451.0,True,20000.0,0.02255,0.02255,False,False
SmartXPro_CN,FoundryTW,IN:mom:FoundryTW:SmartXPro_CN,2029-W35,1350.0,1350.0,True,20000.0,0.0675,0.0675,False,False
SmartXPro_CN,Buffer_Chip_TW,IN:mom:Buffer_Chip_TW:SmartXPro_CN,2029-W35,1350.0,1350.0,True,20000.0,0.0675,0.0675,True,False
SmartXPro_CN,WaferFab_TW,IN:leaf_in:WaferFab_TW:SmartXPro_CN,2029-W35,20000.0,20000.0,True,20000.0,1.0,1.0,False,False
SmartXPro_CN,AssemblyCN,IN:mom:AssemblyCN:SmartXPro_CN,2029-W36,451.0,451.0,True,20000.0,0.02255,0.02255,False,False
SmartXPro_CN,FoundryTW,IN:mom:FoundryTW:SmartXPro_CN,2029-W36,1350.0,1350.0,True,20000.0,0.0675,0.0675,False,False
SmartXPro_CN,Buffer_Chip_TW,IN:mom:Buffer_Chip_TW:SmartXPro_CN,2029-W36,1350.0,1350.0,True,20000.0,0.0675,0.0675,True,False
SmartXPro_CN,WaferFab_TW,IN:leaf_in:WaferFab_TW:SmartXPro_CN,2029-W36,20000.0,20000.0,True,20000.0,1.0,1.0,False,False
SmartXPro_CN,AssemblyCN,IN:mom:AssemblyCN:SmartXPro_CN,2029-W37,451.0,451.0,True,20000.0,0.02255,0.02255,False,False
SmartXPro_CN,FoundryTW,IN:mom:FoundryTW:SmartXPro_CN,2029-W37,1350.0,1350.0,True,20000.0,0.0675,0.0675,False,False
SmartXPro_CN,Buffer_Chip_TW,IN:mom:Buffer_Chip_TW:SmartXPro_CN,2029-W37,1350.0,1350.0,True,20000.0,0.0675,0.0675,True,False
SmartXPro_CN,WaferFab_TW,IN:leaf_in:WaferFab_TW:SmartXPro_CN,2029-W37,20000.0,20000.0,True,20000.0,1.0,1.0,False,False
SmartXPro_CN,AssemblyCN,IN:mom:AssemblyCN:SmartXPro_CN,2029-W38,451.0,451.0,True,20000.0,0.02255,0.02255,False,False
SmartXPro_CN,FoundryTW,IN:mom:FoundryTW:SmartXPro_CN,2029-W38,1350.0,1350.0,True,20000.0,0.0675,0.0675,False,False
SmartXPro_CN,Buffer_Chip_TW,IN:mom:Buffer_Chip_TW:SmartXPro_CN,2029-W38,1350.0,1350.0,True,20000.0,0.0675,0.0675,True,False
SmartXPro_CN,WaferFab_TW,IN:leaf_in:WaferFab_TW:SmartXPro_CN,2029-W38,20000.0,20000.0,True,20000.0,1.0,1.0,False,False
SmartXPro_CN,AssemblyCN,IN:mom:AssemblyCN:SmartXPro_CN,2029-W39,451.0,451.0,True,20000.0,0.02255,0.02255,False,False
SmartXPro_CN,FoundryTW,IN:mom:FoundryTW:SmartXPro_CN,2029-W39,1350.0,1350.0,True,20000.0,0.0675,0.0675,False,False
SmartXPro_CN,Buffer_Chip_TW,IN:mom:Buffer_Chip_TW:SmartXPro_CN,2029-W39,1350.0,1350.0,True,20000.0,0.0675,0.0675,True,False
SmartXPro_CN,WaferFab_TW,IN:leaf_in:WaferFab_TW:SmartXPro_CN,2029-W39,20000.0,20000.0,True,20000.0,1.0,1.0,False,False
SmartXPro_CN,AssemblyCN,IN:mom:AssemblyCN:SmartXPro_CN,2029-W40,451.0,451.0,True,20000.0,0.02255,0.02255,False,False
SmartXPro_CN,FoundryTW,IN:mom:FoundryTW:SmartXPro_CN,2029-W40,1350.0,1350.0,True,20000.0,0.0675,0.0675,False,False
SmartXPro_CN,Buffer_Chip_TW,IN:mom:Buffer_Chip_TW:SmartXPro_CN,2029-W40,1350.0,1350.0,True,20000.0,0.0675,0.0675,True,False
SmartXPro_CN,WaferFab_TW,IN:leaf_in:WaferFab_TW:SmartXPro_CN,2029-W40,20000.0,20000.0,True,20000.0,1.0,1.0,False,False
SmartXPro_CN,AssemblyCN,IN:mom:AssemblyCN:SmartXPro_CN,2029-W41,451.0,451.0,True,20000.0,0.02255,0.02255,False,False
SmartXPro_CN,FoundryTW,IN:mom:FoundryTW:SmartXPro_CN,2029-W41,1350.0,1350.0,True,20000.0,0.0675,0.0675,False,False
SmartXPro_CN,Buffer_Chip_TW,IN:mom:Buffer_Chip_TW:SmartXPro_CN,2029-W41,1350.0,1350.0,True,20000.0,0.0675,0.0675,True,False
SmartXPro_CN,WaferFab_TW,IN:leaf_in:WaferFab_TW:SmartXPro_CN,2029-W41,20000.0,20000.0,True,20000.0,1.0,1.0,False,False
SmartXPro_CN,AssemblyCN,IN:mom:AssemblyCN:SmartXPro_CN,2029-W42,451.0,451.0,True,20000.0,0.02255,0.02255,False,False
SmartXPro_CN,FoundryTW,IN:mom:FoundryTW:SmartXPro_CN,2029-W42,1350.0,1350.0,True,20000.0,0.0675,0.0675,False,False
SmartXPro_CN,Buffer_Chip_TW,IN:mom:Buffer_Chip_TW:SmartXPro_CN,2029-W42,1350.0,1350.0,True,20000.0,0.0675,0.0675,True,False
SmartXPro_CN,WaferFab_TW,IN:leaf_in:WaferFab_TW:SmartXPro_CN,2029-W42,20000.0,20000.0,True,20000.0,1.0,1.0,False,False
SmartXPro_CN,AssemblyCN,IN:mom:AssemblyCN:SmartXPro_CN,2029-W43,451.0,451.0,True,20000.0,0.02255,0.02255,False,False
SmartXPro_CN,FoundryTW,IN:mom:FoundryTW:SmartXPro_CN,2029-W43,1350.0,1350.0,True,20000.0,0.0675,0.0675,False,False
SmartXPro_CN,Buffer_Chip_TW,IN:mom:Buffer_Chip_TW:SmartXPro_CN,2029-W43,1350.0,1350.0,True,20000.0,0.0675,0.0675,True,False
SmartXPro_CN,WaferFab_TW,IN:leaf_in:WaferFab_TW:SmartXPro_CN,2029-W43,20000.0,20000.0,True,20000.0,1.0,1.0,False,False
SmartXPro_CN,AssemblyCN,IN:mom:AssemblyCN:SmartXPro_CN,2029-W44,451.0,451.0,True,20000.0,0.02255,0.02255,False,False
SmartXPro_CN,FoundryTW,IN:mom:FoundryTW:SmartXPro_CN,2029-W44,1350.0,1350.0,True,20000.0,0.0675,0.0675,False,False
SmartXPro_CN,Buffer_Chip_TW,IN:mom:Buffer_Chip_TW:SmartXPro_CN,2029-W44,1350.0,1350.0,True,20000.0,0.0675,0.0675,True,False
SmartXPro_CN,WaferFab_TW,IN:leaf_in:WaferFab_TW:SmartXPro_CN,2029-W44,20000.0,20000.0,True,20000.0,1.0,1.0,False,False
SmartXPro_CN,AssemblyCN,IN:mom:AssemblyCN:SmartXPro_CN,2029-W45,451.0,451.0,True,20000.0,0.02255,0.02255,False,False
SmartXPro_CN,FoundryTW,IN:mom:FoundryTW:SmartXPro_CN,2029-W45,1350.0,1350.0,True,20000.0,0.0675,0.0675,False,False
SmartXPro_CN,Buffer_Chip_TW,IN:mom:Buffer_Chip_TW:SmartXPro_CN,2029-W45,1350.0,1350.0,True,20000.0,0.0675,0.0675,True,False
SmartXPro_CN,WaferFab_TW,IN:leaf_in:WaferFab_TW:SmartXPro_CN,2029-W45,20000.0,20000.0,True,20000.0,1.0,1.0,False,False
SmartXPro_CN,AssemblyCN,IN:mom:AssemblyCN:SmartXPro_CN,2029-W46,451.0,451.0,True,20000.0,0.02255,0.02255,False,False
SmartXPro_CN,FoundryTW,IN:mom:FoundryTW:SmartXPro_CN,2029-W46,1350.0,1350.0,True,20000.0,0.0675,0.0675,False,False
SmartXPro_CN,Buffer_Chip_TW,IN:mom:Buffer_Chip_TW:SmartXPro_CN,2029-W46,1350.0,1350.0,True,20000.0,0.0675,0.0675,True,False
SmartXPro_CN,WaferFab_TW,IN:leaf_in:WaferFab_TW:SmartXPro_CN,2029-W46,20000.0,20000.0,True,20000.0,1.0,1.0,False,False
SmartXPro_CN,AssemblyCN,IN:mom:AssemblyCN:SmartXPro_CN,2029-W47,451.0,451.0,True,20000.0,0.02255,0.02255,False,False
SmartXPro_CN,FoundryTW,IN:mom:FoundryTW:SmartXPro_CN,2029-W47,1350.0,1350.0,True,20000.0,0.0675,0.0675,False,False
SmartXPro_CN,Buffer_Chip_TW,IN:mom:Buffer_Chip_TW:SmartXPro_CN,2029-W47,1350.0,1350.0,True,20000.0,0.0675,0.0675,True,False
SmartXPro_CN,WaferFab_TW,IN:leaf_in:WaferFab_TW:SmartXPro_CN,2029-W47,20000.0,20000.0,True,20000.0,1.0,1.0,False,False
SmartXPro_CN,AssemblyCN,IN:mom:AssemblyCN:SmartXPro_CN,2029-W48,451.0,451.0,True,20000.0,0.02255,0.02255,False,False
SmartXPro_CN,FoundryTW,IN:mom:FoundryTW:SmartXPro_CN,2029-W48,1350.0,1350.0,True,20000.0,0.0675,0.0675,False,False
SmartXPro_CN,Buffer_Chip_TW,IN:mom:Buffer_Chip_TW:SmartXPro_CN,2029-W48,1350.0,1350.0,True,20000.0,0.0675,0.0675,True,False
SmartXPro_CN,WaferFab_TW,IN:leaf_in:WaferFab_TW:SmartXPro_CN,2029-W48,20000.0,20000.0,True,20000.0,1.0,1.0,False,False
SmartXPro_CN,AssemblyCN,IN:mom:AssemblyCN:SmartXPro_CN,2029-W49,451.0,451.0,True,20000.0,0.02255,0.02255,False,False
SmartXPro_CN,FoundryTW,IN:mom:FoundryTW:SmartXPro_CN,2029-W49,1350.0,1350.0,True,20000.0,0.0675,0.0675,False,False
SmartXPro_CN,Buffer_Chip_TW,IN:mom:Buffer_Chip_TW:SmartXPro_CN,2029-W49,1350.0,1350.0,True,20000.0,0.0675,0.0675,True,False
SmartXPro_CN,WaferFab_TW,IN:leaf_in:WaferFab_TW:SmartXPro_CN,2029-W49,20000.0,20000.0,True,20000.0,1.0,1.0,False,False
SmartXPro_CN,AssemblyCN,IN:mom:AssemblyCN:SmartXPro_CN,2029-W50,451.0,451.0,True,20000.0,0.02255,0.02255,False,False
SmartXPro_CN,FoundryTW,IN:mom:FoundryTW:SmartXPro_CN,2029-W50,1350.0,1350.0,True,20000.0,0.0675,0.0675,False,False
SmartXPro_CN,Buffer_Chip_TW,IN:mom:Buffer_Chip_TW:SmartXPro_CN,2029-W50,1350.0,1350.0,True,20000.0,0.0675,0.0675,True,False
SmartXPro_CN,WaferFab_TW,IN:leaf_in:WaferFab_TW:SmartXPro_CN,2029-W50,20000.0,20000.0,True,20000.0,1.0,1.0,False,False
SmartXPro_CN,AssemblyCN,IN:mom:AssemblyCN:SmartXPro_CN,2029-W51,451.0,451.0,True,20000.0,0.02255,0.02255,False,False
SmartXPro_CN,FoundryTW,IN:mom:FoundryTW:SmartXPro_CN,2029-W51,1350.0,1350.0,True,20000.0,0.0675,0.0675,False,False
SmartXPro_CN,Buffer_Chip_TW,IN:mom:Buffer_Chip_TW:SmartXPro_CN,2029-W51,1350.0,1350.0,True,20000.0,0.0675,0.0675,True,False
SmartXPro_CN,WaferFab_TW,IN:leaf_in:WaferFab_TW:SmartXPro_CN,2029-W51,20000.0,20000.0,True,20000.0,1.0,1.0,False,False
SmartXPro_CN,AssemblyCN,IN:mom:AssemblyCN:SmartXPro_CN,2029-W52,451.0,451.0,True,20000.0,0.02255,0.02255,False,False
SmartXPro_CN,FoundryTW,IN:mom:FoundryTW:SmartXPro_CN,2029-W52,1350.0,1350.0,True,20000.0,0.0675,0.0675,False,False
SmartXPro_CN,Buffer_Chip_TW,IN:mom:Buffer_Chip_TW:SmartXPro_CN,2029-W52,1350.0,1350.0,True,20000.0,0.0675,0.0675,True,False
SmartXPro_CN,WaferFab_TW,IN:leaf_in:WaferFab_TW:SmartXPro_CN,2029-W52,20000.0,20000.0,True,20000.0,1.0,1.0,False,False
SmartXPro_CN,AssemblyCN,IN:mom:AssemblyCN:SmartXPro_CN,2030-W01,451.0,451.0,True,20000.0,0.02255,0.02255,False,False
SmartXPro_CN,FoundryTW,IN:mom:FoundryTW:SmartXPro_CN,2030-W01,1350.0,1350.0,True,20000.0,0.0675,0.0675,False,False
SmartXPro_CN,Buffer_Chip_TW,IN:mom:Buffer_Chip_TW:SmartXPro_CN,2030-W01,1350.0,1350.0,True,20000.0,0.0675,0.0675,True,False
SmartXPro_CN,WaferFab_TW,IN:leaf_in:WaferFab_TW:SmartXPro_CN,2030-W01,20000.0,20000.0,True,20000.0,1.0,1.0,False,False
SmartXPro_CN,AssemblyCN,IN:mom:AssemblyCN:SmartXPro_CN,2030-W02,451.0,451.0,True,20000.0,0.02255,0.02255,False,False
SmartXPro_CN,FoundryTW,IN:mom:FoundryTW:SmartXPro_CN,2030-W02,1350.0,1350.0,True,20000.0,0.0675,0.0675,False,False
SmartXPro_CN,Buffer_Chip_TW,IN:mom:Buffer_Chip_TW:SmartXPro_CN,2030-W02,1350.0,1350.0,True,20000.0,0.0675,0.0675,True,False
SmartXPro_CN,WaferFab_TW,IN:leaf_in:WaferFab_TW:SmartXPro_CN,2030-W02,20000.0,20000.0,True,20000.0,1.0,1.0,False,False
SmartXPro_CN,AssemblyCN,IN:mom:AssemblyCN:SmartXPro_CN,2030-W03,451.0,451.0,True,20000.0,0.02255,0.02255,False,False
SmartXPro_CN,FoundryTW,IN:mom:FoundryTW:SmartXPro_CN,2030-W03,1350.0,1350.0,True,20000.0,0.0675,0.0675,False,False
SmartXPro_CN,Buffer_Chip_TW,IN:mom:Buffer_Chip_TW:SmartXPro_CN,2030-W03,1350.0,1350.0,True,20000.0,0.0675,0.0675,True,False
SmartXPro_CN,WaferFab_TW,IN:leaf_in:WaferFab_TW:SmartXPro_CN,2030-W03,20000.0,20000.0,True,20000.0,1.0,1.0,False,False
SmartXPro_CN,AssemblyCN,IN:mom:AssemblyCN:SmartXPro_CN,2030-W04,451.0,451.0,True,20000.0,0.02255,0.02255,False,False
SmartXPro_CN,FoundryTW,IN:mom:FoundryTW:SmartXPro_CN,2030-W04,1350.0,1350.0,True,20000.0,0.0675,0.0675,False,False
SmartXPro_CN,Buffer_Chip_TW,IN:mom:Buffer_Chip_TW:SmartXPro_CN,2030-W04,1350.0,1350.0,True,20000.0,0.0675,0.0675,True,False
SmartXPro_CN,WaferFab_TW,IN:leaf_in:WaferFab_TW:SmartXPro_CN,2030-W04,20000.0,20000.0,True,20000.0,1.0,1.0,False,False
SmartXPro_CN,AssemblyCN,IN:mom:AssemblyCN:SmartXPro_CN,2030-W05,451.0,451.0,True,20000.0,0.02255,0.02255,False,False
SmartXPro_CN,FoundryTW,IN:mom:FoundryTW:SmartXPro_CN,2030-W05,1350.0,1350.0,True,20000.0,0.0675,0.0675,False,False
SmartXPro_CN,Buffer_Chip_TW,IN:mom:Buffer_Chip_TW:SmartXPro_CN,2030-W05,1350.0,1350.0,True,20000.0,0.0675,0.0675,True,False
SmartXPro_CN,WaferFab_TW,IN:leaf_in:WaferFab_TW:SmartXPro_CN,2030-W05,20000.0,0.0,False,20000.0,1.0,0.0,False,False
SmartXPro_CN,AssemblyCN,IN:mom:AssemblyCN:SmartXPro_CN,2030-W06,451.0,451.0,True,20000.0,0.02255,0.02255,False,False
SmartXPro_CN,FoundryTW,IN:mom:FoundryTW:SmartXPro_CN,2030-W06,1350.0,1350.0,True,20000.0,0.0675,0.0675,False,False
SmartXPro_CN,Buffer_Chip_TW,IN:mom:Buffer_Chip_TW:SmartXPro_CN,2030-W06,1350.0,1350.0,True,20000.0,0.0675,0.0675,True,False
SmartXPro_CN,WaferFab_TW,IN:leaf_in:WaferFab_TW:SmartXPro_CN,2030-W06,20000.0,0.0,False,20000.0,1.0,0.0,False,False
SmartXPro_CN,AssemblyCN,IN:mom:AssemblyCN:SmartXPro_CN,2030-W07,451.0,451.0,True,20000.0,0.02255,0.02255,False,False
SmartXPro_CN,FoundryTW,IN:mom:FoundryTW:SmartXPro_CN,2030-W07,1350.0,1350.0,True,20000.0,0.0675,0.0675,False,False
SmartXPro_CN,Buffer_Chip_TW,IN:mom:Buffer_Chip_TW:SmartXPro_CN,2030-W07,1350.0,1350.0,True,20000.0,0.0675,0.0675,True,False
SmartXPro_CN,WaferFab_TW,IN:leaf_in:WaferFab_TW:SmartXPro_CN,2030-W07,20000.0,20000.0,True,20000.0,1.0,1.0,False,False
SmartXPro_CN,AssemblyCN,IN:mom:AssemblyCN:SmartXPro_CN,2030-W08,451.0,451.0,True,20000.0,0.02255,0.02255,False,False
SmartXPro_CN,FoundryTW,IN:mom:FoundryTW:SmartXPro_CN,2030-W08,1350.0,1350.0,True,20000.0,0.0675,0.0675,False,False
SmartXPro_CN,Buffer_Chip_TW,IN:mom:Buffer_Chip_TW:SmartXPro_CN,2030-W08,1350.0,1350.0,True,20000.0,0.0675,0.0675,True,False
SmartXPro_CN,WaferFab_TW,IN:leaf_in:WaferFab_TW:SmartXPro_CN,2030-W08,20000.0,20000.0,True,20000.0,1.0,1.0,False,False
SmartXPro_CN,AssemblyCN,IN:mom:AssemblyCN:SmartXPro_CN,2030-W09,451.0,451.0,True,20000.0,0.02255,0.02255,False,False
SmartXPro_CN,FoundryTW,IN:mom:FoundryTW:SmartXPro_CN,2030-W09,1350.0,1350.0,True,20000.0,0.0675,0.0675,False,False
SmartXPro_CN,Buffer_Chip_TW,IN:mom:Buffer_Chip_TW:SmartXPro_CN,2030-W09,1350.0,1350.0,True,20000.0,0.0675,0.0675,True,False
SmartXPro_CN,WaferFab_TW,IN:leaf_in:WaferFab_TW:SmartXPro_CN,2030-W09,20000.0,20000.0,True,20000.0,1.0,1.0,False,False
SmartXPro_CN,AssemblyCN,IN:mom:AssemblyCN:SmartXPro_CN,2030-W10,451.0,451.0,True,20000.0,0.02255,0.02255,False,False
SmartXPro_CN,FoundryTW,IN:mom:FoundryTW:SmartXPro_CN,2030-W10,1350.0,1350.0,True,20000.0,0.0675,0.0675,False,False
SmartXPro_CN,Buffer_Chip_TW,IN:mom:Buffer_Chip_TW:SmartXPro_CN,2030-W10,1350.0,1350.0,True,20000.0,0.0675,0.0675,True,False
SmartXPro_CN,WaferFab_TW,IN:leaf_in:WaferFab_TW:SmartXPro_CN,2030-W10,20000.0,20000.0,True,20000.0,1.0,1.0,False,False
SmartXPro_CN,AssemblyCN,IN:mom:AssemblyCN:SmartXPro_CN,2030-W11,451.0,451.0,True,20000.0,0.02255,0.02255,False,False
SmartXPro_CN,FoundryTW,IN:mom:FoundryTW:SmartXPro_CN,2030-W11,1350.0,1350.0,True,20000.0,0.0675,0.0675,False,False
SmartXPro_CN,Buffer_Chip_TW,IN:mom:Buffer_Chip_TW:SmartXPro_CN,2030-W11,1350.0,1350.0,True,20000.0,0.0675,0.0675,True,False
SmartXPro_CN,WaferFab_TW,IN:leaf_in:WaferFab_TW:SmartXPro_CN,2030-W11,20000.0,20000.0,True,20000.0,1.0,1.0,False,False
SmartXPro_CN,AssemblyCN,IN:mom:AssemblyCN:SmartXPro_CN,2030-W12,451.0,451.0,True,20000.0,0.02255,0.02255,False,False
SmartXPro_CN,FoundryTW,IN:mom:FoundryTW:SmartXPro_CN,2030-W12,1350.0,1350.0,True,20000.0,0.0675,0.0675,False,False
SmartXPro_CN,Buffer_Chip_TW,IN:mom:Buffer_Chip_TW:SmartXPro_CN,2030-W12,1350.0,1350.0,True,20000.0,0.0675,0.0675,True,False
SmartXPro_CN,WaferFab_TW,IN:leaf_in:WaferFab_TW:SmartXPro_CN,2030-W12,20000.0,20000.0,True,20000.0,1.0,1.0,False,False
SmartXPro_CN,AssemblyCN,IN:mom:AssemblyCN:SmartXPro_CN,2030-W13,451.0,451.0,True,20000.0,0.02255,0.02255,False,False
SmartXPro_CN,FoundryTW,IN:mom:FoundryTW:SmartXPro_CN,2030-W13,1350.0,1350.0,True,20000.0,0.0675,0.0675,False,False
SmartXPro_CN,Buffer_Chip_TW,IN:mom:Buffer_Chip_TW:SmartXPro_CN,2030-W13,1350.0,1350.0,True,20000.0,0.0675,0.0675,True,False
SmartXPro_CN,WaferFab_TW,IN:leaf_in:WaferFab_TW:SmartXPro_CN,2030-W13,20000.0,20000.0,True,20000.0,1.0,1.0,False,False
SmartXPro_CN,AssemblyCN,IN:mom:AssemblyCN:SmartXPro_CN,2030-W14,0.0,,True,20000.0,,,False,True
SmartXPro_CN,FoundryTW,IN:mom:FoundryTW:SmartXPro_CN,2030-W14,1350.0,1350.0,True,20000.0,0.0675,0.0675,False,False
SmartXPro_CN,Buffer_Chip_TW,IN:mom:Buffer_Chip_TW:SmartXPro_CN,2030-W14,1350.0,1350.0,True,20000.0,0.0675,0.0675,True,False
SmartXPro_CN,WaferFab_TW,IN:leaf_in:WaferFab_TW:SmartXPro_CN,2030-W14,20000.0,20000.0,True,20000.0,1.0,1.0,False,False
SmartXPro_CN,AssemblyCN,IN:mom:AssemblyCN:SmartXPro_CN,2030-W15,0.0,,True,20000.0,,,False,True
SmartXPro_CN,FoundryTW,IN:mom:FoundryTW:SmartXPro_CN,2030-W15,1350.0,1350.0,True,20000.0,0.0675,0.0675,False,False
SmartXPro_CN,Buffer_Chip_TW,IN:mom:Buffer_Chip_TW:SmartXPro_CN,2030-W15,1350.0,1350.0,True,20000.0,0.0675,0.0675,True,False
SmartXPro_CN,WaferFab_TW,IN:leaf_in:WaferFab_TW:SmartXPro_CN,2030-W15,20000.0,20000.0,True,20000.0,1.0,1.0,False,False
SmartXPro_CN,AssemblyCN,IN:mom:AssemblyCN:SmartXPro_CN,2030-W16,0.0,,True,20000.0,,,False,True
SmartXPro_CN,FoundryTW,IN:mom:FoundryTW:SmartXPro_CN,2030-W16,1350.0,1350.0,True,20000.0,0.0675,0.0675,False,False
SmartXPro_CN,Buffer_Chip_TW,IN:mom:Buffer_Chip_TW:SmartXPro_CN,2030-W16,1350.0,1350.0,True,20000.0,0.0675,0.0675,True,False
SmartXPro_CN,WaferFab_TW,IN:leaf_in:WaferFab_TW:SmartXPro_CN,2030-W16,20000.0,20000.0,True,20000.0,1.0,1.0,False,False
SmartXPro_CN,AssemblyCN,IN:mom:AssemblyCN:SmartXPro_CN,2030-W17,0.0,,True,20000.0,,,False,True
SmartXPro_CN,FoundryTW,IN:mom:FoundryTW:SmartXPro_CN,2030-W17,1350.0,1350.0,True,20000.0,0.0675,0.0675,False,False
SmartXPro_CN,Buffer_Chip_TW,IN:mom:Buffer_Chip_TW:SmartXPro_CN,2030-W17,1350.0,1350.0,True,20000.0,0.0675,0.0675,True,False
SmartXPro_CN,WaferFab_TW,IN:leaf_in:WaferFab_TW:SmartXPro_CN,2030-W17,20000.0,20000.0,True,20000.0,1.0,1.0,False,False
SmartXPro_CN,AssemblyCN,IN:mom:AssemblyCN:SmartXPro_CN,2030-W18,0.0,,True,20000.0,,,False,True
SmartXPro_CN,FoundryTW,IN:mom:FoundryTW:SmartXPro_CN,2030-W18,1350.0,1350.0,True,20000.0,0.0675,0.0675,False,False
SmartXPro_CN,Buffer_Chip_TW,IN:mom:Buffer_Chip_TW:SmartXPro_CN,2030-W18,1350.0,1350.0,True,20000.0,0.0675,0.0675,True,False
SmartXPro_CN,WaferFab_TW,IN:leaf_in:WaferFab_TW:SmartXPro_CN,2030-W18,20000.0,20000.0,True,20000.0,1.0,1.0,False,False
SmartXPro_CN,AssemblyCN,IN:mom:AssemblyCN:SmartXPro_CN,2030-W19,0.0,,True,20000.0,,,False,True
SmartXPro_CN,FoundryTW,IN:mom:FoundryTW:SmartXPro_CN,2030-W19,1350.0,1350.0,True,20000.0,0.0675,0.0675,False,False
SmartXPro_CN,Buffer_Chip_TW,IN:mom:Buffer_Chip_TW:SmartXPro_CN,2030-W19,1350.0,1350.0,True,20000.0,0.0675,0.0675,True,False
SmartXPro_CN,WaferFab_TW,IN:leaf_in:WaferFab_TW:SmartXPro_CN,2030-W19,20000.0,20000.0,True,20000.0,1.0,1.0,False,False
SmartXPro_CN,AssemblyCN,IN:mom:AssemblyCN:SmartXPro_CN,2030-W20,0.0,,True,20000.0,,,False,True
SmartXPro_CN,FoundryTW,IN:mom:FoundryTW:SmartXPro_CN,2030-W20,1350.0,1350.0,True,20000.0,0.0675,0.0675,False,False
SmartXPro_CN,Buffer_Chip_TW,IN:mom:Buffer_Chip_TW:SmartXPro_CN,2030-W20,1350.0,1350.0,True,20000.0,0.0675,0.0675,True,False
SmartXPro_CN,WaferFab_TW,IN:leaf_in:WaferFab_TW:SmartXPro_CN,2030-W20,20000.0,20000.0,True,20000.0,1.0,1.0,False,False
SmartXPro_CN,AssemblyCN,IN:mom:AssemblyCN:SmartXPro_CN,2030-W21,0.0,,True,20000.0,,,False,True
SmartXPro_CN,FoundryTW,IN:mom:FoundryTW:SmartXPro_CN,2030-W21,1350.0,1350.0,True,20000.0,0.0675,0.0675,False,False
SmartXPro_CN,Buffer_Chip_TW,IN:mom:Buffer_Chip_TW:SmartXPro_CN,2030-W21,1350.0,1350.0,True,20000.0,0.0675,0.0675,True,False
SmartXPro_CN,WaferFab_TW,IN:leaf_in:WaferFab_TW:SmartXPro_CN,2030-W21,20000.0,20000.0,True,20000.0,1.0,1.0,False,False
SmartXPro_CN,AssemblyCN,IN:mom:AssemblyCN:SmartXPro_CN,2030-W22,0.0,,True,20000.0,,,False,True
SmartXPro_CN,FoundryTW,IN:mom:FoundryTW:SmartXPro_CN,2030-W22,1350.0,1350.0,True,20000.0,0.0675,0.0675,False,False
SmartXPro_CN,Buffer_Chip_TW,IN:mom:Buffer_Chip_TW:SmartXPro_CN,2030-W22,1350.0,1350.0,True,20000.0,0.0675,0.0675,True,False
SmartXPro_CN,WaferFab_TW,IN:leaf_in:WaferFab_TW:SmartXPro_CN,2030-W22,20000.0,20000.0,True,20000.0,1.0,1.0,False,False
SmartXPro_CN,AssemblyCN,IN:mom:AssemblyCN:SmartXPro_CN,2030-W23,0.0,,True,20000.0,,,False,True
SmartXPro_CN,FoundryTW,IN:mom:FoundryTW:SmartXPro_CN,2030-W23,1350.0,1350.0,True,20000.0,0.0675,0.0675,False,False
SmartXPro_CN,Buffer_Chip_TW,IN:mom:Buffer_Chip_TW:SmartXPro_CN,2030-W23,1350.0,1350.0,True,20000.0,0.0675,0.0675,True,False
SmartXPro_CN,WaferFab_TW,IN:leaf_in:WaferFab_TW:SmartXPro_CN,2030-W23,20000.0,20000.0,True,20000.0,1.0,1.0,False,False
SmartXPro_CN,AssemblyCN,IN:mom:AssemblyCN:SmartXPro_CN,2030-W24,0.0,,True,20000.0,,,False,True
SmartXPro_CN,FoundryTW,IN:mom:FoundryTW:SmartXPro_CN,2030-W24,1350.0,1350.0,True,20000.0,0.0675,0.0675,False,False
SmartXPro_CN,Buffer_Chip_TW,IN:mom:Buffer_Chip_TW:SmartXPro_CN,2030-W24,1350.0,1350.0,True,20000.0,0.0675,0.0675,True,False
SmartXPro_CN,WaferFab_TW,IN:leaf_in:WaferFab_TW:SmartXPro_CN,2030-W24,20000.0,20000.0,True,20000.0,1.0,1.0,False,False
SmartXPro_CN,AssemblyCN,IN:mom:AssemblyCN:SmartXPro_CN,2030-W25,0.0,,True,20000.0,,,False,True
SmartXPro_CN,FoundryTW,IN:mom:FoundryTW:SmartXPro_CN,2030-W25,1350.0,1350.0,True,20000.0,0.0675,0.0675,False,False
SmartXPro_CN,Buffer_Chip_TW,IN:mom:Buffer_Chip_TW:SmartXPro_CN,2030-W25,1350.0,1350.0,True,20000.0,0.0675,0.0675,True,False
SmartXPro_CN,WaferFab_TW,IN:leaf_in:WaferFab_TW:SmartXPro_CN,2030-W25,20000.0,20000.0,True,20000.0,1.0,1.0,False,False
SmartXPro_CN,AssemblyCN,IN:mom:AssemblyCN:SmartXPro_CN,2030-W26,0.0,,True,20000.0,,,False,True
SmartXPro_CN,FoundryTW,IN:mom:FoundryTW:SmartXPro_CN,2030-W26,1350.0,1350.0,True,20000.0,0.0675,0.0675,False,False
SmartXPro_CN,Buffer_Chip_TW,IN:mom:Buffer_Chip_TW:SmartXPro_CN,2030-W26,1350.0,1350.0,True,20000.0,0.0675,0.0675,True,False
SmartXPro_CN,WaferFab_TW,IN:leaf_in:WaferFab_TW:SmartXPro_CN,2030-W26,20000.0,20000.0,True,20000.0,1.0,1.0,False,False
SmartXPro_CN,AssemblyCN,IN:mom:AssemblyCN:SmartXPro_CN,2030-W27,0.0,,True,20000.0,,,False,True
SmartXPro_CN,FoundryTW,IN:mom:FoundryTW:SmartXPro_CN,2030-W27,1350.0,1350.0,True,20000.0,0.0675,0.0675,False,False
SmartXPro_CN,Buffer_Chip_TW,IN:mom:Buffer_Chip_TW:SmartXPro_CN,2030-W27,1350.0,1350.0,True,20000.0,0.0675,0.0675,True,False
SmartXPro_CN,WaferFab_TW,IN:leaf_in:WaferFab_TW:SmartXPro_CN,2030-W27,20000.0,20000.0,True,20000.0,1.0,1.0,False,False
SmartXPro_CN,AssemblyCN,IN:mom:AssemblyCN:SmartXPro_CN,2030-W28,0.0,,True,20000.0,,,False,True
SmartXPro_CN,FoundryTW,IN:mom:FoundryTW:SmartXPro_CN,2030-W28,1350.0,1350.0,True,20000.0,0.0675,0.0675,False,False
SmartXPro_CN,Buffer_Chip_TW,IN:mom:Buffer_Chip_TW:SmartXPro_CN,2030-W28,1350.0,1350.0,True,20000.0,0.0675,0.0675,True,False
SmartXPro_CN,WaferFab_TW,IN:leaf_in:WaferFab_TW:SmartXPro_CN,2030-W28,20000.0,20000.0,True,20000.0,1.0,1.0,False,False
SmartXPro_CN,AssemblyCN,IN:mom:AssemblyCN:SmartXPro_CN,2030-W29,0.0,,True,20000.0,,,False,True
SmartXPro_CN,FoundryTW,IN:mom:FoundryTW:SmartXPro_CN,2030-W29,1350.0,1350.0,True,20000.0,0.0675,0.0675,False,False
SmartXPro_CN,Buffer_Chip_TW,IN:mom:Buffer_Chip_TW:SmartXPro_CN,2030-W29,1350.0,1350.0,True,20000.0,0.0675,0.0675,True,False
SmartXPro_CN,WaferFab_TW,IN:leaf_in:WaferFab_TW:SmartXPro_CN,2030-W29,20000.0,20000.0,True,20000.0,1.0,1.0,False,False
SmartXPro_CN,AssemblyCN,IN:mom:AssemblyCN:SmartXPro_CN,2030-W30,0.0,,True,20000.0,,,False,True
SmartXPro_CN,FoundryTW,IN:mom:FoundryTW:SmartXPro_CN,2030-W30,1350.0,1350.0,True,20000.0,0.0675,0.0675,False,False
SmartXPro_CN,Buffer_Chip_TW,IN:mom:Buffer_Chip_TW:SmartXPro_CN,2030-W30,1350.0,1350.0,True,20000.0,0.0675,0.0675,True,False
SmartXPro_CN,WaferFab_TW,IN:leaf_in:WaferFab_TW:SmartXPro_CN,2030-W30,20000.0,20000.0,True,20000.0,1.0,1.0,False,False
SmartXPro_CN,AssemblyCN,IN:mom:AssemblyCN:SmartXPro_CN,2030-W31,0.0,,True,20000.0,,,False,True
SmartXPro_CN,FoundryTW,IN:mom:FoundryTW:SmartXPro_CN,2030-W31,1350.0,1350.0,True,20000.0,0.0675,0.0675,False,False
SmartXPro_CN,Buffer_Chip_TW,IN:mom:Buffer_Chip_TW:SmartXPro_CN,2030-W31,1350.0,1350.0,True,20000.0,0.0675,0.0675,True,False
SmartXPro_CN,WaferFab_TW,IN:leaf_in:WaferFab_TW:SmartXPro_CN,2030-W31,20000.0,20000.0,True,20000.0,1.0,1.0,False,False
SmartXPro_CN,AssemblyCN,IN:mom:AssemblyCN:SmartXPro_CN,2030-W32,0.0,,True,20000.0,,,False,True
SmartXPro_CN,FoundryTW,IN:mom:FoundryTW:SmartXPro_CN,2030-W32,1350.0,1350.0,True,20000.0,0.0675,0.0675,False,False
SmartXPro_CN,Buffer_Chip_TW,IN:mom:Buffer_Chip_TW:SmartXPro_CN,2030-W32,1350.0,1350.0,True,20000.0,0.0675,0.0675,True,False
SmartXPro_CN,WaferFab_TW,IN:leaf_in:WaferFab_TW:SmartXPro_CN,2030-W32,20000.0,20000.0,True,20000.0,1.0,1.0,False,False
SmartXPro_CN,AssemblyCN,IN:mom:AssemblyCN:SmartXPro_CN,2030-W33,0.0,,True,20000.0,,,False,True
SmartXPro_CN,FoundryTW,IN:mom:FoundryTW:SmartXPro_CN,2030-W33,1350.0,1350.0,True,20000.0,0.0675,0.0675,False,False
SmartXPro_CN,Buffer_Chip_TW,IN:mom:Buffer_Chip_TW:SmartXPro_CN,2030-W33,1350.0,1350.0,True,20000.0,0.0675,0.0675,True,False
SmartXPro_CN,WaferFab_TW,IN:leaf_in:WaferFab_TW:SmartXPro_CN,2030-W33,20000.0,20000.0,True,20000.0,1.0,1.0,False,False
SmartXPro_CN,AssemblyCN,IN:mom:AssemblyCN:SmartXPro_CN,2030-W34,0.0,,True,20000.0,,,False,True
SmartXPro_CN,FoundryTW,IN:mom:FoundryTW:SmartXPro_CN,2030-W34,1350.0,1350.0,True,20000.0,0.0675,0.0675,False,False
SmartXPro_CN,Buffer_Chip_TW,IN:mom:Buffer_Chip_TW:SmartXPro_CN,2030-W34,1350.0,1350.0,True,20000.0,0.0675,0.0675,True,False
SmartXPro_CN,WaferFab_TW,IN:leaf_in:WaferFab_TW:SmartXPro_CN,2030-W34,20000.0,20000.0,True,20000.0,1.0,1.0,False,False
SmartXPro_CN,AssemblyCN,IN:mom:AssemblyCN:SmartXPro_CN,2030-W35,0.0,,True,20000.0,,,False,True
SmartXPro_CN,FoundryTW,IN:mom:FoundryTW:SmartXPro_CN,2030-W35,1350.0,1350.0,True,20000.0,0.0675,0.0675,False,False
SmartXPro_CN,Buffer_Chip_TW,IN:mom:Buffer_Chip_TW:SmartXPro_CN,2030-W35,1350.0,1350.0,True,20000.0,0.0675,0.0675,True,False
SmartXPro_CN,WaferFab_TW,IN:leaf_in:WaferFab_TW:SmartXPro_CN,2030-W35,20000.0,20000.0,True,20000.0,1.0,1.0,False,False
SmartXPro_CN,AssemblyCN,IN:mom:AssemblyCN:SmartXPro_CN,2030-W36,0.0,,True,20000.0,,,False,True
SmartXPro_CN,FoundryTW,IN:mom:FoundryTW:SmartXPro_CN,2030-W36,1350.0,1350.0,True,20000.0,0.0675,0.0675,False,False
SmartXPro_CN,Buffer_Chip_TW,IN:mom:Buffer_Chip_TW:SmartXPro_CN,2030-W36,1350.0,1350.0,True,20000.0,0.0675,0.0675,True,False
SmartXPro_CN,WaferFab_TW,IN:leaf_in:WaferFab_TW:SmartXPro_CN,2030-W36,20000.0,20000.0,True,20000.0,1.0,1.0,False,False
SmartXPro_CN,AssemblyCN,IN:mom:AssemblyCN:SmartXPro_CN,2030-W37,0.0,,True,20000.0,,,False,True
SmartXPro_CN,FoundryTW,IN:mom:FoundryTW:SmartXPro_CN,2030-W37,1350.0,1350.0,True,20000.0,0.0675,0.0675,False,False
SmartXPro_CN,Buffer_Chip_TW,IN:mom:Buffer_Chip_TW:SmartXPro_CN,2030-W37,1350.0,1350.0,True,20000.0,0.0675,0.0675,True,False
SmartXPro_CN,WaferFab_TW,IN:leaf_in:WaferFab_TW:SmartXPro_CN,2030-W37,20000.0,20000.0,True,20000.0,1.0,1.0,False,False
SmartXPro_CN,AssemblyCN,IN:mom:AssemblyCN:SmartXPro_CN,2030-W38,0.0,,True,20000.0,,,False,True
SmartXPro_CN,FoundryTW,IN:mom:FoundryTW:SmartXPro_CN,2030-W38,1350.0,1350.0,True,20000.0,0.0675,0.0675,False,False
SmartXPro_CN,Buffer_Chip_TW,IN:mom:Buffer_Chip_TW:SmartXPro_CN,2030-W38,1350.0,1350.0,True,20000.0,0.0675,0.0675,True,False
SmartXPro_CN,WaferFab_TW,IN:leaf_in:WaferFab_TW:SmartXPro_CN,2030-W38,20000.0,20000.0,True,20000.0,1.0,1.0,False,False
SmartXPro_CN,AssemblyCN,IN:mom:AssemblyCN:SmartXPro_CN,2030-W39,0.0,,True,20000.0,,,False,True
SmartXPro_CN,FoundryTW,IN:mom:FoundryTW:SmartXPro_CN,2030-W39,1350.0,1350.0,True,20000.0,0.0675,0.0675,False,False
SmartXPro_CN,Buffer_Chip_TW,IN:mom:Buffer_Chip_TW:SmartXPro_CN,2030-W39,1350.0,1350.0,True,20000.0,0.0675,0.0675,True,False
SmartXPro_CN,WaferFab_TW,IN:leaf_in:WaferFab_TW:SmartXPro_CN,2030-W39,20000.0,20000.0,True,20000.0,1.0,1.0,False,False
SmartXPro_CN,AssemblyCN,IN:mom:AssemblyCN:SmartXPro_CN,2030-W40,0.0,,True,20000.0,,,False,True
SmartXPro_CN,FoundryTW,IN:mom:FoundryTW:SmartXPro_CN,2030-W40,1350.0,1350.0,True,20000.0,0.0675,0.0675,False,False
SmartXPro_CN,Buffer_Chip_TW,IN:mom:Buffer_Chip_TW:SmartXPro_CN,2030-W40,1350.0,1350.0,True,20000.0,0.0675,0.0675,True,False
SmartXPro_CN,WaferFab_TW,IN:leaf_in:WaferFab_TW:SmartXPro_CN,2030-W40,20000.0,20000.0,True,20000.0,1.0,1.0,False,False
SmartXPro_CN,AssemblyCN,IN:mom:AssemblyCN:SmartXPro_CN,2030-W41,0.0,,True,20000.0,,,False,True
SmartXPro_CN,FoundryTW,IN:mom:FoundryTW:SmartXPro_CN,2030-W41,1350.0,1350.0,True,20000.0,0.0675,0.0675,False,False
SmartXPro_CN,Buffer_Chip_TW,IN:mom:Buffer_Chip_TW:SmartXPro_CN,2030-W41,1350.0,1350.0,True,20000.0,0.0675,0.0675,True,False
SmartXPro_CN,WaferFab_TW,IN:leaf_in:WaferFab_TW:SmartXPro_CN,2030-W41,20000.0,20000.0,True,20000.0,1.0,1.0,False,False
SmartXPro_CN,AssemblyCN,IN:mom:AssemblyCN:SmartXPro_CN,2030-W42,0.0,,True,20000.0,,,False,True
SmartXPro_CN,FoundryTW,IN:mom:FoundryTW:SmartXPro_CN,2030-W42,1350.0,1350.0,True,20000.0,0.0675,0.0675,False,False
SmartXPro_CN,Buffer_Chip_TW,IN:mom:Buffer_Chip_TW:SmartXPro_CN,2030-W42,1350.0,1350.0,True,20000.0,0.0675,0.0675,True,False
SmartXPro_CN,WaferFab_TW,IN:leaf_in:WaferFab_TW:SmartXPro_CN,2030-W42,20000.0,20000.0,True,20000.0,1.0,1.0,False,False
SmartXPro_CN,AssemblyCN,IN:mom:AssemblyCN:SmartXPro_CN,2030-W43,0.0,,True,20000.0,,,False,True
SmartXPro_CN,FoundryTW,IN:mom:FoundryTW:SmartXPro_CN,2030-W43,1350.0,1350.0,True,20000.0,0.0675,0.0675,False,False
SmartXPro_CN,Buffer_Chip_TW,IN:mom:Buffer_Chip_TW:SmartXPro_CN,2030-W43,1350.0,1350.0,True,20000.0,0.0675,0.0675,True,False
SmartXPro_CN,WaferFab_TW,IN:leaf_in:WaferFab_TW:SmartXPro_CN,2030-W43,20000.0,20000.0,True,20000.0,1.0,1.0,False,False
SmartXPro_CN,AssemblyCN,IN:mom:AssemblyCN:SmartXPro_CN,2030-W44,0.0,,True,20000.0,,,False,True
SmartXPro_CN,FoundryTW,IN:mom:FoundryTW:SmartXPro_CN,2030-W44,1350.0,1350.0,True,20000.0,0.0675,0.0675,False,False
SmartXPro_CN,Buffer_Chip_TW,IN:mom:Buffer_Chip_TW:SmartXPro_CN,2030-W44,1350.0,1350.0,True,20000.0,0.0675,0.0675,True,False
SmartXPro_CN,WaferFab_TW,IN:leaf_in:WaferFab_TW:SmartXPro_CN,2030-W44,20000.0,20000.0,True,20000.0,1.0,1.0,False,False
SmartXPro_CN,AssemblyCN,IN:mom:AssemblyCN:SmartXPro_CN,2030-W45,0.0,,True,20000.0,,,False,True
SmartXPro_CN,FoundryTW,IN:mom:FoundryTW:SmartXPro_CN,2030-W45,1350.0,1350.0,True,20000.0,0.0675,0.0675,False,False
SmartXPro_CN,Buffer_Chip_TW,IN:mom:Buffer_Chip_TW:SmartXPro_CN,2030-W45,1350.0,1350.0,True,20000.0,0.0675,0.0675,True,False
SmartXPro_CN,WaferFab_TW,IN:leaf_in:WaferFab_TW:SmartXPro_CN,2030-W45,20000.0,20000.0,True,20000.0,1.0,1.0,False,False
SmartXPro_CN,AssemblyCN,IN:mom:AssemblyCN:SmartXPro_CN,2030-W46,0.0,,True,20000.0,,,False,True
SmartXPro_CN,FoundryTW,IN:mom:FoundryTW:SmartXPro_CN,2030-W46,1350.0,1350.0,True,20000.0,0.0675,0.0675,False,False
SmartXPro_CN,Buffer_Chip_TW,IN:mom:Buffer_Chip_TW:SmartXPro_CN,2030-W46,1350.0,1350.0,True,20000.0,0.0675,0.0675,True,False
SmartXPro_CN,WaferFab_TW,IN:leaf_in:WaferFab_TW:SmartXPro_CN,2030-W46,20000.0,20000.0,True,20000.0,1.0,1.0,False,False
SmartXPro_CN,AssemblyCN,IN:mom:AssemblyCN:SmartXPro_CN,2030-W47,0.0,,True,20000.0,,,False,True
SmartXPro_CN,FoundryTW,IN:mom:FoundryTW:SmartXPro_CN,2030-W47,1350.0,1350.0,True,20000.0,0.0675,0.0675,False,False
SmartXPro_CN,Buffer_Chip_TW,IN:mom:Buffer_Chip_TW:SmartXPro_CN,2030-W47,1350.0,1350.0,True,20000.0,0.0675,0.0675,True,False
SmartXPro_CN,WaferFab_TW,IN:leaf_in:WaferFab_TW:SmartXPro_CN,2030-W47,20000.0,20000.0,True,20000.0,1.0,1.0,False,False
SmartXPro_CN,AssemblyCN,IN:mom:AssemblyCN:SmartXPro_CN,2030-W48,0.0,,True,20000.0,,,False,True
SmartXPro_CN,FoundryTW,IN:mom:FoundryTW:SmartXPro_CN,2030-W48,1350.0,1350.0,True,20000.0,0.0675,0.0675,False,False
SmartXPro_CN,Buffer_Chip_TW,IN:mom:Buffer_Chip_TW:SmartXPro_CN,2030-W48,1350.0,1350.0,True,20000.0,0.0675,0.0675,True,False
SmartXPro_CN,WaferFab_TW,IN:leaf_in:WaferFab_TW:SmartXPro_CN,2030-W48,20000.0,20000.0,True,20000.0,1.0,1.0,False,False
SmartXPro_CN,AssemblyCN,IN:mom:AssemblyCN:SmartXPro_CN,2030-W49,0.0,,True,20000.0,,,False,True
SmartXPro_CN,FoundryTW,IN:mom:FoundryTW:SmartXPro_CN,2030-W49,1350.0,1350.0,True,20000.0,0.0675,0.0675,False,False
SmartXPro_CN,Buffer_Chip_TW,IN:mom:Buffer_Chip_TW:SmartXPro_CN,2030-W49,1350.0,1350.0,True,20000.0,0.0675,0.0675,True,False
SmartXPro_CN,WaferFab_TW,IN:leaf_in:WaferFab_TW:SmartXPro_CN,2030-W49,20000.0,20000.0,True,20000.0,1.0,1.0,False,False
SmartXPro_CN,AssemblyCN,IN:mom:AssemblyCN:SmartXPro_CN,2030-W50,0.0,,True,20000.0,,,False,True
SmartXPro_CN,FoundryTW,IN:mom:FoundryTW:SmartXPro_CN,2030-W50,1350.0,1350.0,True,20000.0,0.0675,0.0675,False,False
SmartXPro_CN,Buffer_Chip_TW,IN:mom:Buffer_Chip_TW:SmartXPro_CN,2030-W50,1350.0,1350.0,True,20000.0,0.0675,0.0675,True,False
SmartXPro_CN,WaferFab_TW,IN:leaf_in:WaferFab_TW:SmartXPro_CN,2030-W50,20000.0,20000.0,True,20000.0,1.0,1.0,False,False
SmartXPro_CN,AssemblyCN,IN:mom:AssemblyCN:SmartXPro_CN,2030-W51,0.0,,True,20000.0,,,False,True
SmartXPro_CN,FoundryTW,IN:mom:FoundryTW:SmartXPro_CN,2030-W51,1350.0,1350.0,True,20000.0,0.0675,0.0675,False,False
SmartXPro_CN,Buffer_Chip_TW,IN:mom:Buffer_Chip_TW:SmartXPro_CN,2030-W51,1350.0,1350.0,True,20000.0,0.0675,0.0675,True,False
SmartXPro_CN,WaferFab_TW,IN:leaf_in:WaferFab_TW:SmartXPro_CN,2030-W51,20000.0,20000.0,True,20000.0,1.0,1.0,False,False
SmartXPro_CN,AssemblyCN,IN:mom:AssemblyCN:SmartXPro_CN,2030-W52,0.0,,True,20000.0,,,False,True
SmartXPro_CN,FoundryTW,IN:mom:FoundryTW:SmartXPro_CN,2030-W52,1350.0,1350.0,True,20000.0,0.0675,0.0675,False,False
SmartXPro_CN,Buffer_Chip_TW,IN:mom:Buffer_Chip_TW:SmartXPro_CN,2030-W52,1350.0,1350.0,True,20000.0,0.0675,0.0675,True,False
SmartXPro_CN,WaferFab_TW,IN:leaf_in:WaferFab_TW:SmartXPro_CN,2030-W52,20000.0,20000.0,True,20000.0,1.0,1.0,False,False
SmartXPro_IN,AssemblyIN,IN:mom:AssemblyIN:SmartXPro_IN,2025-W36,1119.0,1119.0,True,1169.0,0.9572284003421728,0.9572284003421728,False,False
SmartXPro_IN,SensorIN,IN:leaf_in:SensorIN:SmartXPro_IN,2025-W36,1169.0,1169.0,True,1169.0,1.0,1.0,False,False
SmartXPro_IN,AssemblyIN,IN:mom:AssemblyIN:SmartXPro_IN,2025-W37,1119.0,1119.0,True,1169.0,0.9572284003421728,0.9572284003421728,False,False
SmartXPro_IN,SensorIN,IN:leaf_in:SensorIN:SmartXPro_IN,2025-W37,1169.0,1169.0,True,1169.0,1.0,1.0,False,False
SmartXPro_IN,AssemblyIN,IN:mom:AssemblyIN:SmartXPro_IN,2025-W38,1119.0,1119.0,True,1169.0,0.9572284003421728,0.9572284003421728,False,False
SmartXPro_IN,SensorIN,IN:leaf_in:SensorIN:SmartXPro_IN,2025-W38,1169.0,1169.0,True,1169.0,1.0,1.0,False,False
SmartXPro_IN,AssemblyIN,IN:mom:AssemblyIN:SmartXPro_IN,2025-W39,1119.0,1119.0,True,1169.0,0.9572284003421728,0.9572284003421728,False,False
SmartXPro_IN,SensorIN,IN:leaf_in:SensorIN:SmartXPro_IN,2025-W39,1169.0,1169.0,True,1169.0,1.0,1.0,False,False
SmartXPro_IN,AssemblyIN,IN:mom:AssemblyIN:SmartXPro_IN,2025-W40,1119.0,1119.0,True,1169.0,0.9572284003421728,0.9572284003421728,False,False
SmartXPro_IN,SensorIN,IN:leaf_in:SensorIN:SmartXPro_IN,2025-W40,1169.0,1169.0,True,1169.0,1.0,1.0,False,False
SmartXPro_IN,AssemblyIN,IN:mom:AssemblyIN:SmartXPro_IN,2025-W41,1119.0,1119.0,True,1169.0,0.9572284003421728,0.9572284003421728,False,False
SmartXPro_IN,SensorIN,IN:leaf_in:SensorIN:SmartXPro_IN,2025-W41,1169.0,1169.0,True,1169.0,1.0,1.0,False,False
SmartXPro_IN,AssemblyIN,IN:mom:AssemblyIN:SmartXPro_IN,2025-W42,1119.0,1119.0,True,1169.0,0.9572284003421728,0.9572284003421728,False,False
SmartXPro_IN,SensorIN,IN:leaf_in:SensorIN:SmartXPro_IN,2025-W42,1169.0,1169.0,True,1169.0,1.0,1.0,False,False
SmartXPro_IN,AssemblyIN,IN:mom:AssemblyIN:SmartXPro_IN,2025-W43,1119.0,1119.0,True,1169.0,0.9572284003421728,0.9572284003421728,False,False
SmartXPro_IN,SensorIN,IN:leaf_in:SensorIN:SmartXPro_IN,2025-W43,1169.0,1169.0,True,1169.0,1.0,1.0,False,False
SmartXPro_IN,AssemblyIN,IN:mom:AssemblyIN:SmartXPro_IN,2025-W44,1119.0,1119.0,True,1169.0,0.9572284003421728,0.9572284003421728,False,False
SmartXPro_IN,SensorIN,IN:leaf_in:SensorIN:SmartXPro_IN,2025-W44,1169.0,1169.0,True,1169.0,1.0,1.0,False,False
SmartXPro_IN,AssemblyIN,IN:mom:AssemblyIN:SmartXPro_IN,2025-W45,1119.0,1119.0,True,1169.0,0.9572284003421728,0.9572284003421728,False,False
SmartXPro_IN,SensorIN,IN:leaf_in:SensorIN:SmartXPro_IN,2025-W45,1169.0,1169.0,True,1169.0,1.0,1.0,False,False
SmartXPro_IN,AssemblyIN,IN:mom:AssemblyIN:SmartXPro_IN,2025-W46,1119.0,1119.0,True,1169.0,0.9572284003421728,0.9572284003421728,False,False
SmartXPro_IN,SensorIN,IN:leaf_in:SensorIN:SmartXPro_IN,2025-W46,1169.0,1169.0,True,1169.0,1.0,1.0,False,False
SmartXPro_IN,AssemblyIN,IN:mom:AssemblyIN:SmartXPro_IN,2025-W47,1119.0,1119.0,True,1169.0,0.9572284003421728,0.9572284003421728,False,False
SmartXPro_IN,SensorIN,IN:leaf_in:SensorIN:SmartXPro_IN,2025-W47,1169.0,1169.0,True,1169.0,1.0,1.0,False,False
SmartXPro_IN,AssemblyIN,IN:mom:AssemblyIN:SmartXPro_IN,2025-W48,1119.0,1119.0,True,1169.0,0.9572284003421728,0.9572284003421728,False,False
SmartXPro_IN,SensorIN,IN:leaf_in:SensorIN:SmartXPro_IN,2025-W48,1169.0,1169.0,True,1169.0,1.0,1.0,False,False
SmartXPro_IN,AssemblyIN,IN:mom:AssemblyIN:SmartXPro_IN,2025-W49,1119.0,1119.0,True,1169.0,0.9572284003421728,0.9572284003421728,False,False
SmartXPro_IN,SensorIN,IN:leaf_in:SensorIN:SmartXPro_IN,2025-W49,1169.0,1169.0,True,1169.0,1.0,1.0,False,False
SmartXPro_IN,AssemblyIN,IN:mom:AssemblyIN:SmartXPro_IN,2025-W50,1119.0,1119.0,True,1169.0,0.9572284003421728,0.9572284003421728,False,False
SmartXPro_IN,SensorIN,IN:leaf_in:SensorIN:SmartXPro_IN,2025-W50,1169.0,1169.0,True,1169.0,1.0,1.0,False,False
SmartXPro_IN,AssemblyIN,IN:mom:AssemblyIN:SmartXPro_IN,2025-W51,1119.0,1119.0,True,1169.0,0.9572284003421728,0.9572284003421728,False,False
SmartXPro_IN,SensorIN,IN:leaf_in:SensorIN:SmartXPro_IN,2025-W51,1169.0,1169.0,True,1169.0,1.0,1.0,False,False
SmartXPro_IN,AssemblyIN,IN:mom:AssemblyIN:SmartXPro_IN,2025-W52,1119.0,1119.0,True,1169.0,0.9572284003421728,0.9572284003421728,False,False
SmartXPro_IN,SensorIN,IN:leaf_in:SensorIN:SmartXPro_IN,2025-W52,1169.0,1169.0,True,1169.0,1.0,1.0,False,False
SmartXPro_IN,AssemblyIN,IN:mom:AssemblyIN:SmartXPro_IN,2026-W01,1119.0,1119.0,True,1169.0,0.9572284003421728,0.9572284003421728,False,False
SmartXPro_IN,SensorIN,IN:leaf_in:SensorIN:SmartXPro_IN,2026-W01,1169.0,1169.0,True,1169.0,1.0,1.0,False,False
SmartXPro_IN,AssemblyIN,IN:mom:AssemblyIN:SmartXPro_IN,2026-W02,1115.0,1115.0,True,1165.0,0.9570815450643777,0.9570815450643777,False,False
SmartXPro_IN,SensorIN,IN:leaf_in:SensorIN:SmartXPro_IN,2026-W02,1165.0,1165.0,True,1165.0,1.0,1.0,False,False
SmartXPro_IN,AssemblyIN,IN:mom:AssemblyIN:SmartXPro_IN,2026-W03,1111.0,1111.0,True,1161.0,0.9569336778639104,0.9569336778639104,False,False
SmartXPro_IN,SensorIN,IN:leaf_in:SensorIN:SmartXPro_IN,2026-W03,1161.0,1161.0,True,1161.0,1.0,1.0,False,False
SmartXPro_IN,AssemblyIN,IN:mom:AssemblyIN:SmartXPro_IN,2026-W04,1107.0,1107.0,True,1157.0,0.9567847882454624,0.9567847882454624,False,False
SmartXPro_IN,SensorIN,IN:leaf_in:SensorIN:SmartXPro_IN,2026-W04,1157.0,1157.0,True,1157.0,1.0,1.0,False,False
SmartXPro_IN,AssemblyIN,IN:mom:AssemblyIN:SmartXPro_IN,2026-W05,1102.0,1102.0,True,1152.0,0.9565972222222222,0.9565972222222222,False,False
SmartXPro_IN,SensorIN,IN:leaf_in:SensorIN:SmartXPro_IN,2026-W05,1152.0,1152.0,True,1152.0,1.0,1.0,False,False
SmartXPro_IN,AssemblyIN,IN:mom:AssemblyIN:SmartXPro_IN,2026-W06,1098.0,1098.0,True,1148.0,0.9564459930313589,0.9564459930313589,False,False
SmartXPro_IN,SensorIN,IN:leaf_in:SensorIN:SmartXPro_IN,2026-W06,1148.0,1148.0,True,1148.0,1.0,1.0,False,False
SmartXPro_IN,AssemblyIN,IN:mom:AssemblyIN:SmartXPro_IN,2026-W07,1094.0,1094.0,True,1144.0,0.9562937062937062,0.9562937062937062,False,False
SmartXPro_IN,SensorIN,IN:leaf_in:SensorIN:SmartXPro_IN,2026-W07,1144.0,1144.0,True,1144.0,1.0,1.0,False,False
SmartXPro_IN,AssemblyIN,IN:mom:AssemblyIN:SmartXPro_IN,2026-W08,1090.0,1090.0,True,1140.0,0.956140350877193,0.956140350877193,False,False
SmartXPro_IN,SensorIN,IN:leaf_in:SensorIN:SmartXPro_IN,2026-W08,1140.0,1140.0,True,1140.0,1.0,1.0,False,False
SmartXPro_IN,AssemblyIN,IN:mom:AssemblyIN:SmartXPro_IN,2026-W09,1086.0,1086.0,True,1136.0,0.9559859154929577,0.9559859154929577,False,False
SmartXPro_IN,SensorIN,IN:leaf_in:SensorIN:SmartXPro_IN,2026-W09,1136.0,1136.0,True,1136.0,1.0,1.0,False,False
SmartXPro_IN,AssemblyIN,IN:mom:AssemblyIN:SmartXPro_IN,2026-W10,1082.0,1082.0,True,1132.0,0.9558303886925795,0.9558303886925795,False,False
SmartXPro_IN,SensorIN,IN:leaf_in:SensorIN:SmartXPro_IN,2026-W10,1132.0,1132.0,True,1132.0,1.0,1.0,False,False
SmartXPro_IN,AssemblyIN,IN:mom:AssemblyIN:SmartXPro_IN,2026-W11,1078.0,1078.0,True,1128.0,0.9556737588652482,0.9556737588652482,False,False
SmartXPro_IN,SensorIN,IN:leaf_in:SensorIN:SmartXPro_IN,2026-W11,1128.0,1128.0,True,1128.0,1.0,1.0,False,False
SmartXPro_IN,AssemblyIN,IN:mom:AssemblyIN:SmartXPro_IN,2026-W12,1074.0,1074.0,True,1124.0,0.9555160142348754,0.9555160142348754,False,False
SmartXPro_IN,SensorIN,IN:leaf_in:SensorIN:SmartXPro_IN,2026-W12,1124.0,1124.0,True,1124.0,1.0,1.0,False,False
SmartXPro_IN,AssemblyIN,IN:mom:AssemblyIN:SmartXPro_IN,2026-W13,1069.0,1069.0,True,1119.0,0.9553172475424486,0.9553172475424486,False,False
SmartXPro_IN,SensorIN,IN:leaf_in:SensorIN:SmartXPro_IN,2026-W13,1119.0,1119.0,True,1119.0,1.0,1.0,False,False
SmartXPro_IN,AssemblyIN,IN:mom:AssemblyIN:SmartXPro_IN,2026-W14,1065.0,1065.0,True,1115.0,0.9551569506726457,0.9551569506726457,False,False
SmartXPro_IN,SensorIN,IN:leaf_in:SensorIN:SmartXPro_IN,2026-W14,1115.0,1115.0,True,1115.0,1.0,1.0,False,False
SmartXPro_IN,AssemblyIN,IN:mom:AssemblyIN:SmartXPro_IN,2026-W15,1061.0,1061.0,True,1111.0,0.954995499549955,0.954995499549955,False,False
SmartXPro_IN,SensorIN,IN:leaf_in:SensorIN:SmartXPro_IN,2026-W15,1111.0,1111.0,True,1111.0,1.0,1.0,False,False
SmartXPro_IN,AssemblyIN,IN:mom:AssemblyIN:SmartXPro_IN,2026-W16,1057.0,1057.0,True,1107.0,0.95483288166215,0.95483288166215,False,False
SmartXPro_IN,SensorIN,IN:leaf_in:SensorIN:SmartXPro_IN,2026-W16,1107.0,1107.0,True,1107.0,1.0,1.0,False,False
SmartXPro_IN,AssemblyIN,IN:mom:AssemblyIN:SmartXPro_IN,2026-W17,1053.0,1053.0,True,1103.0,0.9546690843155031,0.9546690843155031,False,False
SmartXPro_IN,SensorIN,IN:leaf_in:SensorIN:SmartXPro_IN,2026-W17,1103.0,1103.0,True,1103.0,1.0,1.0,False,False
SmartXPro_IN,AssemblyIN,IN:mom:AssemblyIN:SmartXPro_IN,2026-W18,1049.0,1049.0,True,1099.0,0.9545040946314831,0.9545040946314831,False,False
SmartXPro_IN,SensorIN,IN:leaf_in:SensorIN:SmartXPro_IN,2026-W18,1099.0,1099.0,True,1099.0,1.0,1.0,False,False
SmartXPro_IN,AssemblyIN,IN:mom:AssemblyIN:SmartXPro_IN,2026-W19,1045.0,1045.0,True,1095.0,0.954337899543379,0.954337899543379,False,False
SmartXPro_IN,SensorIN,IN:leaf_in:SensorIN:SmartXPro_IN,2026-W19,1095.0,1095.0,True,1095.0,1.0,1.0,False,False
SmartXPro_IN,AssemblyIN,IN:mom:AssemblyIN:SmartXPro_IN,2026-W20,1040.0,1040.0,True,1090.0,0.9541284403669725,0.9541284403669725,False,False
SmartXPro_IN,SensorIN,IN:leaf_in:SensorIN:SmartXPro_IN,2026-W20,1090.0,1090.0,True,1090.0,1.0,1.0,False,False
SmartXPro_IN,AssemblyIN,IN:mom:AssemblyIN:SmartXPro_IN,2026-W21,1036.0,1036.0,True,1086.0,0.9539594843462247,0.9539594843462247,False,False
SmartXPro_IN,SensorIN,IN:leaf_in:SensorIN:SmartXPro_IN,2026-W21,1086.0,1086.0,True,1086.0,1.0,1.0,False,False
SmartXPro_IN,AssemblyIN,IN:mom:AssemblyIN:SmartXPro_IN,2026-W22,1032.0,1032.0,True,1082.0,0.9537892791127541,0.9537892791127541,False,False
SmartXPro_IN,SensorIN,IN:leaf_in:SensorIN:SmartXPro_IN,2026-W22,1082.0,1082.0,True,1082.0,1.0,1.0,False,False
SmartXPro_IN,AssemblyIN,IN:mom:AssemblyIN:SmartXPro_IN,2026-W23,1028.0,1028.0,True,1078.0,0.9536178107606679,0.9536178107606679,False,False
SmartXPro_IN,SensorIN,IN:leaf_in:SensorIN:SmartXPro_IN,2026-W23,1078.0,1078.0,True,1078.0,1.0,1.0,False,False
SmartXPro_IN,AssemblyIN,IN:mom:AssemblyIN:SmartXPro_IN,2026-W24,1024.0,1024.0,True,1074.0,0.9534450651769087,0.9534450651769087,False,False
SmartXPro_IN,SensorIN,IN:leaf_in:SensorIN:SmartXPro_IN,2026-W24,1074.0,1074.0,True,1074.0,1.0,1.0,False,False
SmartXPro_IN,AssemblyIN,IN:mom:AssemblyIN:SmartXPro_IN,2026-W25,1020.0,1020.0,True,1070.0,0.9532710280373832,0.9532710280373832,False,False
SmartXPro_IN,SensorIN,IN:leaf_in:SensorIN:SmartXPro_IN,2026-W25,1070.0,1070.0,True,1070.0,1.0,1.0,False,False
SmartXPro_IN,AssemblyIN,IN:mom:AssemblyIN:SmartXPro_IN,2026-W26,1016.0,1016.0,True,1066.0,0.9530956848030019,0.9530956848030019,False,False
SmartXPro_IN,SensorIN,IN:leaf_in:SensorIN:SmartXPro_IN,2026-W26,1066.0,1066.0,True,1066.0,1.0,1.0,False,False
SmartXPro_IN,AssemblyIN,IN:mom:AssemblyIN:SmartXPro_IN,2026-W27,1012.0,1012.0,True,1062.0,0.9529190207156308,0.9529190207156308,False,False
SmartXPro_IN,SensorIN,IN:leaf_in:SensorIN:SmartXPro_IN,2026-W27,1062.0,1062.0,True,1062.0,1.0,1.0,False,False
SmartXPro_IN,AssemblyIN,IN:mom:AssemblyIN:SmartXPro_IN,2026-W28,1007.0,1007.0,True,1057.0,0.9526963103122044,0.9526963103122044,False,False
SmartXPro_IN,SensorIN,IN:leaf_in:SensorIN:SmartXPro_IN,2026-W28,1057.0,1057.0,True,1057.0,1.0,1.0,False,False
SmartXPro_IN,AssemblyIN,IN:mom:AssemblyIN:SmartXPro_IN,2026-W29,1003.0,1003.0,True,1053.0,0.9525166191832859,0.9525166191832859,False,False
SmartXPro_IN,SensorIN,IN:leaf_in:SensorIN:SmartXPro_IN,2026-W29,1053.0,1053.0,True,1053.0,1.0,1.0,False,False
SmartXPro_IN,AssemblyIN,IN:mom:AssemblyIN:SmartXPro_IN,2026-W30,999.0,999.0,True,1049.0,0.9523355576739753,0.9523355576739753,False,False
SmartXPro_IN,SensorIN,IN:leaf_in:SensorIN:SmartXPro_IN,2026-W30,1049.0,1049.0,True,1049.0,1.0,1.0,False,False
SmartXPro_IN,AssemblyIN,IN:mom:AssemblyIN:SmartXPro_IN,2026-W31,995.0,995.0,True,1045.0,0.9521531100478469,0.9521531100478469,False,False
SmartXPro_IN,SensorIN,IN:leaf_in:SensorIN:SmartXPro_IN,2026-W31,1045.0,1045.0,True,1045.0,1.0,1.0,False,False
SmartXPro_IN,AssemblyIN,IN:mom:AssemblyIN:SmartXPro_IN,2026-W32,991.0,991.0,True,1041.0,0.951969260326609,0.951969260326609,False,False
SmartXPro_IN,SensorIN,IN:leaf_in:SensorIN:SmartXPro_IN,2026-W32,1041.0,1041.0,True,1041.0,1.0,1.0,False,False
SmartXPro_IN,AssemblyIN,IN:mom:AssemblyIN:SmartXPro_IN,2026-W33,987.0,987.0,True,1037.0,0.9517839922854388,0.9517839922854388,False,False
SmartXPro_IN,SensorIN,IN:leaf_in:SensorIN:SmartXPro_IN,2026-W33,1037.0,1037.0,True,1037.0,1.0,1.0,False,False
SmartXPro_IN,AssemblyIN,IN:mom:AssemblyIN:SmartXPro_IN,2026-W34,983.0,983.0,True,1033.0,0.9515972894482091,0.9515972894482091,False,False
SmartXPro_IN,SensorIN,IN:leaf_in:SensorIN:SmartXPro_IN,2026-W34,1033.0,1033.0,True,1033.0,1.0,1.0,False,False
SmartXPro_IN,AssemblyIN,IN:mom:AssemblyIN:SmartXPro_IN,2026-W35,978.0,978.0,True,1028.0,0.9513618677042801,0.9513618677042801,False,False
SmartXPro_IN,SensorIN,IN:leaf_in:SensorIN:SmartXPro_IN,2026-W35,1028.0,1028.0,True,1028.0,1.0,1.0,False,False
SmartXPro_IN,AssemblyIN,IN:mom:AssemblyIN:SmartXPro_IN,2026-W36,974.0,974.0,True,1024.0,0.951171875,0.951171875,False,False
SmartXPro_IN,SensorIN,IN:leaf_in:SensorIN:SmartXPro_IN,2026-W36,1024.0,1024.0,True,1024.0,1.0,1.0,False,False
SmartXPro_IN,AssemblyIN,IN:mom:AssemblyIN:SmartXPro_IN,2026-W37,970.0,970.0,True,1020.0,0.9509803921568627,0.9509803921568627,False,False
SmartXPro_IN,SensorIN,IN:leaf_in:SensorIN:SmartXPro_IN,2026-W37,1020.0,1020.0,True,1020.0,1.0,1.0,False,False
SmartXPro_IN,AssemblyIN,IN:mom:AssemblyIN:SmartXPro_IN,2026-W38,966.0,966.0,True,1016.0,0.9507874015748031,0.9507874015748031,False,False
SmartXPro_IN,SensorIN,IN:leaf_in:SensorIN:SmartXPro_IN,2026-W38,1016.0,1016.0,True,1016.0,1.0,1.0,False,False
SmartXPro_IN,AssemblyIN,IN:mom:AssemblyIN:SmartXPro_IN,2026-W39,962.0,962.0,True,1012.0,0.950592885375494,0.950592885375494,False,False
SmartXPro_IN,SensorIN,IN:leaf_in:SensorIN:SmartXPro_IN,2026-W39,1012.0,1012.0,True,1012.0,1.0,1.0,False,False
SmartXPro_IN,AssemblyIN,IN:mom:AssemblyIN:SmartXPro_IN,2026-W40,958.0,958.0,True,1008.0,0.9503968253968254,0.9503968253968254,False,False
SmartXPro_IN,SensorIN,IN:leaf_in:SensorIN:SmartXPro_IN,2026-W40,1008.0,1008.0,True,1008.0,1.0,1.0,False,False
SmartXPro_IN,AssemblyIN,IN:mom:AssemblyIN:SmartXPro_IN,2026-W41,954.0,954.0,True,1004.0,0.950199203187251,0.950199203187251,False,False
SmartXPro_IN,SensorIN,IN:leaf_in:SensorIN:SmartXPro_IN,2026-W41,1004.0,1004.0,True,1004.0,1.0,1.0,False,False
SmartXPro_IN,AssemblyIN,IN:mom:AssemblyIN:SmartXPro_IN,2026-W42,949.0,949.0,True,999.0,0.94994994994995,0.94994994994995,False,False
SmartXPro_IN,SensorIN,IN:leaf_in:SensorIN:SmartXPro_IN,2026-W42,999.0,999.0,True,999.0,1.0,1.0,False,False
SmartXPro_IN,AssemblyIN,IN:mom:AssemblyIN:SmartXPro_IN,2026-W43,945.0,945.0,True,995.0,0.949748743718593,0.949748743718593,False,False
SmartXPro_IN,SensorIN,IN:leaf_in:SensorIN:SmartXPro_IN,2026-W43,995.0,0.0,False,995.0,1.0,0.0,False,False
SmartXPro_IN,AssemblyIN,IN:mom:AssemblyIN:SmartXPro_IN,2026-W44,941.0,941.0,True,991.0,0.9495459132189707,0.9495459132189707,False,False
SmartXPro_IN,SensorIN,IN:leaf_in:SensorIN:SmartXPro_IN,2026-W44,991.0,991.0,True,991.0,1.0,1.0,False,False
SmartXPro_IN,AssemblyIN,IN:mom:AssemblyIN:SmartXPro_IN,2026-W45,937.0,937.0,True,987.0,0.9493414387031408,0.9493414387031408,False,False
SmartXPro_IN,SensorIN,IN:leaf_in:SensorIN:SmartXPro_IN,2026-W45,987.0,987.0,True,987.0,1.0,1.0,False,False
SmartXPro_IN,AssemblyIN,IN:mom:AssemblyIN:SmartXPro_IN,2026-W46,933.0,933.0,True,983.0,0.9491353001017294,0.9491353001017294,False,False
SmartXPro_IN,SensorIN,IN:leaf_in:SensorIN:SmartXPro_IN,2026-W46,983.0,983.0,True,983.0,1.0,1.0,False,False
SmartXPro_IN,AssemblyIN,IN:mom:AssemblyIN:SmartXPro_IN,2026-W47,929.0,929.0,True,979.0,0.9489274770173647,0.9489274770173647,False,False
SmartXPro_IN,SensorIN,IN:leaf_in:SensorIN:SmartXPro_IN,2026-W47,979.0,979.0,True,979.0,1.0,1.0,False,False
SmartXPro_IN,AssemblyIN,IN:mom:AssemblyIN:SmartXPro_IN,2026-W48,925.0,925.0,True,975.0,0.9487179487179487,0.9487179487179487,False,False
SmartXPro_IN,SensorIN,IN:leaf_in:SensorIN:SmartXPro_IN,2026-W48,975.0,975.0,True,975.0,1.0,1.0,False,False
SmartXPro_IN,AssemblyIN,IN:mom:AssemblyIN:SmartXPro_IN,2026-W49,921.0,921.0,True,971.0,0.9485066941297632,0.9485066941297632,False,False
SmartXPro_IN,SensorIN,IN:leaf_in:SensorIN:SmartXPro_IN,2026-W49,971.0,971.0,True,971.0,1.0,1.0,False,False
SmartXPro_IN,AssemblyIN,IN:mom:AssemblyIN:SmartXPro_IN,2026-W50,916.0,916.0,True,966.0,0.94824016563147,0.94824016563147,False,False
SmartXPro_IN,SensorIN,IN:leaf_in:SensorIN:SmartXPro_IN,2026-W50,966.0,966.0,True,966.0,1.0,1.0,False,False
SmartXPro_IN,AssemblyIN,IN:mom:AssemblyIN:SmartXPro_IN,2026-W51,912.0,912.0,True,962.0,0.9480249480249481,0.9480249480249481,False,False
SmartXPro_IN,SensorIN,IN:leaf_in:SensorIN:SmartXPro_IN,2026-W51,962.0,962.0,True,962.0,1.0,1.0,False,False
SmartXPro_IN,AssemblyIN,IN:mom:AssemblyIN:SmartXPro_IN,2026-W52,908.0,908.0,True,958.0,0.9478079331941545,0.9478079331941545,False,False
SmartXPro_IN,SensorIN,IN:leaf_in:SensorIN:SmartXPro_IN,2026-W52,958.0,958.0,True,958.0,1.0,1.0,False,False
SmartXPro_IN,AssemblyIN,IN:mom:AssemblyIN:SmartXPro_IN,2026-W53,904.0,904.0,True,954.0,0.9475890985324947,0.9475890985324947,False,False
SmartXPro_IN,SensorIN,IN:leaf_in:SensorIN:SmartXPro_IN,2026-W53,954.0,954.0,True,954.0,1.0,1.0,False,False
SmartXPro_IN,AssemblyIN,IN:mom:AssemblyIN:SmartXPro_IN,2027-W01,900.0,900.0,True,950.0,0.9473684210526315,0.9473684210526315,False,False
SmartXPro_IN,SensorIN,IN:leaf_in:SensorIN:SmartXPro_IN,2027-W01,950.0,950.0,True,950.0,1.0,1.0,False,False
SmartXPro_IN,AssemblyIN,IN:mom:AssemblyIN:SmartXPro_IN,2027-W02,900.0,900.0,True,950.0,0.9473684210526315,0.9473684210526315,False,False
SmartXPro_IN,SensorIN,IN:leaf_in:SensorIN:SmartXPro_IN,2027-W02,950.0,950.0,True,950.0,1.0,1.0,False,False
SmartXPro_IN,AssemblyIN,IN:mom:AssemblyIN:SmartXPro_IN,2027-W03,900.0,900.0,True,950.0,0.9473684210526315,0.9473684210526315,False,False
SmartXPro_IN,SensorIN,IN:leaf_in:SensorIN:SmartXPro_IN,2027-W03,950.0,950.0,True,950.0,1.0,1.0,False,False
SmartXPro_IN,AssemblyIN,IN:mom:AssemblyIN:SmartXPro_IN,2027-W04,900.0,900.0,True,950.0,0.9473684210526315,0.9473684210526315,False,False
SmartXPro_IN,SensorIN,IN:leaf_in:SensorIN:SmartXPro_IN,2027-W04,950.0,950.0,True,950.0,1.0,1.0,False,False
SmartXPro_IN,AssemblyIN,IN:mom:AssemblyIN:SmartXPro_IN,2027-W05,900.0,900.0,True,950.0,0.9473684210526315,0.9473684210526315,False,False
SmartXPro_IN,SensorIN,IN:leaf_in:SensorIN:SmartXPro_IN,2027-W05,950.0,950.0,True,950.0,1.0,1.0,False,False
SmartXPro_IN,AssemblyIN,IN:mom:AssemblyIN:SmartXPro_IN,2027-W06,900.0,900.0,True,950.0,0.9473684210526315,0.9473684210526315,False,False
SmartXPro_IN,SensorIN,IN:leaf_in:SensorIN:SmartXPro_IN,2027-W06,950.0,950.0,True,950.0,1.0,1.0,False,False
SmartXPro_IN,AssemblyIN,IN:mom:AssemblyIN:SmartXPro_IN,2027-W07,900.0,900.0,True,950.0,0.9473684210526315,0.9473684210526315,False,False
SmartXPro_IN,SensorIN,IN:leaf_in:SensorIN:SmartXPro_IN,2027-W07,950.0,950.0,True,950.0,1.0,1.0,False,False
SmartXPro_IN,AssemblyIN,IN:mom:AssemblyIN:SmartXPro_IN,2027-W08,900.0,900.0,True,950.0,0.9473684210526315,0.9473684210526315,False,False
SmartXPro_IN,SensorIN,IN:leaf_in:SensorIN:SmartXPro_IN,2027-W08,950.0,950.0,True,950.0,1.0,1.0,False,False
SmartXPro_IN,AssemblyIN,IN:mom:AssemblyIN:SmartXPro_IN,2027-W09,900.0,900.0,True,950.0,0.9473684210526315,0.9473684210526315,False,False
SmartXPro_IN,SensorIN,IN:leaf_in:SensorIN:SmartXPro_IN,2027-W09,950.0,950.0,True,950.0,1.0,1.0,False,False
SmartXPro_IN,AssemblyIN,IN:mom:AssemblyIN:SmartXPro_IN,2027-W10,900.0,900.0,True,950.0,0.9473684210526315,0.9473684210526315,False,False
SmartXPro_IN,SensorIN,IN:leaf_in:SensorIN:SmartXPro_IN,2027-W10,950.0,950.0,True,950.0,1.0,1.0,False,False
SmartXPro_IN,AssemblyIN,IN:mom:AssemblyIN:SmartXPro_IN,2027-W11,900.0,900.0,True,950.0,0.9473684210526315,0.9473684210526315,False,False
SmartXPro_IN,SensorIN,IN:leaf_in:SensorIN:SmartXPro_IN,2027-W11,950.0,950.0,True,950.0,1.0,1.0,False,False
SmartXPro_IN,AssemblyIN,IN:mom:AssemblyIN:SmartXPro_IN,2027-W12,900.0,900.0,True,950.0,0.9473684210526315,0.9473684210526315,False,False
SmartXPro_IN,SensorIN,IN:leaf_in:SensorIN:SmartXPro_IN,2027-W12,950.0,950.0,True,950.0,1.0,1.0,False,False
SmartXPro_IN,AssemblyIN,IN:mom:AssemblyIN:SmartXPro_IN,2027-W13,900.0,900.0,True,950.0,0.9473684210526315,0.9473684210526315,False,False
SmartXPro_IN,SensorIN,IN:leaf_in:SensorIN:SmartXPro_IN,2027-W13,950.0,950.0,True,950.0,1.0,1.0,False,False
SmartXPro_IN,AssemblyIN,IN:mom:AssemblyIN:SmartXPro_IN,2027-W14,900.0,900.0,True,950.0,0.9473684210526315,0.9473684210526315,False,False
SmartXPro_IN,SensorIN,IN:leaf_in:SensorIN:SmartXPro_IN,2027-W14,950.0,950.0,True,950.0,1.0,1.0,False,False
SmartXPro_IN,AssemblyIN,IN:mom:AssemblyIN:SmartXPro_IN,2027-W15,900.0,900.0,True,950.0,0.9473684210526315,0.9473684210526315,False,False
SmartXPro_IN,SensorIN,IN:leaf_in:SensorIN:SmartXPro_IN,2027-W15,950.0,950.0,True,950.0,1.0,1.0,False,False
SmartXPro_IN,AssemblyIN,IN:mom:AssemblyIN:SmartXPro_IN,2027-W16,900.0,900.0,True,950.0,0.9473684210526315,0.9473684210526315,False,False
SmartXPro_IN,SensorIN,IN:leaf_in:SensorIN:SmartXPro_IN,2027-W16,950.0,950.0,True,950.0,1.0,1.0,False,False
SmartXPro_IN,AssemblyIN,IN:mom:AssemblyIN:SmartXPro_IN,2027-W17,900.0,900.0,True,950.0,0.9473684210526315,0.9473684210526315,False,False
SmartXPro_IN,SensorIN,IN:leaf_in:SensorIN:SmartXPro_IN,2027-W17,950.0,950.0,True,950.0,1.0,1.0,False,False
SmartXPro_IN,AssemblyIN,IN:mom:AssemblyIN:SmartXPro_IN,2027-W18,900.0,900.0,True,950.0,0.9473684210526315,0.9473684210526315,False,False
SmartXPro_IN,SensorIN,IN:leaf_in:SensorIN:SmartXPro_IN,2027-W18,950.0,950.0,True,950.0,1.0,1.0,False,False
SmartXPro_IN,AssemblyIN,IN:mom:AssemblyIN:SmartXPro_IN,2027-W19,900.0,900.0,True,950.0,0.9473684210526315,0.9473684210526315,False,False
SmartXPro_IN,SensorIN,IN:leaf_in:SensorIN:SmartXPro_IN,2027-W19,950.0,950.0,True,950.0,1.0,1.0,False,False
SmartXPro_IN,AssemblyIN,IN:mom:AssemblyIN:SmartXPro_IN,2027-W20,900.0,900.0,True,950.0,0.9473684210526315,0.9473684210526315,False,False
SmartXPro_IN,SensorIN,IN:leaf_in:SensorIN:SmartXPro_IN,2027-W20,950.0,950.0,True,950.0,1.0,1.0,False,False
SmartXPro_IN,AssemblyIN,IN:mom:AssemblyIN:SmartXPro_IN,2027-W21,900.0,900.0,True,950.0,0.9473684210526315,0.9473684210526315,False,False
SmartXPro_IN,SensorIN,IN:leaf_in:SensorIN:SmartXPro_IN,2027-W21,950.0,950.0,True,950.0,1.0,1.0,False,False
SmartXPro_IN,AssemblyIN,IN:mom:AssemblyIN:SmartXPro_IN,2027-W22,900.0,900.0,True,950.0,0.9473684210526315,0.9473684210526315,False,False
SmartXPro_IN,SensorIN,IN:leaf_in:SensorIN:SmartXPro_IN,2027-W22,950.0,950.0,True,950.0,1.0,1.0,False,False
SmartXPro_IN,AssemblyIN,IN:mom:AssemblyIN:SmartXPro_IN,2027-W23,900.0,900.0,True,950.0,0.9473684210526315,0.9473684210526315,False,False
SmartXPro_IN,SensorIN,IN:leaf_in:SensorIN:SmartXPro_IN,2027-W23,950.0,950.0,True,950.0,1.0,1.0,False,False
SmartXPro_IN,AssemblyIN,IN:mom:AssemblyIN:SmartXPro_IN,2027-W24,900.0,900.0,True,950.0,0.9473684210526315,0.9473684210526315,False,False
SmartXPro_IN,SensorIN,IN:leaf_in:SensorIN:SmartXPro_IN,2027-W24,950.0,950.0,True,950.0,1.0,1.0,False,False
SmartXPro_IN,AssemblyIN,IN:mom:AssemblyIN:SmartXPro_IN,2027-W25,900.0,900.0,True,950.0,0.9473684210526315,0.9473684210526315,False,False
SmartXPro_IN,SensorIN,IN:leaf_in:SensorIN:SmartXPro_IN,2027-W25,950.0,950.0,True,950.0,1.0,1.0,False,False
SmartXPro_IN,AssemblyIN,IN:mom:AssemblyIN:SmartXPro_IN,2027-W26,900.0,900.0,True,950.0,0.9473684210526315,0.9473684210526315,False,False
SmartXPro_IN,SensorIN,IN:leaf_in:SensorIN:SmartXPro_IN,2027-W26,950.0,950.0,True,950.0,1.0,1.0,False,False
SmartXPro_IN,AssemblyIN,IN:mom:AssemblyIN:SmartXPro_IN,2027-W27,896.0,896.0,True,946.0,0.9471458773784355,0.9471458773784355,False,False
SmartXPro_IN,SensorIN,IN:leaf_in:SensorIN:SmartXPro_IN,2027-W27,946.0,946.0,True,946.0,1.0,1.0,False,False
SmartXPro_IN,AssemblyIN,IN:mom:AssemblyIN:SmartXPro_IN,2027-W28,891.0,891.0,True,941.0,0.946865037194474,0.946865037194474,False,False
SmartXPro_IN,SensorIN,IN:leaf_in:SensorIN:SmartXPro_IN,2027-W28,941.0,941.0,True,941.0,1.0,1.0,False,False
SmartXPro_IN,AssemblyIN,IN:mom:AssemblyIN:SmartXPro_IN,2027-W29,887.0,887.0,True,937.0,0.9466382070437567,0.9466382070437567,False,False
SmartXPro_IN,SensorIN,IN:leaf_in:SensorIN:SmartXPro_IN,2027-W29,937.0,937.0,True,937.0,1.0,1.0,False,False
SmartXPro_IN,AssemblyIN,IN:mom:AssemblyIN:SmartXPro_IN,2027-W30,882.0,882.0,True,932.0,0.9463519313304721,0.9463519313304721,False,False
SmartXPro_IN,SensorIN,IN:leaf_in:SensorIN:SmartXPro_IN,2027-W30,932.0,932.0,True,932.0,1.0,1.0,False,False
SmartXPro_IN,AssemblyIN,IN:mom:AssemblyIN:SmartXPro_IN,2027-W31,878.0,878.0,True,928.0,0.9461206896551724,0.9461206896551724,False,False
SmartXPro_IN,SensorIN,IN:leaf_in:SensorIN:SmartXPro_IN,2027-W31,928.0,928.0,True,928.0,1.0,1.0,False,False
SmartXPro_IN,AssemblyIN,IN:mom:AssemblyIN:SmartXPro_IN,2027-W32,873.0,873.0,True,923.0,0.9458288190682557,0.9458288190682557,False,False
SmartXPro_IN,SensorIN,IN:leaf_in:SensorIN:SmartXPro_IN,2027-W32,923.0,923.0,True,923.0,1.0,1.0,False,False
SmartXPro_IN,AssemblyIN,IN:mom:AssemblyIN:SmartXPro_IN,2027-W33,869.0,869.0,True,919.0,0.9455930359085963,0.9455930359085963,False,False
SmartXPro_IN,SensorIN,IN:leaf_in:SensorIN:SmartXPro_IN,2027-W33,919.0,919.0,True,919.0,1.0,1.0,False,False
SmartXPro_IN,AssemblyIN,IN:mom:AssemblyIN:SmartXPro_IN,2027-W34,864.0,864.0,True,914.0,0.9452954048140044,0.9452954048140044,False,False
SmartXPro_IN,SensorIN,IN:leaf_in:SensorIN:SmartXPro_IN,2027-W34,914.0,914.0,True,914.0,1.0,1.0,False,False
SmartXPro_IN,AssemblyIN,IN:mom:AssemblyIN:SmartXPro_IN,2027-W35,860.0,860.0,True,910.0,0.945054945054945,0.945054945054945,False,False
SmartXPro_IN,SensorIN,IN:leaf_in:SensorIN:SmartXPro_IN,2027-W35,910.0,910.0,True,910.0,1.0,1.0,False,False
SmartXPro_IN,AssemblyIN,IN:mom:AssemblyIN:SmartXPro_IN,2027-W36,856.0,856.0,True,906.0,0.9448123620309051,0.9448123620309051,False,False
SmartXPro_IN,SensorIN,IN:leaf_in:SensorIN:SmartXPro_IN,2027-W36,906.0,906.0,True,906.0,1.0,1.0,False,False
SmartXPro_IN,AssemblyIN,IN:mom:AssemblyIN:SmartXPro_IN,2027-W37,851.0,851.0,True,901.0,0.9445061043285239,0.9445061043285239,False,False
SmartXPro_IN,SensorIN,IN:leaf_in:SensorIN:SmartXPro_IN,2027-W37,901.0,901.0,True,901.0,1.0,1.0,False,False
SmartXPro_IN,AssemblyIN,IN:mom:AssemblyIN:SmartXPro_IN,2027-W38,847.0,847.0,True,897.0,0.9442586399108138,0.9442586399108138,False,False
SmartXPro_IN,SensorIN,IN:leaf_in:SensorIN:SmartXPro_IN,2027-W38,897.0,897.0,True,897.0,1.0,1.0,False,False
SmartXPro_IN,AssemblyIN,IN:mom:AssemblyIN:SmartXPro_IN,2027-W39,842.0,842.0,True,892.0,0.9439461883408071,0.9439461883408071,False,False
SmartXPro_IN,SensorIN,IN:leaf_in:SensorIN:SmartXPro_IN,2027-W39,892.0,892.0,True,892.0,1.0,1.0,False,False
SmartXPro_IN,AssemblyIN,IN:mom:AssemblyIN:SmartXPro_IN,2027-W40,838.0,838.0,True,888.0,0.9436936936936937,0.9436936936936937,False,False
SmartXPro_IN,SensorIN,IN:leaf_in:SensorIN:SmartXPro_IN,2027-W40,888.0,888.0,True,888.0,1.0,1.0,False,False
SmartXPro_IN,AssemblyIN,IN:mom:AssemblyIN:SmartXPro_IN,2027-W41,833.0,833.0,True,883.0,0.9433748584371461,0.9433748584371461,False,False
SmartXPro_IN,SensorIN,IN:leaf_in:SensorIN:SmartXPro_IN,2027-W41,883.0,883.0,True,883.0,1.0,1.0,False,False
SmartXPro_IN,AssemblyIN,IN:mom:AssemblyIN:SmartXPro_IN,2027-W42,829.0,829.0,True,879.0,0.9431171786120591,0.9431171786120591,False,False
SmartXPro_IN,SensorIN,IN:leaf_in:SensorIN:SmartXPro_IN,2027-W42,879.0,0.0,False,879.0,1.0,0.0,False,False
SmartXPro_IN,AssemblyIN,IN:mom:AssemblyIN:SmartXPro_IN,2027-W43,824.0,824.0,True,874.0,0.9427917620137299,0.9427917620137299,False,False
SmartXPro_IN,SensorIN,IN:leaf_in:SensorIN:SmartXPro_IN,2027-W43,874.0,874.0,True,874.0,1.0,1.0,False,False
SmartXPro_IN,AssemblyIN,IN:mom:AssemblyIN:SmartXPro_IN,2027-W44,820.0,820.0,True,870.0,0.9425287356321839,0.9425287356321839,False,False
SmartXPro_IN,SensorIN,IN:leaf_in:SensorIN:SmartXPro_IN,2027-W44,870.0,870.0,True,870.0,1.0,1.0,False,False
SmartXPro_IN,AssemblyIN,IN:mom:AssemblyIN:SmartXPro_IN,2027-W45,816.0,816.0,True,866.0,0.9422632794457275,0.9422632794457275,False,False
SmartXPro_IN,SensorIN,IN:leaf_in:SensorIN:SmartXPro_IN,2027-W45,866.0,866.0,True,866.0,1.0,1.0,False,False
SmartXPro_IN,AssemblyIN,IN:mom:AssemblyIN:SmartXPro_IN,2027-W46,811.0,811.0,True,861.0,0.9419279907084785,0.9419279907084785,False,False
SmartXPro_IN,SensorIN,IN:leaf_in:SensorIN:SmartXPro_IN,2027-W46,861.0,861.0,True,861.0,1.0,1.0,False,False
SmartXPro_IN,AssemblyIN,IN:mom:AssemblyIN:SmartXPro_IN,2027-W47,807.0,807.0,True,857.0,0.941656942823804,0.941656942823804,False,False
SmartXPro_IN,SensorIN,IN:leaf_in:SensorIN:SmartXPro_IN,2027-W47,857.0,857.0,True,857.0,1.0,1.0,False,False
SmartXPro_IN,AssemblyIN,IN:mom:AssemblyIN:SmartXPro_IN,2027-W48,802.0,802.0,True,852.0,0.9413145539906104,0.9413145539906104,False,False
SmartXPro_IN,SensorIN,IN:leaf_in:SensorIN:SmartXPro_IN,2027-W48,852.0,852.0,True,852.0,1.0,1.0,False,False
SmartXPro_IN,AssemblyIN,IN:mom:AssemblyIN:SmartXPro_IN,2027-W49,798.0,798.0,True,848.0,0.9410377358490566,0.9410377358490566,False,False
SmartXPro_IN,SensorIN,IN:leaf_in:SensorIN:SmartXPro_IN,2027-W49,848.0,848.0,True,848.0,1.0,1.0,False,False
SmartXPro_IN,AssemblyIN,IN:mom:AssemblyIN:SmartXPro_IN,2027-W50,793.0,793.0,True,843.0,0.9406880189798339,0.9406880189798339,False,False
SmartXPro_IN,SensorIN,IN:leaf_in:SensorIN:SmartXPro_IN,2027-W50,843.0,843.0,True,843.0,1.0,1.0,False,False
SmartXPro_IN,AssemblyIN,IN:mom:AssemblyIN:SmartXPro_IN,2027-W51,789.0,789.0,True,839.0,0.9404052443384983,0.9404052443384983,False,False
SmartXPro_IN,SensorIN,IN:leaf_in:SensorIN:SmartXPro_IN,2027-W51,839.0,839.0,True,839.0,1.0,1.0,False,False
SmartXPro_IN,AssemblyIN,IN:mom:AssemblyIN:SmartXPro_IN,2027-W52,784.0,784.0,True,834.0,0.9400479616306955,0.9400479616306955,False,False
SmartXPro_IN,SensorIN,IN:leaf_in:SensorIN:SmartXPro_IN,2027-W52,834.0,834.0,True,834.0,1.0,1.0,False,False
SmartXPro_IN,AssemblyIN,IN:mom:AssemblyIN:SmartXPro_IN,2028-W01,775.0,775.0,True,825.0,0.9393939393939394,0.9393939393939394,False,False
SmartXPro_IN,SensorIN,IN:leaf_in:SensorIN:SmartXPro_IN,2028-W01,825.0,825.0,True,825.0,1.0,1.0,False,False
SmartXPro_IN,AssemblyIN,IN:mom:AssemblyIN:SmartXPro_IN,2028-W02,770.0,770.0,True,820.0,0.9390243902439024,0.9390243902439024,False,False
SmartXPro_IN,SensorIN,IN:leaf_in:SensorIN:SmartXPro_IN,2028-W02,820.0,820.0,True,820.0,1.0,1.0,False,False
SmartXPro_IN,AssemblyIN,IN:mom:AssemblyIN:SmartXPro_IN,2028-W03,766.0,766.0,True,816.0,0.9387254901960784,0.9387254901960784,False,False
SmartXPro_IN,SensorIN,IN:leaf_in:SensorIN:SmartXPro_IN,2028-W03,816.0,816.0,True,816.0,1.0,1.0,False,False
SmartXPro_IN,AssemblyIN,IN:mom:AssemblyIN:SmartXPro_IN,2028-W04,761.0,761.0,True,811.0,0.938347718865598,0.938347718865598,False,False
SmartXPro_IN,SensorIN,IN:leaf_in:SensorIN:SmartXPro_IN,2028-W04,811.0,811.0,True,811.0,1.0,1.0,False,False
SmartXPro_IN,AssemblyIN,IN:mom:AssemblyIN:SmartXPro_IN,2028-W05,756.0,756.0,True,806.0,0.9379652605459057,0.9379652605459057,False,False
SmartXPro_IN,SensorIN,IN:leaf_in:SensorIN:SmartXPro_IN,2028-W05,806.0,806.0,True,806.0,1.0,1.0,False,False
SmartXPro_IN,AssemblyIN,IN:mom:AssemblyIN:SmartXPro_IN,2028-W06,751.0,751.0,True,801.0,0.9375780274656679,0.9375780274656679,False,False
SmartXPro_IN,SensorIN,IN:leaf_in:SensorIN:SmartXPro_IN,2028-W06,801.0,801.0,True,801.0,1.0,1.0,False,False
SmartXPro_IN,AssemblyIN,IN:mom:AssemblyIN:SmartXPro_IN,2028-W07,746.0,746.0,True,796.0,0.9371859296482412,0.9371859296482412,False,False
SmartXPro_IN,SensorIN,IN:leaf_in:SensorIN:SmartXPro_IN,2028-W07,796.0,796.0,True,796.0,1.0,1.0,False,False
SmartXPro_IN,AssemblyIN,IN:mom:AssemblyIN:SmartXPro_IN,2028-W08,741.0,741.0,True,791.0,0.9367888748419722,0.9367888748419722,False,False
SmartXPro_IN,SensorIN,IN:leaf_in:SensorIN:SmartXPro_IN,2028-W08,791.0,791.0,True,791.0,1.0,1.0,False,False
SmartXPro_IN,AssemblyIN,IN:mom:AssemblyIN:SmartXPro_IN,2028-W09,737.0,737.0,True,787.0,0.9364675984752223,0.9364675984752223,False,False
SmartXPro_IN,SensorIN,IN:leaf_in:SensorIN:SmartXPro_IN,2028-W09,787.0,787.0,True,787.0,1.0,1.0,False,False
SmartXPro_IN,AssemblyIN,IN:mom:AssemblyIN:SmartXPro_IN,2028-W10,732.0,732.0,True,782.0,0.9360613810741688,0.9360613810741688,False,False
SmartXPro_IN,SensorIN,IN:leaf_in:SensorIN:SmartXPro_IN,2028-W10,782.0,782.0,True,782.0,1.0,1.0,False,False
SmartXPro_IN,AssemblyIN,IN:mom:AssemblyIN:SmartXPro_IN,2028-W11,727.0,727.0,True,777.0,0.9356499356499357,0.9356499356499357,False,False
SmartXPro_IN,SensorIN,IN:leaf_in:SensorIN:SmartXPro_IN,2028-W11,777.0,777.0,True,777.0,1.0,1.0,False,False
SmartXPro_IN,AssemblyIN,IN:mom:AssemblyIN:SmartXPro_IN,2028-W12,722.0,722.0,True,772.0,0.9352331606217616,0.9352331606217616,False,False
SmartXPro_IN,SensorIN,IN:leaf_in:SensorIN:SmartXPro_IN,2028-W12,772.0,772.0,True,772.0,1.0,1.0,False,False
SmartXPro_IN,AssemblyIN,IN:mom:AssemblyIN:SmartXPro_IN,2028-W13,717.0,717.0,True,767.0,0.9348109517601043,0.9348109517601043,False,False
SmartXPro_IN,SensorIN,IN:leaf_in:SensorIN:SmartXPro_IN,2028-W13,767.0,767.0,True,767.0,1.0,1.0,False,False
SmartXPro_IN,AssemblyIN,IN:mom:AssemblyIN:SmartXPro_IN,2028-W14,713.0,713.0,True,763.0,0.9344692005242464,0.9344692005242464,False,False
SmartXPro_IN,SensorIN,IN:leaf_in:SensorIN:SmartXPro_IN,2028-W14,763.0,763.0,True,763.0,1.0,1.0,False,False
SmartXPro_IN,AssemblyIN,IN:mom:AssemblyIN:SmartXPro_IN,2028-W15,708.0,708.0,True,758.0,0.9340369393139841,0.9340369393139841,False,False
SmartXPro_IN,SensorIN,IN:leaf_in:SensorIN:SmartXPro_IN,2028-W15,758.0,758.0,True,758.0,1.0,1.0,False,False
SmartXPro_IN,AssemblyIN,IN:mom:AssemblyIN:SmartXPro_IN,2028-W16,703.0,703.0,True,753.0,0.9335989375830013,0.9335989375830013,False,False
SmartXPro_IN,SensorIN,IN:leaf_in:SensorIN:SmartXPro_IN,2028-W16,753.0,753.0,True,753.0,1.0,1.0,False,False
SmartXPro_IN,AssemblyIN,IN:mom:AssemblyIN:SmartXPro_IN,2028-W17,698.0,698.0,True,748.0,0.9331550802139037,0.9331550802139037,False,False
SmartXPro_IN,SensorIN,IN:leaf_in:SensorIN:SmartXPro_IN,2028-W17,748.0,748.0,True,748.0,1.0,1.0,False,False
SmartXPro_IN,AssemblyIN,IN:mom:AssemblyIN:SmartXPro_IN,2028-W18,693.0,693.0,True,743.0,0.9327052489905787,0.9327052489905787,False,False
SmartXPro_IN,SensorIN,IN:leaf_in:SensorIN:SmartXPro_IN,2028-W18,743.0,743.0,True,743.0,1.0,1.0,False,False
SmartXPro_IN,AssemblyIN,IN:mom:AssemblyIN:SmartXPro_IN,2028-W19,689.0,689.0,True,739.0,0.93234100135318,0.93234100135318,False,False
SmartXPro_IN,SensorIN,IN:leaf_in:SensorIN:SmartXPro_IN,2028-W19,739.0,739.0,True,739.0,1.0,1.0,False,False
SmartXPro_IN,AssemblyIN,IN:mom:AssemblyIN:SmartXPro_IN,2028-W20,684.0,684.0,True,734.0,0.9318801089918256,0.9318801089918256,False,False
SmartXPro_IN,SensorIN,IN:leaf_in:SensorIN:SmartXPro_IN,2028-W20,734.0,734.0,True,734.0,1.0,1.0,False,False
SmartXPro_IN,AssemblyIN,IN:mom:AssemblyIN:SmartXPro_IN,2028-W21,679.0,679.0,True,729.0,0.9314128943758574,0.9314128943758574,False,False
SmartXPro_IN,SensorIN,IN:leaf_in:SensorIN:SmartXPro_IN,2028-W21,729.0,729.0,True,729.0,1.0,1.0,False,False
SmartXPro_IN,AssemblyIN,IN:mom:AssemblyIN:SmartXPro_IN,2028-W22,674.0,674.0,True,724.0,0.930939226519337,0.930939226519337,False,False
SmartXPro_IN,SensorIN,IN:leaf_in:SensorIN:SmartXPro_IN,2028-W22,724.0,724.0,True,724.0,1.0,1.0,False,False
SmartXPro_IN,AssemblyIN,IN:mom:AssemblyIN:SmartXPro_IN,2028-W23,669.0,669.0,True,719.0,0.9304589707927677,0.9304589707927677,False,False
SmartXPro_IN,SensorIN,IN:leaf_in:SensorIN:SmartXPro_IN,2028-W23,719.0,719.0,True,719.0,1.0,1.0,False,False
SmartXPro_IN,AssemblyIN,IN:mom:AssemblyIN:SmartXPro_IN,2028-W24,664.0,664.0,True,714.0,0.9299719887955182,0.9299719887955182,False,False
SmartXPro_IN,SensorIN,IN:leaf_in:SensorIN:SmartXPro_IN,2028-W24,714.0,714.0,True,714.0,1.0,1.0,False,False
SmartXPro_IN,AssemblyIN,IN:mom:AssemblyIN:SmartXPro_IN,2028-W25,660.0,660.0,True,710.0,0.9295774647887324,0.9295774647887324,False,False
SmartXPro_IN,SensorIN,IN:leaf_in:SensorIN:SmartXPro_IN,2028-W25,710.0,710.0,True,710.0,1.0,1.0,False,False
SmartXPro_IN,AssemblyIN,IN:mom:AssemblyIN:SmartXPro_IN,2028-W26,655.0,655.0,True,705.0,0.9290780141843972,0.9290780141843972,False,False
SmartXPro_IN,SensorIN,IN:leaf_in:SensorIN:SmartXPro_IN,2028-W26,705.0,705.0,True,705.0,1.0,1.0,False,False
SmartXPro_IN,AssemblyIN,IN:mom:AssemblyIN:SmartXPro_IN,2028-W27,646.0,646.0,True,696.0,0.9281609195402298,0.9281609195402298,False,False
SmartXPro_IN,SensorIN,IN:leaf_in:SensorIN:SmartXPro_IN,2028-W27,696.0,696.0,True,696.0,1.0,1.0,False,False
SmartXPro_IN,AssemblyIN,IN:mom:AssemblyIN:SmartXPro_IN,2028-W28,643.0,643.0,True,693.0,0.9278499278499278,0.9278499278499278,False,False
SmartXPro_IN,SensorIN,IN:leaf_in:SensorIN:SmartXPro_IN,2028-W28,693.0,693.0,True,693.0,1.0,1.0,False,False
SmartXPro_IN,AssemblyIN,IN:mom:AssemblyIN:SmartXPro_IN,2028-W29,639.0,639.0,True,689.0,0.9274310595065312,0.9274310595065312,False,False
SmartXPro_IN,SensorIN,IN:leaf_in:SensorIN:SmartXPro_IN,2028-W29,689.0,689.0,True,689.0,1.0,1.0,False,False
SmartXPro_IN,AssemblyIN,IN:mom:AssemblyIN:SmartXPro_IN,2028-W30,635.0,635.0,True,685.0,0.927007299270073,0.927007299270073,False,False
SmartXPro_IN,SensorIN,IN:leaf_in:SensorIN:SmartXPro_IN,2028-W30,685.0,685.0,True,685.0,1.0,1.0,False,False
SmartXPro_IN,AssemblyIN,IN:mom:AssemblyIN:SmartXPro_IN,2028-W31,631.0,631.0,True,681.0,0.9265785609397944,0.9265785609397944,False,False
SmartXPro_IN,SensorIN,IN:leaf_in:SensorIN:SmartXPro_IN,2028-W31,681.0,681.0,True,681.0,1.0,1.0,False,False
SmartXPro_IN,AssemblyIN,IN:mom:AssemblyIN:SmartXPro_IN,2028-W32,628.0,628.0,True,678.0,0.9262536873156342,0.9262536873156342,False,False
SmartXPro_IN,SensorIN,IN:leaf_in:SensorIN:SmartXPro_IN,2028-W32,678.0,678.0,True,678.0,1.0,1.0,False,False
SmartXPro_IN,AssemblyIN,IN:mom:AssemblyIN:SmartXPro_IN,2028-W33,624.0,624.0,True,674.0,0.9258160237388724,0.9258160237388724,False,False
SmartXPro_IN,SensorIN,IN:leaf_in:SensorIN:SmartXPro_IN,2028-W33,674.0,674.0,True,674.0,1.0,1.0,False,False
SmartXPro_IN,AssemblyIN,IN:mom:AssemblyIN:SmartXPro_IN,2028-W34,620.0,620.0,True,670.0,0.9253731343283582,0.9253731343283582,False,False
SmartXPro_IN,SensorIN,IN:leaf_in:SensorIN:SmartXPro_IN,2028-W34,670.0,670.0,True,670.0,1.0,1.0,False,False
SmartXPro_IN,AssemblyIN,IN:mom:AssemblyIN:SmartXPro_IN,2028-W35,617.0,617.0,True,667.0,0.9250374812593704,0.9250374812593704,False,False
SmartXPro_IN,SensorIN,IN:leaf_in:SensorIN:SmartXPro_IN,2028-W35,667.0,667.0,True,667.0,1.0,1.0,False,False
SmartXPro_IN,AssemblyIN,IN:mom:AssemblyIN:SmartXPro_IN,2028-W36,613.0,613.0,True,663.0,0.9245852187028658,0.9245852187028658,False,False
SmartXPro_IN,SensorIN,IN:leaf_in:SensorIN:SmartXPro_IN,2028-W36,663.0,663.0,True,663.0,1.0,1.0,False,False
SmartXPro_IN,AssemblyIN,IN:mom:AssemblyIN:SmartXPro_IN,2028-W37,609.0,609.0,True,659.0,0.9241274658573596,0.9241274658573596,False,False
SmartXPro_IN,SensorIN,IN:leaf_in:SensorIN:SmartXPro_IN,2028-W37,659.0,659.0,True,659.0,1.0,1.0,False,False
SmartXPro_IN,AssemblyIN,IN:mom:AssemblyIN:SmartXPro_IN,2028-W38,606.0,606.0,True,656.0,0.9237804878048781,0.9237804878048781,False,False
SmartXPro_IN,SensorIN,IN:leaf_in:SensorIN:SmartXPro_IN,2028-W38,656.0,656.0,True,656.0,1.0,1.0,False,False
SmartXPro_IN,AssemblyIN,IN:mom:AssemblyIN:SmartXPro_IN,2028-W39,602.0,602.0,True,652.0,0.9233128834355828,0.9233128834355828,False,False
SmartXPro_IN,SensorIN,IN:leaf_in:SensorIN:SmartXPro_IN,2028-W39,652.0,652.0,True,652.0,1.0,1.0,False,False
SmartXPro_IN,AssemblyIN,IN:mom:AssemblyIN:SmartXPro_IN,2028-W40,598.0,598.0,True,648.0,0.9228395061728395,0.9228395061728395,False,False
SmartXPro_IN,SensorIN,IN:leaf_in:SensorIN:SmartXPro_IN,2028-W40,648.0,0.0,False,648.0,1.0,0.0,False,False
SmartXPro_IN,AssemblyIN,IN:mom:AssemblyIN:SmartXPro_IN,2028-W41,594.0,594.0,True,644.0,0.922360248447205,0.922360248447205,False,False
SmartXPro_IN,SensorIN,IN:leaf_in:SensorIN:SmartXPro_IN,2028-W41,644.0,644.0,True,644.0,1.0,1.0,False,False
SmartXPro_IN,AssemblyIN,IN:mom:AssemblyIN:SmartXPro_IN,2028-W42,591.0,591.0,True,641.0,0.921996879875195,0.921996879875195,False,False
SmartXPro_IN,SensorIN,IN:leaf_in:SensorIN:SmartXPro_IN,2028-W42,641.0,641.0,True,641.0,1.0,1.0,False,False
SmartXPro_IN,AssemblyIN,IN:mom:AssemblyIN:SmartXPro_IN,2028-W43,587.0,587.0,True,637.0,0.9215070643642073,0.9215070643642073,False,False
SmartXPro_IN,SensorIN,IN:leaf_in:SensorIN:SmartXPro_IN,2028-W43,637.0,637.0,True,637.0,1.0,1.0,False,False
SmartXPro_IN,AssemblyIN,IN:mom:AssemblyIN:SmartXPro_IN,2028-W44,583.0,583.0,True,633.0,0.9210110584518167,0.9210110584518167,False,False
SmartXPro_IN,SensorIN,IN:leaf_in:SensorIN:SmartXPro_IN,2028-W44,633.0,633.0,True,633.0,1.0,1.0,False,False
SmartXPro_IN,AssemblyIN,IN:mom:AssemblyIN:SmartXPro_IN,2028-W45,580.0,580.0,True,630.0,0.9206349206349206,0.9206349206349206,False,False
SmartXPro_IN,SensorIN,IN:leaf_in:SensorIN:SmartXPro_IN,2028-W45,630.0,630.0,True,630.0,1.0,1.0,False,False
SmartXPro_IN,AssemblyIN,IN:mom:AssemblyIN:SmartXPro_IN,2028-W46,576.0,576.0,True,626.0,0.9201277955271565,0.9201277955271565,False,False
SmartXPro_IN,SensorIN,IN:leaf_in:SensorIN:SmartXPro_IN,2028-W46,626.0,626.0,True,626.0,1.0,1.0,False,False
SmartXPro_IN,AssemblyIN,IN:mom:AssemblyIN:SmartXPro_IN,2028-W47,572.0,572.0,True,622.0,0.9196141479099679,0.9196141479099679,False,False
SmartXPro_IN,SensorIN,IN:leaf_in:SensorIN:SmartXPro_IN,2028-W47,622.0,622.0,True,622.0,1.0,1.0,False,False
SmartXPro_IN,AssemblyIN,IN:mom:AssemblyIN:SmartXPro_IN,2028-W48,569.0,569.0,True,619.0,0.9192245557350566,0.9192245557350566,False,False
SmartXPro_IN,SensorIN,IN:leaf_in:SensorIN:SmartXPro_IN,2028-W48,619.0,619.0,True,619.0,1.0,1.0,False,False
SmartXPro_IN,AssemblyIN,IN:mom:AssemblyIN:SmartXPro_IN,2028-W49,565.0,565.0,True,615.0,0.9186991869918699,0.9186991869918699,False,False
SmartXPro_IN,SensorIN,IN:leaf_in:SensorIN:SmartXPro_IN,2028-W49,615.0,615.0,True,615.0,1.0,1.0,False,False
SmartXPro_IN,AssemblyIN,IN:mom:AssemblyIN:SmartXPro_IN,2028-W50,561.0,561.0,True,611.0,0.9181669394435352,0.9181669394435352,False,False
SmartXPro_IN,SensorIN,IN:leaf_in:SensorIN:SmartXPro_IN,2028-W50,611.0,611.0,True,611.0,1.0,1.0,False,False
SmartXPro_IN,AssemblyIN,IN:mom:AssemblyIN:SmartXPro_IN,2028-W51,557.0,557.0,True,607.0,0.9176276771004942,0.9176276771004942,False,False
SmartXPro_IN,SensorIN,IN:leaf_in:SensorIN:SmartXPro_IN,2028-W51,607.0,607.0,True,607.0,1.0,1.0,False,False
SmartXPro_IN,AssemblyIN,IN:mom:AssemblyIN:SmartXPro_IN,2028-W52,554.0,554.0,True,604.0,0.9172185430463576,0.9172185430463576,False,False
SmartXPro_IN,SensorIN,IN:leaf_in:SensorIN:SmartXPro_IN,2028-W52,604.0,604.0,True,604.0,1.0,1.0,False,False
SmartXPro_IN,AssemblyIN,IN:mom:AssemblyIN:SmartXPro_IN,2029-W01,544.0,544.0,True,594.0,0.9158249158249159,0.9158249158249159,False,False
SmartXPro_IN,SensorIN,IN:leaf_in:SensorIN:SmartXPro_IN,2029-W01,594.0,594.0,True,594.0,1.0,1.0,False,False
SmartXPro_IN,AssemblyIN,IN:mom:AssemblyIN:SmartXPro_IN,2029-W02,539.0,539.0,True,589.0,0.9151103565365025,0.9151103565365025,False,False
SmartXPro_IN,SensorIN,IN:leaf_in:SensorIN:SmartXPro_IN,2029-W02,589.0,589.0,True,589.0,1.0,1.0,False,False
SmartXPro_IN,AssemblyIN,IN:mom:AssemblyIN:SmartXPro_IN,2029-W03,533.0,533.0,True,583.0,0.9142367066895368,0.9142367066895368,False,False
SmartXPro_IN,SensorIN,IN:leaf_in:SensorIN:SmartXPro_IN,2029-W03,583.0,583.0,True,583.0,1.0,1.0,False,False
SmartXPro_IN,AssemblyIN,IN:mom:AssemblyIN:SmartXPro_IN,2029-W04,528.0,528.0,True,578.0,0.9134948096885813,0.9134948096885813,False,False
SmartXPro_IN,SensorIN,IN:leaf_in:SensorIN:SmartXPro_IN,2029-W04,578.0,578.0,True,578.0,1.0,1.0,False,False
SmartXPro_IN,AssemblyIN,IN:mom:AssemblyIN:SmartXPro_IN,2029-W05,522.0,522.0,True,572.0,0.9125874125874126,0.9125874125874126,False,False
SmartXPro_IN,SensorIN,IN:leaf_in:SensorIN:SmartXPro_IN,2029-W05,572.0,572.0,True,572.0,1.0,1.0,False,False
SmartXPro_IN,AssemblyIN,IN:mom:AssemblyIN:SmartXPro_IN,2029-W06,517.0,517.0,True,567.0,0.9118165784832452,0.9118165784832452,False,False
SmartXPro_IN,SensorIN,IN:leaf_in:SensorIN:SmartXPro_IN,2029-W06,567.0,567.0,True,567.0,1.0,1.0,False,False
SmartXPro_IN,AssemblyIN,IN:mom:AssemblyIN:SmartXPro_IN,2029-W07,511.0,511.0,True,561.0,0.910873440285205,0.910873440285205,False,False
SmartXPro_IN,SensorIN,IN:leaf_in:SensorIN:SmartXPro_IN,2029-W07,561.0,561.0,True,561.0,1.0,1.0,False,False
SmartXPro_IN,AssemblyIN,IN:mom:AssemblyIN:SmartXPro_IN,2029-W08,506.0,506.0,True,556.0,0.9100719424460432,0.9100719424460432,False,False
SmartXPro_IN,SensorIN,IN:leaf_in:SensorIN:SmartXPro_IN,2029-W08,556.0,556.0,True,556.0,1.0,1.0,False,False
SmartXPro_IN,AssemblyIN,IN:mom:AssemblyIN:SmartXPro_IN,2029-W09,500.0,500.0,True,550.0,0.9090909090909091,0.9090909090909091,False,False
SmartXPro_IN,SensorIN,IN:leaf_in:SensorIN:SmartXPro_IN,2029-W09,550.0,550.0,True,550.0,1.0,1.0,False,False
SmartXPro_IN,AssemblyIN,IN:mom:AssemblyIN:SmartXPro_IN,2029-W10,494.0,494.0,True,544.0,0.9080882352941176,0.9080882352941176,False,False
SmartXPro_IN,SensorIN,IN:leaf_in:SensorIN:SmartXPro_IN,2029-W10,544.0,544.0,True,544.0,1.0,1.0,False,False
SmartXPro_IN,AssemblyIN,IN:mom:AssemblyIN:SmartXPro_IN,2029-W11,489.0,489.0,True,539.0,0.9072356215213359,0.9072356215213359,False,False
SmartXPro_IN,SensorIN,IN:leaf_in:SensorIN:SmartXPro_IN,2029-W11,539.0,539.0,True,539.0,1.0,1.0,False,False
SmartXPro_IN,AssemblyIN,IN:mom:AssemblyIN:SmartXPro_IN,2029-W12,483.0,483.0,True,533.0,0.9061913696060038,0.9061913696060038,False,False
SmartXPro_IN,SensorIN,IN:leaf_in:SensorIN:SmartXPro_IN,2029-W12,533.0,533.0,True,533.0,1.0,1.0,False,False
SmartXPro_IN,AssemblyIN,IN:mom:AssemblyIN:SmartXPro_IN,2029-W13,478.0,478.0,True,528.0,0.9053030303030303,0.9053030303030303,False,False
SmartXPro_IN,SensorIN,IN:leaf_in:SensorIN:SmartXPro_IN,2029-W13,528.0,528.0,True,528.0,1.0,1.0,False,False
SmartXPro_IN,AssemblyIN,IN:mom:AssemblyIN:SmartXPro_IN,2029-W14,472.0,472.0,True,522.0,0.9042145593869731,0.9042145593869731,False,False
SmartXPro_IN,SensorIN,IN:leaf_in:SensorIN:SmartXPro_IN,2029-W14,522.0,522.0,True,522.0,1.0,1.0,False,False
SmartXPro_IN,AssemblyIN,IN:mom:AssemblyIN:SmartXPro_IN,2029-W15,467.0,467.0,True,517.0,0.9032882011605415,0.9032882011605415,False,False
SmartXPro_IN,SensorIN,IN:leaf_in:SensorIN:SmartXPro_IN,2029-W15,517.0,517.0,True,517.0,1.0,1.0,False,False
SmartXPro_IN,AssemblyIN,IN:mom:AssemblyIN:SmartXPro_IN,2029-W16,461.0,461.0,True,511.0,0.9021526418786693,0.9021526418786693,False,False
SmartXPro_IN,SensorIN,IN:leaf_in:SensorIN:SmartXPro_IN,2029-W16,511.0,511.0,True,511.0,1.0,1.0,False,False
SmartXPro_IN,AssemblyIN,IN:mom:AssemblyIN:SmartXPro_IN,2029-W17,456.0,456.0,True,506.0,0.9011857707509882,0.9011857707509882,False,False
SmartXPro_IN,SensorIN,IN:leaf_in:SensorIN:SmartXPro_IN,2029-W17,506.0,506.0,True,506.0,1.0,1.0,False,False
SmartXPro_IN,AssemblyIN,IN:mom:AssemblyIN:SmartXPro_IN,2029-W18,450.0,450.0,True,500.0,0.9,0.9,False,False
SmartXPro_IN,SensorIN,IN:leaf_in:SensorIN:SmartXPro_IN,2029-W18,500.0,500.0,True,500.0,1.0,1.0,False,False
SmartXPro_IN,AssemblyIN,IN:mom:AssemblyIN:SmartXPro_IN,2029-W19,444.0,444.0,True,494.0,0.8987854251012146,0.8987854251012146,False,False
SmartXPro_IN,SensorIN,IN:leaf_in:SensorIN:SmartXPro_IN,2029-W19,494.0,494.0,True,494.0,1.0,1.0,False,False
SmartXPro_IN,AssemblyIN,IN:mom:AssemblyIN:SmartXPro_IN,2029-W20,439.0,439.0,True,489.0,0.8977505112474438,0.8977505112474438,False,False
SmartXPro_IN,SensorIN,IN:leaf_in:SensorIN:SmartXPro_IN,2029-W20,489.0,489.0,True,489.0,1.0,1.0,False,False
SmartXPro_IN,AssemblyIN,IN:mom:AssemblyIN:SmartXPro_IN,2029-W21,433.0,433.0,True,483.0,0.8964803312629399,0.8964803312629399,False,False
SmartXPro_IN,SensorIN,IN:leaf_in:SensorIN:SmartXPro_IN,2029-W21,483.0,483.0,True,483.0,1.0,1.0,False,False
SmartXPro_IN,AssemblyIN,IN:mom:AssemblyIN:SmartXPro_IN,2029-W22,428.0,428.0,True,478.0,0.895397489539749,0.895397489539749,False,False
SmartXPro_IN,SensorIN,IN:leaf_in:SensorIN:SmartXPro_IN,2029-W22,478.0,478.0,True,478.0,1.0,1.0,False,False
SmartXPro_IN,AssemblyIN,IN:mom:AssemblyIN:SmartXPro_IN,2029-W23,422.0,422.0,True,472.0,0.8940677966101694,0.8940677966101694,False,False
SmartXPro_IN,SensorIN,IN:leaf_in:SensorIN:SmartXPro_IN,2029-W23,472.0,472.0,True,472.0,1.0,1.0,False,False
SmartXPro_IN,AssemblyIN,IN:mom:AssemblyIN:SmartXPro_IN,2029-W24,417.0,417.0,True,467.0,0.892933618843683,0.892933618843683,False,False
SmartXPro_IN,SensorIN,IN:leaf_in:SensorIN:SmartXPro_IN,2029-W24,467.0,467.0,True,467.0,1.0,1.0,False,False
SmartXPro_IN,AssemblyIN,IN:mom:AssemblyIN:SmartXPro_IN,2029-W25,411.0,411.0,True,461.0,0.8915401301518439,0.8915401301518439,False,False
SmartXPro_IN,SensorIN,IN:leaf_in:SensorIN:SmartXPro_IN,2029-W25,461.0,461.0,True,461.0,1.0,1.0,False,False
SmartXPro_IN,AssemblyIN,IN:mom:AssemblyIN:SmartXPro_IN,2029-W26,406.0,406.0,True,456.0,0.8903508771929824,0.8903508771929824,False,False
SmartXPro_IN,SensorIN,IN:leaf_in:SensorIN:SmartXPro_IN,2029-W26,456.0,456.0,True,456.0,1.0,1.0,False,False
SmartXPro_IN,AssemblyIN,IN:mom:AssemblyIN:SmartXPro_IN,2029-W27,394.0,394.0,True,444.0,0.8873873873873874,0.8873873873873874,False,False
SmartXPro_IN,SensorIN,IN:leaf_in:SensorIN:SmartXPro_IN,2029-W27,444.0,444.0,True,444.0,1.0,1.0,False,False
SmartXPro_IN,AssemblyIN,IN:mom:AssemblyIN:SmartXPro_IN,2029-W28,389.0,389.0,True,439.0,0.8861047835990888,0.8861047835990888,False,False
SmartXPro_IN,SensorIN,IN:leaf_in:SensorIN:SmartXPro_IN,2029-W28,439.0,439.0,True,439.0,1.0,1.0,False,False
SmartXPro_IN,AssemblyIN,IN:mom:AssemblyIN:SmartXPro_IN,2029-W29,383.0,383.0,True,433.0,0.8845265588914549,0.8845265588914549,False,False
SmartXPro_IN,SensorIN,IN:leaf_in:SensorIN:SmartXPro_IN,2029-W29,433.0,433.0,True,433.0,1.0,1.0,False,False
SmartXPro_IN,AssemblyIN,IN:mom:AssemblyIN:SmartXPro_IN,2029-W30,378.0,378.0,True,428.0,0.883177570093458,0.883177570093458,False,False
SmartXPro_IN,SensorIN,IN:leaf_in:SensorIN:SmartXPro_IN,2029-W30,428.0,428.0,True,428.0,1.0,1.0,False,False
SmartXPro_IN,AssemblyIN,IN:mom:AssemblyIN:SmartXPro_IN,2029-W31,372.0,372.0,True,422.0,0.8815165876777251,0.8815165876777251,False,False
SmartXPro_IN,SensorIN,IN:leaf_in:SensorIN:SmartXPro_IN,2029-W31,422.0,422.0,True,422.0,1.0,1.0,False,False
SmartXPro_IN,AssemblyIN,IN:mom:AssemblyIN:SmartXPro_IN,2029-W32,367.0,367.0,True,417.0,0.8800959232613909,0.8800959232613909,False,False
SmartXPro_IN,SensorIN,IN:leaf_in:SensorIN:SmartXPro_IN,2029-W32,417.0,417.0,True,417.0,1.0,1.0,False,False
SmartXPro_IN,AssemblyIN,IN:mom:AssemblyIN:SmartXPro_IN,2029-W33,361.0,361.0,True,411.0,0.878345498783455,0.878345498783455,False,False
SmartXPro_IN,SensorIN,IN:leaf_in:SensorIN:SmartXPro_IN,2029-W33,411.0,411.0,True,411.0,1.0,1.0,False,False
SmartXPro_IN,AssemblyIN,IN:mom:AssemblyIN:SmartXPro_IN,2029-W34,356.0,356.0,True,406.0,0.8768472906403941,0.8768472906403941,False,False
SmartXPro_IN,SensorIN,IN:leaf_in:SensorIN:SmartXPro_IN,2029-W34,406.0,406.0,True,406.0,1.0,1.0,False,False
SmartXPro_IN,AssemblyIN,IN:mom:AssemblyIN:SmartXPro_IN,2029-W35,350.0,350.0,True,400.0,0.875,0.875,False,False
SmartXPro_IN,SensorIN,IN:leaf_in:SensorIN:SmartXPro_IN,2029-W35,400.0,400.0,True,400.0,1.0,1.0,False,False
SmartXPro_IN,AssemblyIN,IN:mom:AssemblyIN:SmartXPro_IN,2029-W36,344.0,344.0,True,394.0,0.8730964467005076,0.8730964467005076,False,False
SmartXPro_IN,SensorIN,IN:leaf_in:SensorIN:SmartXPro_IN,2029-W36,394.0,394.0,True,394.0,1.0,1.0,False,False
SmartXPro_IN,AssemblyIN,IN:mom:AssemblyIN:SmartXPro_IN,2029-W37,339.0,339.0,True,389.0,0.87146529562982,0.87146529562982,False,False
SmartXPro_IN,SensorIN,IN:leaf_in:SensorIN:SmartXPro_IN,2029-W37,389.0,389.0,True,389.0,1.0,1.0,False,False
SmartXPro_IN,AssemblyIN,IN:mom:AssemblyIN:SmartXPro_IN,2029-W38,333.0,333.0,True,383.0,0.8694516971279374,0.8694516971279374,False,False
SmartXPro_IN,SensorIN,IN:leaf_in:SensorIN:SmartXPro_IN,2029-W38,383.0,383.0,True,383.0,1.0,1.0,False,False
SmartXPro_IN,AssemblyIN,IN:mom:AssemblyIN:SmartXPro_IN,2029-W39,328.0,328.0,True,378.0,0.8677248677248677,0.8677248677248677,False,False
SmartXPro_IN,SensorIN,IN:leaf_in:SensorIN:SmartXPro_IN,2029-W39,378.0,378.0,True,378.0,1.0,1.0,False,False
SmartXPro_IN,AssemblyIN,IN:mom:AssemblyIN:SmartXPro_IN,2029-W40,322.0,322.0,True,372.0,0.8655913978494624,0.8655913978494624,False,False
SmartXPro_IN,SensorIN,IN:leaf_in:SensorIN:SmartXPro_IN,2029-W40,372.0,372.0,True,372.0,1.0,1.0,False,False
SmartXPro_IN,AssemblyIN,IN:mom:AssemblyIN:SmartXPro_IN,2029-W41,317.0,317.0,True,367.0,0.8637602179836512,0.8637602179836512,False,False
SmartXPro_IN,SensorIN,IN:leaf_in:SensorIN:SmartXPro_IN,2029-W41,367.0,0.0,False,367.0,1.0,0.0,False,False
SmartXPro_IN,AssemblyIN,IN:mom:AssemblyIN:SmartXPro_IN,2029-W42,311.0,311.0,True,361.0,0.8614958448753463,0.8614958448753463,False,False
SmartXPro_IN,SensorIN,IN:leaf_in:SensorIN:SmartXPro_IN,2029-W42,361.0,361.0,True,361.0,1.0,1.0,False,False
SmartXPro_IN,AssemblyIN,IN:mom:AssemblyIN:SmartXPro_IN,2029-W43,306.0,306.0,True,356.0,0.8595505617977528,0.8595505617977528,False,False
SmartXPro_IN,SensorIN,IN:leaf_in:SensorIN:SmartXPro_IN,2029-W43,356.0,356.0,True,356.0,1.0,1.0,False,False
SmartXPro_IN,AssemblyIN,IN:mom:AssemblyIN:SmartXPro_IN,2029-W44,300.0,300.0,True,350.0,0.8571428571428571,0.8571428571428571,False,False
SmartXPro_IN,SensorIN,IN:leaf_in:SensorIN:SmartXPro_IN,2029-W44,350.0,350.0,True,350.0,1.0,1.0,False,False
SmartXPro_IN,AssemblyIN,IN:mom:AssemblyIN:SmartXPro_IN,2029-W45,294.0,294.0,True,344.0,0.8546511627906976,0.8546511627906976,False,False
SmartXPro_IN,SensorIN,IN:leaf_in:SensorIN:SmartXPro_IN,2029-W45,344.0,344.0,True,344.0,1.0,1.0,False,False
SmartXPro_IN,AssemblyIN,IN:mom:AssemblyIN:SmartXPro_IN,2029-W46,289.0,289.0,True,339.0,0.8525073746312685,0.8525073746312685,False,False
SmartXPro_IN,SensorIN,IN:leaf_in:SensorIN:SmartXPro_IN,2029-W46,339.0,339.0,True,339.0,1.0,1.0,False,False
SmartXPro_IN,AssemblyIN,IN:mom:AssemblyIN:SmartXPro_IN,2029-W47,283.0,283.0,True,333.0,0.8498498498498499,0.8498498498498499,False,False
SmartXPro_IN,SensorIN,IN:leaf_in:SensorIN:SmartXPro_IN,2029-W47,333.0,333.0,True,333.0,1.0,1.0,False,False
SmartXPro_IN,AssemblyIN,IN:mom:AssemblyIN:SmartXPro_IN,2029-W48,278.0,278.0,True,328.0,0.8475609756097561,0.8475609756097561,False,False
SmartXPro_IN,SensorIN,IN:leaf_in:SensorIN:SmartXPro_IN,2029-W48,328.0,328.0,True,328.0,1.0,1.0,False,False
SmartXPro_IN,AssemblyIN,IN:mom:AssemblyIN:SmartXPro_IN,2029-W49,272.0,272.0,True,322.0,0.84472049689441,0.84472049689441,False,False
SmartXPro_IN,SensorIN,IN:leaf_in:SensorIN:SmartXPro_IN,2029-W49,322.0,322.0,True,322.0,1.0,1.0,False,False
SmartXPro_IN,AssemblyIN,IN:mom:AssemblyIN:SmartXPro_IN,2029-W50,267.0,267.0,True,317.0,0.8422712933753943,0.8422712933753943,False,False
SmartXPro_IN,SensorIN,IN:leaf_in:SensorIN:SmartXPro_IN,2029-W50,317.0,317.0,True,317.0,1.0,1.0,False,False
SmartXPro_IN,AssemblyIN,IN:mom:AssemblyIN:SmartXPro_IN,2029-W51,261.0,261.0,True,311.0,0.8392282958199357,0.8392282958199357,False,False
SmartXPro_IN,SensorIN,IN:leaf_in:SensorIN:SmartXPro_IN,2029-W51,311.0,311.0,True,311.0,1.0,1.0,False,False
SmartXPro_IN,AssemblyIN,IN:mom:AssemblyIN:SmartXPro_IN,2029-W52,256.0,256.0,True,306.0,0.8366013071895425,0.8366013071895425,False,False
SmartXPro_IN,SensorIN,IN:leaf_in:SensorIN:SmartXPro_IN,2029-W52,306.0,306.0,True,306.0,1.0,1.0,False,False
SmartXPro_IN,AssemblyIN,IN:mom:AssemblyIN:SmartXPro_IN,2030-W01,253.0,253.0,True,303.0,0.834983498349835,0.834983498349835,False,False
SmartXPro_IN,SensorIN,IN:leaf_in:SensorIN:SmartXPro_IN,2030-W01,303.0,303.0,True,303.0,1.0,1.0,False,False
SmartXPro_IN,AssemblyIN,IN:mom:AssemblyIN:SmartXPro_IN,2030-W02,250.0,250.0,True,299.0,0.8361204013377926,0.8361204013377926,False,False
SmartXPro_IN,SensorIN,IN:leaf_in:SensorIN:SmartXPro_IN,2030-W02,299.0,299.0,True,299.0,1.0,1.0,False,False
SmartXPro_IN,AssemblyIN,IN:mom:AssemblyIN:SmartXPro_IN,2030-W03,247.0,247.0,True,295.0,0.8372881355932204,0.8372881355932204,False,False
SmartXPro_IN,SensorIN,IN:leaf_in:SensorIN:SmartXPro_IN,2030-W03,295.0,295.0,True,295.0,1.0,1.0,False,False
SmartXPro_IN,AssemblyIN,IN:mom:AssemblyIN:SmartXPro_IN,2030-W04,243.0,243.0,True,291.0,0.8350515463917526,0.8350515463917526,False,False
SmartXPro_IN,SensorIN,IN:leaf_in:SensorIN:SmartXPro_IN,2030-W04,291.0,291.0,True,291.0,1.0,1.0,False,False
SmartXPro_IN,AssemblyIN,IN:mom:AssemblyIN:SmartXPro_IN,2030-W05,240.0,240.0,True,287.0,0.8362369337979094,0.8362369337979094,False,False
SmartXPro_IN,SensorIN,IN:leaf_in:SensorIN:SmartXPro_IN,2030-W05,287.0,287.0,True,287.0,1.0,1.0,False,False
SmartXPro_IN,AssemblyIN,IN:mom:AssemblyIN:SmartXPro_IN,2030-W06,237.0,237.0,True,284.0,0.8345070422535211,0.8345070422535211,False,False
SmartXPro_IN,SensorIN,IN:leaf_in:SensorIN:SmartXPro_IN,2030-W06,284.0,284.0,True,284.0,1.0,1.0,False,False
SmartXPro_IN,AssemblyIN,IN:mom:AssemblyIN:SmartXPro_IN,2030-W07,234.0,234.0,True,280.0,0.8357142857142857,0.8357142857142857,False,False
SmartXPro_IN,SensorIN,IN:leaf_in:SensorIN:SmartXPro_IN,2030-W07,280.0,280.0,True,280.0,1.0,1.0,False,False
SmartXPro_IN,AssemblyIN,IN:mom:AssemblyIN:SmartXPro_IN,2030-W08,230.0,230.0,True,276.0,0.8333333333333334,0.8333333333333334,False,False
SmartXPro_IN,SensorIN,IN:leaf_in:SensorIN:SmartXPro_IN,2030-W08,276.0,276.0,True,276.0,1.0,1.0,False,False
SmartXPro_IN,AssemblyIN,IN:mom:AssemblyIN:SmartXPro_IN,2030-W09,227.0,227.0,True,272.0,0.8345588235294118,0.8345588235294118,False,False
SmartXPro_IN,SensorIN,IN:leaf_in:SensorIN:SmartXPro_IN,2030-W09,272.0,272.0,True,272.0,1.0,1.0,False,False
SmartXPro_IN,AssemblyIN,IN:mom:AssemblyIN:SmartXPro_IN,2030-W10,224.0,224.0,True,268.0,0.835820895522388,0.835820895522388,False,False
SmartXPro_IN,SensorIN,IN:leaf_in:SensorIN:SmartXPro_IN,2030-W10,268.0,268.0,True,268.0,1.0,1.0,False,False
SmartXPro_IN,AssemblyIN,IN:mom:AssemblyIN:SmartXPro_IN,2030-W11,221.0,221.0,True,264.0,0.8371212121212122,0.8371212121212122,False,False
SmartXPro_IN,SensorIN,IN:leaf_in:SensorIN:SmartXPro_IN,2030-W11,264.0,264.0,True,264.0,1.0,1.0,False,False
SmartXPro_IN,AssemblyIN,IN:mom:AssemblyIN:SmartXPro_IN,2030-W12,217.0,217.0,True,260.0,0.8346153846153846,0.8346153846153846,False,False
SmartXPro_IN,SensorIN,IN:leaf_in:SensorIN:SmartXPro_IN,2030-W12,260.0,260.0,True,260.0,1.0,1.0,False,False
SmartXPro_IN,AssemblyIN,IN:mom:AssemblyIN:SmartXPro_IN,2030-W13,214.0,214.0,True,256.0,0.8359375,0.8359375,False,False
SmartXPro_IN,SensorIN,IN:leaf_in:SensorIN:SmartXPro_IN,2030-W13,256.0,256.0,True,256.0,1.0,1.0,False,False
SmartXPro_IN,AssemblyIN,IN:mom:AssemblyIN:SmartXPro_IN,2030-W14,211.0,211.0,True,253.0,0.83399209486166,0.83399209486166,False,False
SmartXPro_IN,SensorIN,IN:leaf_in:SensorIN:SmartXPro_IN,2030-W14,253.0,253.0,True,253.0,1.0,1.0,False,False
SmartXPro_IN,AssemblyIN,IN:mom:AssemblyIN:SmartXPro_IN,2030-W15,208.0,208.0,True,249.0,0.8353413654618473,0.8353413654618473,False,False
SmartXPro_IN,SensorIN,IN:leaf_in:SensorIN:SmartXPro_IN,2030-W15,249.0,249.0,True,249.0,1.0,1.0,False,False
SmartXPro_IN,AssemblyIN,IN:mom:AssemblyIN:SmartXPro_IN,2030-W16,204.0,204.0,True,245.0,0.8326530612244898,0.8326530612244898,False,False
SmartXPro_IN,SensorIN,IN:leaf_in:SensorIN:SmartXPro_IN,2030-W16,245.0,245.0,True,245.0,1.0,1.0,False,False
SmartXPro_IN,AssemblyIN,IN:mom:AssemblyIN:SmartXPro_IN,2030-W17,201.0,201.0,True,241.0,0.8340248962655602,0.8340248962655602,False,False
SmartXPro_IN,SensorIN,IN:leaf_in:SensorIN:SmartXPro_IN,2030-W17,241.0,241.0,True,241.0,1.0,1.0,False,False
SmartXPro_IN,AssemblyIN,IN:mom:AssemblyIN:SmartXPro_IN,2030-W18,198.0,198.0,True,237.0,0.8354430379746836,0.8354430379746836,False,False
SmartXPro_IN,SensorIN,IN:leaf_in:SensorIN:SmartXPro_IN,2030-W18,237.0,237.0,True,237.0,1.0,1.0,False,False
SmartXPro_IN,AssemblyIN,IN:mom:AssemblyIN:SmartXPro_IN,2030-W19,195.0,195.0,True,233.0,0.8369098712446352,0.8369098712446352,False,False
SmartXPro_IN,SensorIN,IN:leaf_in:SensorIN:SmartXPro_IN,2030-W19,233.0,233.0,True,233.0,1.0,1.0,False,False
SmartXPro_IN,AssemblyIN,IN:mom:AssemblyIN:SmartXPro_IN,2030-W20,192.0,192.0,True,229.0,0.8384279475982532,0.8384279475982532,False,False
SmartXPro_IN,SensorIN,IN:leaf_in:SensorIN:SmartXPro_IN,2030-W20,229.0,229.0,True,229.0,1.0,1.0,False,False
SmartXPro_IN,AssemblyIN,IN:mom:AssemblyIN:SmartXPro_IN,2030-W21,188.0,188.0,True,225.0,0.8355555555555556,0.8355555555555556,False,False
SmartXPro_IN,SensorIN,IN:leaf_in:SensorIN:SmartXPro_IN,2030-W21,225.0,225.0,True,225.0,1.0,1.0,False,False
SmartXPro_IN,AssemblyIN,IN:mom:AssemblyIN:SmartXPro_IN,2030-W22,185.0,185.0,True,221.0,0.8371040723981901,0.8371040723981901,False,False
SmartXPro_IN,SensorIN,IN:leaf_in:SensorIN:SmartXPro_IN,2030-W22,221.0,221.0,True,221.0,1.0,1.0,False,False
SmartXPro_IN,AssemblyIN,IN:mom:AssemblyIN:SmartXPro_IN,2030-W23,182.0,182.0,True,218.0,0.8348623853211009,0.8348623853211009,False,False
SmartXPro_IN,SensorIN,IN:leaf_in:SensorIN:SmartXPro_IN,2030-W23,218.0,218.0,True,218.0,1.0,1.0,False,False
SmartXPro_IN,AssemblyIN,IN:mom:AssemblyIN:SmartXPro_IN,2030-W24,179.0,179.0,True,214.0,0.8364485981308412,0.8364485981308412,False,False
SmartXPro_IN,SensorIN,IN:leaf_in:SensorIN:SmartXPro_IN,2030-W24,214.0,214.0,True,214.0,1.0,1.0,False,False
SmartXPro_IN,AssemblyIN,IN:mom:AssemblyIN:SmartXPro_IN,2030-W25,175.0,175.0,True,210.0,0.8333333333333334,0.8333333333333334,False,False
SmartXPro_IN,SensorIN,IN:leaf_in:SensorIN:SmartXPro_IN,2030-W25,210.0,210.0,True,210.0,1.0,1.0,False,False
SmartXPro_IN,AssemblyIN,IN:mom:AssemblyIN:SmartXPro_IN,2030-W26,172.0,172.0,True,206.0,0.8349514563106796,0.8349514563106796,False,False
SmartXPro_IN,SensorIN,IN:leaf_in:SensorIN:SmartXPro_IN,2030-W26,206.0,206.0,True,206.0,1.0,1.0,False,False
SmartXPro_IN,AssemblyIN,IN:mom:AssemblyIN:SmartXPro_IN,2030-W27,169.0,169.0,True,202.0,0.8366336633663366,0.8366336633663366,False,False
SmartXPro_IN,SensorIN,IN:leaf_in:SensorIN:SmartXPro_IN,2030-W27,202.0,202.0,True,202.0,1.0,1.0,False,False
SmartXPro_IN,AssemblyIN,IN:mom:AssemblyIN:SmartXPro_IN,2030-W28,166.0,166.0,True,198.0,0.8383838383838383,0.8383838383838383,False,False
SmartXPro_IN,SensorIN,IN:leaf_in:SensorIN:SmartXPro_IN,2030-W28,198.0,198.0,True,198.0,1.0,1.0,False,False
SmartXPro_IN,AssemblyIN,IN:mom:AssemblyIN:SmartXPro_IN,2030-W29,162.0,162.0,True,194.0,0.8350515463917526,0.8350515463917526,False,False
SmartXPro_IN,SensorIN,IN:leaf_in:SensorIN:SmartXPro_IN,2030-W29,194.0,194.0,True,194.0,1.0,1.0,False,False
SmartXPro_IN,AssemblyIN,IN:mom:AssemblyIN:SmartXPro_IN,2030-W30,159.0,159.0,True,190.0,0.8368421052631579,0.8368421052631579,False,False
SmartXPro_IN,SensorIN,IN:leaf_in:SensorIN:SmartXPro_IN,2030-W30,190.0,190.0,True,190.0,1.0,1.0,False,False
SmartXPro_IN,AssemblyIN,IN:mom:AssemblyIN:SmartXPro_IN,2030-W31,156.0,156.0,True,187.0,0.8342245989304813,0.8342245989304813,False,False
SmartXPro_IN,SensorIN,IN:leaf_in:SensorIN:SmartXPro_IN,2030-W31,187.0,187.0,True,187.0,1.0,1.0,False,False
SmartXPro_IN,AssemblyIN,IN:mom:AssemblyIN:SmartXPro_IN,2030-W32,153.0,153.0,True,183.0,0.8360655737704918,0.8360655737704918,False,False
SmartXPro_IN,SensorIN,IN:leaf_in:SensorIN:SmartXPro_IN,2030-W32,183.0,183.0,True,183.0,1.0,1.0,False,False
SmartXPro_IN,AssemblyIN,IN:mom:AssemblyIN:SmartXPro_IN,2030-W33,149.0,149.0,True,179.0,0.8324022346368715,0.8324022346368715,False,False
SmartXPro_IN,SensorIN,IN:leaf_in:SensorIN:SmartXPro_IN,2030-W33,179.0,179.0,True,179.0,1.0,1.0,False,False
SmartXPro_IN,AssemblyIN,IN:mom:AssemblyIN:SmartXPro_IN,2030-W34,146.0,146.0,True,175.0,0.8342857142857143,0.8342857142857143,False,False
SmartXPro_IN,SensorIN,IN:leaf_in:SensorIN:SmartXPro_IN,2030-W34,175.0,175.0,True,175.0,1.0,1.0,False,False
SmartXPro_IN,AssemblyIN,IN:mom:AssemblyIN:SmartXPro_IN,2030-W35,143.0,143.0,True,171.0,0.8362573099415205,0.8362573099415205,False,False
SmartXPro_IN,SensorIN,IN:leaf_in:SensorIN:SmartXPro_IN,2030-W35,171.0,171.0,True,171.0,1.0,1.0,False,False
SmartXPro_IN,AssemblyIN,IN:mom:AssemblyIN:SmartXPro_IN,2030-W36,140.0,140.0,True,167.0,0.8383233532934131,0.8383233532934131,False,False
SmartXPro_IN,SensorIN,IN:leaf_in:SensorIN:SmartXPro_IN,2030-W36,167.0,167.0,True,167.0,1.0,1.0,False,False
SmartXPro_IN,AssemblyIN,IN:mom:AssemblyIN:SmartXPro_IN,2030-W37,137.0,137.0,True,163.0,0.8404907975460123,0.8404907975460123,False,False
SmartXPro_IN,SensorIN,IN:leaf_in:SensorIN:SmartXPro_IN,2030-W37,163.0,163.0,True,163.0,1.0,1.0,False,False
SmartXPro_IN,AssemblyIN,IN:mom:AssemblyIN:SmartXPro_IN,2030-W38,133.0,133.0,True,159.0,0.8364779874213837,0.8364779874213837,False,False
SmartXPro_IN,SensorIN,IN:leaf_in:SensorIN:SmartXPro_IN,2030-W38,159.0,159.0,True,159.0,1.0,1.0,False,False
SmartXPro_IN,AssemblyIN,IN:mom:AssemblyIN:SmartXPro_IN,2030-W39,130.0,130.0,True,155.0,0.8387096774193549,0.8387096774193549,False,False
SmartXPro_IN,SensorIN,IN:leaf_in:SensorIN:SmartXPro_IN,2030-W39,155.0,155.0,True,155.0,1.0,1.0,False,False
SmartXPro_IN,AssemblyIN,IN:mom:AssemblyIN:SmartXPro_IN,2030-W40,127.0,127.0,True,152.0,0.8355263157894737,0.8355263157894737,False,False
SmartXPro_IN,SensorIN,IN:leaf_in:SensorIN:SmartXPro_IN,2030-W40,152.0,152.0,True,152.0,1.0,1.0,False,False
SmartXPro_IN,AssemblyIN,IN:mom:AssemblyIN:SmartXPro_IN,2030-W41,124.0,124.0,True,148.0,0.8378378378378378,0.8378378378378378,False,False
SmartXPro_IN,SensorIN,IN:leaf_in:SensorIN:SmartXPro_IN,2030-W41,148.0,0.0,False,148.0,1.0,0.0,False,False
SmartXPro_IN,AssemblyIN,IN:mom:AssemblyIN:SmartXPro_IN,2030-W42,120.0,120.0,True,144.0,0.8333333333333334,0.8333333333333334,False,False
SmartXPro_IN,SensorIN,IN:leaf_in:SensorIN:SmartXPro_IN,2030-W42,144.0,144.0,True,144.0,1.0,1.0,False,False
SmartXPro_IN,AssemblyIN,IN:mom:AssemblyIN:SmartXPro_IN,2030-W43,117.0,117.0,True,140.0,0.8357142857142857,0.8357142857142857,False,False
SmartXPro_IN,SensorIN,IN:leaf_in:SensorIN:SmartXPro_IN,2030-W43,140.0,140.0,True,140.0,1.0,1.0,False,False
SmartXPro_IN,AssemblyIN,IN:mom:AssemblyIN:SmartXPro_IN,2030-W44,114.0,114.0,True,136.0,0.8382352941176471,0.8382352941176471,False,False
SmartXPro_IN,SensorIN,IN:leaf_in:SensorIN:SmartXPro_IN,2030-W44,136.0,136.0,True,136.0,1.0,1.0,False,False
SmartXPro_IN,AssemblyIN,IN:mom:AssemblyIN:SmartXPro_IN,2030-W45,111.0,111.0,True,132.0,0.8409090909090909,0.8409090909090909,False,False
SmartXPro_IN,SensorIN,IN:leaf_in:SensorIN:SmartXPro_IN,2030-W45,132.0,132.0,True,132.0,1.0,1.0,False,False
SmartXPro_IN,AssemblyIN,IN:mom:AssemblyIN:SmartXPro_IN,2030-W46,107.0,107.0,True,128.0,0.8359375,0.8359375,False,False
SmartXPro_IN,SensorIN,IN:leaf_in:SensorIN:SmartXPro_IN,2030-W46,128.0,128.0,True,128.0,1.0,1.0,False,False
SmartXPro_IN,AssemblyIN,IN:mom:AssemblyIN:SmartXPro_IN,2030-W47,104.0,104.0,True,124.0,0.8387096774193549,0.8387096774193549,False,False
SmartXPro_IN,SensorIN,IN:leaf_in:SensorIN:SmartXPro_IN,2030-W47,124.0,124.0,True,124.0,1.0,1.0,False,False
SmartXPro_IN,AssemblyIN,IN:mom:AssemblyIN:SmartXPro_IN,2030-W48,101.0,101.0,True,121.0,0.8347107438016529,0.8347107438016529,False,False
SmartXPro_IN,SensorIN,IN:leaf_in:SensorIN:SmartXPro_IN,2030-W48,121.0,121.0,True,121.0,1.0,1.0,False,False
SmartXPro_IN,AssemblyIN,IN:mom:AssemblyIN:SmartXPro_IN,2030-W49,98.0,98.0,True,117.0,0.8376068376068376,0.8376068376068376,False,False
SmartXPro_IN,SensorIN,IN:leaf_in:SensorIN:SmartXPro_IN,2030-W49,117.0,117.0,True,117.0,1.0,1.0,False,False
SmartXPro_IN,AssemblyIN,IN:mom:AssemblyIN:SmartXPro_IN,2030-W50,94.0,94.0,True,113.0,0.831858407079646,0.831858407079646,False,False
SmartXPro_IN,SensorIN,IN:leaf_in:SensorIN:SmartXPro_IN,2030-W50,113.0,113.0,True,113.0,1.0,1.0,False,False
SmartXPro_IN,AssemblyIN,IN:mom:AssemblyIN:SmartXPro_IN,2030-W51,91.0,91.0,True,109.0,0.8348623853211009,0.8348623853211009,False,False
SmartXPro_IN,SensorIN,IN:leaf_in:SensorIN:SmartXPro_IN,2030-W51,109.0,109.0,True,109.0,1.0,1.0,False,False
SmartXPro_IN,AssemblyIN,IN:mom:AssemblyIN:SmartXPro_IN,2030-W52,88.0,88.0,True,105.0,0.8380952380952381,0.8380952380952381,False,False
SmartXPro_IN,SensorIN,IN:leaf_in:SensorIN:SmartXPro_IN,2030-W52,105.0,105.0,True,105.0,1.0,1.0,False,False
