product,node_name,node_id,week,nominal_resource_receipt_load,nominal_internal_request_S,capacity,over_nominal_receipt,backward_demand_S,backward_demand_P,forward_input_P,forward_processed_P,actual_ship,cap_receipt_is_skipped
SmartX,AssemblyCN_g1,IN:mom:AssemblyCN_g1:SmartX,2025-W36,0,0,,,0,0,0,0,0,False
SmartX,AssemblyCN_g1,IN:mom:AssemblyCN_g1:SmartX,2025-W37,0,0,,,0,0,0,0,0,False
SmartX,AssemblyCN_g1,IN:mom:AssemblyCN_g1:SmartX,2025-W38,0,0,,,0,0,0,0,0,False
SmartX,AssemblyCN_g1,IN:mom:AssemblyCN_g1:SmartX,2025-W39,0,0,,,0,0,0,0,0,False
SmartX,AssemblyCN_g1,IN:mom:AssemblyCN_g1:SmartX,2025-W40,0,0,,,0,0,0,0,0,False
SmartX,AssemblyCN_g1,IN:mom:AssemblyCN_g1:SmartX,2025-W41,0,0,,,0,0,0,0,0,False
SmartX,AssemblyCN_g1,IN:mom:AssemblyCN_g1:SmartX,2025-W42,0,0,,,0,0,0,0,0,False
SmartX,AssemblyCN_g1,IN:mom:AssemblyCN_g1:SmartX,2025-W43,0,0,,,0,0,0,0,0,False
SmartX,AssemblyCN_g1,IN:mom:AssemblyCN_g1:SmartX,2025-W44,0,0,,,0,0,0,0,0,False
SmartX,AssemblyCN_g1,IN:mom:AssemblyCN_g1:SmartX,2025-W45,0,0,,,0,0,0,0,0,False
SmartX,AssemblyCN_g1,IN:mom:AssemblyCN_g1:SmartX,2025-W46,0,0,,,0,0,0,0,0,False
SmartX,AssemblyCN_g1,IN:mom:AssemblyCN_g1:SmartX,2025-W47,0,0,,,0,0,0,0,0,False
SmartX,AssemblyCN_g1,IN:mom:AssemblyCN_g1:SmartX,2025-W48,0,0,,,0,0,0,0,0,False
SmartX,AssemblyCN_g1,IN:mom:AssemblyCN_g1:SmartX,2025-W49,366,366,,,366,0,366,366,366,False
SmartX,AssemblyCN_g1,IN:mom:AssemblyCN_g1:SmartX,2025-W50,1305,1305,,,1305,0,1305,1305,1305,False
SmartX,AssemblyCN_g1,IN:mom:AssemblyCN_g1:SmartX,2025-W51,1300,1300,,,1300,0,1300,1300,1300,False
SmartX,AssemblyCN_g1,IN:mom:AssemblyCN_g1:SmartX,2025-W52,1293,1293,,,1293,0,1293,1293,1293,False
SmartX,AssemblyCN_g1,IN:mom:AssemblyCN_g1:SmartX,2026-W01,1289,1289,,,1289,0,1289,1289,1289,False
SmartX,AssemblyCN_g1,IN:mom:AssemblyCN_g1:SmartX,2026-W02,1283,1283,,,1283,0,1283,1283,1283,False
SmartX,AssemblyCN_g1,IN:mom:AssemblyCN_g1:SmartX,2026-W03,1276,1276,,,1276,0,1276,1276,1276,False
SmartX,AssemblyCN_g1,IN:mom:AssemblyCN_g1:SmartX,2026-W04,1271,1271,,,1271,0,1271,1271,1271,False
SmartX,AssemblyCN_g1,IN:mom:AssemblyCN_g1:SmartX,2026-W05,1265,1265,,,1265,0,1265,1265,1265,False
SmartX,AssemblyCN_g1,IN:mom:AssemblyCN_g1:SmartX,2026-W06,1259,1259,,,1259,0,1259,1259,1259,False
SmartX,AssemblyCN_g1,IN:mom:AssemblyCN_g1:SmartX,2026-W07,1254,1254,,,1254,0,1254,1254,1254,False
SmartX,AssemblyCN_g1,IN:mom:AssemblyCN_g1:SmartX,2026-W08,1248,1248,,,1248,0,1248,1248,1248,False
SmartX,AssemblyCN_g1,IN:mom:AssemblyCN_g1:SmartX,2026-W09,1243,1243,,,1243,0,1243,1243,1243,False
SmartX,AssemblyCN_g1,IN:mom:AssemblyCN_g1:SmartX,2026-W10,1236,1236,,,1236,0,1236,1236,1236,False
SmartX,AssemblyCN_g1,IN:mom:AssemblyCN_g1:SmartX,2026-W11,1230,1230,,,1230,0,1230,1230,1230,False
SmartX,AssemblyCN_g1,IN:mom:AssemblyCN_g1:SmartX,2026-W12,1225,1225,,,1225,0,1225,1225,1225,False
SmartX,AssemblyCN_g1,IN:mom:AssemblyCN_g1:SmartX,2026-W13,1219,1219,,,1219,0,1219,1219,1219,False
SmartX,AssemblyCN_g1,IN:mom:AssemblyCN_g1:SmartX,2026-W14,1214,1214,,,1214,0,1214,1214,1214,False
SmartX,AssemblyCN_g1,IN:mom:AssemblyCN_g1:SmartX,2026-W15,1208,1208,,,1208,0,1208,1208,1208,False
SmartX,AssemblyCN_g1,IN:mom:AssemblyCN_g1:SmartX,2026-W16,1201,1201,,,1201,0,1201,1201,1201,False
SmartX,AssemblyCN_g1,IN:mom:AssemblyCN_g1:SmartX,2026-W17,1196,1196,,,1196,0,1196,1196,1196,False
SmartX,AssemblyCN_g1,IN:mom:AssemblyCN_g1:SmartX,2026-W18,1190,1190,,,1190,0,1190,1190,1190,False
SmartX,AssemblyCN_g1,IN:mom:AssemblyCN_g1:SmartX,2026-W19,1185,1185,,,1185,0,1185,1185,1185,False
SmartX,AssemblyCN_g1,IN:mom:AssemblyCN_g1:SmartX,2026-W20,1179,1179,,,1179,0,1179,1179,1179,False
SmartX,AssemblyCN_g1,IN:mom:AssemblyCN_g1:SmartX,2026-W21,1173,1173,,,1173,0,1173,1173,1173,False
SmartX,AssemblyCN_g1,IN:mom:AssemblyCN_g1:SmartX,2026-W22,1168,1168,,,1168,0,1168,1168,1168,False
SmartX,AssemblyCN_g1,IN:mom:AssemblyCN_g1:SmartX,2026-W23,1161,1161,,,1161,0,1161,1161,1161,False
SmartX,AssemblyCN_g1,IN:mom:AssemblyCN_g1:SmartX,2026-W24,1155,1155,,,1155,0,1155,1155,1155,False
SmartX,AssemblyCN_g1,IN:mom:AssemblyCN_g1:SmartX,2026-W25,1151,1151,,,1151,0,1151,1151,1151,False
SmartX,AssemblyCN_g1,IN:mom:AssemblyCN_g1:SmartX,2026-W26,1144,1144,,,1144,0,1144,1144,1144,False
SmartX,AssemblyCN_g1,IN:mom:AssemblyCN_g1:SmartX,2026-W27,1139,1139,,,1139,0,1139,1139,1139,False
SmartX,AssemblyCN_g1,IN:mom:AssemblyCN_g1:SmartX,2026-W28,1133,1133,,,1133,0,1133,1133,1133,False
SmartX,AssemblyCN_g1,IN:mom:AssemblyCN_g1:SmartX,2026-W29,1126,1126,,,1126,0,1126,1126,1126,False
SmartX,AssemblyCN_g1,IN:mom:AssemblyCN_g1:SmartX,2026-W30,1122,1122,,,1122,0,1122,1122,1122,False
SmartX,AssemblyCN_g1,IN:mom:AssemblyCN_g1:SmartX,2026-W31,1116,1116,,,1116,0,1116,1116,1116,False
SmartX,AssemblyCN_g1,IN:mom:AssemblyCN_g1:SmartX,2026-W32,1110,1110,,,1110,0,1110,1110,1110,False
SmartX,AssemblyCN_g1,IN:mom:AssemblyCN_g1:SmartX,2026-W33,1104,1104,,,1104,0,1104,1104,1104,False
SmartX,AssemblyCN_g1,IN:mom:AssemblyCN_g1:SmartX,2026-W34,1098,1098,,,1098,0,1098,1098,1098,False
SmartX,AssemblyCN_g1,IN:mom:AssemblyCN_g1:SmartX,2026-W35,1093,1093,,,1093,0,1093,1093,1093,False
SmartX,AssemblyCN_g1,IN:mom:AssemblyCN_g1:SmartX,2026-W36,1087,1087,,,1087,0,1087,1087,1087,False
SmartX,AssemblyCN_g1,IN:mom:AssemblyCN_g1:SmartX,2026-W37,1081,1081,,,1081,0,1081,1081,1081,False
SmartX,AssemblyCN_g1,IN:mom:AssemblyCN_g1:SmartX,2026-W38,1076,1076,,,1076,0,1076,1076,1076,False
SmartX,AssemblyCN_g1,IN:mom:AssemblyCN_g1:SmartX,2026-W39,1069,1069,,,1069,0,1069,1069,1069,False
SmartX,AssemblyCN_g1,IN:mom:AssemblyCN_g1:SmartX,2026-W40,1064,1064,,,1064,0,1064,1064,1064,False
SmartX,AssemblyCN_g1,IN:mom:AssemblyCN_g1:SmartX,2026-W41,1058,1058,,,1058,0,1058,1058,1058,False
SmartX,AssemblyCN_g1,IN:mom:AssemblyCN_g1:SmartX,2026-W42,1052,1052,,,1052,0,1052,1052,1052,False
SmartX,AssemblyCN_g1,IN:mom:AssemblyCN_g1:SmartX,2026-W43,1047,1047,,,1047,0,1047,1047,1047,False
SmartX,AssemblyCN_g1,IN:mom:AssemblyCN_g1:SmartX,2026-W44,1041,1041,,,1041,0,1041,1041,1041,False
SmartX,AssemblyCN_g1,IN:mom:AssemblyCN_g1:SmartX,2026-W45,1035,1035,,,1035,0,1035,1035,1035,False
SmartX,AssemblyCN_g1,IN:mom:AssemblyCN_g1:SmartX,2026-W46,1029,1029,,,1029,0,1029,1029,1029,False
SmartX,AssemblyCN_g1,IN:mom:AssemblyCN_g1:SmartX,2026-W47,1023,1023,,,1023,0,1023,1023,1023,False
SmartX,AssemblyCN_g1,IN:mom:AssemblyCN_g1:SmartX,2026-W48,1019,1019,,,1019,0,1019,1019,1019,False
SmartX,AssemblyCN_g1,IN:mom:AssemblyCN_g1:SmartX,2026-W49,1012,1012,,,1012,0,1012,1012,1012,False
SmartX,AssemblyCN_g1,IN:mom:AssemblyCN_g1:SmartX,2026-W50,1006,1006,,,1006,0,1006,1006,1006,False
SmartX,AssemblyCN_g1,IN:mom:AssemblyCN_g1:SmartX,2026-W51,1000,1000,,,1000,0,1000,1000,1000,False
SmartX,AssemblyCN_g1,IN:mom:AssemblyCN_g1:SmartX,2026-W52,1000,1000,,,1000,0,1000,1000,1000,False
SmartX,AssemblyCN_g1,IN:mom:AssemblyCN_g1:SmartX,2026-W53,1000,1000,,,1000,0,1000,1000,1000,False
SmartX,AssemblyCN_g1,IN:mom:AssemblyCN_g1:SmartX,2027-W01,1000,1000,,,1000,0,1000,1000,1000,False
SmartX,AssemblyCN_g1,IN:mom:AssemblyCN_g1:SmartX,2027-W02,1000,1000,,,1000,0,1000,1000,1000,False
SmartX,AssemblyCN_g1,IN:mom:AssemblyCN_g1:SmartX,2027-W03,1000,1000,,,1000,0,1000,1000,1000,False
SmartX,AssemblyCN_g1,IN:mom:AssemblyCN_g1:SmartX,2027-W04,1000,1000,,,1000,0,1000,1000,1000,False
SmartX,AssemblyCN_g1,IN:mom:AssemblyCN_g1:SmartX,2027-W05,1000,1000,,,1000,0,1000,1000,1000,False
SmartX,AssemblyCN_g1,IN:mom:AssemblyCN_g1:SmartX,2027-W06,1000,1000,,,1000,0,1000,1000,1000,False
SmartX,AssemblyCN_g1,IN:mom:AssemblyCN_g1:SmartX,2027-W07,1000,1000,,,1000,0,1000,1000,1000,False
SmartX,AssemblyCN_g1,IN:mom:AssemblyCN_g1:SmartX,2027-W08,1000,1000,,,1000,0,1000,1000,1000,False
SmartX,AssemblyCN_g1,IN:mom:AssemblyCN_g1:SmartX,2027-W09,1000,1000,,,1000,0,1000,1000,1000,False
SmartX,AssemblyCN_g1,IN:mom:AssemblyCN_g1:SmartX,2027-W10,1000,1000,,,1000,0,1000,1000,1000,False
SmartX,AssemblyCN_g1,IN:mom:AssemblyCN_g1:SmartX,2027-W11,1000,1000,,,1000,0,1000,1000,1000,False
SmartX,AssemblyCN_g1,IN:mom:AssemblyCN_g1:SmartX,2027-W12,1000,1000,,,1000,0,1000,1000,1000,False
SmartX,AssemblyCN_g1,IN:mom:AssemblyCN_g1:SmartX,2027-W13,1000,1000,,,1000,0,1000,1000,1000,False
SmartX,AssemblyCN_g1,IN:mom:AssemblyCN_g1:SmartX,2027-W14,1000,1000,,,1000,0,1000,1000,1000,False
SmartX,AssemblyCN_g1,IN:mom:AssemblyCN_g1:SmartX,2027-W15,1000,1000,,,1000,0,1000,1000,1000,False
SmartX,AssemblyCN_g1,IN:mom:AssemblyCN_g1:SmartX,2027-W16,1000,1000,,,1000,0,1000,1000,1000,False
SmartX,AssemblyCN_g1,IN:mom:AssemblyCN_g1:SmartX,2027-W17,1000,1000,,,1000,0,1000,1000,1000,False
SmartX,AssemblyCN_g1,IN:mom:AssemblyCN_g1:SmartX,2027-W18,1000,1000,,,1000,0,1000,1000,1000,False
SmartX,AssemblyCN_g1,IN:mom:AssemblyCN_g1:SmartX,2027-W19,1000,1000,,,1000,0,1000,1000,1000,False
SmartX,AssemblyCN_g1,IN:mom:AssemblyCN_g1:SmartX,2027-W20,1000,1000,,,1000,0,1000,1000,1000,False
SmartX,AssemblyCN_g1,IN:mom:AssemblyCN_g1:SmartX,2027-W21,1000,1000,,,1000,0,1000,1000,1000,False
SmartX,AssemblyCN_g1,IN:mom:AssemblyCN_g1:SmartX,2027-W22,1000,1000,,,1000,0,1000,1000,1000,False
SmartX,AssemblyCN_g1,IN:mom:AssemblyCN_g1:SmartX,2027-W23,997,997,,,997,0,997,997,997,False
SmartX,AssemblyCN_g1,IN:mom:AssemblyCN_g1:SmartX,2027-W24,988,988,,,988,0,988,988,988,False
SmartX,AssemblyCN_g1,IN:mom:AssemblyCN_g1:SmartX,2027-W25,979,979,,,979,0,979,979,979,False
SmartX,AssemblyCN_g1,IN:mom:AssemblyCN_g1:SmartX,2027-W26,970,970,,,970,0,970,970,970,False
SmartX,AssemblyCN_g1,IN:mom:AssemblyCN_g1:SmartX,2027-W27,960,960,,,960,0,960,960,960,False
SmartX,AssemblyCN_g1,IN:mom:AssemblyCN_g1:SmartX,2027-W28,951,951,,,951,0,951,951,951,False
SmartX,AssemblyCN_g1,IN:mom:AssemblyCN_g1:SmartX,2027-W29,942,942,,,942,0,942,942,942,False
SmartX,AssemblyCN_g1,IN:mom:AssemblyCN_g1:SmartX,2027-W30,932,932,,,932,0,932,932,932,False
SmartX,AssemblyCN_g1,IN:mom:AssemblyCN_g1:SmartX,2027-W31,923,923,,,923,0,923,923,923,False
SmartX,AssemblyCN_g1,IN:mom:AssemblyCN_g1:SmartX,2027-W32,915,915,,,915,0,915,915,915,False
SmartX,AssemblyCN_g1,IN:mom:AssemblyCN_g1:SmartX,2027-W33,904,904,,,904,0,904,904,904,False
SmartX,AssemblyCN_g1,IN:mom:AssemblyCN_g1:SmartX,2027-W34,895,895,,,895,0,895,895,895,False
SmartX,AssemblyCN_g1,IN:mom:AssemblyCN_g1:SmartX,2027-W35,887,887,,,887,0,887,887,887,False
SmartX,AssemblyCN_g1,IN:mom:AssemblyCN_g1:SmartX,2027-W36,878,878,,,878,0,878,878,878,False
SmartX,AssemblyCN_g1,IN:mom:AssemblyCN_g1:SmartX,2027-W37,867,867,,,867,0,867,867,867,False
SmartX,AssemblyCN_g1,IN:mom:AssemblyCN_g1:SmartX,2027-W38,858,858,,,858,0,858,858,858,False
SmartX,AssemblyCN_g1,IN:mom:AssemblyCN_g1:SmartX,2027-W39,850,850,,,850,0,850,850,850,False
SmartX,AssemblyCN_g1,IN:mom:AssemblyCN_g1:SmartX,2027-W40,840,840,,,840,0,840,840,840,False
SmartX,AssemblyCN_g1,IN:mom:AssemblyCN_g1:SmartX,2027-W41,830,830,,,830,0,830,830,830,False
SmartX,AssemblyCN_g1,IN:mom:AssemblyCN_g1:SmartX,2027-W42,822,822,,,822,0,822,822,822,False
SmartX,AssemblyCN_g1,IN:mom:AssemblyCN_g1:SmartX,2027-W43,812,812,,,812,0,812,812,812,False
SmartX,AssemblyCN_g1,IN:mom:AssemblyCN_g1:SmartX,2027-W44,803,803,,,803,0,803,803,803,False
SmartX,AssemblyCN_g1,IN:mom:AssemblyCN_g1:SmartX,2027-W45,794,794,,,794,0,794,794,794,False
SmartX,AssemblyCN_g1,IN:mom:AssemblyCN_g1:SmartX,2027-W46,785,785,,,785,0,785,785,785,False
SmartX,AssemblyCN_g1,IN:mom:AssemblyCN_g1:SmartX,2027-W47,775,775,,,775,0,775,775,775,False
SmartX,AssemblyCN_g1,IN:mom:AssemblyCN_g1:SmartX,2027-W48,766,766,,,766,0,766,766,766,False
SmartX,AssemblyCN_g1,IN:mom:AssemblyCN_g1:SmartX,2027-W49,754,754,,,754,0,754,754,754,False
SmartX,AssemblyCN_g1,IN:mom:AssemblyCN_g1:SmartX,2027-W50,738,738,,,738,0,738,738,738,False
SmartX,AssemblyCN_g1,IN:mom:AssemblyCN_g1:SmartX,2027-W51,729,729,,,729,0,729,729,729,False
SmartX,AssemblyCN_g1,IN:mom:AssemblyCN_g1:SmartX,2027-W52,720,720,,,720,0,720,720,720,False
SmartX,AssemblyCN_g1,IN:mom:AssemblyCN_g1:SmartX,2028-W01,710,710,,,710,0,710,710,710,False
SmartX,AssemblyCN_g1,IN:mom:AssemblyCN_g1:SmartX,2028-W02,701,701,,,701,0,701,701,701,False
SmartX,AssemblyCN_g1,IN:mom:AssemblyCN_g1:SmartX,2028-W03,692,692,,,692,0,692,692,692,False
SmartX,AssemblyCN_g1,IN:mom:AssemblyCN_g1:SmartX,2028-W04,682,682,,,682,0,682,682,682,False
SmartX,AssemblyCN_g1,IN:mom:AssemblyCN_g1:SmartX,2028-W05,673,673,,,673,0,673,673,673,False
SmartX,AssemblyCN_g1,IN:mom:AssemblyCN_g1:SmartX,2028-W06,665,665,,,665,0,665,665,665,False
SmartX,AssemblyCN_g1,IN:mom:AssemblyCN_g1:SmartX,2028-W07,654,654,,,654,0,654,654,654,False
SmartX,AssemblyCN_g1,IN:mom:AssemblyCN_g1:SmartX,2028-W08,645,645,,,645,0,645,645,645,False
SmartX,AssemblyCN_g1,IN:mom:AssemblyCN_g1:SmartX,2028-W09,637,637,,,637,0,637,637,637,False
SmartX,AssemblyCN_g1,IN:mom:AssemblyCN_g1:SmartX,2028-W10,628,628,,,628,0,628,628,628,False
SmartX,AssemblyCN_g1,IN:mom:AssemblyCN_g1:SmartX,2028-W11,617,617,,,617,0,617,617,617,False
SmartX,AssemblyCN_g1,IN:mom:AssemblyCN_g1:SmartX,2028-W12,608,608,,,608,0,608,608,608,False
SmartX,AssemblyCN_g1,IN:mom:AssemblyCN_g1:SmartX,2028-W13,600,600,,,600,0,600,600,600,False
SmartX,AssemblyCN_g1,IN:mom:AssemblyCN_g1:SmartX,2028-W14,590,590,,,590,0,590,590,590,False
SmartX,AssemblyCN_g1,IN:mom:AssemblyCN_g1:SmartX,2028-W15,580,580,,,580,0,580,580,580,False
SmartX,AssemblyCN_g1,IN:mom:AssemblyCN_g1:SmartX,2028-W16,572,572,,,572,0,572,572,572,False
SmartX,AssemblyCN_g1,IN:mom:AssemblyCN_g1:SmartX,2028-W17,562,562,,,562,0,562,562,562,False
SmartX,AssemblyCN_g1,IN:mom:AssemblyCN_g1:SmartX,2028-W18,553,553,,,553,0,553,553,553,False
SmartX,AssemblyCN_g1,IN:mom:AssemblyCN_g1:SmartX,2028-W19,544,544,,,544,0,544,544,544,False
SmartX,AssemblyCN_g1,IN:mom:AssemblyCN_g1:SmartX,2028-W20,535,535,,,535,0,535,535,535,False
SmartX,AssemblyCN_g1,IN:mom:AssemblyCN_g1:SmartX,2028-W21,525,525,,,525,0,525,525,525,False
SmartX,AssemblyCN_g1,IN:mom:AssemblyCN_g1:SmartX,2028-W22,516,516,,,516,0,516,516,516,False
SmartX,AssemblyCN_g1,IN:mom:AssemblyCN_g1:SmartX,2028-W23,505,505,,,505,0,505,505,505,False
SmartX,AssemblyCN_g1,IN:mom:AssemblyCN_g1:SmartX,2028-W24,491,491,,,491,0,491,491,491,False
SmartX,AssemblyCN_g1,IN:mom:AssemblyCN_g1:SmartX,2028-W25,485,485,,,485,0,485,485,485,False
SmartX,AssemblyCN_g1,IN:mom:AssemblyCN_g1:SmartX,2028-W26,479,479,,,479,0,479,479,479,False
SmartX,AssemblyCN_g1,IN:mom:AssemblyCN_g1:SmartX,2028-W27,473,473,,,473,0,473,473,473,False
SmartX,AssemblyCN_g1,IN:mom:AssemblyCN_g1:SmartX,2028-W28,466,466,,,466,0,466,466,466,False
SmartX,AssemblyCN_g1,IN:mom:AssemblyCN_g1:SmartX,2028-W29,458,458,,,458,0,458,458,458,False
SmartX,AssemblyCN_g1,IN:mom:AssemblyCN_g1:SmartX,2028-W30,453,453,,,453,0,453,453,453,False
SmartX,AssemblyCN_g1,IN:mom:AssemblyCN_g1:SmartX,2028-W31,446,446,,,446,0,446,446,446,False
SmartX,AssemblyCN_g1,IN:mom:AssemblyCN_g1:SmartX,2028-W32,441,441,,,441,0,441,441,441,False
SmartX,AssemblyCN_g1,IN:mom:AssemblyCN_g1:SmartX,2028-W33,433,433,,,433,0,433,433,433,False
SmartX,AssemblyCN_g1,IN:mom:AssemblyCN_g1:SmartX,2028-W34,426,426,,,426,0,426,426,426,False
SmartX,AssemblyCN_g1,IN:mom:AssemblyCN_g1:SmartX,2028-W35,420,420,,,420,0,420,420,420,False
SmartX,AssemblyCN_g1,IN:mom:AssemblyCN_g1:SmartX,2028-W36,414,414,,,414,0,414,414,414,False
SmartX,AssemblyCN_g1,IN:mom:AssemblyCN_g1:SmartX,2028-W37,408,408,,,408,0,408,408,408,False
SmartX,AssemblyCN_g1,IN:mom:AssemblyCN_g1:SmartX,2028-W38,401,401,,,401,0,401,401,401,False
SmartX,AssemblyCN_g1,IN:mom:AssemblyCN_g1:SmartX,2028-W39,395,395,,,395,0,395,395,395,False
SmartX,AssemblyCN_g1,IN:mom:AssemblyCN_g1:SmartX,2028-W40,388,388,,,388,0,388,388,388,False
SmartX,AssemblyCN_g1,IN:mom:AssemblyCN_g1:SmartX,2028-W41,381,381,,,381,0,381,381,381,False
SmartX,AssemblyCN_g1,IN:mom:AssemblyCN_g1:SmartX,2028-W42,376,376,,,376,0,376,376,376,False
SmartX,AssemblyCN_g1,IN:mom:AssemblyCN_g1:SmartX,2028-W43,368,368,,,368,0,368,368,368,False
SmartX,AssemblyCN_g1,IN:mom:AssemblyCN_g1:SmartX,2028-W44,363,363,,,363,0,363,363,363,False
SmartX,AssemblyCN_g1,IN:mom:AssemblyCN_g1:SmartX,2028-W45,355,355,,,355,0,355,355,355,False
SmartX,AssemblyCN_g1,IN:mom:AssemblyCN_g1:SmartX,2028-W46,349,349,,,349,0,349,349,349,False
SmartX,AssemblyCN_g1,IN:mom:AssemblyCN_g1:SmartX,2028-W47,342,342,,,342,0,342,342,342,False
SmartX,AssemblyCN_g1,IN:mom:AssemblyCN_g1:SmartX,2028-W48,336,336,,,336,0,336,336,336,False
SmartX,AssemblyCN_g1,IN:mom:AssemblyCN_g1:SmartX,2028-W49,329,329,,,329,0,329,329,329,False
SmartX,AssemblyCN_g1,IN:mom:AssemblyCN_g1:SmartX,2028-W50,318,318,,,318,0,318,318,318,False
SmartX,AssemblyCN_g1,IN:mom:AssemblyCN_g1:SmartX,2028-W51,314,314,,,314,0,314,314,314,False
SmartX,AssemblyCN_g1,IN:mom:AssemblyCN_g1:SmartX,2028-W52,309,309,,,309,0,309,309,309,False
SmartX,AssemblyCN_g1,IN:mom:AssemblyCN_g1:SmartX,2029-W01,306,306,,,306,0,306,306,306,False
SmartX,AssemblyCN_g1,IN:mom:AssemblyCN_g1:SmartX,2029-W02,301,301,,,301,0,301,301,301,False
SmartX,AssemblyCN_g1,IN:mom:AssemblyCN_g1:SmartX,2029-W03,296,296,,,296,0,296,296,296,False
SmartX,AssemblyCN_g1,IN:mom:AssemblyCN_g1:SmartX,2029-W04,291,291,,,291,0,291,291,291,False
SmartX,AssemblyCN_g1,IN:mom:AssemblyCN_g1:SmartX,2029-W05,286,286,,,286,0,286,286,286,False
SmartX,AssemblyCN_g1,IN:mom:AssemblyCN_g1:SmartX,2029-W06,281,281,,,281,0,281,281,281,False
SmartX,AssemblyCN_g1,IN:mom:AssemblyCN_g1:SmartX,2029-W07,277,277,,,277,0,277,277,277,False
SmartX,AssemblyCN_g1,IN:mom:AssemblyCN_g1:SmartX,2029-W08,274,274,,,274,0,274,274,274,False
SmartX,AssemblyCN_g1,IN:mom:AssemblyCN_g1:SmartX,2029-W09,268,268,,,268,0,268,268,268,False
SmartX,AssemblyCN_g1,IN:mom:AssemblyCN_g1:SmartX,2029-W10,264,264,,,264,0,264,264,264,False
SmartX,AssemblyCN_g1,IN:mom:AssemblyCN_g1:SmartX,2029-W11,258,258,,,258,0,258,258,258,False
SmartX,AssemblyCN_g1,IN:mom:AssemblyCN_g1:SmartX,2029-W12,254,254,,,254,0,254,254,254,False
SmartX,AssemblyCN_g1,IN:mom:AssemblyCN_g1:SmartX,2029-W13,249,249,,,249,0,249,249,249,False
SmartX,AssemblyCN_g1,IN:mom:AssemblyCN_g1:SmartX,2029-W14,246,246,,,246,0,246,246,246,False
SmartX,AssemblyCN_g1,IN:mom:AssemblyCN_g1:SmartX,2029-W15,241,241,,,241,0,241,241,241,False
SmartX,AssemblyCN_g1,IN:mom:AssemblyCN_g1:SmartX,2029-W16,236,236,,,236,0,236,236,236,False
SmartX,AssemblyCN_g1,IN:mom:AssemblyCN_g1:SmartX,2029-W17,231,231,,,231,0,231,231,231,False
SmartX,AssemblyCN_g1,IN:mom:AssemblyCN_g1:SmartX,2029-W18,226,226,,,226,0,226,226,226,False
SmartX,AssemblyCN_g1,IN:mom:AssemblyCN_g1:SmartX,2029-W19,221,221,,,221,0,221,221,221,False
SmartX,AssemblyCN_g1,IN:mom:AssemblyCN_g1:SmartX,2029-W20,217,217,,,217,0,217,217,217,False
SmartX,AssemblyCN_g1,IN:mom:AssemblyCN_g1:SmartX,2029-W21,214,214,,,214,0,214,214,214,False
SmartX,AssemblyCN_g1,IN:mom:AssemblyCN_g1:SmartX,2029-W22,208,208,,,208,0,208,208,208,False
SmartX,AssemblyCN_g1,IN:mom:AssemblyCN_g1:SmartX,2029-W23,203,203,,,203,0,203,203,203,False
SmartX,AssemblyCN_g1,IN:mom:AssemblyCN_g1:SmartX,2029-W24,196,196,,,196,0,196,196,196,False
SmartX,AssemblyCN_g1,IN:mom:AssemblyCN_g1:SmartX,2029-W25,192,192,,,192,0,192,192,192,False
SmartX,AssemblyCN_g1,IN:mom:AssemblyCN_g1:SmartX,2029-W26,189,189,,,189,0,189,189,189,False
SmartX,AssemblyCN_g1,IN:mom:AssemblyCN_g1:SmartX,2029-W27,184,184,,,184,0,184,184,184,False
SmartX,AssemblyCN_g1,IN:mom:AssemblyCN_g1:SmartX,2029-W28,181,181,,,181,0,181,181,181,False
SmartX,AssemblyCN_g1,IN:mom:AssemblyCN_g1:SmartX,2029-W29,177,177,,,177,0,177,177,177,False
SmartX,AssemblyCN_g1,IN:mom:AssemblyCN_g1:SmartX,2029-W30,174,174,,,174,0,174,174,174,False
SmartX,AssemblyCN_g1,IN:mom:AssemblyCN_g1:SmartX,2029-W31,169,169,,,169,0,169,169,169,False
SmartX,AssemblyCN_g1,IN:mom:AssemblyCN_g1:SmartX,2029-W32,167,167,,,167,0,167,167,167,False
SmartX,AssemblyCN_g1,IN:mom:AssemblyCN_g1:SmartX,2029-W33,162,162,,,162,0,162,162,162,False
SmartX,AssemblyCN_g1,IN:mom:AssemblyCN_g1:SmartX,2029-W34,158,158,,,158,0,158,158,158,False
SmartX,AssemblyCN_g1,IN:mom:AssemblyCN_g1:SmartX,2029-W35,155,155,,,155,0,155,155,155,False
SmartX,AssemblyCN_g1,IN:mom:AssemblyCN_g1:SmartX,2029-W36,151,151,,,151,0,151,151,151,False
SmartX,AssemblyCN_g1,IN:mom:AssemblyCN_g1:SmartX,2029-W37,147,147,,,147,0,147,147,147,False
SmartX,AssemblyCN_g1,IN:mom:AssemblyCN_g1:SmartX,2029-W38,143,143,,,143,0,143,143,143,False
SmartX,AssemblyCN_g1,IN:mom:AssemblyCN_g1:SmartX,2029-W39,139,139,,,139,0,139,139,139,False
SmartX,AssemblyCN_g1,IN:mom:AssemblyCN_g1:SmartX,2029-W40,136,136,,,136,0,136,136,136,False
SmartX,AssemblyCN_g1,IN:mom:AssemblyCN_g1:SmartX,2029-W41,131,131,,,131,0,131,131,131,False
SmartX,AssemblyCN_g1,IN:mom:AssemblyCN_g1:SmartX,2029-W42,129,129,,,129,0,129,129,129,False
SmartX,AssemblyCN_g1,IN:mom:AssemblyCN_g1:SmartX,2029-W43,124,124,,,124,0,124,124,124,False
SmartX,AssemblyCN_g1,IN:mom:AssemblyCN_g1:SmartX,2029-W44,121,121,,,121,0,121,121,121,False
SmartX,AssemblyCN_g1,IN:mom:AssemblyCN_g1:SmartX,2029-W45,117,117,,,117,0,117,117,117,False
SmartX,AssemblyCN_g1,IN:mom:AssemblyCN_g1:SmartX,2029-W46,114,114,,,114,0,114,114,114,False
SmartX,AssemblyCN_g1,IN:mom:AssemblyCN_g1:SmartX,2029-W47,109,109,,,109,0,109,109,109,False
SmartX,AssemblyCN_g1,IN:mom:AssemblyCN_g1:SmartX,2029-W48,106,106,,,106,0,106,106,106,False
SmartX,AssemblyCN_g1,IN:mom:AssemblyCN_g1:SmartX,2029-W49,102,102,,,102,0,102,102,102,False
SmartX,AssemblyCN_g1,IN:mom:AssemblyCN_g1:SmartX,2029-W50,99,99,,,99,0,99,99,99,False
SmartX,AssemblyCN_g1,IN:mom:AssemblyCN_g1:SmartX,2029-W51,95,95,,,95,0,95,95,95,False
SmartX,AssemblyCN_g1,IN:mom:AssemblyCN_g1:SmartX,2029-W52,92,92,,,92,0,92,92,92,False
SmartX,AssemblyCN_g1,IN:mom:AssemblyCN_g1:SmartX,2030-W01,87,87,,,87,0,87,87,87,False
SmartX,AssemblyCN_g1,IN:mom:AssemblyCN_g1:SmartX,2030-W02,84,84,,,84,0,84,84,84,False
SmartX,AssemblyCN_g1,IN:mom:AssemblyCN_g1:SmartX,2030-W03,80,80,,,80,0,80,80,80,False
SmartX,AssemblyCN_g1,IN:mom:AssemblyCN_g1:SmartX,2030-W04,76,76,,,76,0,76,76,76,False
SmartX,AssemblyCN_g1,IN:mom:AssemblyCN_g1:SmartX,2030-W05,71,71,,,71,0,71,71,71,False
SmartX,AssemblyCN_g1,IN:mom:AssemblyCN_g1:SmartX,2030-W06,68,68,,,68,0,68,68,68,False
SmartX,AssemblyCN_g1,IN:mom:AssemblyCN_g1:SmartX,2030-W07,64,64,,,64,0,64,64,64,False
SmartX,AssemblyCN_g1,IN:mom:AssemblyCN_g1:SmartX,2030-W08,61,61,,,61,0,61,61,61,False
SmartX,AssemblyCN_g1,IN:mom:AssemblyCN_g1:SmartX,2030-W09,56,56,,,56,0,56,56,56,False
SmartX,AssemblyCN_g1,IN:mom:AssemblyCN_g1:SmartX,2030-W10,53,53,,,53,0,53,53,53,False
SmartX,AssemblyCN_g1,IN:mom:AssemblyCN_g1:SmartX,2030-W11,49,49,,,49,0,49,49,49,False
SmartX,AssemblyCN_g1,IN:mom:AssemblyCN_g1:SmartX,2030-W12,45,45,,,45,0,45,45,45,False
SmartX,AssemblyCN_g1,IN:mom:AssemblyCN_g1:SmartX,2030-W13,42,42,,,42,0,42,42,42,False
SmartX,AssemblyCN_g1,IN:mom:AssemblyCN_g1:SmartX,2030-W14,37,37,,,37,0,37,37,37,False
SmartX,AssemblyCN_g1,IN:mom:AssemblyCN_g1:SmartX,2030-W15,34,34,,,34,0,34,34,34,False
SmartX,AssemblyCN_g1,IN:mom:AssemblyCN_g1:SmartX,2030-W16,30,30,,,30,0,30,30,30,False
SmartX,AssemblyCN_g1,IN:mom:AssemblyCN_g1:SmartX,2030-W17,26,26,,,26,0,26,26,26,False
SmartX,AssemblyCN_g1,IN:mom:AssemblyCN_g1:SmartX,2030-W18,21,21,,,21,0,21,21,21,False
SmartX,AssemblyCN_g1,IN:mom:AssemblyCN_g1:SmartX,2030-W19,18,18,,,18,0,18,18,18,False
SmartX,AssemblyCN_g1,IN:mom:AssemblyCN_g1:SmartX,2030-W20,14,14,,,14,0,14,14,14,False
SmartX,AssemblyCN_g1,IN:mom:AssemblyCN_g1:SmartX,2030-W21,11,11,,,11,0,11,11,11,False
SmartX,AssemblyCN_g1,IN:mom:AssemblyCN_g1:SmartX,2030-W22,6,6,,,6,0,6,6,6,False
SmartX,AssemblyCN_g1,IN:mom:AssemblyCN_g1:SmartX,2030-W23,3,3,,,3,0,3,3,3,False
SmartX,AssemblyCN_g1,IN:mom:AssemblyCN_g1:SmartX,2030-W24,0,0,,,0,0,0,0,0,False
SmartX,AssemblyCN_g1,IN:mom:AssemblyCN_g1:SmartX,2030-W25,0,0,,,0,0,0,0,0,False
SmartX,AssemblyCN_g1,IN:mom:AssemblyCN_g1:SmartX,2030-W26,0,0,,,0,0,0,0,0,False
SmartX,AssemblyCN_g1,IN:mom:AssemblyCN_g1:SmartX,2030-W27,0,0,,,0,0,0,0,0,False
SmartX,AssemblyCN_g1,IN:mom:AssemblyCN_g1:SmartX,2030-W28,0,0,,,0,0,0,0,0,False
SmartX,AssemblyCN_g1,IN:mom:AssemblyCN_g1:SmartX,2030-W29,0,0,,,0,0,0,0,0,False
SmartX,AssemblyCN_g1,IN:mom:AssemblyCN_g1:SmartX,2030-W30,0,0,,,0,0,0,0,0,False
SmartX,AssemblyCN_g1,IN:mom:AssemblyCN_g1:SmartX,2030-W31,0,0,,,0,0,0,0,0,False
SmartX,AssemblyCN_g1,IN:mom:AssemblyCN_g1:SmartX,2030-W32,0,0,,,0,0,0,0,0,False
SmartX,AssemblyCN_g1,IN:mom:AssemblyCN_g1:SmartX,2030-W33,0,0,,,0,0,0,0,0,False
SmartX,AssemblyCN_g1,IN:mom:AssemblyCN_g1:SmartX,2030-W34,0,0,,,0,0,0,0,0,False
SmartX,AssemblyCN_g1,IN:mom:AssemblyCN_g1:SmartX,2030-W35,0,0,,,0,0,0,0,0,False
SmartX,AssemblyCN_g1,IN:mom:AssemblyCN_g1:SmartX,2030-W36,0,0,,,0,0,0,0,0,False
SmartX,AssemblyCN_g1,IN:mom:AssemblyCN_g1:SmartX,2030-W37,0,0,,,0,0,0,0,0,False
SmartX,AssemblyCN_g1,IN:mom:AssemblyCN_g1:SmartX,2030-W38,0,0,,,0,0,0,0,0,False
SmartX,AssemblyCN_g1,IN:mom:AssemblyCN_g1:SmartX,2030-W39,0,0,,,0,0,0,0,0,False
SmartX,AssemblyCN_g1,IN:mom:AssemblyCN_g1:SmartX,2030-W40,0,0,,,0,0,0,0,0,False
SmartX,AssemblyCN_g1,IN:mom:AssemblyCN_g1:SmartX,2030-W41,0,0,,,0,0,0,0,0,False
SmartX,AssemblyCN_g1,IN:mom:AssemblyCN_g1:SmartX,2030-W42,0,0,,,0,0,0,0,0,False
SmartX,AssemblyCN_g1,IN:mom:AssemblyCN_g1:SmartX,2030-W43,0,0,,,0,0,0,0,0,False
SmartX,AssemblyCN_g1,IN:mom:AssemblyCN_g1:SmartX,2030-W44,0,0,,,0,0,0,0,0,False
SmartX,AssemblyCN_g1,IN:mom:AssemblyCN_g1:SmartX,2030-W45,0,0,,,0,0,0,0,0,False
SmartX,AssemblyCN_g1,IN:mom:AssemblyCN_g1:SmartX,2030-W46,0,0,,,0,0,0,0,0,False
SmartX,AssemblyCN_g1,IN:mom:AssemblyCN_g1:SmartX,2030-W47,0,0,,,0,0,0,0,0,False
SmartX,AssemblyCN_g1,IN:mom:AssemblyCN_g1:SmartX,2030-W48,0,0,,,0,0,0,0,0,False
SmartX,AssemblyCN_g1,IN:mom:AssemblyCN_g1:SmartX,2030-W49,0,0,,,0,0,0,0,0,False
SmartX,AssemblyCN_g1,IN:mom:AssemblyCN_g1:SmartX,2030-W50,0,0,,,0,0,0,0,0,False
SmartX,AssemblyCN_g1,IN:mom:AssemblyCN_g1:SmartX,2030-W51,0,0,,,0,0,0,0,0,False
SmartX,AssemblyCN_g1,IN:mom:AssemblyCN_g1:SmartX,2030-W52,0,0,,,0,0,0,0,0,False
SmartX,FoundryTW_g1,IN:mom:FoundryTW_g1:SmartX,2025-W36,0,0,,,0,0,0,0,0,False
SmartX,FoundryTW_g1,IN:mom:FoundryTW_g1:SmartX,2025-W37,0,0,,,0,0,0,0,0,False
SmartX,FoundryTW_g1,IN:mom:FoundryTW_g1:SmartX,2025-W38,0,0,,,0,0,0,0,0,False
SmartX,FoundryTW_g1,IN:mom:FoundryTW_g1:SmartX,2025-W39,0,0,,,0,0,0,0,0,False
SmartX,FoundryTW_g1,IN:mom:FoundryTW_g1:SmartX,2025-W40,0,0,,,0,0,0,0,0,False
SmartX,FoundryTW_g1,IN:mom:FoundryTW_g1:SmartX,2025-W41,366,366,,,366,0,366,366,366,False
SmartX,FoundryTW_g1,IN:mom:FoundryTW_g1:SmartX,2025-W42,1305,1305,,,1305,0,1305,1305,1305,False
SmartX,FoundryTW_g1,IN:mom:FoundryTW_g1:SmartX,2025-W43,1300,1300,,,1300,0,1300,1300,1300,False
SmartX,FoundryTW_g1,IN:mom:FoundryTW_g1:SmartX,2025-W44,1293,1293,,,1293,0,1293,1293,1293,False
SmartX,FoundryTW_g1,IN:mom:FoundryTW_g1:SmartX,2025-W45,1289,1289,,,1289,0,1289,1289,1289,False
SmartX,FoundryTW_g1,IN:mom:FoundryTW_g1:SmartX,2025-W46,1283,1283,,,1283,0,1283,1283,1283,False
SmartX,FoundryTW_g1,IN:mom:FoundryTW_g1:SmartX,2025-W47,1276,1276,,,1276,0,1276,1276,1276,False
SmartX,FoundryTW_g1,IN:mom:FoundryTW_g1:SmartX,2025-W48,1271,1271,,,1271,0,1271,1271,1271,False
SmartX,FoundryTW_g1,IN:mom:FoundryTW_g1:SmartX,2025-W49,1265,1265,,,1265,0,1265,1265,1265,False
SmartX,FoundryTW_g1,IN:mom:FoundryTW_g1:SmartX,2025-W50,1259,1259,,,1259,0,1259,1259,1259,False
SmartX,FoundryTW_g1,IN:mom:FoundryTW_g1:SmartX,2025-W51,1254,1254,,,1254,0,1254,1254,1254,False
SmartX,FoundryTW_g1,IN:mom:FoundryTW_g1:SmartX,2025-W52,1248,1248,,,1248,0,1248,1248,1248,False
SmartX,FoundryTW_g1,IN:mom:FoundryTW_g1:SmartX,2026-W01,1243,1243,,,1243,0,1243,1243,1243,False
SmartX,FoundryTW_g1,IN:mom:FoundryTW_g1:SmartX,2026-W02,1236,1236,,,1236,0,1236,1236,1236,False
SmartX,FoundryTW_g1,IN:mom:FoundryTW_g1:SmartX,2026-W03,1230,1230,,,1230,0,1230,1230,1230,False
SmartX,FoundryTW_g1,IN:mom:FoundryTW_g1:SmartX,2026-W04,1225,1225,,,1225,0,1225,1225,1225,False
SmartX,FoundryTW_g1,IN:mom:FoundryTW_g1:SmartX,2026-W05,1219,1219,,,1219,0,1219,1219,1219,False
SmartX,FoundryTW_g1,IN:mom:FoundryTW_g1:SmartX,2026-W06,1214,1214,,,1214,0,1214,1214,1214,False
SmartX,FoundryTW_g1,IN:mom:FoundryTW_g1:SmartX,2026-W07,1208,1208,,,1208,0,1208,1208,1208,False
SmartX,FoundryTW_g1,IN:mom:FoundryTW_g1:SmartX,2026-W08,3587,1201,,,1201,0,3587,3587,1201,False
SmartX,FoundryTW_g1,IN:mom:FoundryTW_g1:SmartX,2026-W09,1185,1196,,,1196,0,1185,1185,1196,False
SmartX,FoundryTW_g1,IN:mom:FoundryTW_g1:SmartX,2026-W10,0,1190,,,1190,0,0,0,1190,False
SmartX,FoundryTW_g1,IN:mom:FoundryTW_g1:SmartX,2026-W11,0,1185,,,1185,0,0,0,1185,False
SmartX,FoundryTW_g1,IN:mom:FoundryTW_g1:SmartX,2026-W12,1179,1179,,,1179,0,1179,1179,1179,False
SmartX,FoundryTW_g1,IN:mom:FoundryTW_g1:SmartX,2026-W13,1173,1173,,,1173,0,1173,1173,1173,False
SmartX,FoundryTW_g1,IN:mom:FoundryTW_g1:SmartX,2026-W14,1168,1168,,,1168,0,1168,1168,1168,False
SmartX,FoundryTW_g1,IN:mom:FoundryTW_g1:SmartX,2026-W15,1161,1161,,,1161,0,1161,1161,1161,False
SmartX,FoundryTW_g1,IN:mom:FoundryTW_g1:SmartX,2026-W16,1155,1155,,,1155,0,1155,1155,1155,False
SmartX,FoundryTW_g1,IN:mom:FoundryTW_g1:SmartX,2026-W17,1151,1151,,,1151,0,1151,1151,1151,False
SmartX,FoundryTW_g1,IN:mom:FoundryTW_g1:SmartX,2026-W18,1144,1144,,,1144,0,1144,1144,1144,False
SmartX,FoundryTW_g1,IN:mom:FoundryTW_g1:SmartX,2026-W19,1139,1139,,,1139,0,1139,1139,1139,False
SmartX,FoundryTW_g1,IN:mom:FoundryTW_g1:SmartX,2026-W20,1133,1133,,,1133,0,1133,1133,1133,False
SmartX,FoundryTW_g1,IN:mom:FoundryTW_g1:SmartX,2026-W21,1126,1126,,,1126,0,1126,1126,1126,False
SmartX,FoundryTW_g1,IN:mom:FoundryTW_g1:SmartX,2026-W22,1122,1122,,,1122,0,1122,1122,1122,False
SmartX,FoundryTW_g1,IN:mom:FoundryTW_g1:SmartX,2026-W23,1116,1116,,,1116,0,1116,1116,1116,False
SmartX,FoundryTW_g1,IN:mom:FoundryTW_g1:SmartX,2026-W24,1110,1110,,,1110,0,1110,1110,1110,False
SmartX,FoundryTW_g1,IN:mom:FoundryTW_g1:SmartX,2026-W25,1104,1104,,,1104,0,1104,1104,1104,False
SmartX,FoundryTW_g1,IN:mom:FoundryTW_g1:SmartX,2026-W26,1098,1098,,,1098,0,1098,1098,1098,False
SmartX,FoundryTW_g1,IN:mom:FoundryTW_g1:SmartX,2026-W27,1093,1093,,,1093,0,1093,1093,1093,False
SmartX,FoundryTW_g1,IN:mom:FoundryTW_g1:SmartX,2026-W28,1087,1087,,,1087,0,1087,1087,1087,False
SmartX,FoundryTW_g1,IN:mom:FoundryTW_g1:SmartX,2026-W29,1081,1081,,,1081,0,1081,1081,1081,False
SmartX,FoundryTW_g1,IN:mom:FoundryTW_g1:SmartX,2026-W30,1076,1076,,,1076,0,1076,1076,1076,False
SmartX,FoundryTW_g1,IN:mom:FoundryTW_g1:SmartX,2026-W31,1069,1069,,,1069,0,1069,1069,1069,False
SmartX,FoundryTW_g1,IN:mom:FoundryTW_g1:SmartX,2026-W32,1064,1064,,,1064,0,1064,1064,1064,False
SmartX,FoundryTW_g1,IN:mom:FoundryTW_g1:SmartX,2026-W33,1058,1058,,,1058,0,1058,1058,1058,False
SmartX,FoundryTW_g1,IN:mom:FoundryTW_g1:SmartX,2026-W34,1052,1052,,,1052,0,1052,1052,1052,False
SmartX,FoundryTW_g1,IN:mom:FoundryTW_g1:SmartX,2026-W35,1047,1047,,,1047,0,1047,1047,1047,False
SmartX,FoundryTW_g1,IN:mom:FoundryTW_g1:SmartX,2026-W36,1041,1041,,,1041,0,1041,1041,1041,False
SmartX,FoundryTW_g1,IN:mom:FoundryTW_g1:SmartX,2026-W37,1035,1035,,,1035,0,1035,1035,1035,False
SmartX,FoundryTW_g1,IN:mom:FoundryTW_g1:SmartX,2026-W38,1029,1029,,,1029,0,1029,1029,1029,False
SmartX,FoundryTW_g1,IN:mom:FoundryTW_g1:SmartX,2026-W39,1023,1023,,,1023,0,1023,1023,1023,False
SmartX,FoundryTW_g1,IN:mom:FoundryTW_g1:SmartX,2026-W40,1019,1019,,,1019,0,1019,1019,1019,False
SmartX,FoundryTW_g1,IN:mom:FoundryTW_g1:SmartX,2026-W41,1012,1012,,,1012,0,1012,1012,1012,False
SmartX,FoundryTW_g1,IN:mom:FoundryTW_g1:SmartX,2026-W42,1006,1006,,,1006,0,1006,1006,1006,False
SmartX,FoundryTW_g1,IN:mom:FoundryTW_g1:SmartX,2026-W43,1000,1000,,,1000,0,1000,1000,1000,False
SmartX,FoundryTW_g1,IN:mom:FoundryTW_g1:SmartX,2026-W44,1000,1000,,,1000,0,1000,1000,1000,False
SmartX,FoundryTW_g1,IN:mom:FoundryTW_g1:SmartX,2026-W45,1000,1000,,,1000,0,1000,1000,1000,False
SmartX,FoundryTW_g1,IN:mom:FoundryTW_g1:SmartX,2026-W46,1000,1000,,,1000,0,1000,1000,1000,False
SmartX,FoundryTW_g1,IN:mom:FoundryTW_g1:SmartX,2026-W47,1000,1000,,,1000,0,1000,1000,1000,False
SmartX,FoundryTW_g1,IN:mom:FoundryTW_g1:SmartX,2026-W48,1000,1000,,,1000,0,1000,1000,1000,False
SmartX,FoundryTW_g1,IN:mom:FoundryTW_g1:SmartX,2026-W49,1000,1000,,,1000,0,1000,1000,1000,False
SmartX,FoundryTW_g1,IN:mom:FoundryTW_g1:SmartX,2026-W50,1000,1000,,,1000,0,1000,1000,1000,False
SmartX,FoundryTW_g1,IN:mom:FoundryTW_g1:SmartX,2026-W51,1000,1000,,,1000,0,1000,1000,1000,False
SmartX,FoundryTW_g1,IN:mom:FoundryTW_g1:SmartX,2026-W52,1000,1000,,,1000,0,1000,1000,1000,False
SmartX,FoundryTW_g1,IN:mom:FoundryTW_g1:SmartX,2026-W53,1000,1000,,,1000,0,1000,1000,1000,False
SmartX,FoundryTW_g1,IN:mom:FoundryTW_g1:SmartX,2027-W01,1000,1000,,,1000,0,1000,1000,1000,False
SmartX,FoundryTW_g1,IN:mom:FoundryTW_g1:SmartX,2027-W02,1000,1000,,,1000,0,1000,1000,1000,False
SmartX,FoundryTW_g1,IN:mom:FoundryTW_g1:SmartX,2027-W03,1000,1000,,,1000,0,1000,1000,1000,False
SmartX,FoundryTW_g1,IN:mom:FoundryTW_g1:SmartX,2027-W04,1000,1000,,,1000,0,1000,1000,1000,False
SmartX,FoundryTW_g1,IN:mom:FoundryTW_g1:SmartX,2027-W05,1000,1000,,,1000,0,1000,1000,1000,False
SmartX,FoundryTW_g1,IN:mom:FoundryTW_g1:SmartX,2027-W06,3000,1000,,,1000,0,3000,3000,1000,False
SmartX,FoundryTW_g1,IN:mom:FoundryTW_g1:SmartX,2027-W07,1000,1000,,,1000,0,1000,1000,1000,False
SmartX,FoundryTW_g1,IN:mom:FoundryTW_g1:SmartX,2027-W08,0,1000,,,1000,0,0,0,1000,False
SmartX,FoundryTW_g1,IN:mom:FoundryTW_g1:SmartX,2027-W09,0,1000,,,1000,0,0,0,1000,False
SmartX,FoundryTW_g1,IN:mom:FoundryTW_g1:SmartX,2027-W10,1000,1000,,,1000,0,1000,1000,1000,False
SmartX,FoundryTW_g1,IN:mom:FoundryTW_g1:SmartX,2027-W11,1000,1000,,,1000,0,1000,1000,1000,False
SmartX,FoundryTW_g1,IN:mom:FoundryTW_g1:SmartX,2027-W12,1000,1000,,,1000,0,1000,1000,1000,False
SmartX,FoundryTW_g1,IN:mom:FoundryTW_g1:SmartX,2027-W13,1000,1000,,,1000,0,1000,1000,1000,False
SmartX,FoundryTW_g1,IN:mom:FoundryTW_g1:SmartX,2027-W14,1000,1000,,,1000,0,1000,1000,1000,False
SmartX,FoundryTW_g1,IN:mom:FoundryTW_g1:SmartX,2027-W15,997,997,,,997,0,997,997,997,False
SmartX,FoundryTW_g1,IN:mom:FoundryTW_g1:SmartX,2027-W16,988,988,,,988,0,988,988,988,False
SmartX,FoundryTW_g1,IN:mom:FoundryTW_g1:SmartX,2027-W17,979,979,,,979,0,979,979,979,False
SmartX,FoundryTW_g1,IN:mom:FoundryTW_g1:SmartX,2027-W18,970,970,,,970,0,970,970,970,False
SmartX,FoundryTW_g1,IN:mom:FoundryTW_g1:SmartX,2027-W19,960,960,,,960,0,960,960,960,False
SmartX,FoundryTW_g1,IN:mom:FoundryTW_g1:SmartX,2027-W20,951,951,,,951,0,951,951,951,False
SmartX,FoundryTW_g1,IN:mom:FoundryTW_g1:SmartX,2027-W21,942,942,,,942,0,942,942,942,False
SmartX,FoundryTW_g1,IN:mom:FoundryTW_g1:SmartX,2027-W22,932,932,,,932,0,932,932,932,False
SmartX,FoundryTW_g1,IN:mom:FoundryTW_g1:SmartX,2027-W23,923,923,,,923,0,923,923,923,False
SmartX,FoundryTW_g1,IN:mom:FoundryTW_g1:SmartX,2027-W24,915,915,,,915,0,915,915,915,False
SmartX,FoundryTW_g1,IN:mom:FoundryTW_g1:SmartX,2027-W25,904,904,,,904,0,904,904,904,False
SmartX,FoundryTW_g1,IN:mom:FoundryTW_g1:SmartX,2027-W26,895,895,,,895,0,895,895,895,False
SmartX,FoundryTW_g1,IN:mom:FoundryTW_g1:SmartX,2027-W27,887,887,,,887,0,887,887,887,False
SmartX,FoundryTW_g1,IN:mom:FoundryTW_g1:SmartX,2027-W28,878,878,,,878,0,878,878,878,False
SmartX,FoundryTW_g1,IN:mom:FoundryTW_g1:SmartX,2027-W29,867,867,,,867,0,867,867,867,False
SmartX,FoundryTW_g1,IN:mom:FoundryTW_g1:SmartX,2027-W30,858,858,,,858,0,858,858,858,False
SmartX,FoundryTW_g1,IN:mom:FoundryTW_g1:SmartX,2027-W31,850,850,,,850,0,850,850,850,False
SmartX,FoundryTW_g1,IN:mom:FoundryTW_g1:SmartX,2027-W32,840,840,,,840,0,840,840,840,False
SmartX,FoundryTW_g1,IN:mom:FoundryTW_g1:SmartX,2027-W33,830,830,,,830,0,830,830,830,False
SmartX,FoundryTW_g1,IN:mom:FoundryTW_g1:SmartX,2027-W34,822,822,,,822,0,822,822,822,False
SmartX,FoundryTW_g1,IN:mom:FoundryTW_g1:SmartX,2027-W35,812,812,,,812,0,812,812,812,False
SmartX,FoundryTW_g1,IN:mom:FoundryTW_g1:SmartX,2027-W36,803,803,,,803,0,803,803,803,False
SmartX,FoundryTW_g1,IN:mom:FoundryTW_g1:SmartX,2027-W37,794,794,,,794,0,794,794,794,False
SmartX,FoundryTW_g1,IN:mom:FoundryTW_g1:SmartX,2027-W38,785,785,,,785,0,785,785,785,False
SmartX,FoundryTW_g1,IN:mom:FoundryTW_g1:SmartX,2027-W39,775,775,,,775,0,775,775,775,False
SmartX,FoundryTW_g1,IN:mom:FoundryTW_g1:SmartX,2027-W40,766,766,,,766,0,766,766,766,False
SmartX,FoundryTW_g1,IN:mom:FoundryTW_g1:SmartX,2027-W41,754,754,,,754,0,754,754,754,False
SmartX,FoundryTW_g1,IN:mom:FoundryTW_g1:SmartX,2027-W42,738,738,,,738,0,738,738,738,False
SmartX,FoundryTW_g1,IN:mom:FoundryTW_g1:SmartX,2027-W43,729,729,,,729,0,729,729,729,False
SmartX,FoundryTW_g1,IN:mom:FoundryTW_g1:SmartX,2027-W44,720,720,,,720,0,720,720,720,False
SmartX,FoundryTW_g1,IN:mom:FoundryTW_g1:SmartX,2027-W45,710,710,,,710,0,710,710,710,False
SmartX,FoundryTW_g1,IN:mom:FoundryTW_g1:SmartX,2027-W46,701,701,,,701,0,701,701,701,False
SmartX,FoundryTW_g1,IN:mom:FoundryTW_g1:SmartX,2027-W47,692,692,,,692,0,692,692,692,False
SmartX,FoundryTW_g1,IN:mom:FoundryTW_g1:SmartX,2027-W48,682,682,,,682,0,682,682,682,False
SmartX,FoundryTW_g1,IN:mom:FoundryTW_g1:SmartX,2027-W49,673,673,,,673,0,673,673,673,False
SmartX,FoundryTW_g1,IN:mom:FoundryTW_g1:SmartX,2027-W50,665,665,,,665,0,665,665,665,False
SmartX,FoundryTW_g1,IN:mom:FoundryTW_g1:SmartX,2027-W51,654,654,,,654,0,654,654,654,False
SmartX,FoundryTW_g1,IN:mom:FoundryTW_g1:SmartX,2027-W52,645,645,,,645,0,645,645,645,False
SmartX,FoundryTW_g1,IN:mom:FoundryTW_g1:SmartX,2028-W01,637,637,,,637,0,637,637,637,False
SmartX,FoundryTW_g1,IN:mom:FoundryTW_g1:SmartX,2028-W02,628,628,,,628,0,628,628,628,False
SmartX,FoundryTW_g1,IN:mom:FoundryTW_g1:SmartX,2028-W03,617,617,,,617,0,617,617,617,False
SmartX,FoundryTW_g1,IN:mom:FoundryTW_g1:SmartX,2028-W04,608,608,,,608,0,608,608,608,False
SmartX,FoundryTW_g1,IN:mom:FoundryTW_g1:SmartX,2028-W05,1770,600,,,600,0,1770,1770,600,False
SmartX,FoundryTW_g1,IN:mom:FoundryTW_g1:SmartX,2028-W06,572,590,,,590,0,572,572,590,False
SmartX,FoundryTW_g1,IN:mom:FoundryTW_g1:SmartX,2028-W07,0,580,,,580,0,0,0,580,False
SmartX,FoundryTW_g1,IN:mom:FoundryTW_g1:SmartX,2028-W08,0,572,,,572,0,0,0,572,False
SmartX,FoundryTW_g1,IN:mom:FoundryTW_g1:SmartX,2028-W09,562,562,,,562,0,562,562,562,False
SmartX,FoundryTW_g1,IN:mom:FoundryTW_g1:SmartX,2028-W10,553,553,,,553,0,553,553,553,False
SmartX,FoundryTW_g1,IN:mom:FoundryTW_g1:SmartX,2028-W11,544,544,,,544,0,544,544,544,False
SmartX,FoundryTW_g1,IN:mom:FoundryTW_g1:SmartX,2028-W12,535,535,,,535,0,535,535,535,False
SmartX,FoundryTW_g1,IN:mom:FoundryTW_g1:SmartX,2028-W13,525,525,,,525,0,525,525,525,False
SmartX,FoundryTW_g1,IN:mom:FoundryTW_g1:SmartX,2028-W14,516,516,,,516,0,516,516,516,False
SmartX,FoundryTW_g1,IN:mom:FoundryTW_g1:SmartX,2028-W15,505,505,,,505,0,505,505,505,False
SmartX,FoundryTW_g1,IN:mom:FoundryTW_g1:SmartX,2028-W16,491,491,,,491,0,491,491,491,False
SmartX,FoundryTW_g1,IN:mom:FoundryTW_g1:SmartX,2028-W17,485,485,,,485,0,485,485,485,False
SmartX,FoundryTW_g1,IN:mom:FoundryTW_g1:SmartX,2028-W18,479,479,,,479,0,479,479,479,False
SmartX,FoundryTW_g1,IN:mom:FoundryTW_g1:SmartX,2028-W19,473,473,,,473,0,473,473,473,False
SmartX,FoundryTW_g1,IN:mom:FoundryTW_g1:SmartX,2028-W20,466,466,,,466,0,466,466,466,False
SmartX,FoundryTW_g1,IN:mom:FoundryTW_g1:SmartX,2028-W21,458,458,,,458,0,458,458,458,False
SmartX,FoundryTW_g1,IN:mom:FoundryTW_g1:SmartX,2028-W22,453,453,,,453,0,453,453,453,False
SmartX,FoundryTW_g1,IN:mom:FoundryTW_g1:SmartX,2028-W23,446,446,,,446,0,446,446,446,False
SmartX,FoundryTW_g1,IN:mom:FoundryTW_g1:SmartX,2028-W24,441,441,,,441,0,441,441,441,False
SmartX,FoundryTW_g1,IN:mom:FoundryTW_g1:SmartX,2028-W25,433,433,,,433,0,433,433,433,False
SmartX,FoundryTW_g1,IN:mom:FoundryTW_g1:SmartX,2028-W26,426,426,,,426,0,426,426,426,False
SmartX,FoundryTW_g1,IN:mom:FoundryTW_g1:SmartX,2028-W27,420,420,,,420,0,420,420,420,False
SmartX,FoundryTW_g1,IN:mom:FoundryTW_g1:SmartX,2028-W28,414,414,,,414,0,414,414,414,False
SmartX,FoundryTW_g1,IN:mom:FoundryTW_g1:SmartX,2028-W29,408,408,,,408,0,408,408,408,False
SmartX,FoundryTW_g1,IN:mom:FoundryTW_g1:SmartX,2028-W30,401,401,,,401,0,401,401,401,False
SmartX,FoundryTW_g1,IN:mom:FoundryTW_g1:SmartX,2028-W31,395,395,,,395,0,395,395,395,False
SmartX,FoundryTW_g1,IN:mom:FoundryTW_g1:SmartX,2028-W32,388,388,,,388,0,388,388,388,False
SmartX,FoundryTW_g1,IN:mom:FoundryTW_g1:SmartX,2028-W33,381,381,,,381,0,381,381,381,False
SmartX,FoundryTW_g1,IN:mom:FoundryTW_g1:SmartX,2028-W34,376,376,,,376,0,376,376,376,False
SmartX,FoundryTW_g1,IN:mom:FoundryTW_g1:SmartX,2028-W35,368,368,,,368,0,368,368,368,False
SmartX,FoundryTW_g1,IN:mom:FoundryTW_g1:SmartX,2028-W36,363,363,,,363,0,363,363,363,False
SmartX,FoundryTW_g1,IN:mom:FoundryTW_g1:SmartX,2028-W37,355,355,,,355,0,355,355,355,False
SmartX,FoundryTW_g1,IN:mom:FoundryTW_g1:SmartX,2028-W38,349,349,,,349,0,349,349,349,False
SmartX,FoundryTW_g1,IN:mom:FoundryTW_g1:SmartX,2028-W39,342,342,,,342,0,342,342,342,False
SmartX,FoundryTW_g1,IN:mom:FoundryTW_g1:SmartX,2028-W40,336,336,,,336,0,336,336,336,False
SmartX,FoundryTW_g1,IN:mom:FoundryTW_g1:SmartX,2028-W41,329,329,,,329,0,329,329,329,False
SmartX,FoundryTW_g1,IN:mom:FoundryTW_g1:SmartX,2028-W42,318,318,,,318,0,318,318,318,False
SmartX,FoundryTW_g1,IN:mom:FoundryTW_g1:SmartX,2028-W43,314,314,,,314,0,314,314,314,False
SmartX,FoundryTW_g1,IN:mom:FoundryTW_g1:SmartX,2028-W44,309,309,,,309,0,309,309,309,False
SmartX,FoundryTW_g1,IN:mom:FoundryTW_g1:SmartX,2028-W45,306,306,,,306,0,306,306,306,False
SmartX,FoundryTW_g1,IN:mom:FoundryTW_g1:SmartX,2028-W46,301,301,,,301,0,301,301,301,False
SmartX,FoundryTW_g1,IN:mom:FoundryTW_g1:SmartX,2028-W47,296,296,,,296,0,296,296,296,False
SmartX,FoundryTW_g1,IN:mom:FoundryTW_g1:SmartX,2028-W48,291,291,,,291,0,291,291,291,False
SmartX,FoundryTW_g1,IN:mom:FoundryTW_g1:SmartX,2028-W49,286,286,,,286,0,286,286,286,False
SmartX,FoundryTW_g1,IN:mom:FoundryTW_g1:SmartX,2028-W50,281,281,,,281,0,281,281,281,False
SmartX,FoundryTW_g1,IN:mom:FoundryTW_g1:SmartX,2028-W51,277,277,,,277,0,277,277,277,False
SmartX,FoundryTW_g1,IN:mom:FoundryTW_g1:SmartX,2028-W52,274,274,,,274,0,274,274,274,False
SmartX,FoundryTW_g1,IN:mom:FoundryTW_g1:SmartX,2029-W01,268,268,,,268,0,268,268,268,False
SmartX,FoundryTW_g1,IN:mom:FoundryTW_g1:SmartX,2029-W02,264,264,,,264,0,264,264,264,False
SmartX,FoundryTW_g1,IN:mom:FoundryTW_g1:SmartX,2029-W03,258,258,,,258,0,258,258,258,False
SmartX,FoundryTW_g1,IN:mom:FoundryTW_g1:SmartX,2029-W04,749,254,,,254,0,749,749,254,False
SmartX,FoundryTW_g1,IN:mom:FoundryTW_g1:SmartX,2029-W05,241,249,,,249,0,241,241,249,False
SmartX,FoundryTW_g1,IN:mom:FoundryTW_g1:SmartX,2029-W06,0,246,,,246,0,0,0,246,False
SmartX,FoundryTW_g1,IN:mom:FoundryTW_g1:SmartX,2029-W07,0,241,,,241,0,0,0,241,False
SmartX,FoundryTW_g1,IN:mom:FoundryTW_g1:SmartX,2029-W08,236,236,,,236,0,236,236,236,False
SmartX,FoundryTW_g1,IN:mom:FoundryTW_g1:SmartX,2029-W09,231,231,,,231,0,231,231,231,False
SmartX,FoundryTW_g1,IN:mom:FoundryTW_g1:SmartX,2029-W10,226,226,,,226,0,226,226,226,False
SmartX,FoundryTW_g1,IN:mom:FoundryTW_g1:SmartX,2029-W11,221,221,,,221,0,221,221,221,False
SmartX,FoundryTW_g1,IN:mom:FoundryTW_g1:SmartX,2029-W12,217,217,,,217,0,217,217,217,False
SmartX,FoundryTW_g1,IN:mom:FoundryTW_g1:SmartX,2029-W13,214,214,,,214,0,214,214,214,False
SmartX,FoundryTW_g1,IN:mom:FoundryTW_g1:SmartX,2029-W14,208,208,,,208,0,208,208,208,False
SmartX,FoundryTW_g1,IN:mom:FoundryTW_g1:SmartX,2029-W15,203,203,,,203,0,203,203,203,False
SmartX,FoundryTW_g1,IN:mom:FoundryTW_g1:SmartX,2029-W16,196,196,,,196,0,196,196,196,False
SmartX,FoundryTW_g1,IN:mom:FoundryTW_g1:SmartX,2029-W17,192,192,,,192,0,192,192,192,False
SmartX,FoundryTW_g1,IN:mom:FoundryTW_g1:SmartX,2029-W18,189,189,,,189,0,189,189,189,False
SmartX,FoundryTW_g1,IN:mom:FoundryTW_g1:SmartX,2029-W19,184,184,,,184,0,184,184,184,False
SmartX,FoundryTW_g1,IN:mom:FoundryTW_g1:SmartX,2029-W20,181,181,,,181,0,181,181,181,False
SmartX,FoundryTW_g1,IN:mom:FoundryTW_g1:SmartX,2029-W21,177,177,,,177,0,177,177,177,False
SmartX,FoundryTW_g1,IN:mom:FoundryTW_g1:SmartX,2029-W22,174,174,,,174,0,174,174,174,False
SmartX,FoundryTW_g1,IN:mom:FoundryTW_g1:SmartX,2029-W23,169,169,,,169,0,169,169,169,False
SmartX,FoundryTW_g1,IN:mom:FoundryTW_g1:SmartX,2029-W24,167,167,,,167,0,167,167,167,False
SmartX,FoundryTW_g1,IN:mom:FoundryTW_g1:SmartX,2029-W25,162,162,,,162,0,162,162,162,False
SmartX,FoundryTW_g1,IN:mom:FoundryTW_g1:SmartX,2029-W26,158,158,,,158,0,158,158,158,False
SmartX,FoundryTW_g1,IN:mom:FoundryTW_g1:SmartX,2029-W27,155,155,,,155,0,155,155,155,False
SmartX,FoundryTW_g1,IN:mom:FoundryTW_g1:SmartX,2029-W28,151,151,,,151,0,151,151,151,False
SmartX,FoundryTW_g1,IN:mom:FoundryTW_g1:SmartX,2029-W29,147,147,,,147,0,147,147,147,False
SmartX,FoundryTW_g1,IN:mom:FoundryTW_g1:SmartX,2029-W30,143,143,,,143,0,143,143,143,False
SmartX,FoundryTW_g1,IN:mom:FoundryTW_g1:SmartX,2029-W31,139,139,,,139,0,139,139,139,False
SmartX,FoundryTW_g1,IN:mom:FoundryTW_g1:SmartX,2029-W32,136,136,,,136,0,136,136,136,False
SmartX,FoundryTW_g1,IN:mom:FoundryTW_g1:SmartX,2029-W33,131,131,,,131,0,131,131,131,False
SmartX,FoundryTW_g1,IN:mom:FoundryTW_g1:SmartX,2029-W34,129,129,,,129,0,129,129,129,False
SmartX,FoundryTW_g1,IN:mom:FoundryTW_g1:SmartX,2029-W35,124,124,,,124,0,124,124,124,False
SmartX,FoundryTW_g1,IN:mom:FoundryTW_g1:SmartX,2029-W36,121,121,,,121,0,121,121,121,False
SmartX,FoundryTW_g1,IN:mom:FoundryTW_g1:SmartX,2029-W37,117,117,,,117,0,117,117,117,False
SmartX,FoundryTW_g1,IN:mom:FoundryTW_g1:SmartX,2029-W38,114,114,,,114,0,114,114,114,False
SmartX,FoundryTW_g1,IN:mom:FoundryTW_g1:SmartX,2029-W39,109,109,,,109,0,109,109,109,False
SmartX,FoundryTW_g1,IN:mom:FoundryTW_g1:SmartX,2029-W40,106,106,,,106,0,106,106,106,False
SmartX,FoundryTW_g1,IN:mom:FoundryTW_g1:SmartX,2029-W41,102,102,,,102,0,102,102,102,False
SmartX,FoundryTW_g1,IN:mom:FoundryTW_g1:SmartX,2029-W42,99,99,,,99,0,99,99,99,False
SmartX,FoundryTW_g1,IN:mom:FoundryTW_g1:SmartX,2029-W43,95,95,,,95,0,95,95,95,False
SmartX,FoundryTW_g1,IN:mom:FoundryTW_g1:SmartX,2029-W44,92,92,,,92,0,92,92,92,False
SmartX,FoundryTW_g1,IN:mom:FoundryTW_g1:SmartX,2029-W45,87,87,,,87,0,87,87,87,False
SmartX,FoundryTW_g1,IN:mom:FoundryTW_g1:SmartX,2029-W46,84,84,,,84,0,84,84,84,False
SmartX,FoundryTW_g1,IN:mom:FoundryTW_g1:SmartX,2029-W47,80,80,,,80,0,80,80,80,False
SmartX,FoundryTW_g1,IN:mom:FoundryTW_g1:SmartX,2029-W48,76,76,,,76,0,76,76,76,False
SmartX,FoundryTW_g1,IN:mom:FoundryTW_g1:SmartX,2029-W49,71,71,,,71,0,71,71,71,False
SmartX,FoundryTW_g1,IN:mom:FoundryTW_g1:SmartX,2029-W50,68,68,,,68,0,68,68,68,False
SmartX,FoundryTW_g1,IN:mom:FoundryTW_g1:SmartX,2029-W51,64,64,,,64,0,64,64,64,False
SmartX,FoundryTW_g1,IN:mom:FoundryTW_g1:SmartX,2029-W52,61,61,,,61,0,61,61,61,False
SmartX,FoundryTW_g1,IN:mom:FoundryTW_g1:SmartX,2030-W01,56,56,,,56,0,56,56,56,False
SmartX,FoundryTW_g1,IN:mom:FoundryTW_g1:SmartX,2030-W02,53,53,,,53,0,53,53,53,False
SmartX,FoundryTW_g1,IN:mom:FoundryTW_g1:SmartX,2030-W03,49,49,,,49,0,49,49,49,False
SmartX,FoundryTW_g1,IN:mom:FoundryTW_g1:SmartX,2030-W04,45,45,,,45,0,45,45,45,False
SmartX,FoundryTW_g1,IN:mom:FoundryTW_g1:SmartX,2030-W05,113,42,,,42,0,113,113,42,False
SmartX,FoundryTW_g1,IN:mom:FoundryTW_g1:SmartX,2030-W06,30,37,,,37,0,30,30,37,False
SmartX,FoundryTW_g1,IN:mom:FoundryTW_g1:SmartX,2030-W07,0,34,,,34,0,0,0,34,False
SmartX,FoundryTW_g1,IN:mom:FoundryTW_g1:SmartX,2030-W08,0,30,,,30,0,0,0,30,False
SmartX,FoundryTW_g1,IN:mom:FoundryTW_g1:SmartX,2030-W09,26,26,,,26,0,26,26,26,False
SmartX,FoundryTW_g1,IN:mom:FoundryTW_g1:SmartX,2030-W10,21,21,,,21,0,21,21,21,False
SmartX,FoundryTW_g1,IN:mom:FoundryTW_g1:SmartX,2030-W11,18,18,,,18,0,18,18,18,False
SmartX,FoundryTW_g1,IN:mom:FoundryTW_g1:SmartX,2030-W12,14,14,,,14,0,14,14,14,False
SmartX,FoundryTW_g1,IN:mom:FoundryTW_g1:SmartX,2030-W13,11,11,,,11,0,11,11,11,False
SmartX,FoundryTW_g1,IN:mom:FoundryTW_g1:SmartX,2030-W14,6,6,,,6,0,6,6,6,False
SmartX,FoundryTW_g1,IN:mom:FoundryTW_g1:SmartX,2030-W15,3,3,,,3,0,3,3,3,False
SmartX,FoundryTW_g1,IN:mom:FoundryTW_g1:SmartX,2030-W16,0,0,,,0,0,0,0,0,False
SmartX,FoundryTW_g1,IN:mom:FoundryTW_g1:SmartX,2030-W17,0,0,,,0,0,0,0,0,False
SmartX,FoundryTW_g1,IN:mom:FoundryTW_g1:SmartX,2030-W18,0,0,,,0,0,0,0,0,False
SmartX,FoundryTW_g1,IN:mom:FoundryTW_g1:SmartX,2030-W19,0,0,,,0,0,0,0,0,False
SmartX,FoundryTW_g1,IN:mom:FoundryTW_g1:SmartX,2030-W20,0,0,,,0,0,0,0,0,False
SmartX,FoundryTW_g1,IN:mom:FoundryTW_g1:SmartX,2030-W21,0,0,,,0,0,0,0,0,False
SmartX,FoundryTW_g1,IN:mom:FoundryTW_g1:SmartX,2030-W22,0,0,,,0,0,0,0,0,False
SmartX,FoundryTW_g1,IN:mom:FoundryTW_g1:SmartX,2030-W23,0,0,,,0,0,0,0,0,False
SmartX,FoundryTW_g1,IN:mom:FoundryTW_g1:SmartX,2030-W24,0,0,,,0,0,0,0,0,False
SmartX,FoundryTW_g1,IN:mom:FoundryTW_g1:SmartX,2030-W25,0,0,,,0,0,0,0,0,False
SmartX,FoundryTW_g1,IN:mom:FoundryTW_g1:SmartX,2030-W26,0,0,,,0,0,0,0,0,False
SmartX,FoundryTW_g1,IN:mom:FoundryTW_g1:SmartX,2030-W27,0,0,,,0,0,0,0,0,False
SmartX,FoundryTW_g1,IN:mom:FoundryTW_g1:SmartX,2030-W28,0,0,,,0,0,0,0,0,False
SmartX,FoundryTW_g1,IN:mom:FoundryTW_g1:SmartX,2030-W29,0,0,,,0,0,0,0,0,False
SmartX,FoundryTW_g1,IN:mom:FoundryTW_g1:SmartX,2030-W30,0,0,,,0,0,0,0,0,False
SmartX,FoundryTW_g1,IN:mom:FoundryTW_g1:SmartX,2030-W31,0,0,,,0,0,0,0,0,False
SmartX,FoundryTW_g1,IN:mom:FoundryTW_g1:SmartX,2030-W32,0,0,,,0,0,0,0,0,False
SmartX,FoundryTW_g1,IN:mom:FoundryTW_g1:SmartX,2030-W33,0,0,,,0,0,0,0,0,False
SmartX,FoundryTW_g1,IN:mom:FoundryTW_g1:SmartX,2030-W34,0,0,,,0,0,0,0,0,False
SmartX,FoundryTW_g1,IN:mom:FoundryTW_g1:SmartX,2030-W35,0,0,,,0,0,0,0,0,False
SmartX,FoundryTW_g1,IN:mom:FoundryTW_g1:SmartX,2030-W36,0,0,,,0,0,0,0,0,False
SmartX,FoundryTW_g1,IN:mom:FoundryTW_g1:SmartX,2030-W37,0,0,,,0,0,0,0,0,False
SmartX,FoundryTW_g1,IN:mom:FoundryTW_g1:SmartX,2030-W38,0,0,,,0,0,0,0,0,False
SmartX,FoundryTW_g1,IN:mom:FoundryTW_g1:SmartX,2030-W39,0,0,,,0,0,0,0,0,False
SmartX,FoundryTW_g1,IN:mom:FoundryTW_g1:SmartX,2030-W40,0,0,,,0,0,0,0,0,False
SmartX,FoundryTW_g1,IN:mom:FoundryTW_g1:SmartX,2030-W41,0,0,,,0,0,0,0,0,False
SmartX,FoundryTW_g1,IN:mom:FoundryTW_g1:SmartX,2030-W42,0,0,,,0,0,0,0,0,False
SmartX,FoundryTW_g1,IN:mom:FoundryTW_g1:SmartX,2030-W43,0,0,,,0,0,0,0,0,False
SmartX,FoundryTW_g1,IN:mom:FoundryTW_g1:SmartX,2030-W44,0,0,,,0,0,0,0,0,False
SmartX,FoundryTW_g1,IN:mom:FoundryTW_g1:SmartX,2030-W45,0,0,,,0,0,0,0,0,False
SmartX,FoundryTW_g1,IN:mom:FoundryTW_g1:SmartX,2030-W46,0,0,,,0,0,0,0,0,False
SmartX,FoundryTW_g1,IN:mom:FoundryTW_g1:SmartX,2030-W47,0,0,,,0,0,0,0,0,False
SmartX,FoundryTW_g1,IN:mom:FoundryTW_g1:SmartX,2030-W48,0,0,,,0,0,0,0,0,False
SmartX,FoundryTW_g1,IN:mom:FoundryTW_g1:SmartX,2030-W49,0,0,,,0,0,0,0,0,False
SmartX,FoundryTW_g1,IN:mom:FoundryTW_g1:SmartX,2030-W50,0,0,,,0,0,0,0,0,False
SmartX,FoundryTW_g1,IN:mom:FoundryTW_g1:SmartX,2030-W51,0,0,,,0,0,0,0,0,False
SmartX,FoundryTW_g1,IN:mom:FoundryTW_g1:SmartX,2030-W52,0,0,,,0,0,0,0,0,False
SmartX,WaferFab_TW_g1,IN:leaf_in:WaferFab_TW_g1:SmartX,2025-W36,0,0,,,0,0,0,0,0,False
SmartX,WaferFab_TW_g1,IN:leaf_in:WaferFab_TW_g1:SmartX,2025-W37,0,0,,,0,0,0,0,0,False
SmartX,WaferFab_TW_g1,IN:leaf_in:WaferFab_TW_g1:SmartX,2025-W38,0,0,,,0,0,0,0,0,False
SmartX,WaferFab_TW_g1,IN:leaf_in:WaferFab_TW_g1:SmartX,2025-W39,366,366,,,366,366,366,366,366,False
SmartX,WaferFab_TW_g1,IN:leaf_in:WaferFab_TW_g1:SmartX,2025-W40,1305,1305,,,1305,1305,1305,1305,1305,False
SmartX,WaferFab_TW_g1,IN:leaf_in:WaferFab_TW_g1:SmartX,2025-W41,1300,1300,,,1300,1300,1300,1300,1300,False
SmartX,WaferFab_TW_g1,IN:leaf_in:WaferFab_TW_g1:SmartX,2025-W42,1293,1293,,,1293,1293,1293,1293,1293,False
SmartX,WaferFab_TW_g1,IN:leaf_in:WaferFab_TW_g1:SmartX,2025-W43,1289,1289,,,1289,1289,1289,1289,1289,False
SmartX,WaferFab_TW_g1,IN:leaf_in:WaferFab_TW_g1:SmartX,2025-W44,1283,1283,,,1283,1283,1283,1283,1283,False
SmartX,WaferFab_TW_g1,IN:leaf_in:WaferFab_TW_g1:SmartX,2025-W45,1276,1276,,,1276,1276,1276,1276,1276,False
SmartX,WaferFab_TW_g1,IN:leaf_in:WaferFab_TW_g1:SmartX,2025-W46,1271,1271,,,1271,1271,1271,1271,1271,False
SmartX,WaferFab_TW_g1,IN:leaf_in:WaferFab_TW_g1:SmartX,2025-W47,1265,1265,,,1265,1265,1265,1265,1265,False
SmartX,WaferFab_TW_g1,IN:leaf_in:WaferFab_TW_g1:SmartX,2025-W48,1259,1259,,,1259,1259,1259,1259,1259,False
SmartX,WaferFab_TW_g1,IN:leaf_in:WaferFab_TW_g1:SmartX,2025-W49,1254,1254,,,1254,1254,1254,1254,1254,False
SmartX,WaferFab_TW_g1,IN:leaf_in:WaferFab_TW_g1:SmartX,2025-W50,1248,1248,,,1248,1248,1248,1248,1248,False
SmartX,WaferFab_TW_g1,IN:leaf_in:WaferFab_TW_g1:SmartX,2025-W51,1243,1243,,,1243,1243,1243,1243,1243,False
SmartX,WaferFab_TW_g1,IN:leaf_in:WaferFab_TW_g1:SmartX,2025-W52,1236,1236,,,1236,1236,1236,1236,1236,False
SmartX,WaferFab_TW_g1,IN:leaf_in:WaferFab_TW_g1:SmartX,2026-W01,1230,1230,,,1230,1230,1230,1230,1230,False
SmartX,WaferFab_TW_g1,IN:leaf_in:WaferFab_TW_g1:SmartX,2026-W02,1225,1225,,,1225,1225,1225,1225,1225,False
SmartX,WaferFab_TW_g1,IN:leaf_in:WaferFab_TW_g1:SmartX,2026-W03,1219,1219,,,1219,1219,1219,1219,1219,False
SmartX,WaferFab_TW_g1,IN:leaf_in:WaferFab_TW_g1:SmartX,2026-W04,1214,1214,,,1214,1214,1214,1214,1214,False
SmartX,WaferFab_TW_g1,IN:leaf_in:WaferFab_TW_g1:SmartX,2026-W05,1208,1208,,,1208,1208,1208,1208,1208,False
SmartX,WaferFab_TW_g1,IN:leaf_in:WaferFab_TW_g1:SmartX,2026-W06,3587,3587,,,3587,3587,3587,3587,3587,False
SmartX,WaferFab_TW_g1,IN:leaf_in:WaferFab_TW_g1:SmartX,2026-W07,1185,1185,,,1185,1185,1185,1185,1185,False
SmartX,WaferFab_TW_g1,IN:leaf_in:WaferFab_TW_g1:SmartX,2026-W08,0,0,0.0,0.0,0,0,0,0,0,False
SmartX,WaferFab_TW_g1,IN:leaf_in:WaferFab_TW_g1:SmartX,2026-W09,0,0,0.0,0.0,0,0,0,0,0,False
SmartX,WaferFab_TW_g1,IN:leaf_in:WaferFab_TW_g1:SmartX,2026-W10,1179,1179,,,1179,1179,1179,1179,1179,False
SmartX,WaferFab_TW_g1,IN:leaf_in:WaferFab_TW_g1:SmartX,2026-W11,1173,1173,,,1173,1173,1173,1173,1173,False
SmartX,WaferFab_TW_g1,IN:leaf_in:WaferFab_TW_g1:SmartX,2026-W12,1168,1168,,,1168,1168,1168,1168,1168,False
SmartX,WaferFab_TW_g1,IN:leaf_in:WaferFab_TW_g1:SmartX,2026-W13,1161,1161,,,1161,1161,1161,1161,1161,False
SmartX,WaferFab_TW_g1,IN:leaf_in:WaferFab_TW_g1:SmartX,2026-W14,1155,1155,,,1155,1155,1155,1155,1155,False
SmartX,WaferFab_TW_g1,IN:leaf_in:WaferFab_TW_g1:SmartX,2026-W15,1151,1151,,,1151,1151,1151,1151,1151,False
SmartX,WaferFab_TW_g1,IN:leaf_in:WaferFab_TW_g1:SmartX,2026-W16,1144,1144,,,1144,1144,1144,1144,1144,False
SmartX,WaferFab_TW_g1,IN:leaf_in:WaferFab_TW_g1:SmartX,2026-W17,1139,1139,,,1139,1139,1139,1139,1139,False
SmartX,WaferFab_TW_g1,IN:leaf_in:WaferFab_TW_g1:SmartX,2026-W18,1133,1133,,,1133,1133,1133,1133,1133,False
SmartX,WaferFab_TW_g1,IN:leaf_in:WaferFab_TW_g1:SmartX,2026-W19,1126,1126,,,1126,1126,1126,1126,1126,False
SmartX,WaferFab_TW_g1,IN:leaf_in:WaferFab_TW_g1:SmartX,2026-W20,1122,1122,,,1122,1122,1122,1122,1122,False
SmartX,WaferFab_TW_g1,IN:leaf_in:WaferFab_TW_g1:SmartX,2026-W21,1116,1116,,,1116,1116,1116,1116,1116,False
SmartX,WaferFab_TW_g1,IN:leaf_in:WaferFab_TW_g1:SmartX,2026-W22,1110,1110,,,1110,1110,1110,1110,1110,False
SmartX,WaferFab_TW_g1,IN:leaf_in:WaferFab_TW_g1:SmartX,2026-W23,1104,1104,,,1104,1104,1104,1104,1104,False
SmartX,WaferFab_TW_g1,IN:leaf_in:WaferFab_TW_g1:SmartX,2026-W24,1098,1098,,,1098,1098,1098,1098,1098,False
SmartX,WaferFab_TW_g1,IN:leaf_in:WaferFab_TW_g1:SmartX,2026-W25,1093,1093,,,1093,1093,1093,1093,1093,False
SmartX,WaferFab_TW_g1,IN:leaf_in:WaferFab_TW_g1:SmartX,2026-W26,1087,1087,,,1087,1087,1087,1087,1087,False
SmartX,WaferFab_TW_g1,IN:leaf_in:WaferFab_TW_g1:SmartX,2026-W27,1081,1081,,,1081,1081,1081,1081,1081,False
SmartX,WaferFab_TW_g1,IN:leaf_in:WaferFab_TW_g1:SmartX,2026-W28,1076,1076,,,1076,1076,1076,1076,1076,False
SmartX,WaferFab_TW_g1,IN:leaf_in:WaferFab_TW_g1:SmartX,2026-W29,1069,1069,,,1069,1069,1069,1069,1069,False
SmartX,WaferFab_TW_g1,IN:leaf_in:WaferFab_TW_g1:SmartX,2026-W30,1064,1064,,,1064,1064,1064,1064,1064,False
SmartX,WaferFab_TW_g1,IN:leaf_in:WaferFab_TW_g1:SmartX,2026-W31,1058,1058,,,1058,1058,1058,1058,1058,False
SmartX,WaferFab_TW_g1,IN:leaf_in:WaferFab_TW_g1:SmartX,2026-W32,1052,1052,,,1052,1052,1052,1052,1052,False
SmartX,WaferFab_TW_g1,IN:leaf_in:WaferFab_TW_g1:SmartX,2026-W33,1047,1047,,,1047,1047,1047,1047,1047,False
SmartX,WaferFab_TW_g1,IN:leaf_in:WaferFab_TW_g1:SmartX,2026-W34,1041,1041,,,1041,1041,1041,1041,1041,False
SmartX,WaferFab_TW_g1,IN:leaf_in:WaferFab_TW_g1:SmartX,2026-W35,1035,1035,,,1035,1035,1035,1035,1035,False
SmartX,WaferFab_TW_g1,IN:leaf_in:WaferFab_TW_g1:SmartX,2026-W36,1029,1029,,,1029,1029,1029,1029,1029,False
SmartX,WaferFab_TW_g1,IN:leaf_in:WaferFab_TW_g1:SmartX,2026-W37,1023,1023,,,1023,1023,1023,1023,1023,False
SmartX,WaferFab_TW_g1,IN:leaf_in:WaferFab_TW_g1:SmartX,2026-W38,1019,1019,,,1019,1019,1019,1019,1019,False
SmartX,WaferFab_TW_g1,IN:leaf_in:WaferFab_TW_g1:SmartX,2026-W39,1012,1012,,,1012,1012,1012,1012,1012,False
SmartX,WaferFab_TW_g1,IN:leaf_in:WaferFab_TW_g1:SmartX,2026-W40,1006,1006,,,1006,1006,1006,1006,1006,False
SmartX,WaferFab_TW_g1,IN:leaf_in:WaferFab_TW_g1:SmartX,2026-W41,1000,1000,,,1000,1000,1000,1000,1000,False
SmartX,WaferFab_TW_g1,IN:leaf_in:WaferFab_TW_g1:SmartX,2026-W42,1000,1000,,,1000,1000,1000,1000,1000,False
SmartX,WaferFab_TW_g1,IN:leaf_in:WaferFab_TW_g1:SmartX,2026-W43,1000,1000,,,1000,1000,1000,1000,1000,False
SmartX,WaferFab_TW_g1,IN:leaf_in:WaferFab_TW_g1:SmartX,2026-W44,1000,1000,,,1000,1000,1000,1000,1000,False
SmartX,WaferFab_TW_g1,IN:leaf_in:WaferFab_TW_g1:SmartX,2026-W45,1000,1000,,,1000,1000,1000,1000,1000,False
SmartX,WaferFab_TW_g1,IN:leaf_in:WaferFab_TW_g1:SmartX,2026-W46,1000,1000,,,1000,1000,1000,1000,1000,False
SmartX,WaferFab_TW_g1,IN:leaf_in:WaferFab_TW_g1:SmartX,2026-W47,1000,1000,,,1000,1000,1000,1000,1000,False
SmartX,WaferFab_TW_g1,IN:leaf_in:WaferFab_TW_g1:SmartX,2026-W48,1000,1000,,,1000,1000,1000,1000,1000,False
SmartX,WaferFab_TW_g1,IN:leaf_in:WaferFab_TW_g1:SmartX,2026-W49,1000,1000,,,1000,1000,1000,1000,1000,False
SmartX,WaferFab_TW_g1,IN:leaf_in:WaferFab_TW_g1:SmartX,2026-W50,1000,1000,,,1000,1000,1000,1000,1000,False
SmartX,WaferFab_TW_g1,IN:leaf_in:WaferFab_TW_g1:SmartX,2026-W51,1000,1000,,,1000,1000,1000,1000,1000,False
SmartX,WaferFab_TW_g1,IN:leaf_in:WaferFab_TW_g1:SmartX,2026-W52,1000,1000,,,1000,1000,1000,1000,1000,False
SmartX,WaferFab_TW_g1,IN:leaf_in:WaferFab_TW_g1:SmartX,2026-W53,1000,1000,,,1000,1000,1000,1000,1000,False
SmartX,WaferFab_TW_g1,IN:leaf_in:WaferFab_TW_g1:SmartX,2027-W01,1000,1000,,,1000,1000,1000,1000,1000,False
SmartX,WaferFab_TW_g1,IN:leaf_in:WaferFab_TW_g1:SmartX,2027-W02,1000,1000,,,1000,1000,1000,1000,1000,False
SmartX,WaferFab_TW_g1,IN:leaf_in:WaferFab_TW_g1:SmartX,2027-W03,1000,1000,,,1000,1000,1000,1000,1000,False
SmartX,WaferFab_TW_g1,IN:leaf_in:WaferFab_TW_g1:SmartX,2027-W04,3000,3000,,,3000,3000,3000,3000,3000,False
SmartX,WaferFab_TW_g1,IN:leaf_in:WaferFab_TW_g1:SmartX,2027-W05,1000,1000,,,1000,1000,1000,1000,1000,False
SmartX,WaferFab_TW_g1,IN:leaf_in:WaferFab_TW_g1:SmartX,2027-W06,0,0,0.0,0.0,0,0,0,0,0,False
SmartX,WaferFab_TW_g1,IN:leaf_in:WaferFab_TW_g1:SmartX,2027-W07,0,0,0.0,0.0,0,0,0,0,0,False
SmartX,WaferFab_TW_g1,IN:leaf_in:WaferFab_TW_g1:SmartX,2027-W08,1000,1000,,,1000,1000,1000,1000,1000,False
SmartX,WaferFab_TW_g1,IN:leaf_in:WaferFab_TW_g1:SmartX,2027-W09,1000,1000,,,1000,1000,1000,1000,1000,False
SmartX,WaferFab_TW_g1,IN:leaf_in:WaferFab_TW_g1:SmartX,2027-W10,1000,1000,,,1000,1000,1000,1000,1000,False
SmartX,WaferFab_TW_g1,IN:leaf_in:WaferFab_TW_g1:SmartX,2027-W11,1000,1000,,,1000,1000,1000,1000,1000,False
SmartX,WaferFab_TW_g1,IN:leaf_in:WaferFab_TW_g1:SmartX,2027-W12,1000,1000,,,1000,1000,1000,1000,1000,False
SmartX,WaferFab_TW_g1,IN:leaf_in:WaferFab_TW_g1:SmartX,2027-W13,997,997,,,997,997,997,997,997,False
SmartX,WaferFab_TW_g1,IN:leaf_in:WaferFab_TW_g1:SmartX,2027-W14,988,988,,,988,988,988,988,988,False
SmartX,WaferFab_TW_g1,IN:leaf_in:WaferFab_TW_g1:SmartX,2027-W15,979,979,,,979,979,979,979,979,False
SmartX,WaferFab_TW_g1,IN:leaf_in:WaferFab_TW_g1:SmartX,2027-W16,970,970,,,970,970,970,970,970,False
SmartX,WaferFab_TW_g1,IN:leaf_in:WaferFab_TW_g1:SmartX,2027-W17,960,960,,,960,960,960,960,960,False
SmartX,WaferFab_TW_g1,IN:leaf_in:WaferFab_TW_g1:SmartX,2027-W18,951,951,,,951,951,951,951,951,False
SmartX,WaferFab_TW_g1,IN:leaf_in:WaferFab_TW_g1:SmartX,2027-W19,942,942,,,942,942,942,942,942,False
SmartX,WaferFab_TW_g1,IN:leaf_in:WaferFab_TW_g1:SmartX,2027-W20,932,932,,,932,932,932,932,932,False
SmartX,WaferFab_TW_g1,IN:leaf_in:WaferFab_TW_g1:SmartX,2027-W21,923,923,,,923,923,923,923,923,False
SmartX,WaferFab_TW_g1,IN:leaf_in:WaferFab_TW_g1:SmartX,2027-W22,915,915,,,915,915,915,915,915,False
SmartX,WaferFab_TW_g1,IN:leaf_in:WaferFab_TW_g1:SmartX,2027-W23,904,904,,,904,904,904,904,904,False
SmartX,WaferFab_TW_g1,IN:leaf_in:WaferFab_TW_g1:SmartX,2027-W24,895,895,,,895,895,895,895,895,False
SmartX,WaferFab_TW_g1,IN:leaf_in:WaferFab_TW_g1:SmartX,2027-W25,887,887,,,887,887,887,887,887,False
SmartX,WaferFab_TW_g1,IN:leaf_in:WaferFab_TW_g1:SmartX,2027-W26,878,878,,,878,878,878,878,878,False
SmartX,WaferFab_TW_g1,IN:leaf_in:WaferFab_TW_g1:SmartX,2027-W27,867,867,,,867,867,867,867,867,False
SmartX,WaferFab_TW_g1,IN:leaf_in:WaferFab_TW_g1:SmartX,2027-W28,858,858,,,858,858,858,858,858,False
SmartX,WaferFab_TW_g1,IN:leaf_in:WaferFab_TW_g1:SmartX,2027-W29,850,850,,,850,850,850,850,850,False
SmartX,WaferFab_TW_g1,IN:leaf_in:WaferFab_TW_g1:SmartX,2027-W30,840,840,,,840,840,840,840,840,False
SmartX,WaferFab_TW_g1,IN:leaf_in:WaferFab_TW_g1:SmartX,2027-W31,830,830,,,830,830,830,830,830,False
SmartX,WaferFab_TW_g1,IN:leaf_in:WaferFab_TW_g1:SmartX,2027-W32,822,822,,,822,822,822,822,822,False
SmartX,WaferFab_TW_g1,IN:leaf_in:WaferFab_TW_g1:SmartX,2027-W33,812,812,,,812,812,812,812,812,False
SmartX,WaferFab_TW_g1,IN:leaf_in:WaferFab_TW_g1:SmartX,2027-W34,803,803,,,803,803,803,803,803,False
SmartX,WaferFab_TW_g1,IN:leaf_in:WaferFab_TW_g1:SmartX,2027-W35,794,794,,,794,794,794,794,794,False
SmartX,WaferFab_TW_g1,IN:leaf_in:WaferFab_TW_g1:SmartX,2027-W36,785,785,,,785,785,785,785,785,False
SmartX,WaferFab_TW_g1,IN:leaf_in:WaferFab_TW_g1:SmartX,2027-W37,775,775,,,775,775,775,775,775,False
SmartX,WaferFab_TW_g1,IN:leaf_in:WaferFab_TW_g1:SmartX,2027-W38,766,766,,,766,766,766,766,766,False
SmartX,WaferFab_TW_g1,IN:leaf_in:WaferFab_TW_g1:SmartX,2027-W39,754,754,,,754,754,754,754,754,False
SmartX,WaferFab_TW_g1,IN:leaf_in:WaferFab_TW_g1:SmartX,2027-W40,738,738,,,738,738,738,738,738,False
SmartX,WaferFab_TW_g1,IN:leaf_in:WaferFab_TW_g1:SmartX,2027-W41,729,729,,,729,729,729,729,729,False
SmartX,WaferFab_TW_g1,IN:leaf_in:WaferFab_TW_g1:SmartX,2027-W42,720,720,,,720,720,720,720,720,False
SmartX,WaferFab_TW_g1,IN:leaf_in:WaferFab_TW_g1:SmartX,2027-W43,710,710,,,710,710,710,710,710,False
SmartX,WaferFab_TW_g1,IN:leaf_in:WaferFab_TW_g1:SmartX,2027-W44,701,701,,,701,701,701,701,701,False
SmartX,WaferFab_TW_g1,IN:leaf_in:WaferFab_TW_g1:SmartX,2027-W45,692,692,,,692,692,692,692,692,False
SmartX,WaferFab_TW_g1,IN:leaf_in:WaferFab_TW_g1:SmartX,2027-W46,682,682,,,682,682,682,682,682,False
SmartX,WaferFab_TW_g1,IN:leaf_in:WaferFab_TW_g1:SmartX,2027-W47,673,673,,,673,673,673,673,673,False
SmartX,WaferFab_TW_g1,IN:leaf_in:WaferFab_TW_g1:SmartX,2027-W48,665,665,,,665,665,665,665,665,False
SmartX,WaferFab_TW_g1,IN:leaf_in:WaferFab_TW_g1:SmartX,2027-W49,654,654,,,654,654,654,654,654,False
SmartX,WaferFab_TW_g1,IN:leaf_in:WaferFab_TW_g1:SmartX,2027-W50,645,645,,,645,645,645,645,645,False
SmartX,WaferFab_TW_g1,IN:leaf_in:WaferFab_TW_g1:SmartX,2027-W51,637,637,,,637,637,637,637,637,False
SmartX,WaferFab_TW_g1,IN:leaf_in:WaferFab_TW_g1:SmartX,2027-W52,628,628,,,628,628,628,628,628,False
SmartX,WaferFab_TW_g1,IN:leaf_in:WaferFab_TW_g1:SmartX,2028-W01,617,617,,,617,617,617,617,617,False
SmartX,WaferFab_TW_g1,IN:leaf_in:WaferFab_TW_g1:SmartX,2028-W02,608,608,,,608,608,608,608,608,False
SmartX,WaferFab_TW_g1,IN:leaf_in:WaferFab_TW_g1:SmartX,2028-W03,1770,1770,,,1770,1770,1770,1770,1770,False
SmartX,WaferFab_TW_g1,IN:leaf_in:WaferFab_TW_g1:SmartX,2028-W04,572,572,,,572,572,572,572,572,False
SmartX,WaferFab_TW_g1,IN:leaf_in:WaferFab_TW_g1:SmartX,2028-W05,0,0,0.0,0.0,0,0,0,0,0,False
SmartX,WaferFab_TW_g1,IN:leaf_in:WaferFab_TW_g1:SmartX,2028-W06,0,0,0.0,0.0,0,0,0,0,0,False
SmartX,WaferFab_TW_g1,IN:leaf_in:WaferFab_TW_g1:SmartX,2028-W07,562,562,,,562,562,562,562,562,False
SmartX,WaferFab_TW_g1,IN:leaf_in:WaferFab_TW_g1:SmartX,2028-W08,553,553,,,553,553,553,553,553,False
SmartX,WaferFab_TW_g1,IN:leaf_in:WaferFab_TW_g1:SmartX,2028-W09,544,544,,,544,544,544,544,544,False
SmartX,WaferFab_TW_g1,IN:leaf_in:WaferFab_TW_g1:SmartX,2028-W10,535,535,,,535,535,535,535,535,False
SmartX,WaferFab_TW_g1,IN:leaf_in:WaferFab_TW_g1:SmartX,2028-W11,525,525,,,525,525,525,525,525,False
SmartX,WaferFab_TW_g1,IN:leaf_in:WaferFab_TW_g1:SmartX,2028-W12,516,516,,,516,516,516,516,516,False
SmartX,WaferFab_TW_g1,IN:leaf_in:WaferFab_TW_g1:SmartX,2028-W13,505,505,,,505,505,505,505,505,False
SmartX,WaferFab_TW_g1,IN:leaf_in:WaferFab_TW_g1:SmartX,2028-W14,491,491,,,491,491,491,491,491,False
SmartX,WaferFab_TW_g1,IN:leaf_in:WaferFab_TW_g1:SmartX,2028-W15,485,485,,,485,485,485,485,485,False
SmartX,WaferFab_TW_g1,IN:leaf_in:WaferFab_TW_g1:SmartX,2028-W16,479,479,,,479,479,479,479,479,False
SmartX,WaferFab_TW_g1,IN:leaf_in:WaferFab_TW_g1:SmartX,2028-W17,473,473,,,473,473,473,473,473,False
SmartX,WaferFab_TW_g1,IN:leaf_in:WaferFab_TW_g1:SmartX,2028-W18,466,466,,,466,466,466,466,466,False
SmartX,WaferFab_TW_g1,IN:leaf_in:WaferFab_TW_g1:SmartX,2028-W19,458,458,,,458,458,458,458,458,False
SmartX,WaferFab_TW_g1,IN:leaf_in:WaferFab_TW_g1:SmartX,2028-W20,453,453,,,453,453,453,453,453,False
SmartX,WaferFab_TW_g1,IN:leaf_in:WaferFab_TW_g1:SmartX,2028-W21,446,446,,,446,446,446,446,446,False
SmartX,WaferFab_TW_g1,IN:leaf_in:WaferFab_TW_g1:SmartX,2028-W22,441,441,,,441,441,441,441,441,False
SmartX,WaferFab_TW_g1,IN:leaf_in:WaferFab_TW_g1:SmartX,2028-W23,433,433,,,433,433,433,433,433,False
SmartX,WaferFab_TW_g1,IN:leaf_in:WaferFab_TW_g1:SmartX,2028-W24,426,426,,,426,426,426,426,426,False
SmartX,WaferFab_TW_g1,IN:leaf_in:WaferFab_TW_g1:SmartX,2028-W25,420,420,,,420,420,420,420,420,False
SmartX,WaferFab_TW_g1,IN:leaf_in:WaferFab_TW_g1:SmartX,2028-W26,414,414,,,414,414,414,414,414,False
SmartX,WaferFab_TW_g1,IN:leaf_in:WaferFab_TW_g1:SmartX,2028-W27,408,408,,,408,408,408,408,408,False
SmartX,WaferFab_TW_g1,IN:leaf_in:WaferFab_TW_g1:SmartX,2028-W28,401,401,,,401,401,401,401,401,False
SmartX,WaferFab_TW_g1,IN:leaf_in:WaferFab_TW_g1:SmartX,2028-W29,395,395,,,395,395,395,395,395,False
SmartX,WaferFab_TW_g1,IN:leaf_in:WaferFab_TW_g1:SmartX,2028-W30,388,388,,,388,388,388,388,388,False
SmartX,WaferFab_TW_g1,IN:leaf_in:WaferFab_TW_g1:SmartX,2028-W31,381,381,,,381,381,381,381,381,False
SmartX,WaferFab_TW_g1,IN:leaf_in:WaferFab_TW_g1:SmartX,2028-W32,376,376,,,376,376,376,376,376,False
SmartX,WaferFab_TW_g1,IN:leaf_in:WaferFab_TW_g1:SmartX,2028-W33,368,368,,,368,368,368,368,368,False
SmartX,WaferFab_TW_g1,IN:leaf_in:WaferFab_TW_g1:SmartX,2028-W34,363,363,,,363,363,363,363,363,False
SmartX,WaferFab_TW_g1,IN:leaf_in:WaferFab_TW_g1:SmartX,2028-W35,355,355,,,355,355,355,355,355,False
SmartX,WaferFab_TW_g1,IN:leaf_in:WaferFab_TW_g1:SmartX,2028-W36,349,349,,,349,349,349,349,349,False
SmartX,WaferFab_TW_g1,IN:leaf_in:WaferFab_TW_g1:SmartX,2028-W37,342,342,,,342,342,342,342,342,False
SmartX,WaferFab_TW_g1,IN:leaf_in:WaferFab_TW_g1:SmartX,2028-W38,336,336,,,336,336,336,336,336,False
SmartX,WaferFab_TW_g1,IN:leaf_in:WaferFab_TW_g1:SmartX,2028-W39,329,329,,,329,329,329,329,329,False
SmartX,WaferFab_TW_g1,IN:leaf_in:WaferFab_TW_g1:SmartX,2028-W40,318,318,,,318,318,318,318,318,False
SmartX,WaferFab_TW_g1,IN:leaf_in:WaferFab_TW_g1:SmartX,2028-W41,314,314,,,314,314,314,314,314,False
SmartX,WaferFab_TW_g1,IN:leaf_in:WaferFab_TW_g1:SmartX,2028-W42,309,309,,,309,309,309,309,309,False
SmartX,WaferFab_TW_g1,IN:leaf_in:WaferFab_TW_g1:SmartX,2028-W43,306,306,,,306,306,306,306,306,False
SmartX,WaferFab_TW_g1,IN:leaf_in:WaferFab_TW_g1:SmartX,2028-W44,301,301,,,301,301,301,301,301,False
SmartX,WaferFab_TW_g1,IN:leaf_in:WaferFab_TW_g1:SmartX,2028-W45,296,296,,,296,296,296,296,296,False
SmartX,WaferFab_TW_g1,IN:leaf_in:WaferFab_TW_g1:SmartX,2028-W46,291,291,,,291,291,291,291,291,False
SmartX,WaferFab_TW_g1,IN:leaf_in:WaferFab_TW_g1:SmartX,2028-W47,286,286,,,286,286,286,286,286,False
SmartX,WaferFab_TW_g1,IN:leaf_in:WaferFab_TW_g1:SmartX,2028-W48,281,281,,,281,281,281,281,281,False
SmartX,WaferFab_TW_g1,IN:leaf_in:WaferFab_TW_g1:SmartX,2028-W49,277,277,,,277,277,277,277,277,False
SmartX,WaferFab_TW_g1,IN:leaf_in:WaferFab_TW_g1:SmartX,2028-W50,274,274,,,274,274,274,274,274,False
SmartX,WaferFab_TW_g1,IN:leaf_in:WaferFab_TW_g1:SmartX,2028-W51,268,268,,,268,268,268,268,268,False
SmartX,WaferFab_TW_g1,IN:leaf_in:WaferFab_TW_g1:SmartX,2028-W52,264,264,,,264,264,264,264,264,False
SmartX,WaferFab_TW_g1,IN:leaf_in:WaferFab_TW_g1:SmartX,2029-W01,258,258,,,258,258,258,258,258,False
SmartX,WaferFab_TW_g1,IN:leaf_in:WaferFab_TW_g1:SmartX,2029-W02,749,749,,,749,749,749,749,749,False
SmartX,WaferFab_TW_g1,IN:leaf_in:WaferFab_TW_g1:SmartX,2029-W03,241,241,,,241,241,241,241,241,False
SmartX,WaferFab_TW_g1,IN:leaf_in:WaferFab_TW_g1:SmartX,2029-W04,0,0,0.0,0.0,0,0,0,0,0,False
SmartX,WaferFab_TW_g1,IN:leaf_in:WaferFab_TW_g1:SmartX,2029-W05,0,0,0.0,0.0,0,0,0,0,0,False
SmartX,WaferFab_TW_g1,IN:leaf_in:WaferFab_TW_g1:SmartX,2029-W06,236,236,,,236,236,236,236,236,False
SmartX,WaferFab_TW_g1,IN:leaf_in:WaferFab_TW_g1:SmartX,2029-W07,231,231,,,231,231,231,231,231,False
SmartX,WaferFab_TW_g1,IN:leaf_in:WaferFab_TW_g1:SmartX,2029-W08,226,226,,,226,226,226,226,226,False
SmartX,WaferFab_TW_g1,IN:leaf_in:WaferFab_TW_g1:SmartX,2029-W09,221,221,,,221,221,221,221,221,False
SmartX,WaferFab_TW_g1,IN:leaf_in:WaferFab_TW_g1:SmartX,2029-W10,217,217,,,217,217,217,217,217,False
SmartX,WaferFab_TW_g1,IN:leaf_in:WaferFab_TW_g1:SmartX,2029-W11,214,214,,,214,214,214,214,214,False
SmartX,WaferFab_TW_g1,IN:leaf_in:WaferFab_TW_g1:SmartX,2029-W12,208,208,,,208,208,208,208,208,False
SmartX,WaferFab_TW_g1,IN:leaf_in:WaferFab_TW_g1:SmartX,2029-W13,203,203,,,203,203,203,203,203,False
SmartX,WaferFab_TW_g1,IN:leaf_in:WaferFab_TW_g1:SmartX,2029-W14,196,196,,,196,196,196,196,196,False
SmartX,WaferFab_TW_g1,IN:leaf_in:WaferFab_TW_g1:SmartX,2029-W15,192,192,,,192,192,192,192,192,False
SmartX,WaferFab_TW_g1,IN:leaf_in:WaferFab_TW_g1:SmartX,2029-W16,189,189,,,189,189,189,189,189,False
SmartX,WaferFab_TW_g1,IN:leaf_in:WaferFab_TW_g1:SmartX,2029-W17,184,184,,,184,184,184,184,184,False
SmartX,WaferFab_TW_g1,IN:leaf_in:WaferFab_TW_g1:SmartX,2029-W18,181,181,,,181,181,181,181,181,False
SmartX,WaferFab_TW_g1,IN:leaf_in:WaferFab_TW_g1:SmartX,2029-W19,177,177,,,177,177,177,177,177,False
SmartX,WaferFab_TW_g1,IN:leaf_in:WaferFab_TW_g1:SmartX,2029-W20,174,174,,,174,174,174,174,174,False
SmartX,WaferFab_TW_g1,IN:leaf_in:WaferFab_TW_g1:SmartX,2029-W21,169,169,,,169,169,169,169,169,False
SmartX,WaferFab_TW_g1,IN:leaf_in:WaferFab_TW_g1:SmartX,2029-W22,167,167,,,167,167,167,167,167,False
SmartX,WaferFab_TW_g1,IN:leaf_in:WaferFab_TW_g1:SmartX,2029-W23,162,162,,,162,162,162,162,162,False
SmartX,WaferFab_TW_g1,IN:leaf_in:WaferFab_TW_g1:SmartX,2029-W24,158,158,,,158,158,158,158,158,False
SmartX,WaferFab_TW_g1,IN:leaf_in:WaferFab_TW_g1:SmartX,2029-W25,155,155,,,155,155,155,155,155,False
SmartX,WaferFab_TW_g1,IN:leaf_in:WaferFab_TW_g1:SmartX,2029-W26,151,151,,,151,151,151,151,151,False
SmartX,WaferFab_TW_g1,IN:leaf_in:WaferFab_TW_g1:SmartX,2029-W27,147,147,,,147,147,147,147,147,False
SmartX,WaferFab_TW_g1,IN:leaf_in:WaferFab_TW_g1:SmartX,2029-W28,143,143,,,143,143,143,143,143,False
SmartX,WaferFab_TW_g1,IN:leaf_in:WaferFab_TW_g1:SmartX,2029-W29,139,139,,,139,139,139,139,139,False
SmartX,WaferFab_TW_g1,IN:leaf_in:WaferFab_TW_g1:SmartX,2029-W30,136,136,,,136,136,136,136,136,False
SmartX,WaferFab_TW_g1,IN:leaf_in:WaferFab_TW_g1:SmartX,2029-W31,131,131,,,131,131,131,131,131,False
SmartX,WaferFab_TW_g1,IN:leaf_in:WaferFab_TW_g1:SmartX,2029-W32,129,129,,,129,129,129,129,129,False
SmartX,WaferFab_TW_g1,IN:leaf_in:WaferFab_TW_g1:SmartX,2029-W33,124,124,,,124,124,124,124,124,False
SmartX,WaferFab_TW_g1,IN:leaf_in:WaferFab_TW_g1:SmartX,2029-W34,121,121,,,121,121,121,121,121,False
SmartX,WaferFab_TW_g1,IN:leaf_in:WaferFab_TW_g1:SmartX,2029-W35,117,117,,,117,117,117,117,117,False
SmartX,WaferFab_TW_g1,IN:leaf_in:WaferFab_TW_g1:SmartX,2029-W36,114,114,,,114,114,114,114,114,False
SmartX,WaferFab_TW_g1,IN:leaf_in:WaferFab_TW_g1:SmartX,2029-W37,109,109,,,109,109,109,109,109,False
SmartX,WaferFab_TW_g1,IN:leaf_in:WaferFab_TW_g1:SmartX,2029-W38,106,106,,,106,106,106,106,106,False
SmartX,WaferFab_TW_g1,IN:leaf_in:WaferFab_TW_g1:SmartX,2029-W39,102,102,,,102,102,102,102,102,False
SmartX,WaferFab_TW_g1,IN:leaf_in:WaferFab_TW_g1:SmartX,2029-W40,99,99,,,99,99,99,99,99,False
SmartX,WaferFab_TW_g1,IN:leaf_in:WaferFab_TW_g1:SmartX,2029-W41,95,95,,,95,95,95,95,95,False
SmartX,WaferFab_TW_g1,IN:leaf_in:WaferFab_TW_g1:SmartX,2029-W42,92,92,,,92,92,92,92,92,False
SmartX,WaferFab_TW_g1,IN:leaf_in:WaferFab_TW_g1:SmartX,2029-W43,87,87,,,87,87,87,87,87,False
SmartX,WaferFab_TW_g1,IN:leaf_in:WaferFab_TW_g1:SmartX,2029-W44,84,84,,,84,84,84,84,84,False
SmartX,WaferFab_TW_g1,IN:leaf_in:WaferFab_TW_g1:SmartX,2029-W45,80,80,,,80,80,80,80,80,False
SmartX,WaferFab_TW_g1,IN:leaf_in:WaferFab_TW_g1:SmartX,2029-W46,76,76,,,76,76,76,76,76,False
SmartX,WaferFab_TW_g1,IN:leaf_in:WaferFab_TW_g1:SmartX,2029-W47,71,71,,,71,71,71,71,71,False
SmartX,WaferFab_TW_g1,IN:leaf_in:WaferFab_TW_g1:SmartX,2029-W48,68,68,,,68,68,68,68,68,False
SmartX,WaferFab_TW_g1,IN:leaf_in:WaferFab_TW_g1:SmartX,2029-W49,64,64,,,64,64,64,64,64,False
SmartX,WaferFab_TW_g1,IN:leaf_in:WaferFab_TW_g1:SmartX,2029-W50,61,61,,,61,61,61,61,61,False
SmartX,WaferFab_TW_g1,IN:leaf_in:WaferFab_TW_g1:SmartX,2029-W51,56,56,,,56,56,56,56,56,False
SmartX,WaferFab_TW_g1,IN:leaf_in:WaferFab_TW_g1:SmartX,2029-W52,53,53,,,53,53,53,53,53,False
SmartX,WaferFab_TW_g1,IN:leaf_in:WaferFab_TW_g1:SmartX,2030-W01,49,49,,,49,49,49,49,49,False
SmartX,WaferFab_TW_g1,IN:leaf_in:WaferFab_TW_g1:SmartX,2030-W02,45,45,,,45,45,45,45,45,False
SmartX,WaferFab_TW_g1,IN:leaf_in:WaferFab_TW_g1:SmartX,2030-W03,113,113,,,113,113,113,113,113,False
SmartX,WaferFab_TW_g1,IN:leaf_in:WaferFab_TW_g1:SmartX,2030-W04,30,30,,,30,30,30,30,30,False
SmartX,WaferFab_TW_g1,IN:leaf_in:WaferFab_TW_g1:SmartX,2030-W05,0,0,0.0,0.0,0,0,0,0,0,False
SmartX,WaferFab_TW_g1,IN:leaf_in:WaferFab_TW_g1:SmartX,2030-W06,0,0,0.0,0.0,0,0,0,0,0,False
SmartX,WaferFab_TW_g1,IN:leaf_in:WaferFab_TW_g1:SmartX,2030-W07,26,26,,,26,26,26,26,26,False
SmartX,WaferFab_TW_g1,IN:leaf_in:WaferFab_TW_g1:SmartX,2030-W08,21,21,,,21,21,21,21,21,False
SmartX,WaferFab_TW_g1,IN:leaf_in:WaferFab_TW_g1:SmartX,2030-W09,18,18,,,18,18,18,18,18,False
SmartX,WaferFab_TW_g1,IN:leaf_in:WaferFab_TW_g1:SmartX,2030-W10,14,14,,,14,14,14,14,14,False
SmartX,WaferFab_TW_g1,IN:leaf_in:WaferFab_TW_g1:SmartX,2030-W11,11,11,,,11,11,11,11,11,False
SmartX,WaferFab_TW_g1,IN:leaf_in:WaferFab_TW_g1:SmartX,2030-W12,6,6,,,6,6,6,6,6,False
SmartX,WaferFab_TW_g1,IN:leaf_in:WaferFab_TW_g1:SmartX,2030-W13,3,3,,,3,3,3,3,3,False
SmartX,WaferFab_TW_g1,IN:leaf_in:WaferFab_TW_g1:SmartX,2030-W14,0,0,,,0,0,0,0,0,False
SmartX,WaferFab_TW_g1,IN:leaf_in:WaferFab_TW_g1:SmartX,2030-W15,0,0,,,0,0,0,0,0,False
SmartX,WaferFab_TW_g1,IN:leaf_in:WaferFab_TW_g1:SmartX,2030-W16,0,0,,,0,0,0,0,0,False
SmartX,WaferFab_TW_g1,IN:leaf_in:WaferFab_TW_g1:SmartX,2030-W17,0,0,,,0,0,0,0,0,False
SmartX,WaferFab_TW_g1,IN:leaf_in:WaferFab_TW_g1:SmartX,2030-W18,0,0,,,0,0,0,0,0,False
SmartX,WaferFab_TW_g1,IN:leaf_in:WaferFab_TW_g1:SmartX,2030-W19,0,0,,,0,0,0,0,0,False
SmartX,WaferFab_TW_g1,IN:leaf_in:WaferFab_TW_g1:SmartX,2030-W20,0,0,,,0,0,0,0,0,False
SmartX,WaferFab_TW_g1,IN:leaf_in:WaferFab_TW_g1:SmartX,2030-W21,0,0,,,0,0,0,0,0,False
SmartX,WaferFab_TW_g1,IN:leaf_in:WaferFab_TW_g1:SmartX,2030-W22,0,0,,,0,0,0,0,0,False
SmartX,WaferFab_TW_g1,IN:leaf_in:WaferFab_TW_g1:SmartX,2030-W23,0,0,,,0,0,0,0,0,False
SmartX,WaferFab_TW_g1,IN:leaf_in:WaferFab_TW_g1:SmartX,2030-W24,0,0,,,0,0,0,0,0,False
SmartX,WaferFab_TW_g1,IN:leaf_in:WaferFab_TW_g1:SmartX,2030-W25,0,0,,,0,0,0,0,0,False
SmartX,WaferFab_TW_g1,IN:leaf_in:WaferFab_TW_g1:SmartX,2030-W26,0,0,,,0,0,0,0,0,False
SmartX,WaferFab_TW_g1,IN:leaf_in:WaferFab_TW_g1:SmartX,2030-W27,0,0,,,0,0,0,0,0,False
SmartX,WaferFab_TW_g1,IN:leaf_in:WaferFab_TW_g1:SmartX,2030-W28,0,0,,,0,0,0,0,0,False
SmartX,WaferFab_TW_g1,IN:leaf_in:WaferFab_TW_g1:SmartX,2030-W29,0,0,,,0,0,0,0,0,False
SmartX,WaferFab_TW_g1,IN:leaf_in:WaferFab_TW_g1:SmartX,2030-W30,0,0,,,0,0,0,0,0,False
SmartX,WaferFab_TW_g1,IN:leaf_in:WaferFab_TW_g1:SmartX,2030-W31,0,0,,,0,0,0,0,0,False
SmartX,WaferFab_TW_g1,IN:leaf_in:WaferFab_TW_g1:SmartX,2030-W32,0,0,,,0,0,0,0,0,False
SmartX,WaferFab_TW_g1,IN:leaf_in:WaferFab_TW_g1:SmartX,2030-W33,0,0,,,0,0,0,0,0,False
SmartX,WaferFab_TW_g1,IN:leaf_in:WaferFab_TW_g1:SmartX,2030-W34,0,0,,,0,0,0,0,0,False
SmartX,WaferFab_TW_g1,IN:leaf_in:WaferFab_TW_g1:SmartX,2030-W35,0,0,,,0,0,0,0,0,False
SmartX,WaferFab_TW_g1,IN:leaf_in:WaferFab_TW_g1:SmartX,2030-W36,0,0,,,0,0,0,0,0,False
SmartX,WaferFab_TW_g1,IN:leaf_in:WaferFab_TW_g1:SmartX,2030-W37,0,0,,,0,0,0,0,0,False
SmartX,WaferFab_TW_g1,IN:leaf_in:WaferFab_TW_g1:SmartX,2030-W38,0,0,,,0,0,0,0,0,False
SmartX,WaferFab_TW_g1,IN:leaf_in:WaferFab_TW_g1:SmartX,2030-W39,0,0,,,0,0,0,0,0,False
SmartX,WaferFab_TW_g1,IN:leaf_in:WaferFab_TW_g1:SmartX,2030-W40,0,0,,,0,0,0,0,0,False
SmartX,WaferFab_TW_g1,IN:leaf_in:WaferFab_TW_g1:SmartX,2030-W41,0,0,,,0,0,0,0,0,False
SmartX,WaferFab_TW_g1,IN:leaf_in:WaferFab_TW_g1:SmartX,2030-W42,0,0,,,0,0,0,0,0,False
SmartX,WaferFab_TW_g1,IN:leaf_in:WaferFab_TW_g1:SmartX,2030-W43,0,0,,,0,0,0,0,0,False
SmartX,WaferFab_TW_g1,IN:leaf_in:WaferFab_TW_g1:SmartX,2030-W44,0,0,,,0,0,0,0,0,False
SmartX,WaferFab_TW_g1,IN:leaf_in:WaferFab_TW_g1:SmartX,2030-W45,0,0,,,0,0,0,0,0,False
SmartX,WaferFab_TW_g1,IN:leaf_in:WaferFab_TW_g1:SmartX,2030-W46,0,0,,,0,0,0,0,0,False
SmartX,WaferFab_TW_g1,IN:leaf_in:WaferFab_TW_g1:SmartX,2030-W47,0,0,,,0,0,0,0,0,False
SmartX,WaferFab_TW_g1,IN:leaf_in:WaferFab_TW_g1:SmartX,2030-W48,0,0,,,0,0,0,0,0,False
SmartX,WaferFab_TW_g1,IN:leaf_in:WaferFab_TW_g1:SmartX,2030-W49,0,0,,,0,0,0,0,0,False
SmartX,WaferFab_TW_g1,IN:leaf_in:WaferFab_TW_g1:SmartX,2030-W50,0,0,,,0,0,0,0,0,False
SmartX,WaferFab_TW_g1,IN:leaf_in:WaferFab_TW_g1:SmartX,2030-W51,0,0,,,0,0,0,0,0,False
SmartX,WaferFab_TW_g1,IN:leaf_in:WaferFab_TW_g1:SmartX,2030-W52,0,0,,,0,0,0,0,0,False
SmartXNext,AssemblyCN_g3,IN:mom:AssemblyCN_g3:SmartXNext,2025-W36,0,0,,,0,0,0,0,0,False
SmartXNext,AssemblyCN_g3,IN:mom:AssemblyCN_g3:SmartXNext,2025-W37,0,0,,,0,0,0,0,0,False
SmartXNext,AssemblyCN_g3,IN:mom:AssemblyCN_g3:SmartXNext,2025-W38,0,0,,,0,0,0,0,0,False
SmartXNext,AssemblyCN_g3,IN:mom:AssemblyCN_g3:SmartXNext,2025-W39,0,0,,,0,0,0,0,0,False
SmartXNext,AssemblyCN_g3,IN:mom:AssemblyCN_g3:SmartXNext,2025-W40,0,0,,,0,0,0,0,0,False
SmartXNext,AssemblyCN_g3,IN:mom:AssemblyCN_g3:SmartXNext,2025-W41,0,0,,,0,0,0,0,0,False
SmartXNext,AssemblyCN_g3,IN:mom:AssemblyCN_g3:SmartXNext,2025-W42,0,0,,,0,0,0,0,0,False
SmartXNext,AssemblyCN_g3,IN:mom:AssemblyCN_g3:SmartXNext,2025-W43,0,0,,,0,0,0,0,0,False
SmartXNext,AssemblyCN_g3,IN:mom:AssemblyCN_g3:SmartXNext,2025-W44,0,0,,,0,0,0,0,0,False
SmartXNext,AssemblyCN_g3,IN:mom:AssemblyCN_g3:SmartXNext,2025-W45,0,0,,,0,0,0,0,0,False
SmartXNext,AssemblyCN_g3,IN:mom:AssemblyCN_g3:SmartXNext,2025-W46,0,0,,,0,0,0,0,0,False
SmartXNext,AssemblyCN_g3,IN:mom:AssemblyCN_g3:SmartXNext,2025-W47,0,0,,,0,0,0,0,0,False
SmartXNext,AssemblyCN_g3,IN:mom:AssemblyCN_g3:SmartXNext,2025-W48,0,0,,,0,0,0,0,0,False
SmartXNext,AssemblyCN_g3,IN:mom:AssemblyCN_g3:SmartXNext,2025-W49,0,0,,,0,0,0,0,0,False
SmartXNext,AssemblyCN_g3,IN:mom:AssemblyCN_g3:SmartXNext,2025-W50,0,0,,,0,0,0,0,0,False
SmartXNext,AssemblyCN_g3,IN:mom:AssemblyCN_g3:SmartXNext,2025-W51,0,0,,,0,0,0,0,0,False
SmartXNext,AssemblyCN_g3,IN:mom:AssemblyCN_g3:SmartXNext,2025-W52,0,0,,,0,0,0,0,0,False
SmartXNext,AssemblyCN_g3,IN:mom:AssemblyCN_g3:SmartXNext,2026-W01,0,0,,,0,0,0,0,0,False
SmartXNext,AssemblyCN_g3,IN:mom:AssemblyCN_g3:SmartXNext,2026-W02,0,0,,,0,0,0,0,0,False
SmartXNext,AssemblyCN_g3,IN:mom:AssemblyCN_g3:SmartXNext,2026-W03,0,0,,,0,0,0,0,0,False
SmartXNext,AssemblyCN_g3,IN:mom:AssemblyCN_g3:SmartXNext,2026-W04,0,0,,,0,0,0,0,0,False
SmartXNext,AssemblyCN_g3,IN:mom:AssemblyCN_g3:SmartXNext,2026-W05,0,0,,,0,0,0,0,0,False
SmartXNext,AssemblyCN_g3,IN:mom:AssemblyCN_g3:SmartXNext,2026-W06,0,0,,,0,0,0,0,0,False
SmartXNext,AssemblyCN_g3,IN:mom:AssemblyCN_g3:SmartXNext,2026-W07,0,0,,,0,0,0,0,0,False
SmartXNext,AssemblyCN_g3,IN:mom:AssemblyCN_g3:SmartXNext,2026-W08,0,0,,,0,0,0,0,0,False
SmartXNext,AssemblyCN_g3,IN:mom:AssemblyCN_g3:SmartXNext,2026-W09,0,0,,,0,0,0,0,0,False
SmartXNext,AssemblyCN_g3,IN:mom:AssemblyCN_g3:SmartXNext,2026-W10,0,0,,,0,0,0,0,0,False
SmartXNext,AssemblyCN_g3,IN:mom:AssemblyCN_g3:SmartXNext,2026-W11,0,0,,,0,0,0,0,0,False
SmartXNext,AssemblyCN_g3,IN:mom:AssemblyCN_g3:SmartXNext,2026-W12,0,0,,,0,0,0,0,0,False
SmartXNext,AssemblyCN_g3,IN:mom:AssemblyCN_g3:SmartXNext,2026-W13,0,0,,,0,0,0,0,0,False
SmartXNext,AssemblyCN_g3,IN:mom:AssemblyCN_g3:SmartXNext,2026-W14,0,0,,,0,0,0,0,0,False
SmartXNext,AssemblyCN_g3,IN:mom:AssemblyCN_g3:SmartXNext,2026-W15,0,0,,,0,0,0,0,0,False
SmartXNext,AssemblyCN_g3,IN:mom:AssemblyCN_g3:SmartXNext,2026-W16,0,0,,,0,0,0,0,0,False
SmartXNext,AssemblyCN_g3,IN:mom:AssemblyCN_g3:SmartXNext,2026-W17,0,0,,,0,0,0,0,0,False
SmartXNext,AssemblyCN_g3,IN:mom:AssemblyCN_g3:SmartXNext,2026-W18,0,0,,,0,0,0,0,0,False
SmartXNext,AssemblyCN_g3,IN:mom:AssemblyCN_g3:SmartXNext,2026-W19,0,0,,,0,0,0,0,0,False
SmartXNext,AssemblyCN_g3,IN:mom:AssemblyCN_g3:SmartXNext,2026-W20,0,0,,,0,0,0,0,0,False
SmartXNext,AssemblyCN_g3,IN:mom:AssemblyCN_g3:SmartXNext,2026-W21,0,0,,,0,0,0,0,0,False
SmartXNext,AssemblyCN_g3,IN:mom:AssemblyCN_g3:SmartXNext,2026-W22,0,0,,,0,0,0,0,0,False
SmartXNext,AssemblyCN_g3,IN:mom:AssemblyCN_g3:SmartXNext,2026-W23,0,0,,,0,0,0,0,0,False
SmartXNext,AssemblyCN_g3,IN:mom:AssemblyCN_g3:SmartXNext,2026-W24,0,0,,,0,0,0,0,0,False
SmartXNext,AssemblyCN_g3,IN:mom:AssemblyCN_g3:SmartXNext,2026-W25,0,0,,,0,0,0,0,0,False
SmartXNext,AssemblyCN_g3,IN:mom:AssemblyCN_g3:SmartXNext,2026-W26,0,0,,,0,0,0,0,0,False
SmartXNext,AssemblyCN_g3,IN:mom:AssemblyCN_g3:SmartXNext,2026-W27,0,0,,,0,0,0,0,0,False
SmartXNext,AssemblyCN_g3,IN:mom:AssemblyCN_g3:SmartXNext,2026-W28,0,0,,,0,0,0,0,0,False
SmartXNext,AssemblyCN_g3,IN:mom:AssemblyCN_g3:SmartXNext,2026-W29,0,0,,,0,0,0,0,0,False
SmartXNext,AssemblyCN_g3,IN:mom:AssemblyCN_g3:SmartXNext,2026-W30,0,0,,,0,0,0,0,0,False
SmartXNext,AssemblyCN_g3,IN:mom:AssemblyCN_g3:SmartXNext,2026-W31,0,0,,,0,0,0,0,0,False
SmartXNext,AssemblyCN_g3,IN:mom:AssemblyCN_g3:SmartXNext,2026-W32,0,0,,,0,0,0,0,0,False
SmartXNext,AssemblyCN_g3,IN:mom:AssemblyCN_g3:SmartXNext,2026-W33,0,0,,,0,0,0,0,0,False
SmartXNext,AssemblyCN_g3,IN:mom:AssemblyCN_g3:SmartXNext,2026-W34,0,0,,,0,0,0,0,0,False
SmartXNext,AssemblyCN_g3,IN:mom:AssemblyCN_g3:SmartXNext,2026-W35,0,0,,,0,0,0,0,0,False
SmartXNext,AssemblyCN_g3,IN:mom:AssemblyCN_g3:SmartXNext,2026-W36,0,0,,,0,0,0,0,0,False
SmartXNext,AssemblyCN_g3,IN:mom:AssemblyCN_g3:SmartXNext,2026-W37,0,0,,,0,0,0,0,0,False
SmartXNext,AssemblyCN_g3,IN:mom:AssemblyCN_g3:SmartXNext,2026-W38,0,0,,,0,0,0,0,0,False
SmartXNext,AssemblyCN_g3,IN:mom:AssemblyCN_g3:SmartXNext,2026-W39,0,0,,,0,0,0,0,0,False
SmartXNext,AssemblyCN_g3,IN:mom:AssemblyCN_g3:SmartXNext,2026-W40,0,0,,,0,0,0,0,0,False
SmartXNext,AssemblyCN_g3,IN:mom:AssemblyCN_g3:SmartXNext,2026-W41,0,0,,,0,0,0,0,0,False
SmartXNext,AssemblyCN_g3,IN:mom:AssemblyCN_g3:SmartXNext,2026-W42,0,0,,,0,0,0,0,0,False
SmartXNext,AssemblyCN_g3,IN:mom:AssemblyCN_g3:SmartXNext,2026-W43,0,0,,,0,0,0,0,0,False
SmartXNext,AssemblyCN_g3,IN:mom:AssemblyCN_g3:SmartXNext,2026-W44,0,0,,,0,0,0,0,0,False
SmartXNext,AssemblyCN_g3,IN:mom:AssemblyCN_g3:SmartXNext,2026-W45,0,0,,,0,0,0,0,0,False
SmartXNext,AssemblyCN_g3,IN:mom:AssemblyCN_g3:SmartXNext,2026-W46,0,0,,,0,0,0,0,0,False
SmartXNext,AssemblyCN_g3,IN:mom:AssemblyCN_g3:SmartXNext,2026-W47,0,0,,,0,0,0,0,0,False
SmartXNext,AssemblyCN_g3,IN:mom:AssemblyCN_g3:SmartXNext,2026-W48,0,0,,,0,0,0,0,0,False
SmartXNext,AssemblyCN_g3,IN:mom:AssemblyCN_g3:SmartXNext,2026-W49,0,0,,,0,0,0,0,0,False
SmartXNext,AssemblyCN_g3,IN:mom:AssemblyCN_g3:SmartXNext,2026-W50,0,0,,,0,0,0,0,0,False
SmartXNext,AssemblyCN_g3,IN:mom:AssemblyCN_g3:SmartXNext,2026-W51,0,0,,,0,0,0,0,0,False
SmartXNext,AssemblyCN_g3,IN:mom:AssemblyCN_g3:SmartXNext,2026-W52,0,0,,,0,0,0,0,0,False
SmartXNext,AssemblyCN_g3,IN:mom:AssemblyCN_g3:SmartXNext,2026-W53,0,0,,,0,0,0,0,0,False
SmartXNext,AssemblyCN_g3,IN:mom:AssemblyCN_g3:SmartXNext,2027-W01,0,0,,,0,0,0,0,0,False
SmartXNext,AssemblyCN_g3,IN:mom:AssemblyCN_g3:SmartXNext,2027-W02,0,0,,,0,0,0,0,0,False
SmartXNext,AssemblyCN_g3,IN:mom:AssemblyCN_g3:SmartXNext,2027-W03,0,0,,,0,0,0,0,0,False
SmartXNext,AssemblyCN_g3,IN:mom:AssemblyCN_g3:SmartXNext,2027-W04,0,0,,,0,0,0,0,0,False
SmartXNext,AssemblyCN_g3,IN:mom:AssemblyCN_g3:SmartXNext,2027-W05,0,0,,,0,0,0,0,0,False
SmartXNext,AssemblyCN_g3,IN:mom:AssemblyCN_g3:SmartXNext,2027-W06,0,0,,,0,0,0,0,0,False
SmartXNext,AssemblyCN_g3,IN:mom:AssemblyCN_g3:SmartXNext,2027-W07,0,0,,,0,0,0,0,0,False
SmartXNext,AssemblyCN_g3,IN:mom:AssemblyCN_g3:SmartXNext,2027-W08,0,0,,,0,0,0,0,0,False
SmartXNext,AssemblyCN_g3,IN:mom:AssemblyCN_g3:SmartXNext,2027-W09,0,0,,,0,0,0,0,0,False
SmartXNext,AssemblyCN_g3,IN:mom:AssemblyCN_g3:SmartXNext,2027-W10,0,0,,,0,0,0,0,0,False
SmartXNext,AssemblyCN_g3,IN:mom:AssemblyCN_g3:SmartXNext,2027-W11,0,0,,,0,0,0,0,0,False
SmartXNext,AssemblyCN_g3,IN:mom:AssemblyCN_g3:SmartXNext,2027-W12,0,0,,,0,0,0,0,0,False
SmartXNext,AssemblyCN_g3,IN:mom:AssemblyCN_g3:SmartXNext,2027-W13,0,0,,,0,0,0,0,0,False
SmartXNext,AssemblyCN_g3,IN:mom:AssemblyCN_g3:SmartXNext,2027-W14,0,0,,,0,0,0,0,0,False
SmartXNext,AssemblyCN_g3,IN:mom:AssemblyCN_g3:SmartXNext,2027-W15,0,0,,,0,0,0,0,0,False
SmartXNext,AssemblyCN_g3,IN:mom:AssemblyCN_g3:SmartXNext,2027-W16,0,0,,,0,0,0,0,0,False
SmartXNext,AssemblyCN_g3,IN:mom:AssemblyCN_g3:SmartXNext,2027-W17,0,0,,,0,0,0,0,0,False
SmartXNext,AssemblyCN_g3,IN:mom:AssemblyCN_g3:SmartXNext,2027-W18,0,0,,,0,0,0,0,0,False
SmartXNext,AssemblyCN_g3,IN:mom:AssemblyCN_g3:SmartXNext,2027-W19,0,0,,,0,0,0,0,0,False
SmartXNext,AssemblyCN_g3,IN:mom:AssemblyCN_g3:SmartXNext,2027-W20,0,0,,,0,0,0,0,0,False
SmartXNext,AssemblyCN_g3,IN:mom:AssemblyCN_g3:SmartXNext,2027-W21,0,0,,,0,0,0,0,0,False
SmartXNext,AssemblyCN_g3,IN:mom:AssemblyCN_g3:SmartXNext,2027-W22,0,0,,,0,0,0,0,0,False
SmartXNext,AssemblyCN_g3,IN:mom:AssemblyCN_g3:SmartXNext,2027-W23,0,0,,,0,0,0,0,0,False
SmartXNext,AssemblyCN_g3,IN:mom:AssemblyCN_g3:SmartXNext,2027-W24,0,0,,,0,0,0,0,0,False
SmartXNext,AssemblyCN_g3,IN:mom:AssemblyCN_g3:SmartXNext,2027-W25,0,0,,,0,0,0,0,0,False
SmartXNext,AssemblyCN_g3,IN:mom:AssemblyCN_g3:SmartXNext,2027-W26,0,0,,,0,0,0,0,0,False
SmartXNext,AssemblyCN_g3,IN:mom:AssemblyCN_g3:SmartXNext,2027-W27,0,0,,,0,0,0,0,0,False
SmartXNext,AssemblyCN_g3,IN:mom:AssemblyCN_g3:SmartXNext,2027-W28,0,0,,,0,0,0,0,0,False
SmartXNext,AssemblyCN_g3,IN:mom:AssemblyCN_g3:SmartXNext,2027-W29,0,0,,,0,0,0,0,0,False
SmartXNext,AssemblyCN_g3,IN:mom:AssemblyCN_g3:SmartXNext,2027-W30,0,0,,,0,0,0,0,0,False
SmartXNext,AssemblyCN_g3,IN:mom:AssemblyCN_g3:SmartXNext,2027-W31,0,0,,,0,0,0,0,0,False
SmartXNext,AssemblyCN_g3,IN:mom:AssemblyCN_g3:SmartXNext,2027-W32,0,0,,,0,0,0,0,0,False
SmartXNext,AssemblyCN_g3,IN:mom:AssemblyCN_g3:SmartXNext,2027-W33,0,0,,,0,0,0,0,0,False
SmartXNext,AssemblyCN_g3,IN:mom:AssemblyCN_g3:SmartXNext,2027-W34,0,0,,,0,0,0,0,0,False
SmartXNext,AssemblyCN_g3,IN:mom:AssemblyCN_g3:SmartXNext,2027-W35,0,0,,,0,0,0,0,0,False
SmartXNext,AssemblyCN_g3,IN:mom:AssemblyCN_g3:SmartXNext,2027-W36,0,0,,,0,0,0,0,0,False
SmartXNext,AssemblyCN_g3,IN:mom:AssemblyCN_g3:SmartXNext,2027-W37,0,0,,,0,0,0,0,0,False
SmartXNext,AssemblyCN_g3,IN:mom:AssemblyCN_g3:SmartXNext,2027-W38,0,0,,,0,0,0,0,0,False
SmartXNext,AssemblyCN_g3,IN:mom:AssemblyCN_g3:SmartXNext,2027-W39,0,0,,,0,0,0,0,0,False
SmartXNext,AssemblyCN_g3,IN:mom:AssemblyCN_g3:SmartXNext,2027-W40,0,0,,,0,0,0,0,0,False
SmartXNext,AssemblyCN_g3,IN:mom:AssemblyCN_g3:SmartXNext,2027-W41,0,0,,,0,0,0,0,0,False
SmartXNext,AssemblyCN_g3,IN:mom:AssemblyCN_g3:SmartXNext,2027-W42,0,0,,,0,0,0,0,0,False
SmartXNext,AssemblyCN_g3,IN:mom:AssemblyCN_g3:SmartXNext,2027-W43,0,0,,,0,0,0,0,0,False
SmartXNext,AssemblyCN_g3,IN:mom:AssemblyCN_g3:SmartXNext,2027-W44,0,0,,,0,0,0,0,0,False
SmartXNext,AssemblyCN_g3,IN:mom:AssemblyCN_g3:SmartXNext,2027-W45,0,0,,,0,0,0,0,0,False
SmartXNext,AssemblyCN_g3,IN:mom:AssemblyCN_g3:SmartXNext,2027-W46,0,0,,,0,0,0,0,0,False
SmartXNext,AssemblyCN_g3,IN:mom:AssemblyCN_g3:SmartXNext,2027-W47,0,0,,,0,0,0,0,0,False
SmartXNext,AssemblyCN_g3,IN:mom:AssemblyCN_g3:SmartXNext,2027-W48,0,0,,,0,0,0,0,0,False
SmartXNext,AssemblyCN_g3,IN:mom:AssemblyCN_g3:SmartXNext,2027-W49,0,0,,,0,0,0,0,0,False
SmartXNext,AssemblyCN_g3,IN:mom:AssemblyCN_g3:SmartXNext,2027-W50,0,0,,,0,0,0,0,0,False
SmartXNext,AssemblyCN_g3,IN:mom:AssemblyCN_g3:SmartXNext,2027-W51,0,0,,,0,0,0,0,0,False
SmartXNext,AssemblyCN_g3,IN:mom:AssemblyCN_g3:SmartXNext,2027-W52,0,0,,,0,0,0,0,0,False
SmartXNext,AssemblyCN_g3,IN:mom:AssemblyCN_g3:SmartXNext,2028-W01,0,0,,,0,0,0,0,0,False
SmartXNext,AssemblyCN_g3,IN:mom:AssemblyCN_g3:SmartXNext,2028-W02,0,0,,,0,0,0,0,0,False
SmartXNext,AssemblyCN_g3,IN:mom:AssemblyCN_g3:SmartXNext,2028-W03,0,0,,,0,0,0,0,0,False
SmartXNext,AssemblyCN_g3,IN:mom:AssemblyCN_g3:SmartXNext,2028-W04,0,0,,,0,0,0,0,0,False
SmartXNext,AssemblyCN_g3,IN:mom:AssemblyCN_g3:SmartXNext,2028-W05,0,0,,,0,0,0,0,0,False
SmartXNext,AssemblyCN_g3,IN:mom:AssemblyCN_g3:SmartXNext,2028-W06,0,0,,,0,0,0,0,0,False
SmartXNext,AssemblyCN_g3,IN:mom:AssemblyCN_g3:SmartXNext,2028-W07,0,0,,,0,0,0,0,0,False
SmartXNext,AssemblyCN_g3,IN:mom:AssemblyCN_g3:SmartXNext,2028-W08,0,0,,,0,0,0,0,0,False
SmartXNext,AssemblyCN_g3,IN:mom:AssemblyCN_g3:SmartXNext,2028-W09,0,0,,,0,0,0,0,0,False
SmartXNext,AssemblyCN_g3,IN:mom:AssemblyCN_g3:SmartXNext,2028-W10,0,0,,,0,0,0,0,0,False
SmartXNext,AssemblyCN_g3,IN:mom:AssemblyCN_g3:SmartXNext,2028-W11,0,0,,,0,0,0,0,0,False
SmartXNext,AssemblyCN_g3,IN:mom:AssemblyCN_g3:SmartXNext,2028-W12,0,0,,,0,0,0,0,0,False
SmartXNext,AssemblyCN_g3,IN:mom:AssemblyCN_g3:SmartXNext,2028-W13,0,0,,,0,0,0,0,0,False
SmartXNext,AssemblyCN_g3,IN:mom:AssemblyCN_g3:SmartXNext,2028-W14,0,0,,,0,0,0,0,0,False
SmartXNext,AssemblyCN_g3,IN:mom:AssemblyCN_g3:SmartXNext,2028-W15,0,0,,,0,0,0,0,0,False
SmartXNext,AssemblyCN_g3,IN:mom:AssemblyCN_g3:SmartXNext,2028-W16,0,0,,,0,0,0,0,0,False
SmartXNext,AssemblyCN_g3,IN:mom:AssemblyCN_g3:SmartXNext,2028-W17,0,0,,,0,0,0,0,0,False
SmartXNext,AssemblyCN_g3,IN:mom:AssemblyCN_g3:SmartXNext,2028-W18,0,0,,,0,0,0,0,0,False
SmartXNext,AssemblyCN_g3,IN:mom:AssemblyCN_g3:SmartXNext,2028-W19,0,0,,,0,0,0,0,0,False
SmartXNext,AssemblyCN_g3,IN:mom:AssemblyCN_g3:SmartXNext,2028-W20,0,0,,,0,0,0,0,0,False
SmartXNext,AssemblyCN_g3,IN:mom:AssemblyCN_g3:SmartXNext,2028-W21,0,0,,,0,0,0,0,0,False
SmartXNext,AssemblyCN_g3,IN:mom:AssemblyCN_g3:SmartXNext,2028-W22,0,0,,,0,0,0,0,0,False
SmartXNext,AssemblyCN_g3,IN:mom:AssemblyCN_g3:SmartXNext,2028-W23,15,15,,,15,0,15,15,15,False
SmartXNext,AssemblyCN_g3,IN:mom:AssemblyCN_g3:SmartXNext,2028-W24,71,71,,,71,0,71,71,71,False
SmartXNext,AssemblyCN_g3,IN:mom:AssemblyCN_g3:SmartXNext,2028-W25,126,126,,,126,0,126,126,126,False
SmartXNext,AssemblyCN_g3,IN:mom:AssemblyCN_g3:SmartXNext,2028-W26,183,183,,,183,0,183,183,183,False
SmartXNext,AssemblyCN_g3,IN:mom:AssemblyCN_g3:SmartXNext,2028-W27,238,238,,,238,0,238,238,238,False
SmartXNext,AssemblyCN_g3,IN:mom:AssemblyCN_g3:SmartXNext,2028-W28,293,293,,,293,0,293,293,293,False
SmartXNext,AssemblyCN_g3,IN:mom:AssemblyCN_g3:SmartXNext,2028-W29,348,348,,,348,0,348,348,348,False
SmartXNext,AssemblyCN_g3,IN:mom:AssemblyCN_g3:SmartXNext,2028-W30,406,406,,,406,0,406,406,406,False
SmartXNext,AssemblyCN_g3,IN:mom:AssemblyCN_g3:SmartXNext,2028-W31,460,460,,,460,0,460,460,460,False
SmartXNext,AssemblyCN_g3,IN:mom:AssemblyCN_g3:SmartXNext,2028-W32,515,515,,,515,0,515,515,515,False
SmartXNext,AssemblyCN_g3,IN:mom:AssemblyCN_g3:SmartXNext,2028-W33,571,571,,,571,0,571,571,571,False
SmartXNext,AssemblyCN_g3,IN:mom:AssemblyCN_g3:SmartXNext,2028-W34,626,626,,,626,0,626,626,626,False
SmartXNext,AssemblyCN_g3,IN:mom:AssemblyCN_g3:SmartXNext,2028-W35,683,683,,,683,0,683,683,683,False
SmartXNext,AssemblyCN_g3,IN:mom:AssemblyCN_g3:SmartXNext,2028-W36,738,738,,,738,0,738,738,738,False
SmartXNext,AssemblyCN_g3,IN:mom:AssemblyCN_g3:SmartXNext,2028-W37,793,793,,,793,0,793,793,793,False
SmartXNext,AssemblyCN_g3,IN:mom:AssemblyCN_g3:SmartXNext,2028-W38,848,848,,,848,0,848,848,848,False
SmartXNext,AssemblyCN_g3,IN:mom:AssemblyCN_g3:SmartXNext,2028-W39,906,906,,,906,0,906,906,906,False
SmartXNext,AssemblyCN_g3,IN:mom:AssemblyCN_g3:SmartXNext,2028-W40,960,960,,,960,0,960,960,960,False
SmartXNext,AssemblyCN_g3,IN:mom:AssemblyCN_g3:SmartXNext,2028-W41,1015,1015,,,1015,0,1015,1015,1015,False
SmartXNext,AssemblyCN_g3,IN:mom:AssemblyCN_g3:SmartXNext,2028-W42,1071,1071,,,1071,0,1071,1071,1071,False
SmartXNext,AssemblyCN_g3,IN:mom:AssemblyCN_g3:SmartXNext,2028-W43,1126,1126,,,1126,0,1126,1126,1126,False
SmartXNext,AssemblyCN_g3,IN:mom:AssemblyCN_g3:SmartXNext,2028-W44,1183,1183,,,1183,0,1183,1183,1183,False
SmartXNext,AssemblyCN_g3,IN:mom:AssemblyCN_g3:SmartXNext,2028-W45,1238,1238,,,1238,0,1238,1238,1238,False
SmartXNext,AssemblyCN_g3,IN:mom:AssemblyCN_g3:SmartXNext,2028-W46,1293,1293,,,1293,0,1293,1293,1293,False
SmartXNext,AssemblyCN_g3,IN:mom:AssemblyCN_g3:SmartXNext,2028-W47,1348,1348,,,1348,0,1348,1348,1348,False
SmartXNext,AssemblyCN_g3,IN:mom:AssemblyCN_g3:SmartXNext,2028-W48,1406,1406,,,1406,0,1406,1406,1406,False
SmartXNext,AssemblyCN_g3,IN:mom:AssemblyCN_g3:SmartXNext,2028-W49,1468,1468,,,1468,0,1468,1468,1468,False
SmartXNext,AssemblyCN_g3,IN:mom:AssemblyCN_g3:SmartXNext,2028-W50,1535,1535,,,1535,0,1535,1535,1535,False
SmartXNext,AssemblyCN_g3,IN:mom:AssemblyCN_g3:SmartXNext,2028-W51,1563,1563,,,1563,0,1563,1563,1563,False
SmartXNext,AssemblyCN_g3,IN:mom:AssemblyCN_g3:SmartXNext,2028-W52,1590,1590,,,1590,0,1590,1590,1590,False
SmartXNext,AssemblyCN_g3,IN:mom:AssemblyCN_g3:SmartXNext,2029-W01,1618,1618,,,1618,0,1618,1618,1618,False
SmartXNext,AssemblyCN_g3,IN:mom:AssemblyCN_g3:SmartXNext,2029-W02,1648,1648,,,1648,0,1648,1648,1648,False
SmartXNext,AssemblyCN_g3,IN:mom:AssemblyCN_g3:SmartXNext,2029-W03,1676,1676,,,1676,0,1676,1676,1676,False
SmartXNext,AssemblyCN_g3,IN:mom:AssemblyCN_g3:SmartXNext,2029-W04,1702,1702,,,1702,0,1702,1702,1702,False
SmartXNext,AssemblyCN_g3,IN:mom:AssemblyCN_g3:SmartXNext,2029-W05,1730,1730,,,1730,0,1730,1730,1730,False
SmartXNext,AssemblyCN_g3,IN:mom:AssemblyCN_g3:SmartXNext,2029-W06,1758,1758,,,1758,0,1758,1758,1758,False
SmartXNext,AssemblyCN_g3,IN:mom:AssemblyCN_g3:SmartXNext,2029-W07,1785,1785,,,1785,0,1785,1785,1785,False
SmartXNext,AssemblyCN_g3,IN:mom:AssemblyCN_g3:SmartXNext,2029-W08,1813,1813,,,1813,0,1813,1813,1813,False
SmartXNext,AssemblyCN_g3,IN:mom:AssemblyCN_g3:SmartXNext,2029-W09,1840,1840,,,1840,0,1840,1840,1840,False
SmartXNext,AssemblyCN_g3,IN:mom:AssemblyCN_g3:SmartXNext,2029-W10,1868,1868,,,1868,0,1868,1868,1868,False
SmartXNext,AssemblyCN_g3,IN:mom:AssemblyCN_g3:SmartXNext,2029-W11,1898,1898,,,1898,0,1898,1898,1898,False
SmartXNext,AssemblyCN_g3,IN:mom:AssemblyCN_g3:SmartXNext,2029-W12,1926,1926,,,1926,0,1926,1926,1926,False
SmartXNext,AssemblyCN_g3,IN:mom:AssemblyCN_g3:SmartXNext,2029-W13,1952,1952,,,1952,0,1952,1952,1952,False
SmartXNext,AssemblyCN_g3,IN:mom:AssemblyCN_g3:SmartXNext,2029-W14,1980,1980,,,1980,0,1980,1980,1980,False
SmartXNext,AssemblyCN_g3,IN:mom:AssemblyCN_g3:SmartXNext,2029-W15,2008,2008,,,2008,0,2008,2008,2008,False
SmartXNext,AssemblyCN_g3,IN:mom:AssemblyCN_g3:SmartXNext,2029-W16,2035,2035,,,2035,0,2035,2035,2035,False
SmartXNext,AssemblyCN_g3,IN:mom:AssemblyCN_g3:SmartXNext,2029-W17,2063,2063,,,2063,0,2063,2063,2063,False
SmartXNext,AssemblyCN_g3,IN:mom:AssemblyCN_g3:SmartXNext,2029-W18,2090,2090,,,2090,0,2090,2090,2090,False
SmartXNext,AssemblyCN_g3,IN:mom:AssemblyCN_g3:SmartXNext,2029-W19,2118,2118,,,2118,0,2118,2118,2118,False
SmartXNext,AssemblyCN_g3,IN:mom:AssemblyCN_g3:SmartXNext,2029-W20,2148,2148,,,2148,0,2148,2148,2148,False
SmartXNext,AssemblyCN_g3,IN:mom:AssemblyCN_g3:SmartXNext,2029-W21,2176,2176,,,2176,0,2176,2176,2176,False
SmartXNext,AssemblyCN_g3,IN:mom:AssemblyCN_g3:SmartXNext,2029-W22,2202,2202,,,2202,0,2202,2202,2202,False
SmartXNext,AssemblyCN_g3,IN:mom:AssemblyCN_g3:SmartXNext,2029-W23,2235,2235,,,2235,0,2235,2235,2235,False
SmartXNext,AssemblyCN_g3,IN:mom:AssemblyCN_g3:SmartXNext,2029-W24,2273,2273,,,2273,0,2273,2273,2273,False
SmartXNext,AssemblyCN_g3,IN:mom:AssemblyCN_g3:SmartXNext,2029-W25,2292,2292,,,2292,0,2292,2292,2292,False
SmartXNext,AssemblyCN_g3,IN:mom:AssemblyCN_g3:SmartXNext,2029-W26,2311,2311,,,2311,0,2311,2311,2311,False
SmartXNext,AssemblyCN_g3,IN:mom:AssemblyCN_g3:SmartXNext,2029-W27,2330,2330,,,2330,0,2330,2330,2330,False
SmartXNext,AssemblyCN_g3,IN:mom:AssemblyCN_g3:SmartXNext,2029-W28,2348,2348,,,2348,0,2348,2348,2348,False
SmartXNext,AssemblyCN_g3,IN:mom:AssemblyCN_g3:SmartXNext,2029-W29,2365,2365,,,2365,0,2365,2365,2365,False
SmartXNext,AssemblyCN_g3,IN:mom:AssemblyCN_g3:SmartXNext,2029-W30,2385,2385,,,2385,0,2385,2385,2385,False
SmartXNext,AssemblyCN_g3,IN:mom:AssemblyCN_g3:SmartXNext,2029-W31,2403,2403,,,2403,0,2403,2403,2403,False
SmartXNext,AssemblyCN_g3,IN:mom:AssemblyCN_g3:SmartXNext,2029-W32,2423,2423,,,2423,0,2423,2423,2423,False
SmartXNext,AssemblyCN_g3,IN:mom:AssemblyCN_g3:SmartXNext,2029-W33,2440,2440,,,2440,0,2440,2440,2440,False
SmartXNext,AssemblyCN_g3,IN:mom:AssemblyCN_g3:SmartXNext,2029-W34,2458,2458,,,2458,0,2458,2458,2458,False
SmartXNext,AssemblyCN_g3,IN:mom:AssemblyCN_g3:SmartXNext,2029-W35,2477,2477,,,2477,0,2477,2477,2477,False
SmartXNext,AssemblyCN_g3,IN:mom:AssemblyCN_g3:SmartXNext,2029-W36,2496,2496,,,2496,0,2496,2496,2496,False
SmartXNext,AssemblyCN_g3,IN:mom:AssemblyCN_g3:SmartXNext,2029-W37,2515,2515,,,2515,0,2515,2515,2515,False
SmartXNext,AssemblyCN_g3,IN:mom:AssemblyCN_g3:SmartXNext,2029-W38,2533,2533,,,2533,0,2533,2533,2533,False
SmartXNext,AssemblyCN_g3,IN:mom:AssemblyCN_g3:SmartXNext,2029-W39,2552,2552,,,2552,0,2552,2552,2552,False
SmartXNext,AssemblyCN_g3,IN:mom:AssemblyCN_g3:SmartXNext,2029-W40,2570,2570,,,2570,0,2570,2570,2570,False
SmartXNext,AssemblyCN_g3,IN:mom:AssemblyCN_g3:SmartXNext,2029-W41,2588,2588,,,2588,0,2588,2588,2588,False
SmartXNext,AssemblyCN_g3,IN:mom:AssemblyCN_g3:SmartXNext,2029-W42,2608,2608,,,2608,0,2608,2608,2608,False
SmartXNext,AssemblyCN_g3,IN:mom:AssemblyCN_g3:SmartXNext,2029-W43,2625,2625,,,2625,0,2625,2625,2625,False
SmartXNext,AssemblyCN_g3,IN:mom:AssemblyCN_g3:SmartXNext,2029-W44,2645,2645,,,2645,0,2645,2645,2645,False
SmartXNext,AssemblyCN_g3,IN:mom:AssemblyCN_g3:SmartXNext,2029-W45,2662,2662,,,2662,0,2662,2662,2662,False
SmartXNext,AssemblyCN_g3,IN:mom:AssemblyCN_g3:SmartXNext,2029-W46,2681,2681,,,2681,0,2681,2681,2681,False
SmartXNext,AssemblyCN_g3,IN:mom:AssemblyCN_g3:SmartXNext,2029-W47,2700,2700,,,2700,0,2700,2700,2700,False
SmartXNext,AssemblyCN_g3,IN:mom:AssemblyCN_g3:SmartXNext,2029-W48,2718,2718,,,2718,0,2718,2718,2718,False
SmartXNext,AssemblyCN_g3,IN:mom:AssemblyCN_g3:SmartXNext,2029-W49,2737,2737,,,2737,0,2737,2737,2737,False
SmartXNext,AssemblyCN_g3,IN:mom:AssemblyCN_g3:SmartXNext,2029-W50,2757,2757,,,2757,0,2757,2757,2757,False
SmartXNext,AssemblyCN_g3,IN:mom:AssemblyCN_g3:SmartXNext,2029-W51,2781,2781,,,2781,0,2781,2781,2781,False
SmartXNext,AssemblyCN_g3,IN:mom:AssemblyCN_g3:SmartXNext,2029-W52,2804,2804,,,2804,0,2804,2804,2804,False
SmartXNext,AssemblyCN_g3,IN:mom:AssemblyCN_g3:SmartXNext,2030-W01,2829,2829,,,2829,0,2829,2829,2829,False
SmartXNext,AssemblyCN_g3,IN:mom:AssemblyCN_g3:SmartXNext,2030-W02,2853,2853,,,2853,0,2853,2853,2853,False
SmartXNext,AssemblyCN_g3,IN:mom:AssemblyCN_g3:SmartXNext,2030-W03,2876,2876,,,2876,0,2876,2876,2876,False
SmartXNext,AssemblyCN_g3,IN:mom:AssemblyCN_g3:SmartXNext,2030-W04,2901,2901,,,2901,0,2901,2901,2901,False
SmartXNext,AssemblyCN_g3,IN:mom:AssemblyCN_g3:SmartXNext,2030-W05,2925,2925,,,2925,0,2925,2925,2925,False
SmartXNext,AssemblyCN_g3,IN:mom:AssemblyCN_g3:SmartXNext,2030-W06,2950,2950,,,2950,0,2950,2950,2950,False
SmartXNext,AssemblyCN_g3,IN:mom:AssemblyCN_g3:SmartXNext,2030-W07,2973,2973,,,2973,0,2973,2973,2973,False
SmartXNext,AssemblyCN_g3,IN:mom:AssemblyCN_g3:SmartXNext,2030-W08,2997,2997,,,2997,0,2997,2997,2997,False
SmartXNext,AssemblyCN_g3,IN:mom:AssemblyCN_g3:SmartXNext,2030-W09,3022,3022,,,3022,0,3022,3022,3022,False
SmartXNext,AssemblyCN_g3,IN:mom:AssemblyCN_g3:SmartXNext,2030-W10,3045,3045,,,3045,0,3045,3045,3045,False
SmartXNext,AssemblyCN_g3,IN:mom:AssemblyCN_g3:SmartXNext,2030-W11,3069,3069,,,3069,0,3069,3069,3069,False
SmartXNext,AssemblyCN_g3,IN:mom:AssemblyCN_g3:SmartXNext,2030-W12,3094,3094,,,3094,0,3094,3094,3094,False
SmartXNext,AssemblyCN_g3,IN:mom:AssemblyCN_g3:SmartXNext,2030-W13,3117,3117,,,3117,0,3117,3117,3117,False
SmartXNext,AssemblyCN_g3,IN:mom:AssemblyCN_g3:SmartXNext,2030-W14,3141,3141,,,3141,0,3141,3141,3141,False
SmartXNext,AssemblyCN_g3,IN:mom:AssemblyCN_g3:SmartXNext,2030-W15,3165,3165,,,3165,0,3165,3165,3165,False
SmartXNext,AssemblyCN_g3,IN:mom:AssemblyCN_g3:SmartXNext,2030-W16,3189,3189,,,3189,0,3189,3189,3189,False
SmartXNext,AssemblyCN_g3,IN:mom:AssemblyCN_g3:SmartXNext,2030-W17,3214,3214,,,3214,0,3214,3214,3214,False
SmartXNext,AssemblyCN_g3,IN:mom:AssemblyCN_g3:SmartXNext,2030-W18,3237,3237,,,3237,0,3237,3237,3237,False
SmartXNext,AssemblyCN_g3,IN:mom:AssemblyCN_g3:SmartXNext,2030-W19,3262,3262,,,3262,0,3262,3262,3262,False
SmartXNext,AssemblyCN_g3,IN:mom:AssemblyCN_g3:SmartXNext,2030-W20,3286,3286,,,3286,0,3286,3286,3286,False
SmartXNext,AssemblyCN_g3,IN:mom:AssemblyCN_g3:SmartXNext,2030-W21,3310,3310,,,3310,0,3310,3310,3310,False
SmartXNext,AssemblyCN_g3,IN:mom:AssemblyCN_g3:SmartXNext,2030-W22,3334,3334,,,3334,0,3334,3334,3334,False
SmartXNext,AssemblyCN_g3,IN:mom:AssemblyCN_g3:SmartXNext,2030-W23,3357,3357,,,3357,0,3357,3357,3357,False
SmartXNext,AssemblyCN_g3,IN:mom:AssemblyCN_g3:SmartXNext,2030-W24,3368,3368,,,3368,0,3368,3368,3368,False
SmartXNext,AssemblyCN_g3,IN:mom:AssemblyCN_g3:SmartXNext,2030-W25,3345,3345,,,3345,0,3345,3345,3345,False
SmartXNext,AssemblyCN_g3,IN:mom:AssemblyCN_g3:SmartXNext,2030-W26,3326,3326,,,3326,0,3326,3326,3326,False
SmartXNext,AssemblyCN_g3,IN:mom:AssemblyCN_g3:SmartXNext,2030-W27,3305,3305,,,3305,0,3305,3305,3305,False
SmartXNext,AssemblyCN_g3,IN:mom:AssemblyCN_g3:SmartXNext,2030-W28,3286,3286,,,3286,0,3286,3286,3286,False
SmartXNext,AssemblyCN_g3,IN:mom:AssemblyCN_g3:SmartXNext,2030-W29,3266,3266,,,3266,0,3266,3266,3266,False
SmartXNext,AssemblyCN_g3,IN:mom:AssemblyCN_g3:SmartXNext,2030-W30,3246,3246,,,3246,0,3246,3246,3246,False
SmartXNext,AssemblyCN_g3,IN:mom:AssemblyCN_g3:SmartXNext,2030-W31,3226,3226,,,3226,0,3226,3226,3226,False
SmartXNext,AssemblyCN_g3,IN:mom:AssemblyCN_g3:SmartXNext,2030-W32,3207,3207,,,3207,0,3207,3207,3207,False
SmartXNext,AssemblyCN_g3,IN:mom:AssemblyCN_g3:SmartXNext,2030-W33,3187,3187,,,3187,0,3187,3187,3187,False
SmartXNext,AssemblyCN_g3,IN:mom:AssemblyCN_g3:SmartXNext,2030-W34,3168,3168,,,3168,0,3168,3168,3168,False
SmartXNext,AssemblyCN_g3,IN:mom:AssemblyCN_g3:SmartXNext,2030-W35,3147,3147,,,3147,0,3147,3147,3147,False
SmartXNext,AssemblyCN_g3,IN:mom:AssemblyCN_g3:SmartXNext,2030-W36,3128,3128,,,3128,0,3128,3128,3128,False
SmartXNext,AssemblyCN_g3,IN:mom:AssemblyCN_g3:SmartXNext,2030-W37,3107,3107,,,3107,0,3107,3107,3107,False
SmartXNext,AssemblyCN_g3,IN:mom:AssemblyCN_g3:SmartXNext,2030-W38,3087,3087,,,3087,0,3087,3087,3087,False
SmartXNext,AssemblyCN_g3,IN:mom:AssemblyCN_g3:SmartXNext,2030-W39,3068,3068,,,3068,0,3068,3068,3068,False
SmartXNext,AssemblyCN_g3,IN:mom:AssemblyCN_g3:SmartXNext,2030-W40,3047,3047,,,3047,0,3047,3047,3047,False
SmartXNext,AssemblyCN_g3,IN:mom:AssemblyCN_g3:SmartXNext,2030-W41,3028,3028,,,3028,0,3028,3028,3028,False
SmartXNext,AssemblyCN_g3,IN:mom:AssemblyCN_g3:SmartXNext,2030-W42,3008,3008,,,3008,0,3008,3008,3008,False
SmartXNext,AssemblyCN_g3,IN:mom:AssemblyCN_g3:SmartXNext,2030-W43,2989,2989,,,2989,0,2989,2989,2989,False
SmartXNext,AssemblyCN_g3,IN:mom:AssemblyCN_g3:SmartXNext,2030-W44,2969,2969,,,2969,0,2969,2969,2969,False
SmartXNext,AssemblyCN_g3,IN:mom:AssemblyCN_g3:SmartXNext,2030-W45,2950,2950,,,2950,0,2950,2950,2950,False
SmartXNext,AssemblyCN_g3,IN:mom:AssemblyCN_g3:SmartXNext,2030-W46,2929,2929,,,2929,0,2929,2929,2929,False
SmartXNext,AssemblyCN_g3,IN:mom:AssemblyCN_g3:SmartXNext,2030-W47,2910,2910,,,2910,0,2910,2910,2910,False
SmartXNext,AssemblyCN_g3,IN:mom:AssemblyCN_g3:SmartXNext,2030-W48,2889,2889,,,2889,0,2889,2889,2889,False
SmartXNext,AssemblyCN_g3,IN:mom:AssemblyCN_g3:SmartXNext,2030-W49,2070,2070,,,2070,0,2070,2070,2070,False
SmartXNext,AssemblyCN_g3,IN:mom:AssemblyCN_g3:SmartXNext,2030-W50,0,0,,,0,0,0,0,0,False
SmartXNext,AssemblyCN_g3,IN:mom:AssemblyCN_g3:SmartXNext,2030-W51,0,0,,,0,0,0,0,0,False
SmartXNext,AssemblyCN_g3,IN:mom:AssemblyCN_g3:SmartXNext,2030-W52,0,0,,,0,0,0,0,0,False
SmartXNext,FoundryTW_g3,IN:mom:FoundryTW_g3:SmartXNext,2025-W36,0,0,,,0,0,0,0,0,False
SmartXNext,FoundryTW_g3,IN:mom:FoundryTW_g3:SmartXNext,2025-W37,0,0,,,0,0,0,0,0,False
SmartXNext,FoundryTW_g3,IN:mom:FoundryTW_g3:SmartXNext,2025-W38,0,0,,,0,0,0,0,0,False
SmartXNext,FoundryTW_g3,IN:mom:FoundryTW_g3:SmartXNext,2025-W39,0,0,,,0,0,0,0,0,False
SmartXNext,FoundryTW_g3,IN:mom:FoundryTW_g3:SmartXNext,2025-W40,0,0,,,0,0,0,0,0,False
SmartXNext,FoundryTW_g3,IN:mom:FoundryTW_g3:SmartXNext,2025-W41,0,0,,,0,0,0,0,0,False
SmartXNext,FoundryTW_g3,IN:mom:FoundryTW_g3:SmartXNext,2025-W42,0,0,,,0,0,0,0,0,False
SmartXNext,FoundryTW_g3,IN:mom:FoundryTW_g3:SmartXNext,2025-W43,0,0,,,0,0,0,0,0,False
SmartXNext,FoundryTW_g3,IN:mom:FoundryTW_g3:SmartXNext,2025-W44,0,0,,,0,0,0,0,0,False
SmartXNext,FoundryTW_g3,IN:mom:FoundryTW_g3:SmartXNext,2025-W45,0,0,,,0,0,0,0,0,False
SmartXNext,FoundryTW_g3,IN:mom:FoundryTW_g3:SmartXNext,2025-W46,0,0,,,0,0,0,0,0,False
SmartXNext,FoundryTW_g3,IN:mom:FoundryTW_g3:SmartXNext,2025-W47,0,0,,,0,0,0,0,0,False
SmartXNext,FoundryTW_g3,IN:mom:FoundryTW_g3:SmartXNext,2025-W48,0,0,,,0,0,0,0,0,False
SmartXNext,FoundryTW_g3,IN:mom:FoundryTW_g3:SmartXNext,2025-W49,0,0,,,0,0,0,0,0,False
SmartXNext,FoundryTW_g3,IN:mom:FoundryTW_g3:SmartXNext,2025-W50,0,0,,,0,0,0,0,0,False
SmartXNext,FoundryTW_g3,IN:mom:FoundryTW_g3:SmartXNext,2025-W51,0,0,,,0,0,0,0,0,False
SmartXNext,FoundryTW_g3,IN:mom:FoundryTW_g3:SmartXNext,2025-W52,0,0,,,0,0,0,0,0,False
SmartXNext,FoundryTW_g3,IN:mom:FoundryTW_g3:SmartXNext,2026-W01,0,0,,,0,0,0,0,0,False
SmartXNext,FoundryTW_g3,IN:mom:FoundryTW_g3:SmartXNext,2026-W02,0,0,,,0,0,0,0,0,False
SmartXNext,FoundryTW_g3,IN:mom:FoundryTW_g3:SmartXNext,2026-W03,0,0,,,0,0,0,0,0,False
SmartXNext,FoundryTW_g3,IN:mom:FoundryTW_g3:SmartXNext,2026-W04,0,0,,,0,0,0,0,0,False
SmartXNext,FoundryTW_g3,IN:mom:FoundryTW_g3:SmartXNext,2026-W05,0,0,,,0,0,0,0,0,False
SmartXNext,FoundryTW_g3,IN:mom:FoundryTW_g3:SmartXNext,2026-W06,0,0,,,0,0,0,0,0,False
SmartXNext,FoundryTW_g3,IN:mom:FoundryTW_g3:SmartXNext,2026-W07,0,0,,,0,0,0,0,0,False
SmartXNext,FoundryTW_g3,IN:mom:FoundryTW_g3:SmartXNext,2026-W08,0,0,,,0,0,0,0,0,False
SmartXNext,FoundryTW_g3,IN:mom:FoundryTW_g3:SmartXNext,2026-W09,0,0,,,0,0,0,0,0,False
SmartXNext,FoundryTW_g3,IN:mom:FoundryTW_g3:SmartXNext,2026-W10,0,0,,,0,0,0,0,0,False
SmartXNext,FoundryTW_g3,IN:mom:FoundryTW_g3:SmartXNext,2026-W11,0,0,,,0,0,0,0,0,False
SmartXNext,FoundryTW_g3,IN:mom:FoundryTW_g3:SmartXNext,2026-W12,0,0,,,0,0,0,0,0,False
SmartXNext,FoundryTW_g3,IN:mom:FoundryTW_g3:SmartXNext,2026-W13,0,0,,,0,0,0,0,0,False
SmartXNext,FoundryTW_g3,IN:mom:FoundryTW_g3:SmartXNext,2026-W14,0,0,,,0,0,0,0,0,False
SmartXNext,FoundryTW_g3,IN:mom:FoundryTW_g3:SmartXNext,2026-W15,0,0,,,0,0,0,0,0,False
SmartXNext,FoundryTW_g3,IN:mom:FoundryTW_g3:SmartXNext,2026-W16,0,0,,,0,0,0,0,0,False
SmartXNext,FoundryTW_g3,IN:mom:FoundryTW_g3:SmartXNext,2026-W17,0,0,,,0,0,0,0,0,False
SmartXNext,FoundryTW_g3,IN:mom:FoundryTW_g3:SmartXNext,2026-W18,0,0,,,0,0,0,0,0,False
SmartXNext,FoundryTW_g3,IN:mom:FoundryTW_g3:SmartXNext,2026-W19,0,0,,,0,0,0,0,0,False
SmartXNext,FoundryTW_g3,IN:mom:FoundryTW_g3:SmartXNext,2026-W20,0,0,,,0,0,0,0,0,False
SmartXNext,FoundryTW_g3,IN:mom:FoundryTW_g3:SmartXNext,2026-W21,0,0,,,0,0,0,0,0,False
SmartXNext,FoundryTW_g3,IN:mom:FoundryTW_g3:SmartXNext,2026-W22,0,0,,,0,0,0,0,0,False
SmartXNext,FoundryTW_g3,IN:mom:FoundryTW_g3:SmartXNext,2026-W23,0,0,,,0,0,0,0,0,False
SmartXNext,FoundryTW_g3,IN:mom:FoundryTW_g3:SmartXNext,2026-W24,0,0,,,0,0,0,0,0,False
SmartXNext,FoundryTW_g3,IN:mom:FoundryTW_g3:SmartXNext,2026-W25,0,0,,,0,0,0,0,0,False
SmartXNext,FoundryTW_g3,IN:mom:FoundryTW_g3:SmartXNext,2026-W26,0,0,,,0,0,0,0,0,False
SmartXNext,FoundryTW_g3,IN:mom:FoundryTW_g3:SmartXNext,2026-W27,0,0,,,0,0,0,0,0,False
SmartXNext,FoundryTW_g3,IN:mom:FoundryTW_g3:SmartXNext,2026-W28,0,0,,,0,0,0,0,0,False
SmartXNext,FoundryTW_g3,IN:mom:FoundryTW_g3:SmartXNext,2026-W29,0,0,,,0,0,0,0,0,False
SmartXNext,FoundryTW_g3,IN:mom:FoundryTW_g3:SmartXNext,2026-W30,0,0,,,0,0,0,0,0,False
SmartXNext,FoundryTW_g3,IN:mom:FoundryTW_g3:SmartXNext,2026-W31,0,0,,,0,0,0,0,0,False
SmartXNext,FoundryTW_g3,IN:mom:FoundryTW_g3:SmartXNext,2026-W32,0,0,,,0,0,0,0,0,False
SmartXNext,FoundryTW_g3,IN:mom:FoundryTW_g3:SmartXNext,2026-W33,0,0,,,0,0,0,0,0,False
SmartXNext,FoundryTW_g3,IN:mom:FoundryTW_g3:SmartXNext,2026-W34,0,0,,,0,0,0,0,0,False
SmartXNext,FoundryTW_g3,IN:mom:FoundryTW_g3:SmartXNext,2026-W35,0,0,,,0,0,0,0,0,False
SmartXNext,FoundryTW_g3,IN:mom:FoundryTW_g3:SmartXNext,2026-W36,0,0,,,0,0,0,0,0,False
SmartXNext,FoundryTW_g3,IN:mom:FoundryTW_g3:SmartXNext,2026-W37,0,0,,,0,0,0,0,0,False
SmartXNext,FoundryTW_g3,IN:mom:FoundryTW_g3:SmartXNext,2026-W38,0,0,,,0,0,0,0,0,False
SmartXNext,FoundryTW_g3,IN:mom:FoundryTW_g3:SmartXNext,2026-W39,0,0,,,0,0,0,0,0,False
SmartXNext,FoundryTW_g3,IN:mom:FoundryTW_g3:SmartXNext,2026-W40,0,0,,,0,0,0,0,0,False
SmartXNext,FoundryTW_g3,IN:mom:FoundryTW_g3:SmartXNext,2026-W41,0,0,,,0,0,0,0,0,False
SmartXNext,FoundryTW_g3,IN:mom:FoundryTW_g3:SmartXNext,2026-W42,0,0,,,0,0,0,0,0,False
SmartXNext,FoundryTW_g3,IN:mom:FoundryTW_g3:SmartXNext,2026-W43,0,0,,,0,0,0,0,0,False
SmartXNext,FoundryTW_g3,IN:mom:FoundryTW_g3:SmartXNext,2026-W44,0,0,,,0,0,0,0,0,False
SmartXNext,FoundryTW_g3,IN:mom:FoundryTW_g3:SmartXNext,2026-W45,0,0,,,0,0,0,0,0,False
SmartXNext,FoundryTW_g3,IN:mom:FoundryTW_g3:SmartXNext,2026-W46,0,0,,,0,0,0,0,0,False
SmartXNext,FoundryTW_g3,IN:mom:FoundryTW_g3:SmartXNext,2026-W47,0,0,,,0,0,0,0,0,False
SmartXNext,FoundryTW_g3,IN:mom:FoundryTW_g3:SmartXNext,2026-W48,0,0,,,0,0,0,0,0,False
SmartXNext,FoundryTW_g3,IN:mom:FoundryTW_g3:SmartXNext,2026-W49,0,0,,,0,0,0,0,0,False
SmartXNext,FoundryTW_g3,IN:mom:FoundryTW_g3:SmartXNext,2026-W50,0,0,,,0,0,0,0,0,False
SmartXNext,FoundryTW_g3,IN:mom:FoundryTW_g3:SmartXNext,2026-W51,0,0,,,0,0,0,0,0,False
SmartXNext,FoundryTW_g3,IN:mom:FoundryTW_g3:SmartXNext,2026-W52,0,0,,,0,0,0,0,0,False
SmartXNext,FoundryTW_g3,IN:mom:FoundryTW_g3:SmartXNext,2026-W53,0,0,,,0,0,0,0,0,False
SmartXNext,FoundryTW_g3,IN:mom:FoundryTW_g3:SmartXNext,2027-W01,0,0,,,0,0,0,0,0,False
SmartXNext,FoundryTW_g3,IN:mom:FoundryTW_g3:SmartXNext,2027-W02,0,0,,,0,0,0,0,0,False
SmartXNext,FoundryTW_g3,IN:mom:FoundryTW_g3:SmartXNext,2027-W03,0,0,,,0,0,0,0,0,False
SmartXNext,FoundryTW_g3,IN:mom:FoundryTW_g3:SmartXNext,2027-W04,0,0,,,0,0,0,0,0,False
SmartXNext,FoundryTW_g3,IN:mom:FoundryTW_g3:SmartXNext,2027-W05,0,0,,,0,0,0,0,0,False
SmartXNext,FoundryTW_g3,IN:mom:FoundryTW_g3:SmartXNext,2027-W06,0,0,,,0,0,0,0,0,False
SmartXNext,FoundryTW_g3,IN:mom:FoundryTW_g3:SmartXNext,2027-W07,0,0,,,0,0,0,0,0,False
SmartXNext,FoundryTW_g3,IN:mom:FoundryTW_g3:SmartXNext,2027-W08,0,0,,,0,0,0,0,0,False
SmartXNext,FoundryTW_g3,IN:mom:FoundryTW_g3:SmartXNext,2027-W09,0,0,,,0,0,0,0,0,False
SmartXNext,FoundryTW_g3,IN:mom:FoundryTW_g3:SmartXNext,2027-W10,0,0,,,0,0,0,0,0,False
SmartXNext,FoundryTW_g3,IN:mom:FoundryTW_g3:SmartXNext,2027-W11,0,0,,,0,0,0,0,0,False
SmartXNext,FoundryTW_g3,IN:mom:FoundryTW_g3:SmartXNext,2027-W12,0,0,,,0,0,0,0,0,False
SmartXNext,FoundryTW_g3,IN:mom:FoundryTW_g3:SmartXNext,2027-W13,0,0,,,0,0,0,0,0,False
SmartXNext,FoundryTW_g3,IN:mom:FoundryTW_g3:SmartXNext,2027-W14,0,0,,,0,0,0,0,0,False
SmartXNext,FoundryTW_g3,IN:mom:FoundryTW_g3:SmartXNext,2027-W15,0,0,,,0,0,0,0,0,False
SmartXNext,FoundryTW_g3,IN:mom:FoundryTW_g3:SmartXNext,2027-W16,0,0,,,0,0,0,0,0,False
SmartXNext,FoundryTW_g3,IN:mom:FoundryTW_g3:SmartXNext,2027-W17,0,0,,,0,0,0,0,0,False
SmartXNext,FoundryTW_g3,IN:mom:FoundryTW_g3:SmartXNext,2027-W18,0,0,,,0,0,0,0,0,False
SmartXNext,FoundryTW_g3,IN:mom:FoundryTW_g3:SmartXNext,2027-W19,0,0,,,0,0,0,0,0,False
SmartXNext,FoundryTW_g3,IN:mom:FoundryTW_g3:SmartXNext,2027-W20,0,0,,,0,0,0,0,0,False
SmartXNext,FoundryTW_g3,IN:mom:FoundryTW_g3:SmartXNext,2027-W21,0,0,,,0,0,0,0,0,False
SmartXNext,FoundryTW_g3,IN:mom:FoundryTW_g3:SmartXNext,2027-W22,0,0,,,0,0,0,0,0,False
SmartXNext,FoundryTW_g3,IN:mom:FoundryTW_g3:SmartXNext,2027-W23,0,0,,,0,0,0,0,0,False
SmartXNext,FoundryTW_g3,IN:mom:FoundryTW_g3:SmartXNext,2027-W24,0,0,,,0,0,0,0,0,False
SmartXNext,FoundryTW_g3,IN:mom:FoundryTW_g3:SmartXNext,2027-W25,0,0,,,0,0,0,0,0,False
SmartXNext,FoundryTW_g3,IN:mom:FoundryTW_g3:SmartXNext,2027-W26,0,0,,,0,0,0,0,0,False
SmartXNext,FoundryTW_g3,IN:mom:FoundryTW_g3:SmartXNext,2027-W27,0,0,,,0,0,0,0,0,False
SmartXNext,FoundryTW_g3,IN:mom:FoundryTW_g3:SmartXNext,2027-W28,0,0,,,0,0,0,0,0,False
SmartXNext,FoundryTW_g3,IN:mom:FoundryTW_g3:SmartXNext,2027-W29,0,0,,,0,0,0,0,0,False
SmartXNext,FoundryTW_g3,IN:mom:FoundryTW_g3:SmartXNext,2027-W30,0,0,,,0,0,0,0,0,False
SmartXNext,FoundryTW_g3,IN:mom:FoundryTW_g3:SmartXNext,2027-W31,0,0,,,0,0,0,0,0,False
SmartXNext,FoundryTW_g3,IN:mom:FoundryTW_g3:SmartXNext,2027-W32,0,0,,,0,0,0,0,0,False
SmartXNext,FoundryTW_g3,IN:mom:FoundryTW_g3:SmartXNext,2027-W33,0,0,,,0,0,0,0,0,False
SmartXNext,FoundryTW_g3,IN:mom:FoundryTW_g3:SmartXNext,2027-W34,0,0,,,0,0,0,0,0,False
SmartXNext,FoundryTW_g3,IN:mom:FoundryTW_g3:SmartXNext,2027-W35,0,0,,,0,0,0,0,0,False
SmartXNext,FoundryTW_g3,IN:mom:FoundryTW_g3:SmartXNext,2027-W36,0,0,,,0,0,0,0,0,False
SmartXNext,FoundryTW_g3,IN:mom:FoundryTW_g3:SmartXNext,2027-W37,0,0,,,0,0,0,0,0,False
SmartXNext,FoundryTW_g3,IN:mom:FoundryTW_g3:SmartXNext,2027-W38,0,0,,,0,0,0,0,0,False
SmartXNext,FoundryTW_g3,IN:mom:FoundryTW_g3:SmartXNext,2027-W39,0,0,,,0,0,0,0,0,False
SmartXNext,FoundryTW_g3,IN:mom:FoundryTW_g3:SmartXNext,2027-W40,0,0,,,0,0,0,0,0,False
SmartXNext,FoundryTW_g3,IN:mom:FoundryTW_g3:SmartXNext,2027-W41,0,0,,,0,0,0,0,0,False
SmartXNext,FoundryTW_g3,IN:mom:FoundryTW_g3:SmartXNext,2027-W42,0,0,,,0,0,0,0,0,False
SmartXNext,FoundryTW_g3,IN:mom:FoundryTW_g3:SmartXNext,2027-W43,0,0,,,0,0,0,0,0,False
SmartXNext,FoundryTW_g3,IN:mom:FoundryTW_g3:SmartXNext,2027-W44,0,0,,,0,0,0,0,0,False
SmartXNext,FoundryTW_g3,IN:mom:FoundryTW_g3:SmartXNext,2027-W45,0,0,,,0,0,0,0,0,False
SmartXNext,FoundryTW_g3,IN:mom:FoundryTW_g3:SmartXNext,2027-W46,0,0,,,0,0,0,0,0,False
SmartXNext,FoundryTW_g3,IN:mom:FoundryTW_g3:SmartXNext,2027-W47,0,0,,,0,0,0,0,0,False
SmartXNext,FoundryTW_g3,IN:mom:FoundryTW_g3:SmartXNext,2027-W48,0,0,,,0,0,0,0,0,False
SmartXNext,FoundryTW_g3,IN:mom:FoundryTW_g3:SmartXNext,2027-W49,0,0,,,0,0,0,0,0,False
SmartXNext,FoundryTW_g3,IN:mom:FoundryTW_g3:SmartXNext,2027-W50,0,0,,,0,0,0,0,0,False
SmartXNext,FoundryTW_g3,IN:mom:FoundryTW_g3:SmartXNext,2027-W51,0,0,,,0,0,0,0,0,False
SmartXNext,FoundryTW_g3,IN:mom:FoundryTW_g3:SmartXNext,2027-W52,0,0,,,0,0,0,0,0,False
SmartXNext,FoundryTW_g3,IN:mom:FoundryTW_g3:SmartXNext,2028-W01,0,0,,,0,0,0,0,0,False
SmartXNext,FoundryTW_g3,IN:mom:FoundryTW_g3:SmartXNext,2028-W02,0,0,,,0,0,0,0,0,False
SmartXNext,FoundryTW_g3,IN:mom:FoundryTW_g3:SmartXNext,2028-W03,0,0,,,0,0,0,0,0,False
SmartXNext,FoundryTW_g3,IN:mom:FoundryTW_g3:SmartXNext,2028-W04,0,0,,,0,0,0,0,0,False
SmartXNext,FoundryTW_g3,IN:mom:FoundryTW_g3:SmartXNext,2028-W05,0,0,,,0,0,0,0,0,False
SmartXNext,FoundryTW_g3,IN:mom:FoundryTW_g3:SmartXNext,2028-W06,0,0,,,0,0,0,0,0,False
SmartXNext,FoundryTW_g3,IN:mom:FoundryTW_g3:SmartXNext,2028-W07,0,0,,,0,0,0,0,0,False
SmartXNext,FoundryTW_g3,IN:mom:FoundryTW_g3:SmartXNext,2028-W08,0,0,,,0,0,0,0,0,False
SmartXNext,FoundryTW_g3,IN:mom:FoundryTW_g3:SmartXNext,2028-W09,0,0,,,0,0,0,0,0,False
SmartXNext,FoundryTW_g3,IN:mom:FoundryTW_g3:SmartXNext,2028-W10,0,0,,,0,0,0,0,0,False
SmartXNext,FoundryTW_g3,IN:mom:FoundryTW_g3:SmartXNext,2028-W11,0,0,,,0,0,0,0,0,False
SmartXNext,FoundryTW_g3,IN:mom:FoundryTW_g3:SmartXNext,2028-W12,0,0,,,0,0,0,0,0,False
SmartXNext,FoundryTW_g3,IN:mom:FoundryTW_g3:SmartXNext,2028-W13,0,0,,,0,0,0,0,0,False
SmartXNext,FoundryTW_g3,IN:mom:FoundryTW_g3:SmartXNext,2028-W14,0,0,,,0,0,0,0,0,False
SmartXNext,FoundryTW_g3,IN:mom:FoundryTW_g3:SmartXNext,2028-W15,0,0,,,0,0,0,0,0,False
SmartXNext,FoundryTW_g3,IN:mom:FoundryTW_g3:SmartXNext,2028-W16,0,0,,,0,0,0,0,0,False
SmartXNext,FoundryTW_g3,IN:mom:FoundryTW_g3:SmartXNext,2028-W17,0,0,,,0,0,0,0,0,False
SmartXNext,FoundryTW_g3,IN:mom:FoundryTW_g3:SmartXNext,2028-W18,15,15,,,15,0,15,15,15,False
SmartXNext,FoundryTW_g3,IN:mom:FoundryTW_g3:SmartXNext,2028-W19,71,71,,,71,0,71,71,71,False
SmartXNext,FoundryTW_g3,IN:mom:FoundryTW_g3:SmartXNext,2028-W20,126,126,,,126,0,126,126,126,False
SmartXNext,FoundryTW_g3,IN:mom:FoundryTW_g3:SmartXNext,2028-W21,183,183,,,183,0,183,183,183,False
SmartXNext,FoundryTW_g3,IN:mom:FoundryTW_g3:SmartXNext,2028-W22,238,238,,,238,0,238,238,238,False
SmartXNext,FoundryTW_g3,IN:mom:FoundryTW_g3:SmartXNext,2028-W23,293,293,,,293,0,293,293,293,False
SmartXNext,FoundryTW_g3,IN:mom:FoundryTW_g3:SmartXNext,2028-W24,348,348,,,348,0,348,348,348,False
SmartXNext,FoundryTW_g3,IN:mom:FoundryTW_g3:SmartXNext,2028-W25,406,406,,,406,0,406,406,406,False
SmartXNext,FoundryTW_g3,IN:mom:FoundryTW_g3:SmartXNext,2028-W26,460,460,,,460,0,460,460,460,False
SmartXNext,FoundryTW_g3,IN:mom:FoundryTW_g3:SmartXNext,2028-W27,515,515,,,515,0,515,515,515,False
SmartXNext,FoundryTW_g3,IN:mom:FoundryTW_g3:SmartXNext,2028-W28,571,571,,,571,0,571,571,571,False
SmartXNext,FoundryTW_g3,IN:mom:FoundryTW_g3:SmartXNext,2028-W29,626,626,,,626,0,626,626,626,False
SmartXNext,FoundryTW_g3,IN:mom:FoundryTW_g3:SmartXNext,2028-W30,683,683,,,683,0,683,683,683,False
SmartXNext,FoundryTW_g3,IN:mom:FoundryTW_g3:SmartXNext,2028-W31,738,738,,,738,0,738,738,738,False
SmartXNext,FoundryTW_g3,IN:mom:FoundryTW_g3:SmartXNext,2028-W32,793,793,,,793,0,793,793,793,False
SmartXNext,FoundryTW_g3,IN:mom:FoundryTW_g3:SmartXNext,2028-W33,848,848,,,848,0,848,848,848,False
SmartXNext,FoundryTW_g3,IN:mom:FoundryTW_g3:SmartXNext,2028-W34,906,906,,,906,0,906,906,906,False
SmartXNext,FoundryTW_g3,IN:mom:FoundryTW_g3:SmartXNext,2028-W35,960,960,,,960,0,960,960,960,False
SmartXNext,FoundryTW_g3,IN:mom:FoundryTW_g3:SmartXNext,2028-W36,1015,1015,,,1015,0,1015,1015,1015,False
SmartXNext,FoundryTW_g3,IN:mom:FoundryTW_g3:SmartXNext,2028-W37,1071,1071,,,1071,0,1071,1071,1071,False
SmartXNext,FoundryTW_g3,IN:mom:FoundryTW_g3:SmartXNext,2028-W38,1126,1126,,,1126,0,1126,1126,1126,False
SmartXNext,FoundryTW_g3,IN:mom:FoundryTW_g3:SmartXNext,2028-W39,1183,1183,,,1183,0,1183,1183,1183,False
SmartXNext,FoundryTW_g3,IN:mom:FoundryTW_g3:SmartXNext,2028-W40,1238,1238,,,1238,0,1238,1238,1238,False
SmartXNext,FoundryTW_g3,IN:mom:FoundryTW_g3:SmartXNext,2028-W41,1293,1293,,,1293,0,1293,1293,1293,False
SmartXNext,FoundryTW_g3,IN:mom:FoundryTW_g3:SmartXNext,2028-W42,1348,1348,,,1348,0,1348,1348,1348,False
SmartXNext,FoundryTW_g3,IN:mom:FoundryTW_g3:SmartXNext,2028-W43,1406,1406,,,1406,0,1406,1406,1406,False
SmartXNext,FoundryTW_g3,IN:mom:FoundryTW_g3:SmartXNext,2028-W44,1468,1468,,,1468,0,1468,1468,1468,False
SmartXNext,FoundryTW_g3,IN:mom:FoundryTW_g3:SmartXNext,2028-W45,1535,1535,,,1535,0,1535,1535,1535,False
SmartXNext,FoundryTW_g3,IN:mom:FoundryTW_g3:SmartXNext,2028-W46,1563,1563,,,1563,0,1563,1563,1563,False
SmartXNext,FoundryTW_g3,IN:mom:FoundryTW_g3:SmartXNext,2028-W47,1590,1590,,,1590,0,1590,1590,1590,False
SmartXNext,FoundryTW_g3,IN:mom:FoundryTW_g3:SmartXNext,2028-W48,1618,1618,,,1618,0,1618,1618,1618,False
SmartXNext,FoundryTW_g3,IN:mom:FoundryTW_g3:SmartXNext,2028-W49,1648,1648,,,1648,0,1648,1648,1648,False
SmartXNext,FoundryTW_g3,IN:mom:FoundryTW_g3:SmartXNext,2028-W50,1676,1676,,,1676,0,1676,1676,1676,False
SmartXNext,FoundryTW_g3,IN:mom:FoundryTW_g3:SmartXNext,2028-W51,1702,1702,,,1702,0,1702,1702,1702,False
SmartXNext,FoundryTW_g3,IN:mom:FoundryTW_g3:SmartXNext,2028-W52,1730,1730,,,1730,0,1730,1730,1730,False
SmartXNext,FoundryTW_g3,IN:mom:FoundryTW_g3:SmartXNext,2029-W01,1758,1758,,,1758,0,1758,1758,1758,False
SmartXNext,FoundryTW_g3,IN:mom:FoundryTW_g3:SmartXNext,2029-W02,1785,1785,,,1785,0,1785,1785,1785,False
SmartXNext,FoundryTW_g3,IN:mom:FoundryTW_g3:SmartXNext,2029-W03,1813,1813,,,1813,0,1813,1813,1813,False
SmartXNext,FoundryTW_g3,IN:mom:FoundryTW_g3:SmartXNext,2029-W04,5606,1840,,,1840,0,5606,5606,1840,False
SmartXNext,FoundryTW_g3,IN:mom:FoundryTW_g3:SmartXNext,2029-W05,1926,1868,,,1868,0,1926,1926,1868,False
SmartXNext,FoundryTW_g3,IN:mom:FoundryTW_g3:SmartXNext,2029-W06,0,1898,,,1898,0,0,0,1898,False
SmartXNext,FoundryTW_g3,IN:mom:FoundryTW_g3:SmartXNext,2029-W07,0,1926,,,1926,0,0,0,1926,False
SmartXNext,FoundryTW_g3,IN:mom:FoundryTW_g3:SmartXNext,2029-W08,1952,1952,,,1952,0,1952,1952,1952,False
SmartXNext,FoundryTW_g3,IN:mom:FoundryTW_g3:SmartXNext,2029-W09,1980,1980,,,1980,0,1980,1980,1980,False
SmartXNext,FoundryTW_g3,IN:mom:FoundryTW_g3:SmartXNext,2029-W10,2008,2008,,,2008,0,2008,2008,2008,False
SmartXNext,FoundryTW_g3,IN:mom:FoundryTW_g3:SmartXNext,2029-W11,2035,2035,,,2035,0,2035,2035,2035,False
SmartXNext,FoundryTW_g3,IN:mom:FoundryTW_g3:SmartXNext,2029-W12,2063,2063,,,2063,0,2063,2063,2063,False
SmartXNext,FoundryTW_g3,IN:mom:FoundryTW_g3:SmartXNext,2029-W13,2090,2090,,,2090,0,2090,2090,2090,False
SmartXNext,FoundryTW_g3,IN:mom:FoundryTW_g3:SmartXNext,2029-W14,2118,2118,,,2118,0,2118,2118,2118,False
SmartXNext,FoundryTW_g3,IN:mom:FoundryTW_g3:SmartXNext,2029-W15,2148,2148,,,2148,0,2148,2148,2148,False
SmartXNext,FoundryTW_g3,IN:mom:FoundryTW_g3:SmartXNext,2029-W16,2176,2176,,,2176,0,2176,2176,2176,False
SmartXNext,FoundryTW_g3,IN:mom:FoundryTW_g3:SmartXNext,2029-W17,2202,2202,,,2202,0,2202,2202,2202,False
SmartXNext,FoundryTW_g3,IN:mom:FoundryTW_g3:SmartXNext,2029-W18,2235,2235,,,2235,0,2235,2235,2235,False
SmartXNext,FoundryTW_g3,IN:mom:FoundryTW_g3:SmartXNext,2029-W19,2273,2273,,,2273,0,2273,2273,2273,False
SmartXNext,FoundryTW_g3,IN:mom:FoundryTW_g3:SmartXNext,2029-W20,2292,2292,,,2292,0,2292,2292,2292,False
SmartXNext,FoundryTW_g3,IN:mom:FoundryTW_g3:SmartXNext,2029-W21,2311,2311,,,2311,0,2311,2311,2311,False
SmartXNext,FoundryTW_g3,IN:mom:FoundryTW_g3:SmartXNext,2029-W22,2330,2330,,,2330,0,2330,2330,2330,False
SmartXNext,FoundryTW_g3,IN:mom:FoundryTW_g3:SmartXNext,2029-W23,2348,2348,,,2348,0,2348,2348,2348,False
SmartXNext,FoundryTW_g3,IN:mom:FoundryTW_g3:SmartXNext,2029-W24,2365,2365,,,2365,0,2365,2365,2365,False
SmartXNext,FoundryTW_g3,IN:mom:FoundryTW_g3:SmartXNext,2029-W25,2385,2385,,,2385,0,2385,2385,2385,False
SmartXNext,FoundryTW_g3,IN:mom:FoundryTW_g3:SmartXNext,2029-W26,2403,2403,,,2403,0,2403,2403,2403,False
SmartXNext,FoundryTW_g3,IN:mom:FoundryTW_g3:SmartXNext,2029-W27,2423,2423,,,2423,0,2423,2423,2423,False
SmartXNext,FoundryTW_g3,IN:mom:FoundryTW_g3:SmartXNext,2029-W28,2440,2440,,,2440,0,2440,2440,2440,False
SmartXNext,FoundryTW_g3,IN:mom:FoundryTW_g3:SmartXNext,2029-W29,2458,2458,,,2458,0,2458,2458,2458,False
SmartXNext,FoundryTW_g3,IN:mom:FoundryTW_g3:SmartXNext,2029-W30,2477,2477,,,2477,0,2477,2477,2477,False
SmartXNext,FoundryTW_g3,IN:mom:FoundryTW_g3:SmartXNext,2029-W31,2496,2496,,,2496,0,2496,2496,2496,False
SmartXNext,FoundryTW_g3,IN:mom:FoundryTW_g3:SmartXNext,2029-W32,2515,2515,,,2515,0,2515,2515,2515,False
SmartXNext,FoundryTW_g3,IN:mom:FoundryTW_g3:SmartXNext,2029-W33,2533,2533,,,2533,0,2533,2533,2533,False
SmartXNext,FoundryTW_g3,IN:mom:FoundryTW_g3:SmartXNext,2029-W34,2552,2552,,,2552,0,2552,2552,2552,False
SmartXNext,FoundryTW_g3,IN:mom:FoundryTW_g3:SmartXNext,2029-W35,2570,2570,,,2570,0,2570,2570,2570,False
SmartXNext,FoundryTW_g3,IN:mom:FoundryTW_g3:SmartXNext,2029-W36,2588,2588,,,2588,0,2588,2588,2588,False
SmartXNext,FoundryTW_g3,IN:mom:FoundryTW_g3:SmartXNext,2029-W37,2608,2608,,,2608,0,2608,2608,2608,False
SmartXNext,FoundryTW_g3,IN:mom:FoundryTW_g3:SmartXNext,2029-W38,2625,2625,,,2625,0,2625,2625,2625,False
SmartXNext,FoundryTW_g3,IN:mom:FoundryTW_g3:SmartXNext,2029-W39,2645,2645,,,2645,0,2645,2645,2645,False
SmartXNext,FoundryTW_g3,IN:mom:FoundryTW_g3:SmartXNext,2029-W40,2662,2662,,,2662,0,2662,2662,2662,False
SmartXNext,FoundryTW_g3,IN:mom:FoundryTW_g3:SmartXNext,2029-W41,2681,2681,,,2681,0,2681,2681,2681,False
SmartXNext,FoundryTW_g3,IN:mom:FoundryTW_g3:SmartXNext,2029-W42,2700,2700,,,2700,0,2700,2700,2700,False
SmartXNext,FoundryTW_g3,IN:mom:FoundryTW_g3:SmartXNext,2029-W43,2718,2718,,,2718,0,2718,2718,2718,False
SmartXNext,FoundryTW_g3,IN:mom:FoundryTW_g3:SmartXNext,2029-W44,2737,2737,,,2737,0,2737,2737,2737,False
SmartXNext,FoundryTW_g3,IN:mom:FoundryTW_g3:SmartXNext,2029-W45,2757,2757,,,2757,0,2757,2757,2757,False
SmartXNext,FoundryTW_g3,IN:mom:FoundryTW_g3:SmartXNext,2029-W46,2781,2781,,,2781,0,2781,2781,2781,False
SmartXNext,FoundryTW_g3,IN:mom:FoundryTW_g3:SmartXNext,2029-W47,2804,2804,,,2804,0,2804,2804,2804,False
SmartXNext,FoundryTW_g3,IN:mom:FoundryTW_g3:SmartXNext,2029-W48,2829,2829,,,2829,0,2829,2829,2829,False
SmartXNext,FoundryTW_g3,IN:mom:FoundryTW_g3:SmartXNext,2029-W49,2853,2853,,,2853,0,2853,2853,2853,False
SmartXNext,FoundryTW_g3,IN:mom:FoundryTW_g3:SmartXNext,2029-W50,2876,2876,,,2876,0,2876,2876,2876,False
SmartXNext,FoundryTW_g3,IN:mom:FoundryTW_g3:SmartXNext,2029-W51,2901,2901,,,2901,0,2901,2901,2901,False
SmartXNext,FoundryTW_g3,IN:mom:FoundryTW_g3:SmartXNext,2029-W52,2925,2925,,,2925,0,2925,2925,2925,False
SmartXNext,FoundryTW_g3,IN:mom:FoundryTW_g3:SmartXNext,2030-W01,2950,2950,,,2950,0,2950,2950,2950,False
SmartXNext,FoundryTW_g3,IN:mom:FoundryTW_g3:SmartXNext,2030-W02,2973,2973,,,2973,0,2973,2973,2973,False
SmartXNext,FoundryTW_g3,IN:mom:FoundryTW_g3:SmartXNext,2030-W03,2997,2997,,,2997,0,2997,2997,2997,False
SmartXNext,FoundryTW_g3,IN:mom:FoundryTW_g3:SmartXNext,2030-W04,3022,3022,,,3022,0,3022,3022,3022,False
SmartXNext,FoundryTW_g3,IN:mom:FoundryTW_g3:SmartXNext,2030-W05,9208,3045,,,3045,0,9208,9208,3045,False
SmartXNext,FoundryTW_g3,IN:mom:FoundryTW_g3:SmartXNext,2030-W06,3117,3069,,,3069,0,3117,3117,3069,False
SmartXNext,FoundryTW_g3,IN:mom:FoundryTW_g3:SmartXNext,2030-W07,0,3094,,,3094,0,0,0,3094,False
SmartXNext,FoundryTW_g3,IN:mom:FoundryTW_g3:SmartXNext,2030-W08,0,3117,,,3117,0,0,0,3117,False
SmartXNext,FoundryTW_g3,IN:mom:FoundryTW_g3:SmartXNext,2030-W09,3141,3141,,,3141,0,3141,3141,3141,False
SmartXNext,FoundryTW_g3,IN:mom:FoundryTW_g3:SmartXNext,2030-W10,3165,3165,,,3165,0,3165,3165,3165,False
SmartXNext,FoundryTW_g3,IN:mom:FoundryTW_g3:SmartXNext,2030-W11,3189,3189,,,3189,0,3189,3189,3189,False
SmartXNext,FoundryTW_g3,IN:mom:FoundryTW_g3:SmartXNext,2030-W12,3214,3214,,,3214,0,3214,3214,3214,False
SmartXNext,FoundryTW_g3,IN:mom:FoundryTW_g3:SmartXNext,2030-W13,3237,3237,,,3237,0,3237,3237,3237,False
SmartXNext,FoundryTW_g3,IN:mom:FoundryTW_g3:SmartXNext,2030-W14,3262,3262,,,3262,0,3262,3262,3262,False
SmartXNext,FoundryTW_g3,IN:mom:FoundryTW_g3:SmartXNext,2030-W15,3286,3286,,,3286,0,3286,3286,3286,False
SmartXNext,FoundryTW_g3,IN:mom:FoundryTW_g3:SmartXNext,2030-W16,3310,3310,,,3310,0,3310,3310,3310,False
SmartXNext,FoundryTW_g3,IN:mom:FoundryTW_g3:SmartXNext,2030-W17,3334,3334,,,3334,0,3334,3334,3334,False
SmartXNext,FoundryTW_g3,IN:mom:FoundryTW_g3:SmartXNext,2030-W18,3357,3357,,,3357,0,3357,3357,3357,False
SmartXNext,FoundryTW_g3,IN:mom:FoundryTW_g3:SmartXNext,2030-W19,3368,3368,,,3368,0,3368,3368,3368,False
SmartXNext,FoundryTW_g3,IN:mom:FoundryTW_g3:SmartXNext,2030-W20,3345,3345,,,3345,0,3345,3345,3345,False
SmartXNext,FoundryTW_g3,IN:mom:FoundryTW_g3:SmartXNext,2030-W21,3326,3326,,,3326,0,3326,3326,3326,False
SmartXNext,FoundryTW_g3,IN:mom:FoundryTW_g3:SmartXNext,2030-W22,3305,3305,,,3305,0,3305,3305,3305,False
SmartXNext,FoundryTW_g3,IN:mom:FoundryTW_g3:SmartXNext,2030-W23,3286,3286,,,3286,0,3286,3286,3286,False
SmartXNext,FoundryTW_g3,IN:mom:FoundryTW_g3:SmartXNext,2030-W24,3266,3266,,,3266,0,3266,3266,3266,False
SmartXNext,FoundryTW_g3,IN:mom:FoundryTW_g3:SmartXNext,2030-W25,3246,3246,,,3246,0,3246,3246,3246,False
SmartXNext,FoundryTW_g3,IN:mom:FoundryTW_g3:SmartXNext,2030-W26,3226,3226,,,3226,0,3226,3226,3226,False
SmartXNext,FoundryTW_g3,IN:mom:FoundryTW_g3:SmartXNext,2030-W27,3207,3207,,,3207,0,3207,3207,3207,False
SmartXNext,FoundryTW_g3,IN:mom:FoundryTW_g3:SmartXNext,2030-W28,3187,3187,,,3187,0,3187,3187,3187,False
SmartXNext,FoundryTW_g3,IN:mom:FoundryTW_g3:SmartXNext,2030-W29,3168,3168,,,3168,0,3168,3168,3168,False
SmartXNext,FoundryTW_g3,IN:mom:FoundryTW_g3:SmartXNext,2030-W30,3147,3147,,,3147,0,3147,3147,3147,False
SmartXNext,FoundryTW_g3,IN:mom:FoundryTW_g3:SmartXNext,2030-W31,3128,3128,,,3128,0,3128,3128,3128,False
SmartXNext,FoundryTW_g3,IN:mom:FoundryTW_g3:SmartXNext,2030-W32,3107,3107,,,3107,0,3107,3107,3107,False
SmartXNext,FoundryTW_g3,IN:mom:FoundryTW_g3:SmartXNext,2030-W33,3087,3087,,,3087,0,3087,3087,3087,False
SmartXNext,FoundryTW_g3,IN:mom:FoundryTW_g3:SmartXNext,2030-W34,3068,3068,,,3068,0,3068,3068,3068,False
SmartXNext,FoundryTW_g3,IN:mom:FoundryTW_g3:SmartXNext,2030-W35,3047,3047,,,3047,0,3047,3047,3047,False
SmartXNext,FoundryTW_g3,IN:mom:FoundryTW_g3:SmartXNext,2030-W36,3028,3028,,,3028,0,3028,3028,3028,False
SmartXNext,FoundryTW_g3,IN:mom:FoundryTW_g3:SmartXNext,2030-W37,3008,3008,,,3008,0,3008,3008,3008,False
SmartXNext,FoundryTW_g3,IN:mom:FoundryTW_g3:SmartXNext,2030-W38,2989,2989,,,2989,0,2989,2989,2989,False
SmartXNext,FoundryTW_g3,IN:mom:FoundryTW_g3:SmartXNext,2030-W39,2969,2969,,,2969,0,2969,2969,2969,False
SmartXNext,FoundryTW_g3,IN:mom:FoundryTW_g3:SmartXNext,2030-W40,2950,2950,,,2950,0,2950,2950,2950,False
SmartXNext,FoundryTW_g3,IN:mom:FoundryTW_g3:SmartXNext,2030-W41,2929,2929,,,2929,0,2929,2929,2929,False
SmartXNext,FoundryTW_g3,IN:mom:FoundryTW_g3:SmartXNext,2030-W42,2910,2910,,,2910,0,2910,2910,2910,False
SmartXNext,FoundryTW_g3,IN:mom:FoundryTW_g3:SmartXNext,2030-W43,2889,2889,,,2889,0,2889,2889,2889,False
SmartXNext,FoundryTW_g3,IN:mom:FoundryTW_g3:SmartXNext,2030-W44,2070,2070,,,2070,0,2070,2070,2070,False
SmartXNext,FoundryTW_g3,IN:mom:FoundryTW_g3:SmartXNext,2030-W45,0,0,,,0,0,0,0,0,False
SmartXNext,FoundryTW_g3,IN:mom:FoundryTW_g3:SmartXNext,2030-W46,0,0,,,0,0,0,0,0,False
SmartXNext,FoundryTW_g3,IN:mom:FoundryTW_g3:SmartXNext,2030-W47,0,0,,,0,0,0,0,0,False
SmartXNext,FoundryTW_g3,IN:mom:FoundryTW_g3:SmartXNext,2030-W48,0,0,,,0,0,0,0,0,False
SmartXNext,FoundryTW_g3,IN:mom:FoundryTW_g3:SmartXNext,2030-W49,0,0,,,0,0,0,0,0,False
SmartXNext,FoundryTW_g3,IN:mom:FoundryTW_g3:SmartXNext,2030-W50,0,0,,,0,0,0,0,0,False
SmartXNext,FoundryTW_g3,IN:mom:FoundryTW_g3:SmartXNext,2030-W51,0,0,,,0,0,0,0,0,False
SmartXNext,FoundryTW_g3,IN:mom:FoundryTW_g3:SmartXNext,2030-W52,0,0,,,0,0,0,0,0,False
SmartXNext,WaferFab_TW_g3,IN:leaf_in:WaferFab_TW_g3:SmartXNext,2025-W36,0,0,,,0,0,0,0,0,False
SmartXNext,WaferFab_TW_g3,IN:leaf_in:WaferFab_TW_g3:SmartXNext,2025-W37,0,0,,,0,0,0,0,0,False
SmartXNext,WaferFab_TW_g3,IN:leaf_in:WaferFab_TW_g3:SmartXNext,2025-W38,0,0,,,0,0,0,0,0,False
SmartXNext,WaferFab_TW_g3,IN:leaf_in:WaferFab_TW_g3:SmartXNext,2025-W39,0,0,,,0,0,0,0,0,False
SmartXNext,WaferFab_TW_g3,IN:leaf_in:WaferFab_TW_g3:SmartXNext,2025-W40,0,0,,,0,0,0,0,0,False
SmartXNext,WaferFab_TW_g3,IN:leaf_in:WaferFab_TW_g3:SmartXNext,2025-W41,0,0,,,0,0,0,0,0,False
SmartXNext,WaferFab_TW_g3,IN:leaf_in:WaferFab_TW_g3:SmartXNext,2025-W42,0,0,,,0,0,0,0,0,False
SmartXNext,WaferFab_TW_g3,IN:leaf_in:WaferFab_TW_g3:SmartXNext,2025-W43,0,0,,,0,0,0,0,0,False
SmartXNext,WaferFab_TW_g3,IN:leaf_in:WaferFab_TW_g3:SmartXNext,2025-W44,0,0,,,0,0,0,0,0,False
SmartXNext,WaferFab_TW_g3,IN:leaf_in:WaferFab_TW_g3:SmartXNext,2025-W45,0,0,,,0,0,0,0,0,False
SmartXNext,WaferFab_TW_g3,IN:leaf_in:WaferFab_TW_g3:SmartXNext,2025-W46,0,0,,,0,0,0,0,0,False
SmartXNext,WaferFab_TW_g3,IN:leaf_in:WaferFab_TW_g3:SmartXNext,2025-W47,0,0,,,0,0,0,0,0,False
SmartXNext,WaferFab_TW_g3,IN:leaf_in:WaferFab_TW_g3:SmartXNext,2025-W48,0,0,,,0,0,0,0,0,False
SmartXNext,WaferFab_TW_g3,IN:leaf_in:WaferFab_TW_g3:SmartXNext,2025-W49,0,0,,,0,0,0,0,0,False
SmartXNext,WaferFab_TW_g3,IN:leaf_in:WaferFab_TW_g3:SmartXNext,2025-W50,0,0,,,0,0,0,0,0,False
SmartXNext,WaferFab_TW_g3,IN:leaf_in:WaferFab_TW_g3:SmartXNext,2025-W51,0,0,,,0,0,0,0,0,False
SmartXNext,WaferFab_TW_g3,IN:leaf_in:WaferFab_TW_g3:SmartXNext,2025-W52,0,0,,,0,0,0,0,0,False
SmartXNext,WaferFab_TW_g3,IN:leaf_in:WaferFab_TW_g3:SmartXNext,2026-W01,0,0,,,0,0,0,0,0,False
SmartXNext,WaferFab_TW_g3,IN:leaf_in:WaferFab_TW_g3:SmartXNext,2026-W02,0,0,,,0,0,0,0,0,False
SmartXNext,WaferFab_TW_g3,IN:leaf_in:WaferFab_TW_g3:SmartXNext,2026-W03,0,0,,,0,0,0,0,0,False
SmartXNext,WaferFab_TW_g3,IN:leaf_in:WaferFab_TW_g3:SmartXNext,2026-W04,0,0,,,0,0,0,0,0,False
SmartXNext,WaferFab_TW_g3,IN:leaf_in:WaferFab_TW_g3:SmartXNext,2026-W05,0,0,,,0,0,0,0,0,False
SmartXNext,WaferFab_TW_g3,IN:leaf_in:WaferFab_TW_g3:SmartXNext,2026-W06,0,0,,,0,0,0,0,0,False
SmartXNext,WaferFab_TW_g3,IN:leaf_in:WaferFab_TW_g3:SmartXNext,2026-W07,0,0,,,0,0,0,0,0,False
SmartXNext,WaferFab_TW_g3,IN:leaf_in:WaferFab_TW_g3:SmartXNext,2026-W08,0,0,0.0,0.0,0,0,0,0,0,False
SmartXNext,WaferFab_TW_g3,IN:leaf_in:WaferFab_TW_g3:SmartXNext,2026-W09,0,0,0.0,0.0,0,0,0,0,0,False
SmartXNext,WaferFab_TW_g3,IN:leaf_in:WaferFab_TW_g3:SmartXNext,2026-W10,0,0,,,0,0,0,0,0,False
SmartXNext,WaferFab_TW_g3,IN:leaf_in:WaferFab_TW_g3:SmartXNext,2026-W11,0,0,,,0,0,0,0,0,False
SmartXNext,WaferFab_TW_g3,IN:leaf_in:WaferFab_TW_g3:SmartXNext,2026-W12,0,0,,,0,0,0,0,0,False
SmartXNext,WaferFab_TW_g3,IN:leaf_in:WaferFab_TW_g3:SmartXNext,2026-W13,0,0,,,0,0,0,0,0,False
SmartXNext,WaferFab_TW_g3,IN:leaf_in:WaferFab_TW_g3:SmartXNext,2026-W14,0,0,,,0,0,0,0,0,False
SmartXNext,WaferFab_TW_g3,IN:leaf_in:WaferFab_TW_g3:SmartXNext,2026-W15,0,0,,,0,0,0,0,0,False
SmartXNext,WaferFab_TW_g3,IN:leaf_in:WaferFab_TW_g3:SmartXNext,2026-W16,0,0,,,0,0,0,0,0,False
SmartXNext,WaferFab_TW_g3,IN:leaf_in:WaferFab_TW_g3:SmartXNext,2026-W17,0,0,,,0,0,0,0,0,False
SmartXNext,WaferFab_TW_g3,IN:leaf_in:WaferFab_TW_g3:SmartXNext,2026-W18,0,0,,,0,0,0,0,0,False
SmartXNext,WaferFab_TW_g3,IN:leaf_in:WaferFab_TW_g3:SmartXNext,2026-W19,0,0,,,0,0,0,0,0,False
SmartXNext,WaferFab_TW_g3,IN:leaf_in:WaferFab_TW_g3:SmartXNext,2026-W20,0,0,,,0,0,0,0,0,False
SmartXNext,WaferFab_TW_g3,IN:leaf_in:WaferFab_TW_g3:SmartXNext,2026-W21,0,0,,,0,0,0,0,0,False
SmartXNext,WaferFab_TW_g3,IN:leaf_in:WaferFab_TW_g3:SmartXNext,2026-W22,0,0,,,0,0,0,0,0,False
SmartXNext,WaferFab_TW_g3,IN:leaf_in:WaferFab_TW_g3:SmartXNext,2026-W23,0,0,,,0,0,0,0,0,False
SmartXNext,WaferFab_TW_g3,IN:leaf_in:WaferFab_TW_g3:SmartXNext,2026-W24,0,0,,,0,0,0,0,0,False
SmartXNext,WaferFab_TW_g3,IN:leaf_in:WaferFab_TW_g3:SmartXNext,2026-W25,0,0,,,0,0,0,0,0,False
SmartXNext,WaferFab_TW_g3,IN:leaf_in:WaferFab_TW_g3:SmartXNext,2026-W26,0,0,,,0,0,0,0,0,False
SmartXNext,WaferFab_TW_g3,IN:leaf_in:WaferFab_TW_g3:SmartXNext,2026-W27,0,0,,,0,0,0,0,0,False
SmartXNext,WaferFab_TW_g3,IN:leaf_in:WaferFab_TW_g3:SmartXNext,2026-W28,0,0,,,0,0,0,0,0,False
SmartXNext,WaferFab_TW_g3,IN:leaf_in:WaferFab_TW_g3:SmartXNext,2026-W29,0,0,,,0,0,0,0,0,False
SmartXNext,WaferFab_TW_g3,IN:leaf_in:WaferFab_TW_g3:SmartXNext,2026-W30,0,0,,,0,0,0,0,0,False
SmartXNext,WaferFab_TW_g3,IN:leaf_in:WaferFab_TW_g3:SmartXNext,2026-W31,0,0,,,0,0,0,0,0,False
SmartXNext,WaferFab_TW_g3,IN:leaf_in:WaferFab_TW_g3:SmartXNext,2026-W32,0,0,,,0,0,0,0,0,False
SmartXNext,WaferFab_TW_g3,IN:leaf_in:WaferFab_TW_g3:SmartXNext,2026-W33,0,0,,,0,0,0,0,0,False
SmartXNext,WaferFab_TW_g3,IN:leaf_in:WaferFab_TW_g3:SmartXNext,2026-W34,0,0,,,0,0,0,0,0,False
SmartXNext,WaferFab_TW_g3,IN:leaf_in:WaferFab_TW_g3:SmartXNext,2026-W35,0,0,,,0,0,0,0,0,False
SmartXNext,WaferFab_TW_g3,IN:leaf_in:WaferFab_TW_g3:SmartXNext,2026-W36,0,0,,,0,0,0,0,0,False
SmartXNext,WaferFab_TW_g3,IN:leaf_in:WaferFab_TW_g3:SmartXNext,2026-W37,0,0,,,0,0,0,0,0,False
SmartXNext,WaferFab_TW_g3,IN:leaf_in:WaferFab_TW_g3:SmartXNext,2026-W38,0,0,,,0,0,0,0,0,False
SmartXNext,WaferFab_TW_g3,IN:leaf_in:WaferFab_TW_g3:SmartXNext,2026-W39,0,0,,,0,0,0,0,0,False
SmartXNext,WaferFab_TW_g3,IN:leaf_in:WaferFab_TW_g3:SmartXNext,2026-W40,0,0,,,0,0,0,0,0,False
SmartXNext,WaferFab_TW_g3,IN:leaf_in:WaferFab_TW_g3:SmartXNext,2026-W41,0,0,,,0,0,0,0,0,False
SmartXNext,WaferFab_TW_g3,IN:leaf_in:WaferFab_TW_g3:SmartXNext,2026-W42,0,0,,,0,0,0,0,0,False
SmartXNext,WaferFab_TW_g3,IN:leaf_in:WaferFab_TW_g3:SmartXNext,2026-W43,0,0,,,0,0,0,0,0,False
SmartXNext,WaferFab_TW_g3,IN:leaf_in:WaferFab_TW_g3:SmartXNext,2026-W44,0,0,,,0,0,0,0,0,False
SmartXNext,WaferFab_TW_g3,IN:leaf_in:WaferFab_TW_g3:SmartXNext,2026-W45,0,0,,,0,0,0,0,0,False
SmartXNext,WaferFab_TW_g3,IN:leaf_in:WaferFab_TW_g3:SmartXNext,2026-W46,0,0,,,0,0,0,0,0,False
SmartXNext,WaferFab_TW_g3,IN:leaf_in:WaferFab_TW_g3:SmartXNext,2026-W47,0,0,,,0,0,0,0,0,False
SmartXNext,WaferFab_TW_g3,IN:leaf_in:WaferFab_TW_g3:SmartXNext,2026-W48,0,0,,,0,0,0,0,0,False
SmartXNext,WaferFab_TW_g3,IN:leaf_in:WaferFab_TW_g3:SmartXNext,2026-W49,0,0,,,0,0,0,0,0,False
SmartXNext,WaferFab_TW_g3,IN:leaf_in:WaferFab_TW_g3:SmartXNext,2026-W50,0,0,,,0,0,0,0,0,False
SmartXNext,WaferFab_TW_g3,IN:leaf_in:WaferFab_TW_g3:SmartXNext,2026-W51,0,0,,,0,0,0,0,0,False
SmartXNext,WaferFab_TW_g3,IN:leaf_in:WaferFab_TW_g3:SmartXNext,2026-W52,0,0,,,0,0,0,0,0,False
SmartXNext,WaferFab_TW_g3,IN:leaf_in:WaferFab_TW_g3:SmartXNext,2026-W53,0,0,,,0,0,0,0,0,False
SmartXNext,WaferFab_TW_g3,IN:leaf_in:WaferFab_TW_g3:SmartXNext,2027-W01,0,0,,,0,0,0,0,0,False
SmartXNext,WaferFab_TW_g3,IN:leaf_in:WaferFab_TW_g3:SmartXNext,2027-W02,0,0,,,0,0,0,0,0,False
SmartXNext,WaferFab_TW_g3,IN:leaf_in:WaferFab_TW_g3:SmartXNext,2027-W03,0,0,,,0,0,0,0,0,False
SmartXNext,WaferFab_TW_g3,IN:leaf_in:WaferFab_TW_g3:SmartXNext,2027-W04,0,0,,,0,0,0,0,0,False
SmartXNext,WaferFab_TW_g3,IN:leaf_in:WaferFab_TW_g3:SmartXNext,2027-W05,0,0,,,0,0,0,0,0,False
SmartXNext,WaferFab_TW_g3,IN:leaf_in:WaferFab_TW_g3:SmartXNext,2027-W06,0,0,0.0,0.0,0,0,0,0,0,False
SmartXNext,WaferFab_TW_g3,IN:leaf_in:WaferFab_TW_g3:SmartXNext,2027-W07,0,0,0.0,0.0,0,0,0,0,0,False
SmartXNext,WaferFab_TW_g3,IN:leaf_in:WaferFab_TW_g3:SmartXNext,2027-W08,0,0,,,0,0,0,0,0,False
SmartXNext,WaferFab_TW_g3,IN:leaf_in:WaferFab_TW_g3:SmartXNext,2027-W09,0,0,,,0,0,0,0,0,False
SmartXNext,WaferFab_TW_g3,IN:leaf_in:WaferFab_TW_g3:SmartXNext,2027-W10,0,0,,,0,0,0,0,0,False
SmartXNext,WaferFab_TW_g3,IN:leaf_in:WaferFab_TW_g3:SmartXNext,2027-W11,0,0,,,0,0,0,0,0,False
SmartXNext,WaferFab_TW_g3,IN:leaf_in:WaferFab_TW_g3:SmartXNext,2027-W12,0,0,,,0,0,0,0,0,False
SmartXNext,WaferFab_TW_g3,IN:leaf_in:WaferFab_TW_g3:SmartXNext,2027-W13,0,0,,,0,0,0,0,0,False
SmartXNext,WaferFab_TW_g3,IN:leaf_in:WaferFab_TW_g3:SmartXNext,2027-W14,0,0,,,0,0,0,0,0,False
SmartXNext,WaferFab_TW_g3,IN:leaf_in:WaferFab_TW_g3:SmartXNext,2027-W15,0,0,,,0,0,0,0,0,False
SmartXNext,WaferFab_TW_g3,IN:leaf_in:WaferFab_TW_g3:SmartXNext,2027-W16,0,0,,,0,0,0,0,0,False
SmartXNext,WaferFab_TW_g3,IN:leaf_in:WaferFab_TW_g3:SmartXNext,2027-W17,0,0,,,0,0,0,0,0,False
SmartXNext,WaferFab_TW_g3,IN:leaf_in:WaferFab_TW_g3:SmartXNext,2027-W18,0,0,,,0,0,0,0,0,False
SmartXNext,WaferFab_TW_g3,IN:leaf_in:WaferFab_TW_g3:SmartXNext,2027-W19,0,0,,,0,0,0,0,0,False
SmartXNext,WaferFab_TW_g3,IN:leaf_in:WaferFab_TW_g3:SmartXNext,2027-W20,0,0,,,0,0,0,0,0,False
SmartXNext,WaferFab_TW_g3,IN:leaf_in:WaferFab_TW_g3:SmartXNext,2027-W21,0,0,,,0,0,0,0,0,False
SmartXNext,WaferFab_TW_g3,IN:leaf_in:WaferFab_TW_g3:SmartXNext,2027-W22,0,0,,,0,0,0,0,0,False
SmartXNext,WaferFab_TW_g3,IN:leaf_in:WaferFab_TW_g3:SmartXNext,2027-W23,0,0,,,0,0,0,0,0,False
SmartXNext,WaferFab_TW_g3,IN:leaf_in:WaferFab_TW_g3:SmartXNext,2027-W24,0,0,,,0,0,0,0,0,False
SmartXNext,WaferFab_TW_g3,IN:leaf_in:WaferFab_TW_g3:SmartXNext,2027-W25,0,0,,,0,0,0,0,0,False
SmartXNext,WaferFab_TW_g3,IN:leaf_in:WaferFab_TW_g3:SmartXNext,2027-W26,0,0,,,0,0,0,0,0,False
SmartXNext,WaferFab_TW_g3,IN:leaf_in:WaferFab_TW_g3:SmartXNext,2027-W27,0,0,,,0,0,0,0,0,False
SmartXNext,WaferFab_TW_g3,IN:leaf_in:WaferFab_TW_g3:SmartXNext,2027-W28,0,0,,,0,0,0,0,0,False
SmartXNext,WaferFab_TW_g3,IN:leaf_in:WaferFab_TW_g3:SmartXNext,2027-W29,0,0,,,0,0,0,0,0,False
SmartXNext,WaferFab_TW_g3,IN:leaf_in:WaferFab_TW_g3:SmartXNext,2027-W30,0,0,,,0,0,0,0,0,False
SmartXNext,WaferFab_TW_g3,IN:leaf_in:WaferFab_TW_g3:SmartXNext,2027-W31,0,0,,,0,0,0,0,0,False
SmartXNext,WaferFab_TW_g3,IN:leaf_in:WaferFab_TW_g3:SmartXNext,2027-W32,0,0,,,0,0,0,0,0,False
SmartXNext,WaferFab_TW_g3,IN:leaf_in:WaferFab_TW_g3:SmartXNext,2027-W33,0,0,,,0,0,0,0,0,False
SmartXNext,WaferFab_TW_g3,IN:leaf_in:WaferFab_TW_g3:SmartXNext,2027-W34,0,0,,,0,0,0,0,0,False
SmartXNext,WaferFab_TW_g3,IN:leaf_in:WaferFab_TW_g3:SmartXNext,2027-W35,0,0,,,0,0,0,0,0,False
SmartXNext,WaferFab_TW_g3,IN:leaf_in:WaferFab_TW_g3:SmartXNext,2027-W36,0,0,,,0,0,0,0,0,False
SmartXNext,WaferFab_TW_g3,IN:leaf_in:WaferFab_TW_g3:SmartXNext,2027-W37,0,0,,,0,0,0,0,0,False
SmartXNext,WaferFab_TW_g3,IN:leaf_in:WaferFab_TW_g3:SmartXNext,2027-W38,0,0,,,0,0,0,0,0,False
SmartXNext,WaferFab_TW_g3,IN:leaf_in:WaferFab_TW_g3:SmartXNext,2027-W39,0,0,,,0,0,0,0,0,False
SmartXNext,WaferFab_TW_g3,IN:leaf_in:WaferFab_TW_g3:SmartXNext,2027-W40,0,0,,,0,0,0,0,0,False
SmartXNext,WaferFab_TW_g3,IN:leaf_in:WaferFab_TW_g3:SmartXNext,2027-W41,0,0,,,0,0,0,0,0,False
SmartXNext,WaferFab_TW_g3,IN:leaf_in:WaferFab_TW_g3:SmartXNext,2027-W42,0,0,,,0,0,0,0,0,False
SmartXNext,WaferFab_TW_g3,IN:leaf_in:WaferFab_TW_g3:SmartXNext,2027-W43,0,0,,,0,0,0,0,0,False
SmartXNext,WaferFab_TW_g3,IN:leaf_in:WaferFab_TW_g3:SmartXNext,2027-W44,0,0,,,0,0,0,0,0,False
SmartXNext,WaferFab_TW_g3,IN:leaf_in:WaferFab_TW_g3:SmartXNext,2027-W45,0,0,,,0,0,0,0,0,False
SmartXNext,WaferFab_TW_g3,IN:leaf_in:WaferFab_TW_g3:SmartXNext,2027-W46,0,0,,,0,0,0,0,0,False
SmartXNext,WaferFab_TW_g3,IN:leaf_in:WaferFab_TW_g3:SmartXNext,2027-W47,0,0,,,0,0,0,0,0,False
SmartXNext,WaferFab_TW_g3,IN:leaf_in:WaferFab_TW_g3:SmartXNext,2027-W48,0,0,,,0,0,0,0,0,False
SmartXNext,WaferFab_TW_g3,IN:leaf_in:WaferFab_TW_g3:SmartXNext,2027-W49,0,0,,,0,0,0,0,0,False
SmartXNext,WaferFab_TW_g3,IN:leaf_in:WaferFab_TW_g3:SmartXNext,2027-W50,0,0,,,0,0,0,0,0,False
SmartXNext,WaferFab_TW_g3,IN:leaf_in:WaferFab_TW_g3:SmartXNext,2027-W51,0,0,,,0,0,0,0,0,False
SmartXNext,WaferFab_TW_g3,IN:leaf_in:WaferFab_TW_g3:SmartXNext,2027-W52,0,0,,,0,0,0,0,0,False
SmartXNext,WaferFab_TW_g3,IN:leaf_in:WaferFab_TW_g3:SmartXNext,2028-W01,0,0,,,0,0,0,0,0,False
SmartXNext,WaferFab_TW_g3,IN:leaf_in:WaferFab_TW_g3:SmartXNext,2028-W02,0,0,,,0,0,0,0,0,False
SmartXNext,WaferFab_TW_g3,IN:leaf_in:WaferFab_TW_g3:SmartXNext,2028-W03,0,0,,,0,0,0,0,0,False
SmartXNext,WaferFab_TW_g3,IN:leaf_in:WaferFab_TW_g3:SmartXNext,2028-W04,0,0,,,0,0,0,0,0,False
SmartXNext,WaferFab_TW_g3,IN:leaf_in:WaferFab_TW_g3:SmartXNext,2028-W05,0,0,0.0,0.0,0,0,0,0,0,False
SmartXNext,WaferFab_TW_g3,IN:leaf_in:WaferFab_TW_g3:SmartXNext,2028-W06,0,0,0.0,0.0,0,0,0,0,0,False
SmartXNext,WaferFab_TW_g3,IN:leaf_in:WaferFab_TW_g3:SmartXNext,2028-W07,0,0,,,0,0,0,0,0,False
SmartXNext,WaferFab_TW_g3,IN:leaf_in:WaferFab_TW_g3:SmartXNext,2028-W08,0,0,,,0,0,0,0,0,False
SmartXNext,WaferFab_TW_g3,IN:leaf_in:WaferFab_TW_g3:SmartXNext,2028-W09,0,0,,,0,0,0,0,0,False
SmartXNext,WaferFab_TW_g3,IN:leaf_in:WaferFab_TW_g3:SmartXNext,2028-W10,0,0,,,0,0,0,0,0,False
SmartXNext,WaferFab_TW_g3,IN:leaf_in:WaferFab_TW_g3:SmartXNext,2028-W11,0,0,,,0,0,0,0,0,False
SmartXNext,WaferFab_TW_g3,IN:leaf_in:WaferFab_TW_g3:SmartXNext,2028-W12,0,0,,,0,0,0,0,0,False
SmartXNext,WaferFab_TW_g3,IN:leaf_in:WaferFab_TW_g3:SmartXNext,2028-W13,0,0,,,0,0,0,0,0,False
SmartXNext,WaferFab_TW_g3,IN:leaf_in:WaferFab_TW_g3:SmartXNext,2028-W14,0,0,,,0,0,0,0,0,False
SmartXNext,WaferFab_TW_g3,IN:leaf_in:WaferFab_TW_g3:SmartXNext,2028-W15,0,0,,,0,0,0,0,0,False
SmartXNext,WaferFab_TW_g3,IN:leaf_in:WaferFab_TW_g3:SmartXNext,2028-W16,15,15,,,15,15,15,15,15,False
SmartXNext,WaferFab_TW_g3,IN:leaf_in:WaferFab_TW_g3:SmartXNext,2028-W17,71,71,,,71,71,71,71,71,False
SmartXNext,WaferFab_TW_g3,IN:leaf_in:WaferFab_TW_g3:SmartXNext,2028-W18,126,126,,,126,126,126,126,126,False
SmartXNext,WaferFab_TW_g3,IN:leaf_in:WaferFab_TW_g3:SmartXNext,2028-W19,183,183,,,183,183,183,183,183,False
SmartXNext,WaferFab_TW_g3,IN:leaf_in:WaferFab_TW_g3:SmartXNext,2028-W20,238,238,,,238,238,238,238,238,False
SmartXNext,WaferFab_TW_g3,IN:leaf_in:WaferFab_TW_g3:SmartXNext,2028-W21,293,293,,,293,293,293,293,293,False
SmartXNext,WaferFab_TW_g3,IN:leaf_in:WaferFab_TW_g3:SmartXNext,2028-W22,348,348,,,348,348,348,348,348,False
SmartXNext,WaferFab_TW_g3,IN:leaf_in:WaferFab_TW_g3:SmartXNext,2028-W23,406,406,,,406,406,406,406,406,False
SmartXNext,WaferFab_TW_g3,IN:leaf_in:WaferFab_TW_g3:SmartXNext,2028-W24,460,460,,,460,460,460,460,460,False
SmartXNext,WaferFab_TW_g3,IN:leaf_in:WaferFab_TW_g3:SmartXNext,2028-W25,515,515,,,515,515,515,515,515,False
SmartXNext,WaferFab_TW_g3,IN:leaf_in:WaferFab_TW_g3:SmartXNext,2028-W26,571,571,,,571,571,571,571,571,False
SmartXNext,WaferFab_TW_g3,IN:leaf_in:WaferFab_TW_g3:SmartXNext,2028-W27,626,626,,,626,626,626,626,626,False
SmartXNext,WaferFab_TW_g3,IN:leaf_in:WaferFab_TW_g3:SmartXNext,2028-W28,683,683,,,683,683,683,683,683,False
SmartXNext,WaferFab_TW_g3,IN:leaf_in:WaferFab_TW_g3:SmartXNext,2028-W29,738,738,,,738,738,738,738,738,False
SmartXNext,WaferFab_TW_g3,IN:leaf_in:WaferFab_TW_g3:SmartXNext,2028-W30,793,793,,,793,793,793,793,793,False
SmartXNext,WaferFab_TW_g3,IN:leaf_in:WaferFab_TW_g3:SmartXNext,2028-W31,848,848,,,848,848,848,848,848,False
SmartXNext,WaferFab_TW_g3,IN:leaf_in:WaferFab_TW_g3:SmartXNext,2028-W32,906,906,,,906,906,906,906,906,False
SmartXNext,WaferFab_TW_g3,IN:leaf_in:WaferFab_TW_g3:SmartXNext,2028-W33,960,960,,,960,960,960,960,960,False
SmartXNext,WaferFab_TW_g3,IN:leaf_in:WaferFab_TW_g3:SmartXNext,2028-W34,1015,1015,,,1015,1015,1015,1015,1015,False
SmartXNext,WaferFab_TW_g3,IN:leaf_in:WaferFab_TW_g3:SmartXNext,2028-W35,1071,1071,,,1071,1071,1071,1071,1071,False
SmartXNext,WaferFab_TW_g3,IN:leaf_in:WaferFab_TW_g3:SmartXNext,2028-W36,1126,1126,,,1126,1126,1126,1126,1126,False
SmartXNext,WaferFab_TW_g3,IN:leaf_in:WaferFab_TW_g3:SmartXNext,2028-W37,1183,1183,,,1183,1183,1183,1183,1183,False
SmartXNext,WaferFab_TW_g3,IN:leaf_in:WaferFab_TW_g3:SmartXNext,2028-W38,1238,1238,,,1238,1238,1238,1238,1238,False
SmartXNext,WaferFab_TW_g3,IN:leaf_in:WaferFab_TW_g3:SmartXNext,2028-W39,1293,1293,,,1293,1293,1293,1293,1293,False
SmartXNext,WaferFab_TW_g3,IN:leaf_in:WaferFab_TW_g3:SmartXNext,2028-W40,1348,1348,,,1348,1348,1348,1348,1348,False
SmartXNext,WaferFab_TW_g3,IN:leaf_in:WaferFab_TW_g3:SmartXNext,2028-W41,1406,1406,,,1406,1406,1406,1406,1406,False
SmartXNext,WaferFab_TW_g3,IN:leaf_in:WaferFab_TW_g3:SmartXNext,2028-W42,1468,1468,,,1468,1468,1468,1468,1468,False
SmartXNext,WaferFab_TW_g3,IN:leaf_in:WaferFab_TW_g3:SmartXNext,2028-W43,1535,1535,,,1535,1535,1535,1535,1535,False
SmartXNext,WaferFab_TW_g3,IN:leaf_in:WaferFab_TW_g3:SmartXNext,2028-W44,1563,1563,,,1563,1563,1563,1563,1563,False
SmartXNext,WaferFab_TW_g3,IN:leaf_in:WaferFab_TW_g3:SmartXNext,2028-W45,1590,1590,,,1590,1590,1590,1590,1590,False
SmartXNext,WaferFab_TW_g3,IN:leaf_in:WaferFab_TW_g3:SmartXNext,2028-W46,1618,1618,,,1618,1618,1618,1618,1618,False
SmartXNext,WaferFab_TW_g3,IN:leaf_in:WaferFab_TW_g3:SmartXNext,2028-W47,1648,1648,,,1648,1648,1648,1648,1648,False
SmartXNext,WaferFab_TW_g3,IN:leaf_in:WaferFab_TW_g3:SmartXNext,2028-W48,1676,1676,,,1676,1676,1676,1676,1676,False
SmartXNext,WaferFab_TW_g3,IN:leaf_in:WaferFab_TW_g3:SmartXNext,2028-W49,1702,1702,,,1702,1702,1702,1702,1702,False
SmartXNext,WaferFab_TW_g3,IN:leaf_in:WaferFab_TW_g3:SmartXNext,2028-W50,1730,1730,,,1730,1730,1730,1730,1730,False
SmartXNext,WaferFab_TW_g3,IN:leaf_in:WaferFab_TW_g3:SmartXNext,2028-W51,1758,1758,,,1758,1758,1758,1758,1758,False
SmartXNext,WaferFab_TW_g3,IN:leaf_in:WaferFab_TW_g3:SmartXNext,2028-W52,1785,1785,,,1785,1785,1785,1785,1785,False
SmartXNext,WaferFab_TW_g3,IN:leaf_in:WaferFab_TW_g3:SmartXNext,2029-W01,1813,1813,,,1813,1813,1813,1813,1813,False
SmartXNext,WaferFab_TW_g3,IN:leaf_in:WaferFab_TW_g3:SmartXNext,2029-W02,5606,5606,,,5606,5606,5606,5606,5606,False
SmartXNext,WaferFab_TW_g3,IN:leaf_in:WaferFab_TW_g3:SmartXNext,2029-W03,1926,1926,,,1926,1926,1926,1926,1926,False
SmartXNext,WaferFab_TW_g3,IN:leaf_in:WaferFab_TW_g3:SmartXNext,2029-W04,0,0,0.0,0.0,0,0,0,0,0,False
SmartXNext,WaferFab_TW_g3,IN:leaf_in:WaferFab_TW_g3:SmartXNext,2029-W05,0,0,0.0,0.0,0,0,0,0,0,False
SmartXNext,WaferFab_TW_g3,IN:leaf_in:WaferFab_TW_g3:SmartXNext,2029-W06,1952,1952,,,1952,1952,1952,1952,1952,False
SmartXNext,WaferFab_TW_g3,IN:leaf_in:WaferFab_TW_g3:SmartXNext,2029-W07,1980,1980,,,1980,1980,1980,1980,1980,False
SmartXNext,WaferFab_TW_g3,IN:leaf_in:WaferFab_TW_g3:SmartXNext,2029-W08,2008,2008,,,2008,2008,2008,2008,2008,False
SmartXNext,WaferFab_TW_g3,IN:leaf_in:WaferFab_TW_g3:SmartXNext,2029-W09,2035,2035,,,2035,2035,2035,2035,2035,False
SmartXNext,WaferFab_TW_g3,IN:leaf_in:WaferFab_TW_g3:SmartXNext,2029-W10,2063,2063,,,2063,2063,2063,2063,2063,False
SmartXNext,WaferFab_TW_g3,IN:leaf_in:WaferFab_TW_g3:SmartXNext,2029-W11,2090,2090,,,2090,2090,2090,2090,2090,False
SmartXNext,WaferFab_TW_g3,IN:leaf_in:WaferFab_TW_g3:SmartXNext,2029-W12,2118,2118,,,2118,2118,2118,2118,2118,False
SmartXNext,WaferFab_TW_g3,IN:leaf_in:WaferFab_TW_g3:SmartXNext,2029-W13,2148,2148,,,2148,2148,2148,2148,2148,False
SmartXNext,WaferFab_TW_g3,IN:leaf_in:WaferFab_TW_g3:SmartXNext,2029-W14,2176,2176,,,2176,2176,2176,2176,2176,False
SmartXNext,WaferFab_TW_g3,IN:leaf_in:WaferFab_TW_g3:SmartXNext,2029-W15,2202,2202,,,2202,2202,2202,2202,2202,False
SmartXNext,WaferFab_TW_g3,IN:leaf_in:WaferFab_TW_g3:SmartXNext,2029-W16,2235,2235,,,2235,2235,2235,2235,2235,False
SmartXNext,WaferFab_TW_g3,IN:leaf_in:WaferFab_TW_g3:SmartXNext,2029-W17,2273,2273,,,2273,2273,2273,2273,2273,False
SmartXNext,WaferFab_TW_g3,IN:leaf_in:WaferFab_TW_g3:SmartXNext,2029-W18,2292,2292,,,2292,2292,2292,2292,2292,False
SmartXNext,WaferFab_TW_g3,IN:leaf_in:WaferFab_TW_g3:SmartXNext,2029-W19,2311,2311,,,2311,2311,2311,2311,2311,False
SmartXNext,WaferFab_TW_g3,IN:leaf_in:WaferFab_TW_g3:SmartXNext,2029-W20,2330,2330,,,2330,2330,2330,2330,2330,False
SmartXNext,WaferFab_TW_g3,IN:leaf_in:WaferFab_TW_g3:SmartXNext,2029-W21,2348,2348,,,2348,2348,2348,2348,2348,False
SmartXNext,WaferFab_TW_g3,IN:leaf_in:WaferFab_TW_g3:SmartXNext,2029-W22,2365,2365,,,2365,2365,2365,2365,2365,False
SmartXNext,WaferFab_TW_g3,IN:leaf_in:WaferFab_TW_g3:SmartXNext,2029-W23,2385,2385,,,2385,2385,2385,2385,2385,False
SmartXNext,WaferFab_TW_g3,IN:leaf_in:WaferFab_TW_g3:SmartXNext,2029-W24,2403,2403,,,2403,2403,2403,2403,2403,False
SmartXNext,WaferFab_TW_g3,IN:leaf_in:WaferFab_TW_g3:SmartXNext,2029-W25,2423,2423,,,2423,2423,2423,2423,2423,False
SmartXNext,WaferFab_TW_g3,IN:leaf_in:WaferFab_TW_g3:SmartXNext,2029-W26,2440,2440,,,2440,2440,2440,2440,2440,False
SmartXNext,WaferFab_TW_g3,IN:leaf_in:WaferFab_TW_g3:SmartXNext,2029-W27,2458,2458,,,2458,2458,2458,2458,2458,False
SmartXNext,WaferFab_TW_g3,IN:leaf_in:WaferFab_TW_g3:SmartXNext,2029-W28,2477,2477,,,2477,2477,2477,2477,2477,False
SmartXNext,WaferFab_TW_g3,IN:leaf_in:WaferFab_TW_g3:SmartXNext,2029-W29,2496,2496,,,2496,2496,2496,2496,2496,False
SmartXNext,WaferFab_TW_g3,IN:leaf_in:WaferFab_TW_g3:SmartXNext,2029-W30,2515,2515,,,2515,2515,2515,2515,2515,False
SmartXNext,WaferFab_TW_g3,IN:leaf_in:WaferFab_TW_g3:SmartXNext,2029-W31,2533,2533,,,2533,2533,2533,2533,2533,False
SmartXNext,WaferFab_TW_g3,IN:leaf_in:WaferFab_TW_g3:SmartXNext,2029-W32,2552,2552,,,2552,2552,2552,2552,2552,False
SmartXNext,WaferFab_TW_g3,IN:leaf_in:WaferFab_TW_g3:SmartXNext,2029-W33,2570,2570,,,2570,2570,2570,2570,2570,False
SmartXNext,WaferFab_TW_g3,IN:leaf_in:WaferFab_TW_g3:SmartXNext,2029-W34,2588,2588,,,2588,2588,2588,2588,2588,False
SmartXNext,WaferFab_TW_g3,IN:leaf_in:WaferFab_TW_g3:SmartXNext,2029-W35,2608,2608,,,2608,2608,2608,2608,2608,False
SmartXNext,WaferFab_TW_g3,IN:leaf_in:WaferFab_TW_g3:SmartXNext,2029-W36,2625,2625,,,2625,2625,2625,2625,2625,False
SmartXNext,WaferFab_TW_g3,IN:leaf_in:WaferFab_TW_g3:SmartXNext,2029-W37,2645,2645,,,2645,2645,2645,2645,2645,False
SmartXNext,WaferFab_TW_g3,IN:leaf_in:WaferFab_TW_g3:SmartXNext,2029-W38,2662,2662,,,2662,2662,2662,2662,2662,False
SmartXNext,WaferFab_TW_g3,IN:leaf_in:WaferFab_TW_g3:SmartXNext,2029-W39,2681,2681,,,2681,2681,2681,2681,2681,False
SmartXNext,WaferFab_TW_g3,IN:leaf_in:WaferFab_TW_g3:SmartXNext,2029-W40,2700,2700,,,2700,2700,2700,2700,2700,False
SmartXNext,WaferFab_TW_g3,IN:leaf_in:WaferFab_TW_g3:SmartXNext,2029-W41,2718,2718,,,2718,2718,2718,2718,2718,False
SmartXNext,WaferFab_TW_g3,IN:leaf_in:WaferFab_TW_g3:SmartXNext,2029-W42,2737,2737,,,2737,2737,2737,2737,2737,False
SmartXNext,WaferFab_TW_g3,IN:leaf_in:WaferFab_TW_g3:SmartXNext,2029-W43,2757,2757,,,2757,2757,2757,2757,2757,False
SmartXNext,WaferFab_TW_g3,IN:leaf_in:WaferFab_TW_g3:SmartXNext,2029-W44,2781,2781,,,2781,2781,2781,2781,2781,False
SmartXNext,WaferFab_TW_g3,IN:leaf_in:WaferFab_TW_g3:SmartXNext,2029-W45,2804,2804,,,2804,2804,2804,2804,2804,False
SmartXNext,WaferFab_TW_g3,IN:leaf_in:WaferFab_TW_g3:SmartXNext,2029-W46,2829,2829,,,2829,2829,2829,2829,2829,False
SmartXNext,WaferFab_TW_g3,IN:leaf_in:WaferFab_TW_g3:SmartXNext,2029-W47,2853,2853,,,2853,2853,2853,2853,2853,False
SmartXNext,WaferFab_TW_g3,IN:leaf_in:WaferFab_TW_g3:SmartXNext,2029-W48,2876,2876,,,2876,2876,2876,2876,2876,False
SmartXNext,WaferFab_TW_g3,IN:leaf_in:WaferFab_TW_g3:SmartXNext,2029-W49,2901,2901,,,2901,2901,2901,2901,2901,False
SmartXNext,WaferFab_TW_g3,IN:leaf_in:WaferFab_TW_g3:SmartXNext,2029-W50,2925,2925,,,2925,2925,2925,2925,2925,False
SmartXNext,WaferFab_TW_g3,IN:leaf_in:WaferFab_TW_g3:SmartXNext,2029-W51,2950,2950,,,2950,2950,2950,2950,2950,False
SmartXNext,WaferFab_TW_g3,IN:leaf_in:WaferFab_TW_g3:SmartXNext,2029-W52,2973,2973,,,2973,2973,2973,2973,2973,False
SmartXNext,WaferFab_TW_g3,IN:leaf_in:WaferFab_TW_g3:SmartXNext,2030-W01,2997,2997,,,2997,2997,2997,2997,2997,False
SmartXNext,WaferFab_TW_g3,IN:leaf_in:WaferFab_TW_g3:SmartXNext,2030-W02,3022,3022,,,3022,3022,3022,3022,3022,False
SmartXNext,WaferFab_TW_g3,IN:leaf_in:WaferFab_TW_g3:SmartXNext,2030-W03,9208,9208,,,9208,9208,9208,9208,9208,False
SmartXNext,WaferFab_TW_g3,IN:leaf_in:WaferFab_TW_g3:SmartXNext,2030-W04,3117,3117,,,3117,3117,3117,3117,3117,False
SmartXNext,WaferFab_TW_g3,IN:leaf_in:WaferFab_TW_g3:SmartXNext,2030-W05,0,0,0.0,0.0,0,0,0,0,0,False
SmartXNext,WaferFab_TW_g3,IN:leaf_in:WaferFab_TW_g3:SmartXNext,2030-W06,0,0,0.0,0.0,0,0,0,0,0,False
SmartXNext,WaferFab_TW_g3,IN:leaf_in:WaferFab_TW_g3:SmartXNext,2030-W07,3141,3141,,,3141,3141,3141,3141,3141,False
SmartXNext,WaferFab_TW_g3,IN:leaf_in:WaferFab_TW_g3:SmartXNext,2030-W08,3165,3165,,,3165,3165,3165,3165,3165,False
SmartXNext,WaferFab_TW_g3,IN:leaf_in:WaferFab_TW_g3:SmartXNext,2030-W09,3189,3189,,,3189,3189,3189,3189,3189,False
SmartXNext,WaferFab_TW_g3,IN:leaf_in:WaferFab_TW_g3:SmartXNext,2030-W10,3214,3214,,,3214,3214,3214,3214,3214,False
SmartXNext,WaferFab_TW_g3,IN:leaf_in:WaferFab_TW_g3:SmartXNext,2030-W11,3237,3237,,,3237,3237,3237,3237,3237,False
SmartXNext,WaferFab_TW_g3,IN:leaf_in:WaferFab_TW_g3:SmartXNext,2030-W12,3262,3262,,,3262,3262,3262,3262,3262,False
SmartXNext,WaferFab_TW_g3,IN:leaf_in:WaferFab_TW_g3:SmartXNext,2030-W13,3286,3286,,,3286,3286,3286,3286,3286,False
SmartXNext,WaferFab_TW_g3,IN:leaf_in:WaferFab_TW_g3:SmartXNext,2030-W14,3310,3310,,,3310,3310,3310,3310,3310,False
SmartXNext,WaferFab_TW_g3,IN:leaf_in:WaferFab_TW_g3:SmartXNext,2030-W15,3334,3334,,,3334,3334,3334,3334,3334,False
SmartXNext,WaferFab_TW_g3,IN:leaf_in:WaferFab_TW_g3:SmartXNext,2030-W16,3357,3357,,,3357,3357,3357,3357,3357,False
SmartXNext,WaferFab_TW_g3,IN:leaf_in:WaferFab_TW_g3:SmartXNext,2030-W17,3368,3368,,,3368,3368,3368,3368,3368,False
SmartXNext,WaferFab_TW_g3,IN:leaf_in:WaferFab_TW_g3:SmartXNext,2030-W18,3345,3345,,,3345,3345,3345,3345,3345,False
SmartXNext,WaferFab_TW_g3,IN:leaf_in:WaferFab_TW_g3:SmartXNext,2030-W19,3326,3326,,,3326,3326,3326,3326,3326,False
SmartXNext,WaferFab_TW_g3,IN:leaf_in:WaferFab_TW_g3:SmartXNext,2030-W20,3305,3305,,,3305,3305,3305,3305,3305,False
SmartXNext,WaferFab_TW_g3,IN:leaf_in:WaferFab_TW_g3:SmartXNext,2030-W21,3286,3286,,,3286,3286,3286,3286,3286,False
SmartXNext,WaferFab_TW_g3,IN:leaf_in:WaferFab_TW_g3:SmartXNext,2030-W22,3266,3266,,,3266,3266,3266,3266,3266,False
SmartXNext,WaferFab_TW_g3,IN:leaf_in:WaferFab_TW_g3:SmartXNext,2030-W23,3246,3246,,,3246,3246,3246,3246,3246,False
SmartXNext,WaferFab_TW_g3,IN:leaf_in:WaferFab_TW_g3:SmartXNext,2030-W24,3226,3226,,,3226,3226,3226,3226,3226,False
SmartXNext,WaferFab_TW_g3,IN:leaf_in:WaferFab_TW_g3:SmartXNext,2030-W25,3207,3207,,,3207,3207,3207,3207,3207,False
SmartXNext,WaferFab_TW_g3,IN:leaf_in:WaferFab_TW_g3:SmartXNext,2030-W26,3187,3187,,,3187,3187,3187,3187,3187,False
SmartXNext,WaferFab_TW_g3,IN:leaf_in:WaferFab_TW_g3:SmartXNext,2030-W27,3168,3168,,,3168,3168,3168,3168,3168,False
SmartXNext,WaferFab_TW_g3,IN:leaf_in:WaferFab_TW_g3:SmartXNext,2030-W28,3147,3147,,,3147,3147,3147,3147,3147,False
SmartXNext,WaferFab_TW_g3,IN:leaf_in:WaferFab_TW_g3:SmartXNext,2030-W29,3128,3128,,,3128,3128,3128,3128,3128,False
SmartXNext,WaferFab_TW_g3,IN:leaf_in:WaferFab_TW_g3:SmartXNext,2030-W30,3107,3107,,,3107,3107,3107,3107,3107,False
SmartXNext,WaferFab_TW_g3,IN:leaf_in:WaferFab_TW_g3:SmartXNext,2030-W31,3087,3087,,,3087,3087,3087,3087,3087,False
SmartXNext,WaferFab_TW_g3,IN:leaf_in:WaferFab_TW_g3:SmartXNext,2030-W32,3068,3068,,,3068,3068,3068,3068,3068,False
SmartXNext,WaferFab_TW_g3,IN:leaf_in:WaferFab_TW_g3:SmartXNext,2030-W33,3047,3047,,,3047,3047,3047,3047,3047,False
SmartXNext,WaferFab_TW_g3,IN:leaf_in:WaferFab_TW_g3:SmartXNext,2030-W34,3028,3028,,,3028,3028,3028,3028,3028,False
SmartXNext,WaferFab_TW_g3,IN:leaf_in:WaferFab_TW_g3:SmartXNext,2030-W35,3008,3008,,,3008,3008,3008,3008,3008,False
SmartXNext,WaferFab_TW_g3,IN:leaf_in:WaferFab_TW_g3:SmartXNext,2030-W36,2989,2989,,,2989,2989,2989,2989,2989,False
SmartXNext,WaferFab_TW_g3,IN:leaf_in:WaferFab_TW_g3:SmartXNext,2030-W37,2969,2969,,,2969,2969,2969,2969,2969,False
SmartXNext,WaferFab_TW_g3,IN:leaf_in:WaferFab_TW_g3:SmartXNext,2030-W38,2950,2950,,,2950,2950,2950,2950,2950,False
SmartXNext,WaferFab_TW_g3,IN:leaf_in:WaferFab_TW_g3:SmartXNext,2030-W39,2929,2929,,,2929,2929,2929,2929,2929,False
SmartXNext,WaferFab_TW_g3,IN:leaf_in:WaferFab_TW_g3:SmartXNext,2030-W40,2910,2910,,,2910,2910,2910,2910,2910,False
SmartXNext,WaferFab_TW_g3,IN:leaf_in:WaferFab_TW_g3:SmartXNext,2030-W41,2889,2889,,,2889,2889,2889,2889,2889,False
SmartXNext,WaferFab_TW_g3,IN:leaf_in:WaferFab_TW_g3:SmartXNext,2030-W42,2070,2070,,,2070,2070,2070,2070,2070,False
SmartXNext,WaferFab_TW_g3,IN:leaf_in:WaferFab_TW_g3:SmartXNext,2030-W43,0,0,,,0,0,0,0,0,False
SmartXNext,WaferFab_TW_g3,IN:leaf_in:WaferFab_TW_g3:SmartXNext,2030-W44,0,0,,,0,0,0,0,0,False
SmartXNext,WaferFab_TW_g3,IN:leaf_in:WaferFab_TW_g3:SmartXNext,2030-W45,0,0,,,0,0,0,0,0,False
SmartXNext,WaferFab_TW_g3,IN:leaf_in:WaferFab_TW_g3:SmartXNext,2030-W46,0,0,,,0,0,0,0,0,False
SmartXNext,WaferFab_TW_g3,IN:leaf_in:WaferFab_TW_g3:SmartXNext,2030-W47,0,0,,,0,0,0,0,0,False
SmartXNext,WaferFab_TW_g3,IN:leaf_in:WaferFab_TW_g3:SmartXNext,2030-W48,0,0,,,0,0,0,0,0,False
SmartXNext,WaferFab_TW_g3,IN:leaf_in:WaferFab_TW_g3:SmartXNext,2030-W49,0,0,,,0,0,0,0,0,False
SmartXNext,WaferFab_TW_g3,IN:leaf_in:WaferFab_TW_g3:SmartXNext,2030-W50,0,0,,,0,0,0,0,0,False
SmartXNext,WaferFab_TW_g3,IN:leaf_in:WaferFab_TW_g3:SmartXNext,2030-W51,0,0,,,0,0,0,0,0,False
SmartXNext,WaferFab_TW_g3,IN:leaf_in:WaferFab_TW_g3:SmartXNext,2030-W52,0,0,,,0,0,0,0,0,False
SmartXPro_CN,AssemblyCN,IN:mom:AssemblyCN:SmartXPro_CN,2025-W36,0,0,1350.0,0.0,0,0,0,0,0,False
SmartXPro_CN,AssemblyCN,IN:mom:AssemblyCN:SmartXPro_CN,2025-W37,0,0,1350.0,0.0,0,0,0,0,0,False
SmartXPro_CN,AssemblyCN,IN:mom:AssemblyCN:SmartXPro_CN,2025-W38,0,0,1350.0,0.0,0,0,0,0,0,False
SmartXPro_CN,AssemblyCN,IN:mom:AssemblyCN:SmartXPro_CN,2025-W39,0,0,1350.0,0.0,0,0,0,0,0,False
SmartXPro_CN,AssemblyCN,IN:mom:AssemblyCN:SmartXPro_CN,2025-W40,0,0,1350.0,0.0,0,0,0,0,0,False
SmartXPro_CN,AssemblyCN,IN:mom:AssemblyCN:SmartXPro_CN,2025-W41,0,0,1350.0,0.0,0,0,0,0,0,False
SmartXPro_CN,AssemblyCN,IN:mom:AssemblyCN:SmartXPro_CN,2025-W42,0,0,1350.0,0.0,0,0,0,0,0,False
SmartXPro_CN,AssemblyCN,IN:mom:AssemblyCN:SmartXPro_CN,2025-W43,0,0,1350.0,0.0,0,0,0,0,0,False
SmartXPro_CN,AssemblyCN,IN:mom:AssemblyCN:SmartXPro_CN,2025-W44,0,0,1350.0,0.0,0,0,0,0,0,False
SmartXPro_CN,AssemblyCN,IN:mom:AssemblyCN:SmartXPro_CN,2025-W45,0,0,1350.0,0.0,0,0,0,0,0,False
SmartXPro_CN,AssemblyCN,IN:mom:AssemblyCN:SmartXPro_CN,2025-W46,0,0,1350.0,0.0,0,0,0,0,0,False
SmartXPro_CN,AssemblyCN,IN:mom:AssemblyCN:SmartXPro_CN,2025-W47,0,0,1350.0,0.0,0,0,0,0,0,False
SmartXPro_CN,AssemblyCN,IN:mom:AssemblyCN:SmartXPro_CN,2025-W48,0,0,1350.0,0.0,0,0,0,0,0,False
SmartXPro_CN,AssemblyCN,IN:mom:AssemblyCN:SmartXPro_CN,2025-W49,0,0,1350.0,0.0,0,0,0,0,0,False
SmartXPro_CN,AssemblyCN,IN:mom:AssemblyCN:SmartXPro_CN,2025-W50,0,0,1350.0,0.0,0,0,0,0,0,False
SmartXPro_CN,AssemblyCN,IN:mom:AssemblyCN:SmartXPro_CN,2025-W51,0,0,1350.0,0.0,0,0,0,0,0,False
SmartXPro_CN,AssemblyCN,IN:mom:AssemblyCN:SmartXPro_CN,2025-W52,0,0,1350.0,0.0,0,0,0,0,0,False
SmartXPro_CN,AssemblyCN,IN:mom:AssemblyCN:SmartXPro_CN,2026-W01,0,0,1350.0,0.0,0,0,0,0,0,False
SmartXPro_CN,AssemblyCN,IN:mom:AssemblyCN:SmartXPro_CN,2026-W02,0,0,1350.0,0.0,0,0,0,0,0,False
SmartXPro_CN,AssemblyCN,IN:mom:AssemblyCN:SmartXPro_CN,2026-W03,0,0,1350.0,0.0,0,0,0,0,0,False
SmartXPro_CN,AssemblyCN,IN:mom:AssemblyCN:SmartXPro_CN,2026-W04,0,0,1350.0,0.0,0,0,0,0,0,False
SmartXPro_CN,AssemblyCN,IN:mom:AssemblyCN:SmartXPro_CN,2026-W05,0,0,1350.0,0.0,0,0,0,0,0,False
SmartXPro_CN,AssemblyCN,IN:mom:AssemblyCN:SmartXPro_CN,2026-W06,0,0,1350.0,0.0,0,0,0,0,0,False
SmartXPro_CN,AssemblyCN,IN:mom:AssemblyCN:SmartXPro_CN,2026-W07,0,0,1350.0,0.0,0,0,0,0,0,False
SmartXPro_CN,AssemblyCN,IN:mom:AssemblyCN:SmartXPro_CN,2026-W08,0,0,1350.0,0.0,0,0,0,0,0,False
SmartXPro_CN,AssemblyCN,IN:mom:AssemblyCN:SmartXPro_CN,2026-W09,0,0,1350.0,0.0,0,0,0,0,0,False
SmartXPro_CN,AssemblyCN,IN:mom:AssemblyCN:SmartXPro_CN,2026-W10,0,0,1350.0,0.0,0,0,0,0,0,False
SmartXPro_CN,AssemblyCN,IN:mom:AssemblyCN:SmartXPro_CN,2026-W11,0,0,1350.0,0.0,0,0,0,0,0,False
SmartXPro_CN,AssemblyCN,IN:mom:AssemblyCN:SmartXPro_CN,2026-W12,0,0,1350.0,0.0,0,0,0,0,0,False
SmartXPro_CN,AssemblyCN,IN:mom:AssemblyCN:SmartXPro_CN,2026-W13,0,0,1350.0,0.0,0,0,0,0,0,False
SmartXPro_CN,AssemblyCN,IN:mom:AssemblyCN:SmartXPro_CN,2026-W14,0,0,1350.0,0.0,0,0,0,0,0,False
SmartXPro_CN,AssemblyCN,IN:mom:AssemblyCN:SmartXPro_CN,2026-W15,0,0,1350.0,0.0,0,0,0,0,0,False
SmartXPro_CN,AssemblyCN,IN:mom:AssemblyCN:SmartXPro_CN,2026-W16,0,0,1350.0,0.0,0,0,0,0,0,False
SmartXPro_CN,AssemblyCN,IN:mom:AssemblyCN:SmartXPro_CN,2026-W17,0,0,1350.0,0.0,0,0,0,0,0,False
SmartXPro_CN,AssemblyCN,IN:mom:AssemblyCN:SmartXPro_CN,2026-W18,0,0,1350.0,0.0,0,0,0,0,0,False
SmartXPro_CN,AssemblyCN,IN:mom:AssemblyCN:SmartXPro_CN,2026-W19,0,0,1350.0,0.0,0,0,0,0,0,False
SmartXPro_CN,AssemblyCN,IN:mom:AssemblyCN:SmartXPro_CN,2026-W20,0,0,1350.0,0.0,0,0,0,0,0,False
SmartXPro_CN,AssemblyCN,IN:mom:AssemblyCN:SmartXPro_CN,2026-W21,0,0,1350.0,0.0,0,0,0,0,0,False
SmartXPro_CN,AssemblyCN,IN:mom:AssemblyCN:SmartXPro_CN,2026-W22,0,0,1350.0,0.0,0,0,0,0,0,False
SmartXPro_CN,AssemblyCN,IN:mom:AssemblyCN:SmartXPro_CN,2026-W23,0,0,1350.0,0.0,0,0,0,0,0,False
SmartXPro_CN,AssemblyCN,IN:mom:AssemblyCN:SmartXPro_CN,2026-W24,0,0,1350.0,0.0,0,0,0,0,0,False
SmartXPro_CN,AssemblyCN,IN:mom:AssemblyCN:SmartXPro_CN,2026-W25,0,0,1350.0,0.0,0,0,0,0,0,False
SmartXPro_CN,AssemblyCN,IN:mom:AssemblyCN:SmartXPro_CN,2026-W26,0,0,1350.0,0.0,0,0,0,0,0,False
SmartXPro_CN,AssemblyCN,IN:mom:AssemblyCN:SmartXPro_CN,2026-W27,0,0,1350.0,0.0,0,0,0,0,0,False
SmartXPro_CN,AssemblyCN,IN:mom:AssemblyCN:SmartXPro_CN,2026-W28,0,0,1350.0,0.0,0,0,0,0,0,False
SmartXPro_CN,AssemblyCN,IN:mom:AssemblyCN:SmartXPro_CN,2026-W29,0,0,1350.0,0.0,0,0,0,0,0,False
SmartXPro_CN,AssemblyCN,IN:mom:AssemblyCN:SmartXPro_CN,2026-W30,0,0,1350.0,0.0,0,0,0,0,0,False
SmartXPro_CN,AssemblyCN,IN:mom:AssemblyCN:SmartXPro_CN,2026-W31,0,0,1350.0,0.0,0,0,0,0,0,False
SmartXPro_CN,AssemblyCN,IN:mom:AssemblyCN:SmartXPro_CN,2026-W32,0,0,1350.0,0.0,0,0,0,0,0,False
SmartXPro_CN,AssemblyCN,IN:mom:AssemblyCN:SmartXPro_CN,2026-W33,0,0,1350.0,0.0,0,0,0,0,0,False
SmartXPro_CN,AssemblyCN,IN:mom:AssemblyCN:SmartXPro_CN,2026-W34,0,0,1350.0,0.0,0,0,0,0,0,False
SmartXPro_CN,AssemblyCN,IN:mom:AssemblyCN:SmartXPro_CN,2026-W35,0,0,1350.0,0.0,0,0,0,0,0,False
SmartXPro_CN,AssemblyCN,IN:mom:AssemblyCN:SmartXPro_CN,2026-W36,0,0,1350.0,0.0,0,0,0,0,0,False
SmartXPro_CN,AssemblyCN,IN:mom:AssemblyCN:SmartXPro_CN,2026-W37,0,0,1350.0,0.0,0,0,0,0,0,False
SmartXPro_CN,AssemblyCN,IN:mom:AssemblyCN:SmartXPro_CN,2026-W38,0,0,1350.0,0.0,0,0,0,0,0,False
SmartXPro_CN,AssemblyCN,IN:mom:AssemblyCN:SmartXPro_CN,2026-W39,0,0,1350.0,0.0,0,0,0,0,0,False
SmartXPro_CN,AssemblyCN,IN:mom:AssemblyCN:SmartXPro_CN,2026-W40,0,0,1350.0,0.0,0,0,0,0,0,False
SmartXPro_CN,AssemblyCN,IN:mom:AssemblyCN:SmartXPro_CN,2026-W41,0,0,1350.0,0.0,0,0,0,0,0,False
SmartXPro_CN,AssemblyCN,IN:mom:AssemblyCN:SmartXPro_CN,2026-W42,0,0,1350.0,0.0,0,0,0,0,0,False
SmartXPro_CN,AssemblyCN,IN:mom:AssemblyCN:SmartXPro_CN,2026-W43,0,0,1350.0,0.0,0,0,0,0,0,False
SmartXPro_CN,AssemblyCN,IN:mom:AssemblyCN:SmartXPro_CN,2026-W44,0,0,1350.0,0.0,0,0,0,0,0,False
SmartXPro_CN,AssemblyCN,IN:mom:AssemblyCN:SmartXPro_CN,2026-W45,0,0,1350.0,0.0,0,0,0,0,0,False
SmartXPro_CN,AssemblyCN,IN:mom:AssemblyCN:SmartXPro_CN,2026-W46,0,0,1350.0,0.0,0,0,0,0,0,False
SmartXPro_CN,AssemblyCN,IN:mom:AssemblyCN:SmartXPro_CN,2026-W47,0,0,1350.0,0.0,0,0,0,0,0,False
SmartXPro_CN,AssemblyCN,IN:mom:AssemblyCN:SmartXPro_CN,2026-W48,0,0,1350.0,0.0,0,0,0,0,0,False
SmartXPro_CN,AssemblyCN,IN:mom:AssemblyCN:SmartXPro_CN,2026-W49,0,0,1350.0,0.0,0,0,0,0,0,False
SmartXPro_CN,AssemblyCN,IN:mom:AssemblyCN:SmartXPro_CN,2026-W50,630,630,1350.0,0.0,630,0,630,630,630,False
SmartXPro_CN,AssemblyCN,IN:mom:AssemblyCN:SmartXPro_CN,2026-W51,1350,1350,1350.0,0.0,1350,0,1350,1350,1350,False
SmartXPro_CN,AssemblyCN,IN:mom:AssemblyCN:SmartXPro_CN,2026-W52,1350,1350,1350.0,0.0,1350,0,1350,1350,1350,False
SmartXPro_CN,AssemblyCN,IN:mom:AssemblyCN:SmartXPro_CN,2026-W53,1350,1350,1350.0,0.0,1350,0,1350,1350,1350,False
SmartXPro_CN,AssemblyCN,IN:mom:AssemblyCN:SmartXPro_CN,2027-W01,1350,1350,1350.0,0.0,1350,0,1350,1350,1350,False
SmartXPro_CN,AssemblyCN,IN:mom:AssemblyCN:SmartXPro_CN,2027-W02,1350,1350,1350.0,0.0,1350,0,1350,1350,1350,False
SmartXPro_CN,AssemblyCN,IN:mom:AssemblyCN:SmartXPro_CN,2027-W03,1350,1350,1350.0,0.0,1350,0,1350,1350,1350,False
SmartXPro_CN,AssemblyCN,IN:mom:AssemblyCN:SmartXPro_CN,2027-W04,1350,1350,1350.0,0.0,1350,0,1350,1350,1350,False
SmartXPro_CN,AssemblyCN,IN:mom:AssemblyCN:SmartXPro_CN,2027-W05,1350,1350,1350.0,0.0,1350,0,1350,1350,1350,False
SmartXPro_CN,AssemblyCN,IN:mom:AssemblyCN:SmartXPro_CN,2027-W06,1350,1350,1350.0,0.0,1350,0,1350,1350,1350,False
SmartXPro_CN,AssemblyCN,IN:mom:AssemblyCN:SmartXPro_CN,2027-W07,1350,1350,1350.0,0.0,1350,0,1350,1350,1350,False
SmartXPro_CN,AssemblyCN,IN:mom:AssemblyCN:SmartXPro_CN,2027-W08,1350,1350,1350.0,0.0,1350,0,1350,1350,1350,False
SmartXPro_CN,AssemblyCN,IN:mom:AssemblyCN:SmartXPro_CN,2027-W09,1350,1350,1350.0,0.0,1350,0,1350,1350,1350,False
SmartXPro_CN,AssemblyCN,IN:mom:AssemblyCN:SmartXPro_CN,2027-W10,1350,1350,1350.0,0.0,1350,0,1350,1350,1350,False
SmartXPro_CN,AssemblyCN,IN:mom:AssemblyCN:SmartXPro_CN,2027-W11,1350,1350,1350.0,0.0,1350,0,1350,1350,1350,False
SmartXPro_CN,AssemblyCN,IN:mom:AssemblyCN:SmartXPro_CN,2027-W12,1350,1350,1350.0,0.0,1350,0,1350,1350,1350,False
SmartXPro_CN,AssemblyCN,IN:mom:AssemblyCN:SmartXPro_CN,2027-W13,1350,1350,1350.0,0.0,1350,0,1350,1350,1350,False
SmartXPro_CN,AssemblyCN,IN:mom:AssemblyCN:SmartXPro_CN,2027-W14,1350,1350,1350.0,0.0,1350,0,1350,1350,1350,False
SmartXPro_CN,AssemblyCN,IN:mom:AssemblyCN:SmartXPro_CN,2027-W15,1350,1350,1350.0,0.0,1350,0,1350,1350,1350,False
SmartXPro_CN,AssemblyCN,IN:mom:AssemblyCN:SmartXPro_CN,2027-W16,1350,1350,1350.0,0.0,1350,0,1350,1350,1350,False
SmartXPro_CN,AssemblyCN,IN:mom:AssemblyCN:SmartXPro_CN,2027-W17,1350,1350,1350.0,0.0,1350,0,1350,1350,1350,False
SmartXPro_CN,AssemblyCN,IN:mom:AssemblyCN:SmartXPro_CN,2027-W18,1350,1350,1350.0,0.0,1350,0,1350,1350,1350,False
SmartXPro_CN,AssemblyCN,IN:mom:AssemblyCN:SmartXPro_CN,2027-W19,1350,1350,1350.0,0.0,1350,0,1350,1350,1350,False
SmartXPro_CN,AssemblyCN,IN:mom:AssemblyCN:SmartXPro_CN,2027-W20,1350,1350,1350.0,0.0,1350,0,1350,1350,1350,False
SmartXPro_CN,AssemblyCN,IN:mom:AssemblyCN:SmartXPro_CN,2027-W21,1350,1350,1350.0,0.0,1350,0,1350,1350,1350,False
SmartXPro_CN,AssemblyCN,IN:mom:AssemblyCN:SmartXPro_CN,2027-W22,1350,1350,1350.0,0.0,1350,0,1350,1350,1350,False
SmartXPro_CN,AssemblyCN,IN:mom:AssemblyCN:SmartXPro_CN,2027-W23,1347,1347,1350.0,0.0,1347,0,1347,1347,1347,False
SmartXPro_CN,AssemblyCN,IN:mom:AssemblyCN:SmartXPro_CN,2027-W24,1341,1341,1350.0,0.0,1341,0,1341,1341,1341,False
SmartXPro_CN,AssemblyCN,IN:mom:AssemblyCN:SmartXPro_CN,2027-W25,1334,1334,1350.0,0.0,1334,0,1334,1334,1334,False
SmartXPro_CN,AssemblyCN,IN:mom:AssemblyCN:SmartXPro_CN,2027-W26,1327,1327,1350.0,0.0,1327,0,1327,1327,1327,False
SmartXPro_CN,AssemblyCN,IN:mom:AssemblyCN:SmartXPro_CN,2027-W27,1321,1321,1350.0,0.0,1321,0,1321,1321,1321,False
SmartXPro_CN,AssemblyCN,IN:mom:AssemblyCN:SmartXPro_CN,2027-W28,1313,1313,1350.0,0.0,1313,0,1313,1313,1313,False
SmartXPro_CN,AssemblyCN,IN:mom:AssemblyCN:SmartXPro_CN,2027-W29,1306,1306,1350.0,0.0,1306,0,1306,1306,1306,False
SmartXPro_CN,AssemblyCN,IN:mom:AssemblyCN:SmartXPro_CN,2027-W30,1300,1300,1350.0,0.0,1300,0,1300,1300,1300,False
SmartXPro_CN,AssemblyCN,IN:mom:AssemblyCN:SmartXPro_CN,2027-W31,1293,1293,1350.0,0.0,1293,0,1293,1293,1293,False
SmartXPro_CN,AssemblyCN,IN:mom:AssemblyCN:SmartXPro_CN,2027-W32,1287,1287,1350.0,0.0,1287,0,1287,1287,1287,False
SmartXPro_CN,AssemblyCN,IN:mom:AssemblyCN:SmartXPro_CN,2027-W33,1281,1281,1350.0,0.0,1281,0,1281,1281,1281,False
SmartXPro_CN,AssemblyCN,IN:mom:AssemblyCN:SmartXPro_CN,2027-W34,1274,1274,1350.0,0.0,1274,0,1274,1274,1274,False
SmartXPro_CN,AssemblyCN,IN:mom:AssemblyCN:SmartXPro_CN,2027-W35,1267,1267,1350.0,0.0,1267,0,1267,1267,1267,False
SmartXPro_CN,AssemblyCN,IN:mom:AssemblyCN:SmartXPro_CN,2027-W36,1261,1261,1350.0,0.0,1261,0,1261,1261,1261,False
SmartXPro_CN,AssemblyCN,IN:mom:AssemblyCN:SmartXPro_CN,2027-W37,1253,1253,1350.0,0.0,1253,0,1253,1253,1253,False
SmartXPro_CN,AssemblyCN,IN:mom:AssemblyCN:SmartXPro_CN,2027-W38,1246,1246,1350.0,0.0,1246,0,1246,1246,1246,False
SmartXPro_CN,AssemblyCN,IN:mom:AssemblyCN:SmartXPro_CN,2027-W39,1240,1240,1350.0,0.0,1240,0,1240,1240,1240,False
SmartXPro_CN,AssemblyCN,IN:mom:AssemblyCN:SmartXPro_CN,2027-W40,1233,1233,1350.0,0.0,1233,0,1233,1233,1233,False
SmartXPro_CN,AssemblyCN,IN:mom:AssemblyCN:SmartXPro_CN,2027-W41,1227,1227,1350.0,0.0,1227,0,1227,1227,1227,False
SmartXPro_CN,AssemblyCN,IN:mom:AssemblyCN:SmartXPro_CN,2027-W42,1221,1221,1350.0,0.0,1221,0,1221,1221,1221,False
SmartXPro_CN,AssemblyCN,IN:mom:AssemblyCN:SmartXPro_CN,2027-W43,1214,1214,1350.0,0.0,1214,0,1214,1214,1214,False
SmartXPro_CN,AssemblyCN,IN:mom:AssemblyCN:SmartXPro_CN,2027-W44,1207,1207,1350.0,0.0,1207,0,1207,1207,1207,False
SmartXPro_CN,AssemblyCN,IN:mom:AssemblyCN:SmartXPro_CN,2027-W45,1201,1201,1350.0,0.0,1201,0,1201,1201,1201,False
SmartXPro_CN,AssemblyCN,IN:mom:AssemblyCN:SmartXPro_CN,2027-W46,1193,1193,1350.0,0.0,1193,0,1193,1193,1193,False
SmartXPro_CN,AssemblyCN,IN:mom:AssemblyCN:SmartXPro_CN,2027-W47,1186,1186,1350.0,0.0,1186,0,1186,1186,1186,False
SmartXPro_CN,AssemblyCN,IN:mom:AssemblyCN:SmartXPro_CN,2027-W48,1180,1180,1350.0,0.0,1180,0,1180,1180,1180,False
SmartXPro_CN,AssemblyCN,IN:mom:AssemblyCN:SmartXPro_CN,2027-W49,1169,1169,1350.0,0.0,1169,0,1169,1169,1169,False
SmartXPro_CN,AssemblyCN,IN:mom:AssemblyCN:SmartXPro_CN,2027-W50,1159,1159,1350.0,0.0,1159,0,1159,1159,1159,False
SmartXPro_CN,AssemblyCN,IN:mom:AssemblyCN:SmartXPro_CN,2027-W51,1152,1152,1350.0,0.0,1152,0,1152,1152,1152,False
SmartXPro_CN,AssemblyCN,IN:mom:AssemblyCN:SmartXPro_CN,2027-W52,1146,1146,1350.0,0.0,1146,0,1146,1146,1146,False
SmartXPro_CN,AssemblyCN,IN:mom:AssemblyCN:SmartXPro_CN,2028-W01,1138,1138,1350.0,0.0,1138,0,1138,1138,1138,False
SmartXPro_CN,AssemblyCN,IN:mom:AssemblyCN:SmartXPro_CN,2028-W02,1131,1131,1350.0,0.0,1131,0,1131,1131,1131,False
SmartXPro_CN,AssemblyCN,IN:mom:AssemblyCN:SmartXPro_CN,2028-W03,1123,1123,1350.0,0.0,1123,0,1123,1123,1123,False
SmartXPro_CN,AssemblyCN,IN:mom:AssemblyCN:SmartXPro_CN,2028-W04,1116,1116,1350.0,0.0,1116,0,1116,1116,1116,False
SmartXPro_CN,AssemblyCN,IN:mom:AssemblyCN:SmartXPro_CN,2028-W05,1109,1109,1350.0,0.0,1109,0,1109,1109,1109,False
SmartXPro_CN,AssemblyCN,IN:mom:AssemblyCN:SmartXPro_CN,2028-W06,1102,1102,1350.0,0.0,1102,0,1102,1102,1102,False
SmartXPro_CN,AssemblyCN,IN:mom:AssemblyCN:SmartXPro_CN,2028-W07,1095,1095,1350.0,0.0,1097,0,1097,1097,1097,False
SmartXPro_CN,AssemblyCN,IN:mom:AssemblyCN:SmartXPro_CN,2028-W08,1087,1087,1350.0,0.0,1350,1350,1350,1350,1350,False
SmartXPro_CN,AssemblyCN,IN:mom:AssemblyCN:SmartXPro_CN,2028-W09,1080,1080,1350.0,0.0,1350,1350,1350,1350,1350,False
SmartXPro_CN,AssemblyCN,IN:mom:AssemblyCN:SmartXPro_CN,2028-W10,1073,1073,1350.0,0.0,1350,1350,1350,1350,1350,False
SmartXPro_CN,AssemblyCN,IN:mom:AssemblyCN:SmartXPro_CN,2028-W11,1066,1066,1350.0,0.0,1350,1350,1350,1350,1350,False
SmartXPro_CN,AssemblyCN,IN:mom:AssemblyCN:SmartXPro_CN,2028-W12,1058,1058,1350.0,0.0,1350,1350,1350,1350,1350,False
SmartXPro_CN,AssemblyCN,IN:mom:AssemblyCN:SmartXPro_CN,2028-W13,1051,1051,1350.0,0.0,1350,1350,1350,1350,1350,False
SmartXPro_CN,AssemblyCN,IN:mom:AssemblyCN:SmartXPro_CN,2028-W14,1043,1043,901.0,142.0,901,901,901,901,901,False
SmartXPro_CN,AssemblyCN,IN:mom:AssemblyCN:SmartXPro_CN,2028-W15,1036,1036,901.0,135.0,901,901,901,901,901,False
SmartXPro_CN,AssemblyCN,IN:mom:AssemblyCN:SmartXPro_CN,2028-W16,1030,1030,901.0,129.0,901,901,901,901,901,False
SmartXPro_CN,AssemblyCN,IN:mom:AssemblyCN:SmartXPro_CN,2028-W17,1022,1022,901.0,121.0,901,901,901,901,901,False
SmartXPro_CN,AssemblyCN,IN:mom:AssemblyCN:SmartXPro_CN,2028-W18,1015,1015,901.0,114.0,901,901,901,901,901,False
SmartXPro_CN,AssemblyCN,IN:mom:AssemblyCN:SmartXPro_CN,2028-W19,1007,1007,901.0,106.0,901,901,901,901,901,False
SmartXPro_CN,AssemblyCN,IN:mom:AssemblyCN:SmartXPro_CN,2028-W20,1000,1000,901.0,99.0,901,901,901,901,901,False
SmartXPro_CN,AssemblyCN,IN:mom:AssemblyCN:SmartXPro_CN,2028-W21,993,993,901.0,92.0,901,901,901,901,901,False
SmartXPro_CN,AssemblyCN,IN:mom:AssemblyCN:SmartXPro_CN,2028-W22,986,986,901.0,85.0,901,901,901,901,901,False
SmartXPro_CN,AssemblyCN,IN:mom:AssemblyCN:SmartXPro_CN,2028-W23,976,976,901.0,75.0,901,901,901,901,901,False
SmartXPro_CN,AssemblyCN,IN:mom:AssemblyCN:SmartXPro_CN,2028-W24,967,967,901.0,66.0,901,901,901,901,901,False
SmartXPro_CN,AssemblyCN,IN:mom:AssemblyCN:SmartXPro_CN,2028-W25,961,961,901.0,60.0,901,901,901,901,901,False
SmartXPro_CN,AssemblyCN,IN:mom:AssemblyCN:SmartXPro_CN,2028-W26,955,955,901.0,54.0,901,901,901,901,901,False
SmartXPro_CN,AssemblyCN,IN:mom:AssemblyCN:SmartXPro_CN,2028-W27,950,950,901.0,49.0,901,901,901,901,901,False
SmartXPro_CN,AssemblyCN,IN:mom:AssemblyCN:SmartXPro_CN,2028-W28,945,945,901.0,44.0,901,901,901,901,901,False
SmartXPro_CN,AssemblyCN,IN:mom:AssemblyCN:SmartXPro_CN,2028-W29,939,939,901.0,38.0,901,901,901,901,901,False
SmartXPro_CN,AssemblyCN,IN:mom:AssemblyCN:SmartXPro_CN,2028-W30,933,933,901.0,32.0,901,901,901,901,901,False
SmartXPro_CN,AssemblyCN,IN:mom:AssemblyCN:SmartXPro_CN,2028-W31,928,928,901.0,27.0,901,901,901,901,901,False
SmartXPro_CN,AssemblyCN,IN:mom:AssemblyCN:SmartXPro_CN,2028-W32,923,923,901.0,22.0,901,901,901,901,901,False
SmartXPro_CN,AssemblyCN,IN:mom:AssemblyCN:SmartXPro_CN,2028-W33,916,916,901.0,15.0,901,901,901,901,901,False
SmartXPro_CN,AssemblyCN,IN:mom:AssemblyCN:SmartXPro_CN,2028-W34,911,911,901.0,10.0,901,901,901,901,901,False
SmartXPro_CN,AssemblyCN,IN:mom:AssemblyCN:SmartXPro_CN,2028-W35,906,906,901.0,5.0,901,901,901,901,901,False
SmartXPro_CN,AssemblyCN,IN:mom:AssemblyCN:SmartXPro_CN,2028-W36,901,901,901.0,0.0,901,901,901,901,901,False
SmartXPro_CN,AssemblyCN,IN:mom:AssemblyCN:SmartXPro_CN,2028-W37,894,894,901.0,0.0,901,901,901,901,901,False
SmartXPro_CN,AssemblyCN,IN:mom:AssemblyCN:SmartXPro_CN,2028-W38,889,889,901.0,0.0,901,901,901,901,901,False
SmartXPro_CN,AssemblyCN,IN:mom:AssemblyCN:SmartXPro_CN,2028-W39,884,884,901.0,0.0,901,901,901,901,901,False
SmartXPro_CN,AssemblyCN,IN:mom:AssemblyCN:SmartXPro_CN,2028-W40,878,878,901.0,0.0,901,901,901,901,901,False
SmartXPro_CN,AssemblyCN,IN:mom:AssemblyCN:SmartXPro_CN,2028-W41,872,872,901.0,0.0,901,901,901,901,901,False
SmartXPro_CN,AssemblyCN,IN:mom:AssemblyCN:SmartXPro_CN,2028-W42,867,867,901.0,0.0,901,901,901,901,901,False
SmartXPro_CN,AssemblyCN,IN:mom:AssemblyCN:SmartXPro_CN,2028-W43,861,861,901.0,0.0,901,901,901,901,901,False
SmartXPro_CN,AssemblyCN,IN:mom:AssemblyCN:SmartXPro_CN,2028-W44,856,856,901.0,0.0,901,901,901,901,901,False
SmartXPro_CN,AssemblyCN,IN:mom:AssemblyCN:SmartXPro_CN,2028-W45,851,851,901.0,0.0,901,901,901,901,901,False
SmartXPro_CN,AssemblyCN,IN:mom:AssemblyCN:SmartXPro_CN,2028-W46,845,845,901.0,0.0,901,901,901,901,901,False
SmartXPro_CN,AssemblyCN,IN:mom:AssemblyCN:SmartXPro_CN,2028-W47,839,839,901.0,0.0,901,901,901,901,901,False
SmartXPro_CN,AssemblyCN,IN:mom:AssemblyCN:SmartXPro_CN,2028-W48,834,834,901.0,0.0,901,901,901,901,901,False
SmartXPro_CN,AssemblyCN,IN:mom:AssemblyCN:SmartXPro_CN,2028-W49,824,824,901.0,0.0,901,901,901,901,901,False
SmartXPro_CN,AssemblyCN,IN:mom:AssemblyCN:SmartXPro_CN,2028-W50,812,812,901.0,0.0,901,901,901,901,901,False
SmartXPro_CN,AssemblyCN,IN:mom:AssemblyCN:SmartXPro_CN,2028-W51,804,804,901.0,0.0,901,901,901,901,901,False
SmartXPro_CN,AssemblyCN,IN:mom:AssemblyCN:SmartXPro_CN,2028-W52,796,796,901.0,0.0,901,901,901,901,901,False
SmartXPro_CN,AssemblyCN,IN:mom:AssemblyCN:SmartXPro_CN,2029-W01,787,787,901.0,0.0,901,901,901,901,901,False
SmartXPro_CN,AssemblyCN,IN:mom:AssemblyCN:SmartXPro_CN,2029-W02,780,780,901.0,0.0,901,901,901,901,901,False
SmartXPro_CN,AssemblyCN,IN:mom:AssemblyCN:SmartXPro_CN,2029-W03,772,772,901.0,0.0,901,901,901,901,901,False
SmartXPro_CN,AssemblyCN,IN:mom:AssemblyCN:SmartXPro_CN,2029-W04,763,763,901.0,0.0,901,901,901,901,901,False
SmartXPro_CN,AssemblyCN,IN:mom:AssemblyCN:SmartXPro_CN,2029-W05,755,755,901.0,0.0,901,901,901,901,901,False
SmartXPro_CN,AssemblyCN,IN:mom:AssemblyCN:SmartXPro_CN,2029-W06,746,746,901.0,0.0,901,901,901,901,901,False
SmartXPro_CN,AssemblyCN,IN:mom:AssemblyCN:SmartXPro_CN,2029-W07,737,737,901.0,0.0,901,901,901,901,901,False
SmartXPro_CN,AssemblyCN,IN:mom:AssemblyCN:SmartXPro_CN,2029-W08,729,729,901.0,0.0,901,901,901,901,901,False
SmartXPro_CN,AssemblyCN,IN:mom:AssemblyCN:SmartXPro_CN,2029-W09,721,721,901.0,0.0,901,901,901,901,901,False
SmartXPro_CN,AssemblyCN,IN:mom:AssemblyCN:SmartXPro_CN,2029-W10,712,712,901.0,0.0,901,901,901,901,901,False
SmartXPro_CN,AssemblyCN,IN:mom:AssemblyCN:SmartXPro_CN,2029-W11,705,705,901.0,0.0,901,901,901,901,901,False
SmartXPro_CN,AssemblyCN,IN:mom:AssemblyCN:SmartXPro_CN,2029-W12,697,697,901.0,0.0,901,901,901,901,901,False
SmartXPro_CN,AssemblyCN,IN:mom:AssemblyCN:SmartXPro_CN,2029-W13,688,688,901.0,0.0,901,901,901,901,901,False
SmartXPro_CN,AssemblyCN,IN:mom:AssemblyCN:SmartXPro_CN,2029-W14,680,680,451.0,229.0,451,451,451,451,451,False
SmartXPro_CN,AssemblyCN,IN:mom:AssemblyCN:SmartXPro_CN,2029-W15,671,671,451.0,220.0,451,451,451,451,451,False
SmartXPro_CN,AssemblyCN,IN:mom:AssemblyCN:SmartXPro_CN,2029-W16,662,662,451.0,211.0,451,451,451,451,451,False
SmartXPro_CN,AssemblyCN,IN:mom:AssemblyCN:SmartXPro_CN,2029-W17,654,654,451.0,203.0,451,451,451,451,451,False
SmartXPro_CN,AssemblyCN,IN:mom:AssemblyCN:SmartXPro_CN,2029-W18,646,646,451.0,195.0,451,451,451,451,451,False
SmartXPro_CN,AssemblyCN,IN:mom:AssemblyCN:SmartXPro_CN,2029-W19,637,637,451.0,186.0,451,451,451,451,451,False
SmartXPro_CN,AssemblyCN,IN:mom:AssemblyCN:SmartXPro_CN,2029-W20,630,630,451.0,179.0,451,451,451,451,451,False
SmartXPro_CN,AssemblyCN,IN:mom:AssemblyCN:SmartXPro_CN,2029-W21,622,622,451.0,171.0,451,451,451,451,451,False
SmartXPro_CN,AssemblyCN,IN:mom:AssemblyCN:SmartXPro_CN,2029-W22,613,613,451.0,162.0,451,451,451,451,451,False
SmartXPro_CN,AssemblyCN,IN:mom:AssemblyCN:SmartXPro_CN,2029-W23,601,601,451.0,150.0,451,451,451,451,451,False
SmartXPro_CN,AssemblyCN,IN:mom:AssemblyCN:SmartXPro_CN,2029-W24,587,587,451.0,136.0,451,451,451,451,451,False
SmartXPro_CN,AssemblyCN,IN:mom:AssemblyCN:SmartXPro_CN,2029-W25,579,579,451.0,128.0,451,451,451,451,451,False
SmartXPro_CN,AssemblyCN,IN:mom:AssemblyCN:SmartXPro_CN,2029-W26,571,571,451.0,120.0,451,451,451,451,451,False
SmartXPro_CN,AssemblyCN,IN:mom:AssemblyCN:SmartXPro_CN,2029-W27,562,562,451.0,111.0,451,451,451,451,451,False
SmartXPro_CN,AssemblyCN,IN:mom:AssemblyCN:SmartXPro_CN,2029-W28,555,555,451.0,104.0,451,451,451,451,451,False
SmartXPro_CN,AssemblyCN,IN:mom:AssemblyCN:SmartXPro_CN,2029-W29,547,547,451.0,96.0,451,451,451,451,451,False
SmartXPro_CN,AssemblyCN,IN:mom:AssemblyCN:SmartXPro_CN,2029-W30,538,538,451.0,87.0,451,451,451,451,451,False
SmartXPro_CN,AssemblyCN,IN:mom:AssemblyCN:SmartXPro_CN,2029-W31,530,530,451.0,79.0,451,451,451,451,451,False
SmartXPro_CN,AssemblyCN,IN:mom:AssemblyCN:SmartXPro_CN,2029-W32,521,521,451.0,70.0,451,451,451,451,451,False
SmartXPro_CN,AssemblyCN,IN:mom:AssemblyCN:SmartXPro_CN,2029-W33,512,512,451.0,61.0,451,451,451,451,451,False
SmartXPro_CN,AssemblyCN,IN:mom:AssemblyCN:SmartXPro_CN,2029-W34,504,504,451.0,53.0,451,451,451,451,451,False
SmartXPro_CN,AssemblyCN,IN:mom:AssemblyCN:SmartXPro_CN,2029-W35,496,496,451.0,45.0,451,451,451,451,451,False
SmartXPro_CN,AssemblyCN,IN:mom:AssemblyCN:SmartXPro_CN,2029-W36,487,487,451.0,36.0,451,451,451,451,451,False
SmartXPro_CN,AssemblyCN,IN:mom:AssemblyCN:SmartXPro_CN,2029-W37,480,480,451.0,29.0,451,451,451,451,451,False
SmartXPro_CN,AssemblyCN,IN:mom:AssemblyCN:SmartXPro_CN,2029-W38,472,472,451.0,21.0,451,451,451,451,451,False
SmartXPro_CN,AssemblyCN,IN:mom:AssemblyCN:SmartXPro_CN,2029-W39,463,463,451.0,12.0,451,451,451,451,451,False
SmartXPro_CN,AssemblyCN,IN:mom:AssemblyCN:SmartXPro_CN,2029-W40,455,455,451.0,4.0,451,451,451,451,451,False
SmartXPro_CN,AssemblyCN,IN:mom:AssemblyCN:SmartXPro_CN,2029-W41,446,446,451.0,0.0,446,0,446,446,446,False
SmartXPro_CN,AssemblyCN,IN:mom:AssemblyCN:SmartXPro_CN,2029-W42,437,437,451.0,0.0,437,0,437,437,437,False
SmartXPro_CN,AssemblyCN,IN:mom:AssemblyCN:SmartXPro_CN,2029-W43,429,429,451.0,0.0,429,0,429,429,429,False
SmartXPro_CN,AssemblyCN,IN:mom:AssemblyCN:SmartXPro_CN,2029-W44,421,421,451.0,0.0,421,0,421,421,421,False
SmartXPro_CN,AssemblyCN,IN:mom:AssemblyCN:SmartXPro_CN,2029-W45,412,412,451.0,0.0,412,0,412,412,412,False
SmartXPro_CN,AssemblyCN,IN:mom:AssemblyCN:SmartXPro_CN,2029-W46,405,405,451.0,0.0,405,0,405,405,405,False
SmartXPro_CN,AssemblyCN,IN:mom:AssemblyCN:SmartXPro_CN,2029-W47,397,397,451.0,0.0,397,0,397,397,397,False
SmartXPro_CN,AssemblyCN,IN:mom:AssemblyCN:SmartXPro_CN,2029-W48,388,388,451.0,0.0,388,0,388,388,388,False
SmartXPro_CN,AssemblyCN,IN:mom:AssemblyCN:SmartXPro_CN,2029-W49,381,381,451.0,0.0,381,0,381,381,381,False
SmartXPro_CN,AssemblyCN,IN:mom:AssemblyCN:SmartXPro_CN,2029-W50,374,374,451.0,0.0,374,0,374,374,374,False
SmartXPro_CN,AssemblyCN,IN:mom:AssemblyCN:SmartXPro_CN,2029-W51,366,366,451.0,0.0,366,0,366,366,366,False
SmartXPro_CN,AssemblyCN,IN:mom:AssemblyCN:SmartXPro_CN,2029-W52,359,359,451.0,0.0,359,0,359,359,359,False
SmartXPro_CN,AssemblyCN,IN:mom:AssemblyCN:SmartXPro_CN,2030-W01,351,351,451.0,0.0,351,0,351,351,351,False
SmartXPro_CN,AssemblyCN,IN:mom:AssemblyCN:SmartXPro_CN,2030-W02,344,344,451.0,0.0,344,0,344,344,344,False
SmartXPro_CN,AssemblyCN,IN:mom:AssemblyCN:SmartXPro_CN,2030-W03,336,336,451.0,0.0,336,0,336,336,336,False
SmartXPro_CN,AssemblyCN,IN:mom:AssemblyCN:SmartXPro_CN,2030-W04,329,329,451.0,0.0,329,0,329,329,329,False
SmartXPro_CN,AssemblyCN,IN:mom:AssemblyCN:SmartXPro_CN,2030-W05,321,321,451.0,0.0,321,0,321,321,321,False
SmartXPro_CN,AssemblyCN,IN:mom:AssemblyCN:SmartXPro_CN,2030-W06,314,314,451.0,0.0,314,0,314,314,314,False
SmartXPro_CN,AssemblyCN,IN:mom:AssemblyCN:SmartXPro_CN,2030-W07,307,307,451.0,0.0,307,0,307,307,307,False
SmartXPro_CN,AssemblyCN,IN:mom:AssemblyCN:SmartXPro_CN,2030-W08,300,300,451.0,0.0,300,0,300,300,300,False
SmartXPro_CN,AssemblyCN,IN:mom:AssemblyCN:SmartXPro_CN,2030-W09,293,293,451.0,0.0,293,0,293,293,293,False
SmartXPro_CN,AssemblyCN,IN:mom:AssemblyCN:SmartXPro_CN,2030-W10,285,285,451.0,0.0,285,0,285,285,285,False
SmartXPro_CN,AssemblyCN,IN:mom:AssemblyCN:SmartXPro_CN,2030-W11,278,278,451.0,0.0,278,0,278,278,278,False
SmartXPro_CN,AssemblyCN,IN:mom:AssemblyCN:SmartXPro_CN,2030-W12,270,270,451.0,0.0,270,0,270,270,270,False
SmartXPro_CN,AssemblyCN,IN:mom:AssemblyCN:SmartXPro_CN,2030-W13,263,263,451.0,0.0,263,0,263,263,263,False
SmartXPro_CN,AssemblyCN,IN:mom:AssemblyCN:SmartXPro_CN,2030-W14,255,255,,,255,0,255,255,255,False
SmartXPro_CN,AssemblyCN,IN:mom:AssemblyCN:SmartXPro_CN,2030-W15,248,248,,,248,0,248,248,248,False
SmartXPro_CN,AssemblyCN,IN:mom:AssemblyCN:SmartXPro_CN,2030-W16,240,240,,,240,0,240,240,240,False
SmartXPro_CN,AssemblyCN,IN:mom:AssemblyCN:SmartXPro_CN,2030-W17,233,233,,,233,0,233,233,233,False
SmartXPro_CN,AssemblyCN,IN:mom:AssemblyCN:SmartXPro_CN,2030-W18,226,226,,,226,0,226,226,226,False
SmartXPro_CN,AssemblyCN,IN:mom:AssemblyCN:SmartXPro_CN,2030-W19,218,218,,,218,0,218,218,218,False
SmartXPro_CN,AssemblyCN,IN:mom:AssemblyCN:SmartXPro_CN,2030-W20,211,211,,,211,0,211,211,211,False
SmartXPro_CN,AssemblyCN,IN:mom:AssemblyCN:SmartXPro_CN,2030-W21,203,203,,,203,0,203,203,203,False
SmartXPro_CN,AssemblyCN,IN:mom:AssemblyCN:SmartXPro_CN,2030-W22,196,196,,,196,0,196,196,196,False
SmartXPro_CN,AssemblyCN,IN:mom:AssemblyCN:SmartXPro_CN,2030-W23,188,188,,,188,0,188,188,188,False
SmartXPro_CN,AssemblyCN,IN:mom:AssemblyCN:SmartXPro_CN,2030-W24,182,182,,,182,0,182,182,182,False
SmartXPro_CN,AssemblyCN,IN:mom:AssemblyCN:SmartXPro_CN,2030-W25,174,174,,,174,0,174,174,174,False
SmartXPro_CN,AssemblyCN,IN:mom:AssemblyCN:SmartXPro_CN,2030-W26,167,167,,,167,0,167,167,167,False
SmartXPro_CN,AssemblyCN,IN:mom:AssemblyCN:SmartXPro_CN,2030-W27,159,159,,,159,0,159,159,159,False
SmartXPro_CN,AssemblyCN,IN:mom:AssemblyCN:SmartXPro_CN,2030-W28,152,152,,,152,0,152,152,152,False
SmartXPro_CN,AssemblyCN,IN:mom:AssemblyCN:SmartXPro_CN,2030-W29,145,145,,,145,0,145,145,145,False
SmartXPro_CN,AssemblyCN,IN:mom:AssemblyCN:SmartXPro_CN,2030-W30,137,137,,,137,0,137,137,137,False
SmartXPro_CN,AssemblyCN,IN:mom:AssemblyCN:SmartXPro_CN,2030-W31,130,130,,,130,0,130,130,130,False
SmartXPro_CN,AssemblyCN,IN:mom:AssemblyCN:SmartXPro_CN,2030-W32,122,122,,,122,0,122,122,122,False
SmartXPro_CN,AssemblyCN,IN:mom:AssemblyCN:SmartXPro_CN,2030-W33,115,115,,,115,0,115,115,115,False
SmartXPro_CN,AssemblyCN,IN:mom:AssemblyCN:SmartXPro_CN,2030-W34,107,107,,,107,0,107,107,107,False
SmartXPro_CN,AssemblyCN,IN:mom:AssemblyCN:SmartXPro_CN,2030-W35,100,100,,,100,0,100,100,100,False
SmartXPro_CN,AssemblyCN,IN:mom:AssemblyCN:SmartXPro_CN,2030-W36,92,92,,,92,0,92,92,92,False
SmartXPro_CN,AssemblyCN,IN:mom:AssemblyCN:SmartXPro_CN,2030-W37,85,85,,,85,0,85,85,85,False
SmartXPro_CN,AssemblyCN,IN:mom:AssemblyCN:SmartXPro_CN,2030-W38,78,78,,,78,0,78,78,78,False
SmartXPro_CN,AssemblyCN,IN:mom:AssemblyCN:SmartXPro_CN,2030-W39,70,70,,,70,0,70,70,70,False
SmartXPro_CN,AssemblyCN,IN:mom:AssemblyCN:SmartXPro_CN,2030-W40,63,63,,,63,0,63,63,63,False
SmartXPro_CN,AssemblyCN,IN:mom:AssemblyCN:SmartXPro_CN,2030-W41,56,56,,,56,0,56,56,56,False
SmartXPro_CN,AssemblyCN,IN:mom:AssemblyCN:SmartXPro_CN,2030-W42,49,49,,,49,0,49,49,49,False
SmartXPro_CN,AssemblyCN,IN:mom:AssemblyCN:SmartXPro_CN,2030-W43,41,41,,,41,0,41,41,41,False
SmartXPro_CN,AssemblyCN,IN:mom:AssemblyCN:SmartXPro_CN,2030-W44,34,34,,,34,0,34,34,34,False
SmartXPro_CN,AssemblyCN,IN:mom:AssemblyCN:SmartXPro_CN,2030-W45,26,26,,,26,0,26,26,26,False
SmartXPro_CN,AssemblyCN,IN:mom:AssemblyCN:SmartXPro_CN,2030-W46,19,19,,,19,0,19,19,19,False
SmartXPro_CN,AssemblyCN,IN:mom:AssemblyCN:SmartXPro_CN,2030-W47,11,11,,,11,0,11,11,11,False
SmartXPro_CN,AssemblyCN,IN:mom:AssemblyCN:SmartXPro_CN,2030-W48,4,4,,,4,0,4,4,4,False
SmartXPro_CN,AssemblyCN,IN:mom:AssemblyCN:SmartXPro_CN,2030-W49,0,0,,,0,0,0,0,0,False
SmartXPro_CN,AssemblyCN,IN:mom:AssemblyCN:SmartXPro_CN,2030-W50,0,0,,,0,0,0,0,0,False
SmartXPro_CN,AssemblyCN,IN:mom:AssemblyCN:SmartXPro_CN,2030-W51,0,0,,,0,0,0,0,0,False
SmartXPro_CN,AssemblyCN,IN:mom:AssemblyCN:SmartXPro_CN,2030-W52,0,0,,,0,0,0,0,0,False
SmartXPro_CN,FoundryTW,IN:mom:FoundryTW:SmartXPro_CN,2025-W36,0,0,1350.0,0.0,0,0,0,0,0,False
SmartXPro_CN,FoundryTW,IN:mom:FoundryTW:SmartXPro_CN,2025-W37,0,0,1350.0,0.0,0,0,0,0,0,False
SmartXPro_CN,FoundryTW,IN:mom:FoundryTW:SmartXPro_CN,2025-W38,0,0,1350.0,0.0,0,0,0,0,0,False
SmartXPro_CN,FoundryTW,IN:mom:FoundryTW:SmartXPro_CN,2025-W39,0,0,1350.0,0.0,0,0,0,0,0,False
SmartXPro_CN,FoundryTW,IN:mom:FoundryTW:SmartXPro_CN,2025-W40,0,0,1350.0,0.0,0,0,0,0,0,False
SmartXPro_CN,FoundryTW,IN:mom:FoundryTW:SmartXPro_CN,2025-W41,0,0,1350.0,0.0,0,0,0,0,0,False
SmartXPro_CN,FoundryTW,IN:mom:FoundryTW:SmartXPro_CN,2025-W42,0,0,1350.0,0.0,0,0,0,0,0,False
SmartXPro_CN,FoundryTW,IN:mom:FoundryTW:SmartXPro_CN,2025-W43,0,0,1350.0,0.0,0,0,0,0,0,False
SmartXPro_CN,FoundryTW,IN:mom:FoundryTW:SmartXPro_CN,2025-W44,0,0,1350.0,0.0,0,0,0,0,0,False
SmartXPro_CN,FoundryTW,IN:mom:FoundryTW:SmartXPro_CN,2025-W45,0,0,1350.0,0.0,0,0,0,0,0,False
SmartXPro_CN,FoundryTW,IN:mom:FoundryTW:SmartXPro_CN,2025-W46,0,0,1350.0,0.0,0,0,0,0,0,False
SmartXPro_CN,FoundryTW,IN:mom:FoundryTW:SmartXPro_CN,2025-W47,0,0,1350.0,0.0,0,0,0,0,0,False
SmartXPro_CN,FoundryTW,IN:mom:FoundryTW:SmartXPro_CN,2025-W48,0,0,1350.0,0.0,0,0,0,0,0,False
SmartXPro_CN,FoundryTW,IN:mom:FoundryTW:SmartXPro_CN,2025-W49,0,0,1350.0,0.0,0,0,0,0,0,False
SmartXPro_CN,FoundryTW,IN:mom:FoundryTW:SmartXPro_CN,2025-W50,0,0,1350.0,0.0,0,0,0,0,0,False
SmartXPro_CN,FoundryTW,IN:mom:FoundryTW:SmartXPro_CN,2025-W51,0,0,1350.0,0.0,0,0,0,0,0,False
SmartXPro_CN,FoundryTW,IN:mom:FoundryTW:SmartXPro_CN,2025-W52,0,0,1350.0,0.0,0,0,0,0,0,False
SmartXPro_CN,FoundryTW,IN:mom:FoundryTW:SmartXPro_CN,2026-W01,0,0,1350.0,0.0,0,0,0,0,0,False
SmartXPro_CN,FoundryTW,IN:mom:FoundryTW:SmartXPro_CN,2026-W02,0,0,1350.0,0.0,0,0,0,0,0,False
SmartXPro_CN,FoundryTW,IN:mom:FoundryTW:SmartXPro_CN,2026-W03,0,0,1350.0,0.0,0,0,0,0,0,False
SmartXPro_CN,FoundryTW,IN:mom:FoundryTW:SmartXPro_CN,2026-W04,0,0,1350.0,0.0,0,0,0,0,0,False
SmartXPro_CN,FoundryTW,IN:mom:FoundryTW:SmartXPro_CN,2026-W05,0,0,1350.0,0.0,0,0,0,0,0,False
SmartXPro_CN,FoundryTW,IN:mom:FoundryTW:SmartXPro_CN,2026-W06,0,0,1350.0,0.0,0,0,0,0,0,False
SmartXPro_CN,FoundryTW,IN:mom:FoundryTW:SmartXPro_CN,2026-W07,0,0,1350.0,0.0,0,0,0,0,0,False
SmartXPro_CN,FoundryTW,IN:mom:FoundryTW:SmartXPro_CN,2026-W08,0,0,1350.0,0.0,0,0,0,0,0,False
SmartXPro_CN,FoundryTW,IN:mom:FoundryTW:SmartXPro_CN,2026-W09,0,0,1350.0,0.0,0,0,0,0,0,False
SmartXPro_CN,FoundryTW,IN:mom:FoundryTW:SmartXPro_CN,2026-W10,0,0,1350.0,0.0,0,0,0,0,0,False
SmartXPro_CN,FoundryTW,IN:mom:FoundryTW:SmartXPro_CN,2026-W11,0,0,1350.0,0.0,0,0,0,0,0,False
SmartXPro_CN,FoundryTW,IN:mom:FoundryTW:SmartXPro_CN,2026-W12,0,0,1350.0,0.0,0,0,0,0,0,False
SmartXPro_CN,FoundryTW,IN:mom:FoundryTW:SmartXPro_CN,2026-W13,0,0,1350.0,0.0,0,0,0,0,0,False
SmartXPro_CN,FoundryTW,IN:mom:FoundryTW:SmartXPro_CN,2026-W14,0,0,1350.0,0.0,0,0,0,0,0,False
SmartXPro_CN,FoundryTW,IN:mom:FoundryTW:SmartXPro_CN,2026-W15,0,0,1350.0,0.0,0,0,0,0,0,False
SmartXPro_CN,FoundryTW,IN:mom:FoundryTW:SmartXPro_CN,2026-W16,0,0,1350.0,0.0,0,0,0,0,0,False
SmartXPro_CN,FoundryTW,IN:mom:FoundryTW:SmartXPro_CN,2026-W17,0,0,1350.0,0.0,0,0,0,0,0,False
SmartXPro_CN,FoundryTW,IN:mom:FoundryTW:SmartXPro_CN,2026-W18,0,0,1350.0,0.0,0,0,0,0,0,False
SmartXPro_CN,FoundryTW,IN:mom:FoundryTW:SmartXPro_CN,2026-W19,0,0,1350.0,0.0,0,0,0,0,0,False
SmartXPro_CN,FoundryTW,IN:mom:FoundryTW:SmartXPro_CN,2026-W20,0,0,1350.0,0.0,0,0,0,0,0,False
SmartXPro_CN,FoundryTW,IN:mom:FoundryTW:SmartXPro_CN,2026-W21,0,0,1350.0,0.0,0,0,0,0,0,False
SmartXPro_CN,FoundryTW,IN:mom:FoundryTW:SmartXPro_CN,2026-W22,0,0,1350.0,0.0,0,0,0,0,0,False
SmartXPro_CN,FoundryTW,IN:mom:FoundryTW:SmartXPro_CN,2026-W23,0,0,1350.0,0.0,0,0,0,0,0,False
SmartXPro_CN,FoundryTW,IN:mom:FoundryTW:SmartXPro_CN,2026-W24,0,0,1350.0,0.0,0,0,0,0,0,False
SmartXPro_CN,FoundryTW,IN:mom:FoundryTW:SmartXPro_CN,2026-W25,0,0,1350.0,0.0,0,0,0,0,0,False
SmartXPro_CN,FoundryTW,IN:mom:FoundryTW:SmartXPro_CN,2026-W26,0,0,1350.0,0.0,0,0,0,0,0,False
SmartXPro_CN,FoundryTW,IN:mom:FoundryTW:SmartXPro_CN,2026-W27,0,0,1350.0,0.0,0,0,0,0,0,False
SmartXPro_CN,FoundryTW,IN:mom:FoundryTW:SmartXPro_CN,2026-W28,0,0,1350.0,0.0,0,0,0,0,0,False
SmartXPro_CN,FoundryTW,IN:mom:FoundryTW:SmartXPro_CN,2026-W29,0,0,1350.0,0.0,0,0,0,0,0,False
SmartXPro_CN,FoundryTW,IN:mom:FoundryTW:SmartXPro_CN,2026-W30,0,0,1350.0,0.0,0,0,0,0,0,False
SmartXPro_CN,FoundryTW,IN:mom:FoundryTW:SmartXPro_CN,2026-W31,0,0,1350.0,0.0,0,0,0,0,0,False
SmartXPro_CN,FoundryTW,IN:mom:FoundryTW:SmartXPro_CN,2026-W32,0,0,1350.0,0.0,0,0,0,0,0,False
SmartXPro_CN,FoundryTW,IN:mom:FoundryTW:SmartXPro_CN,2026-W33,0,0,1350.0,0.0,0,0,0,0,0,False
SmartXPro_CN,FoundryTW,IN:mom:FoundryTW:SmartXPro_CN,2026-W34,0,0,1350.0,0.0,0,0,0,0,0,False
SmartXPro_CN,FoundryTW,IN:mom:FoundryTW:SmartXPro_CN,2026-W35,0,0,1350.0,0.0,0,0,0,0,0,False
SmartXPro_CN,FoundryTW,IN:mom:FoundryTW:SmartXPro_CN,2026-W36,0,0,1350.0,0.0,0,0,0,0,0,False
SmartXPro_CN,FoundryTW,IN:mom:FoundryTW:SmartXPro_CN,2026-W37,0,0,1350.0,0.0,0,0,0,0,0,False
SmartXPro_CN,FoundryTW,IN:mom:FoundryTW:SmartXPro_CN,2026-W38,0,0,1350.0,0.0,0,0,0,0,0,False
SmartXPro_CN,FoundryTW,IN:mom:FoundryTW:SmartXPro_CN,2026-W39,0,0,1350.0,0.0,0,0,0,0,0,False
SmartXPro_CN,FoundryTW,IN:mom:FoundryTW:SmartXPro_CN,2026-W40,0,0,1350.0,0.0,0,0,0,0,0,False
SmartXPro_CN,FoundryTW,IN:mom:FoundryTW:SmartXPro_CN,2026-W41,0,0,1350.0,0.0,0,0,0,0,0,False
SmartXPro_CN,FoundryTW,IN:mom:FoundryTW:SmartXPro_CN,2026-W42,0,0,1350.0,0.0,0,0,0,0,0,False
SmartXPro_CN,FoundryTW,IN:mom:FoundryTW:SmartXPro_CN,2026-W43,0,0,1350.0,0.0,0,0,0,0,0,False
SmartXPro_CN,FoundryTW,IN:mom:FoundryTW:SmartXPro_CN,2026-W44,630,630,1350.0,0.0,630,0,630,630,630,False
SmartXPro_CN,FoundryTW,IN:mom:FoundryTW:SmartXPro_CN,2026-W45,1350,1350,1350.0,0.0,1350,0,1350,1350,1350,False
SmartXPro_CN,FoundryTW,IN:mom:FoundryTW:SmartXPro_CN,2026-W46,1350,1350,1350.0,0.0,1350,0,1350,1350,1350,False
SmartXPro_CN,FoundryTW,IN:mom:FoundryTW:SmartXPro_CN,2026-W47,1350,1350,1350.0,0.0,1350,0,1350,1350,1350,False
SmartXPro_CN,FoundryTW,IN:mom:FoundryTW:SmartXPro_CN,2026-W48,1350,1350,1350.0,0.0,1350,0,1350,1350,1350,False
SmartXPro_CN,FoundryTW,IN:mom:FoundryTW:SmartXPro_CN,2026-W49,1350,1350,1350.0,0.0,1350,0,1350,1350,1350,False
SmartXPro_CN,FoundryTW,IN:mom:FoundryTW:SmartXPro_CN,2026-W50,1350,1350,1350.0,0.0,1350,0,1350,1350,1350,False
SmartXPro_CN,FoundryTW,IN:mom:FoundryTW:SmartXPro_CN,2026-W51,1350,1350,1350.0,0.0,1350,0,1350,1350,1350,False
SmartXPro_CN,FoundryTW,IN:mom:FoundryTW:SmartXPro_CN,2026-W52,1350,1350,1350.0,0.0,1350,0,1350,1350,1350,False
SmartXPro_CN,FoundryTW,IN:mom:FoundryTW:SmartXPro_CN,2026-W53,1350,1350,1350.0,0.0,1350,0,1350,1350,1350,False
SmartXPro_CN,FoundryTW,IN:mom:FoundryTW:SmartXPro_CN,2027-W01,1350,1350,1350.0,0.0,1350,0,1350,1350,1350,False
SmartXPro_CN,FoundryTW,IN:mom:FoundryTW:SmartXPro_CN,2027-W02,1350,1350,1350.0,0.0,1350,0,1350,1350,1350,False
SmartXPro_CN,FoundryTW,IN:mom:FoundryTW:SmartXPro_CN,2027-W03,1350,1350,1350.0,0.0,1350,0,1350,1350,1350,False
SmartXPro_CN,FoundryTW,IN:mom:FoundryTW:SmartXPro_CN,2027-W04,1350,1350,1350.0,0.0,1350,0,1350,1350,1350,False
SmartXPro_CN,FoundryTW,IN:mom:FoundryTW:SmartXPro_CN,2027-W05,1350,1350,1350.0,0.0,1350,0,1350,1350,1350,False
SmartXPro_CN,FoundryTW,IN:mom:FoundryTW:SmartXPro_CN,2027-W06,1350,1350,1350.0,0.0,1350,0,1350,1350,1350,False
SmartXPro_CN,FoundryTW,IN:mom:FoundryTW:SmartXPro_CN,2027-W07,1350,1350,1350.0,0.0,1350,0,1350,1350,1350,False
SmartXPro_CN,FoundryTW,IN:mom:FoundryTW:SmartXPro_CN,2027-W08,1350,1350,1350.0,0.0,1350,0,1350,1350,1350,False
SmartXPro_CN,FoundryTW,IN:mom:FoundryTW:SmartXPro_CN,2027-W09,1350,1350,1350.0,0.0,1350,0,1350,1350,1350,False
SmartXPro_CN,FoundryTW,IN:mom:FoundryTW:SmartXPro_CN,2027-W10,1350,1350,1350.0,0.0,1350,0,1350,1350,1350,False
SmartXPro_CN,FoundryTW,IN:mom:FoundryTW:SmartXPro_CN,2027-W11,1350,1350,1350.0,0.0,1350,0,1350,1350,1350,False
SmartXPro_CN,FoundryTW,IN:mom:FoundryTW:SmartXPro_CN,2027-W12,1350,1350,1350.0,0.0,1350,0,1350,1350,1350,False
SmartXPro_CN,FoundryTW,IN:mom:FoundryTW:SmartXPro_CN,2027-W13,1350,1350,1350.0,0.0,1350,0,1350,1350,1350,False
SmartXPro_CN,FoundryTW,IN:mom:FoundryTW:SmartXPro_CN,2027-W14,1350,1350,1350.0,0.0,1350,0,1350,1350,1350,False
SmartXPro_CN,FoundryTW,IN:mom:FoundryTW:SmartXPro_CN,2027-W15,1350,1350,1350.0,0.0,1350,0,1350,1350,1350,False
SmartXPro_CN,FoundryTW,IN:mom:FoundryTW:SmartXPro_CN,2027-W16,1350,1350,1350.0,0.0,1350,0,1350,1350,1350,False
SmartXPro_CN,FoundryTW,IN:mom:FoundryTW:SmartXPro_CN,2027-W17,1347,1347,1350.0,0.0,1347,0,1347,1347,1347,False
SmartXPro_CN,FoundryTW,IN:mom:FoundryTW:SmartXPro_CN,2027-W18,1341,1341,1350.0,0.0,1341,0,1341,1341,1341,False
SmartXPro_CN,FoundryTW,IN:mom:FoundryTW:SmartXPro_CN,2027-W19,1334,1334,1350.0,0.0,1334,0,1334,1334,1334,False
SmartXPro_CN,FoundryTW,IN:mom:FoundryTW:SmartXPro_CN,2027-W20,1327,1327,1350.0,0.0,1327,0,1327,1327,1327,False
SmartXPro_CN,FoundryTW,IN:mom:FoundryTW:SmartXPro_CN,2027-W21,1321,1321,1350.0,0.0,1321,0,1321,1321,1321,False
SmartXPro_CN,FoundryTW,IN:mom:FoundryTW:SmartXPro_CN,2027-W22,1313,1313,1350.0,0.0,1313,0,1313,1313,1313,False
SmartXPro_CN,FoundryTW,IN:mom:FoundryTW:SmartXPro_CN,2027-W23,1306,1306,1350.0,0.0,1306,0,1306,1306,1306,False
SmartXPro_CN,FoundryTW,IN:mom:FoundryTW:SmartXPro_CN,2027-W24,1300,1300,1350.0,0.0,1300,0,1300,1300,1300,False
SmartXPro_CN,FoundryTW,IN:mom:FoundryTW:SmartXPro_CN,2027-W25,1293,1293,1350.0,0.0,1293,0,1293,1293,1293,False
SmartXPro_CN,FoundryTW,IN:mom:FoundryTW:SmartXPro_CN,2027-W26,1287,1287,1350.0,0.0,1287,0,1287,1287,1287,False
SmartXPro_CN,FoundryTW,IN:mom:FoundryTW:SmartXPro_CN,2027-W27,1281,1281,1350.0,0.0,1281,0,1281,1281,1281,False
SmartXPro_CN,FoundryTW,IN:mom:FoundryTW:SmartXPro_CN,2027-W28,1274,1274,1350.0,0.0,1274,0,1274,1274,1274,False
SmartXPro_CN,FoundryTW,IN:mom:FoundryTW:SmartXPro_CN,2027-W29,1267,1267,1350.0,0.0,1267,0,1267,1267,1267,False
SmartXPro_CN,FoundryTW,IN:mom:FoundryTW:SmartXPro_CN,2027-W30,1261,1261,1350.0,0.0,1261,0,1261,1261,1261,False
SmartXPro_CN,FoundryTW,IN:mom:FoundryTW:SmartXPro_CN,2027-W31,1253,1253,1350.0,0.0,1253,0,1253,1253,1253,False
SmartXPro_CN,FoundryTW,IN:mom:FoundryTW:SmartXPro_CN,2027-W32,1246,1246,1350.0,0.0,1246,0,1246,1246,1246,False
SmartXPro_CN,FoundryTW,IN:mom:FoundryTW:SmartXPro_CN,2027-W33,1240,1240,1350.0,0.0,1240,0,1240,1240,1240,False
SmartXPro_CN,FoundryTW,IN:mom:FoundryTW:SmartXPro_CN,2027-W34,1233,1233,1350.0,0.0,1233,0,1233,1233,1233,False
SmartXPro_CN,FoundryTW,IN:mom:FoundryTW:SmartXPro_CN,2027-W35,1227,1227,1350.0,0.0,1227,0,1227,1227,1227,False
SmartXPro_CN,FoundryTW,IN:mom:FoundryTW:SmartXPro_CN,2027-W36,1221,1221,1350.0,0.0,1221,0,1221,1221,1221,False
SmartXPro_CN,FoundryTW,IN:mom:FoundryTW:SmartXPro_CN,2027-W37,1214,1214,1350.0,0.0,1214,0,1214,1214,1214,False
SmartXPro_CN,FoundryTW,IN:mom:FoundryTW:SmartXPro_CN,2027-W38,1207,1207,1350.0,0.0,1207,0,1207,1207,1207,False
SmartXPro_CN,FoundryTW,IN:mom:FoundryTW:SmartXPro_CN,2027-W39,1201,1201,1350.0,0.0,1201,0,1201,1201,1201,False
SmartXPro_CN,FoundryTW,IN:mom:FoundryTW:SmartXPro_CN,2027-W40,1193,1193,1350.0,0.0,1193,0,1193,1193,1193,False
SmartXPro_CN,FoundryTW,IN:mom:FoundryTW:SmartXPro_CN,2027-W41,1186,1186,1350.0,0.0,1186,0,1186,1186,1186,False
SmartXPro_CN,FoundryTW,IN:mom:FoundryTW:SmartXPro_CN,2027-W42,1180,1180,1350.0,0.0,1180,0,1180,1180,1180,False
SmartXPro_CN,FoundryTW,IN:mom:FoundryTW:SmartXPro_CN,2027-W43,1169,1169,1350.0,0.0,1169,0,1169,1169,1169,False
SmartXPro_CN,FoundryTW,IN:mom:FoundryTW:SmartXPro_CN,2027-W44,1159,1159,1350.0,0.0,1159,0,1159,1159,1159,False
SmartXPro_CN,FoundryTW,IN:mom:FoundryTW:SmartXPro_CN,2027-W45,1152,1152,1350.0,0.0,1152,0,1152,1152,1152,False
SmartXPro_CN,FoundryTW,IN:mom:FoundryTW:SmartXPro_CN,2027-W46,1146,1146,1350.0,0.0,1146,0,1146,1146,1146,False
SmartXPro_CN,FoundryTW,IN:mom:FoundryTW:SmartXPro_CN,2027-W47,1138,1138,1350.0,0.0,1138,0,1138,1138,1138,False
SmartXPro_CN,FoundryTW,IN:mom:FoundryTW:SmartXPro_CN,2027-W48,1131,1131,1350.0,0.0,1131,0,1131,1131,1131,False
SmartXPro_CN,FoundryTW,IN:mom:FoundryTW:SmartXPro_CN,2027-W49,1123,1123,1350.0,0.0,1123,0,1123,1123,1123,False
SmartXPro_CN,FoundryTW,IN:mom:FoundryTW:SmartXPro_CN,2027-W50,1116,1116,1350.0,0.0,1116,0,1116,1116,1116,False
SmartXPro_CN,FoundryTW,IN:mom:FoundryTW:SmartXPro_CN,2027-W51,1109,1109,1350.0,0.0,1109,0,1109,1109,1109,False
SmartXPro_CN,FoundryTW,IN:mom:FoundryTW:SmartXPro_CN,2027-W52,1102,1102,1350.0,0.0,1102,0,1102,1102,1102,False
SmartXPro_CN,FoundryTW,IN:mom:FoundryTW:SmartXPro_CN,2028-W01,1095,1095,1350.0,0.0,1097,0,1097,1097,1097,False
SmartXPro_CN,FoundryTW,IN:mom:FoundryTW:SmartXPro_CN,2028-W02,1087,1087,1350.0,0.0,1350,0,1350,1350,1350,False
SmartXPro_CN,FoundryTW,IN:mom:FoundryTW:SmartXPro_CN,2028-W03,1080,1080,1350.0,0.0,1350,0,1350,1350,1350,False
SmartXPro_CN,FoundryTW,IN:mom:FoundryTW:SmartXPro_CN,2028-W04,1073,1073,1350.0,0.0,1350,0,1350,1350,1350,False
SmartXPro_CN,FoundryTW,IN:mom:FoundryTW:SmartXPro_CN,2028-W05,1066,1066,1350.0,0.0,1350,0,1350,1350,1350,False
SmartXPro_CN,FoundryTW,IN:mom:FoundryTW:SmartXPro_CN,2028-W06,1058,1058,1350.0,0.0,1350,0,1350,1350,1350,False
SmartXPro_CN,FoundryTW,IN:mom:FoundryTW:SmartXPro_CN,2028-W07,1051,1051,1350.0,0.0,1350,0,1350,1350,1350,False
SmartXPro_CN,FoundryTW,IN:mom:FoundryTW:SmartXPro_CN,2028-W08,1043,1043,1350.0,0.0,901,0,901,901,901,False
SmartXPro_CN,FoundryTW,IN:mom:FoundryTW:SmartXPro_CN,2028-W09,1036,1036,1350.0,0.0,901,0,901,901,901,False
SmartXPro_CN,FoundryTW,IN:mom:FoundryTW:SmartXPro_CN,2028-W10,1030,1030,1350.0,0.0,901,0,901,901,901,False
SmartXPro_CN,FoundryTW,IN:mom:FoundryTW:SmartXPro_CN,2028-W11,1022,1022,1350.0,0.0,901,0,901,901,901,False
SmartXPro_CN,FoundryTW,IN:mom:FoundryTW:SmartXPro_CN,2028-W12,1015,1015,1350.0,0.0,901,0,901,901,901,False
SmartXPro_CN,FoundryTW,IN:mom:FoundryTW:SmartXPro_CN,2028-W13,1007,1007,1350.0,0.0,901,0,901,901,901,False
SmartXPro_CN,FoundryTW,IN:mom:FoundryTW:SmartXPro_CN,2028-W14,1000,1000,1350.0,0.0,901,0,901,901,901,False
SmartXPro_CN,FoundryTW,IN:mom:FoundryTW:SmartXPro_CN,2028-W15,993,993,1350.0,0.0,901,0,901,901,901,False
SmartXPro_CN,FoundryTW,IN:mom:FoundryTW:SmartXPro_CN,2028-W16,986,986,1350.0,0.0,901,0,901,901,901,False
SmartXPro_CN,FoundryTW,IN:mom:FoundryTW:SmartXPro_CN,2028-W17,976,976,1350.0,0.0,901,0,901,901,901,False
SmartXPro_CN,FoundryTW,IN:mom:FoundryTW:SmartXPro_CN,2028-W18,967,967,1350.0,0.0,901,0,901,901,901,False
SmartXPro_CN,FoundryTW,IN:mom:FoundryTW:SmartXPro_CN,2028-W19,961,961,1350.0,0.0,901,0,901,901,901,False
SmartXPro_CN,FoundryTW,IN:mom:FoundryTW:SmartXPro_CN,2028-W20,955,955,1350.0,0.0,901,0,901,901,901,False
SmartXPro_CN,FoundryTW,IN:mom:FoundryTW:SmartXPro_CN,2028-W21,950,950,1350.0,0.0,901,0,901,901,901,False
SmartXPro_CN,FoundryTW,IN:mom:FoundryTW:SmartXPro_CN,2028-W22,945,945,1350.0,0.0,901,0,901,901,901,False
SmartXPro_CN,FoundryTW,IN:mom:FoundryTW:SmartXPro_CN,2028-W23,939,939,1350.0,0.0,901,0,901,901,901,False
SmartXPro_CN,FoundryTW,IN:mom:FoundryTW:SmartXPro_CN,2028-W24,933,933,1350.0,0.0,901,0,901,901,901,False
SmartXPro_CN,FoundryTW,IN:mom:FoundryTW:SmartXPro_CN,2028-W25,928,928,1350.0,0.0,901,0,901,901,901,False
SmartXPro_CN,FoundryTW,IN:mom:FoundryTW:SmartXPro_CN,2028-W26,923,923,1350.0,0.0,901,0,901,901,901,False
SmartXPro_CN,FoundryTW,IN:mom:FoundryTW:SmartXPro_CN,2028-W27,916,916,1350.0,0.0,901,0,901,901,901,False
SmartXPro_CN,FoundryTW,IN:mom:FoundryTW:SmartXPro_CN,2028-W28,911,911,1350.0,0.0,901,0,901,901,901,False
SmartXPro_CN,FoundryTW,IN:mom:FoundryTW:SmartXPro_CN,2028-W29,906,906,1350.0,0.0,901,0,901,901,901,False
SmartXPro_CN,FoundryTW,IN:mom:FoundryTW:SmartXPro_CN,2028-W30,901,901,1350.0,0.0,901,0,901,901,901,False
SmartXPro_CN,FoundryTW,IN:mom:FoundryTW:SmartXPro_CN,2028-W31,894,894,1350.0,0.0,901,0,901,901,901,False
SmartXPro_CN,FoundryTW,IN:mom:FoundryTW:SmartXPro_CN,2028-W32,889,889,1350.0,0.0,901,0,901,901,901,False
SmartXPro_CN,FoundryTW,IN:mom:FoundryTW:SmartXPro_CN,2028-W33,884,884,1350.0,0.0,901,0,901,901,901,False
SmartXPro_CN,FoundryTW,IN:mom:FoundryTW:SmartXPro_CN,2028-W34,878,878,1350.0,0.0,901,0,901,901,901,False
SmartXPro_CN,FoundryTW,IN:mom:FoundryTW:SmartXPro_CN,2028-W35,872,872,1350.0,0.0,901,0,901,901,901,False
SmartXPro_CN,FoundryTW,IN:mom:FoundryTW:SmartXPro_CN,2028-W36,867,867,1350.0,0.0,901,0,901,901,901,False
SmartXPro_CN,FoundryTW,IN:mom:FoundryTW:SmartXPro_CN,2028-W37,861,861,1350.0,0.0,901,0,901,901,901,False
SmartXPro_CN,FoundryTW,IN:mom:FoundryTW:SmartXPro_CN,2028-W38,856,856,1350.0,0.0,901,0,901,901,901,False
SmartXPro_CN,FoundryTW,IN:mom:FoundryTW:SmartXPro_CN,2028-W39,851,851,1350.0,0.0,901,0,901,901,901,False
SmartXPro_CN,FoundryTW,IN:mom:FoundryTW:SmartXPro_CN,2028-W40,845,845,1350.0,0.0,901,0,901,901,901,False
SmartXPro_CN,FoundryTW,IN:mom:FoundryTW:SmartXPro_CN,2028-W41,839,839,1350.0,0.0,901,0,901,901,901,False
SmartXPro_CN,FoundryTW,IN:mom:FoundryTW:SmartXPro_CN,2028-W42,834,834,1350.0,0.0,901,0,901,901,901,False
SmartXPro_CN,FoundryTW,IN:mom:FoundryTW:SmartXPro_CN,2028-W43,824,824,1350.0,0.0,901,0,901,901,901,False
SmartXPro_CN,FoundryTW,IN:mom:FoundryTW:SmartXPro_CN,2028-W44,812,812,1350.0,0.0,901,0,901,901,901,False
SmartXPro_CN,FoundryTW,IN:mom:FoundryTW:SmartXPro_CN,2028-W45,804,804,1350.0,0.0,901,0,901,901,901,False
SmartXPro_CN,FoundryTW,IN:mom:FoundryTW:SmartXPro_CN,2028-W46,796,796,1350.0,0.0,901,0,901,901,901,False
SmartXPro_CN,FoundryTW,IN:mom:FoundryTW:SmartXPro_CN,2028-W47,787,787,1350.0,0.0,901,0,901,901,901,False
SmartXPro_CN,FoundryTW,IN:mom:FoundryTW:SmartXPro_CN,2028-W48,780,780,1350.0,0.0,901,0,901,901,901,False
SmartXPro_CN,FoundryTW,IN:mom:FoundryTW:SmartXPro_CN,2028-W49,772,772,1350.0,0.0,901,0,901,901,901,False
SmartXPro_CN,FoundryTW,IN:mom:FoundryTW:SmartXPro_CN,2028-W50,763,763,1350.0,0.0,901,0,901,901,901,False
SmartXPro_CN,FoundryTW,IN:mom:FoundryTW:SmartXPro_CN,2028-W51,755,755,1350.0,0.0,901,0,901,901,901,False
SmartXPro_CN,FoundryTW,IN:mom:FoundryTW:SmartXPro_CN,2028-W52,746,746,1350.0,0.0,901,0,901,901,901,False
SmartXPro_CN,FoundryTW,IN:mom:FoundryTW:SmartXPro_CN,2029-W01,737,737,1350.0,0.0,901,0,901,901,901,False
SmartXPro_CN,FoundryTW,IN:mom:FoundryTW:SmartXPro_CN,2029-W02,729,729,1350.0,0.0,901,0,901,901,901,False
SmartXPro_CN,FoundryTW,IN:mom:FoundryTW:SmartXPro_CN,2029-W03,721,721,1350.0,0.0,901,0,901,901,901,False
SmartXPro_CN,FoundryTW,IN:mom:FoundryTW:SmartXPro_CN,2029-W04,712,712,1350.0,0.0,901,0,901,901,901,False
SmartXPro_CN,FoundryTW,IN:mom:FoundryTW:SmartXPro_CN,2029-W05,705,705,1350.0,0.0,901,0,901,901,901,False
SmartXPro_CN,FoundryTW,IN:mom:FoundryTW:SmartXPro_CN,2029-W06,697,697,1350.0,0.0,901,0,901,901,901,False
SmartXPro_CN,FoundryTW,IN:mom:FoundryTW:SmartXPro_CN,2029-W07,688,688,1350.0,0.0,901,0,901,901,901,False
SmartXPro_CN,FoundryTW,IN:mom:FoundryTW:SmartXPro_CN,2029-W08,680,680,1350.0,0.0,451,0,451,451,451,False
SmartXPro_CN,FoundryTW,IN:mom:FoundryTW:SmartXPro_CN,2029-W09,671,671,1350.0,0.0,451,0,451,451,451,False
SmartXPro_CN,FoundryTW,IN:mom:FoundryTW:SmartXPro_CN,2029-W10,662,662,1350.0,0.0,451,0,451,451,451,False
SmartXPro_CN,FoundryTW,IN:mom:FoundryTW:SmartXPro_CN,2029-W11,654,654,1350.0,0.0,451,0,451,451,451,False
SmartXPro_CN,FoundryTW,IN:mom:FoundryTW:SmartXPro_CN,2029-W12,646,646,1350.0,0.0,451,0,451,451,451,False
SmartXPro_CN,FoundryTW,IN:mom:FoundryTW:SmartXPro_CN,2029-W13,637,637,1350.0,0.0,451,0,451,451,451,False
SmartXPro_CN,FoundryTW,IN:mom:FoundryTW:SmartXPro_CN,2029-W14,630,630,1350.0,0.0,451,0,451,451,451,False
SmartXPro_CN,FoundryTW,IN:mom:FoundryTW:SmartXPro_CN,2029-W15,622,622,1350.0,0.0,451,0,451,451,451,False
SmartXPro_CN,FoundryTW,IN:mom:FoundryTW:SmartXPro_CN,2029-W16,613,613,1350.0,0.0,451,0,451,451,451,False
SmartXPro_CN,FoundryTW,IN:mom:FoundryTW:SmartXPro_CN,2029-W17,601,601,1350.0,0.0,451,0,451,451,451,False
SmartXPro_CN,FoundryTW,IN:mom:FoundryTW:SmartXPro_CN,2029-W18,587,587,1350.0,0.0,451,0,451,451,451,False
SmartXPro_CN,FoundryTW,IN:mom:FoundryTW:SmartXPro_CN,2029-W19,579,579,1350.0,0.0,451,0,451,451,451,False
SmartXPro_CN,FoundryTW,IN:mom:FoundryTW:SmartXPro_CN,2029-W20,571,571,1350.0,0.0,451,0,451,451,451,False
SmartXPro_CN,FoundryTW,IN:mom:FoundryTW:SmartXPro_CN,2029-W21,562,562,1350.0,0.0,451,0,451,451,451,False
SmartXPro_CN,FoundryTW,IN:mom:FoundryTW:SmartXPro_CN,2029-W22,555,555,1350.0,0.0,451,0,451,451,451,False
SmartXPro_CN,FoundryTW,IN:mom:FoundryTW:SmartXPro_CN,2029-W23,547,547,1350.0,0.0,451,0,451,451,451,False
SmartXPro_CN,FoundryTW,IN:mom:FoundryTW:SmartXPro_CN,2029-W24,538,538,1350.0,0.0,451,0,451,451,451,False
SmartXPro_CN,FoundryTW,IN:mom:FoundryTW:SmartXPro_CN,2029-W25,530,530,1350.0,0.0,451,0,451,451,451,False
SmartXPro_CN,FoundryTW,IN:mom:FoundryTW:SmartXPro_CN,2029-W26,521,521,1350.0,0.0,451,0,451,451,451,False
SmartXPro_CN,FoundryTW,IN:mom:FoundryTW:SmartXPro_CN,2029-W27,512,512,1350.0,0.0,451,0,451,451,451,False
SmartXPro_CN,FoundryTW,IN:mom:FoundryTW:SmartXPro_CN,2029-W28,504,504,1350.0,0.0,451,0,451,451,451,False
SmartXPro_CN,FoundryTW,IN:mom:FoundryTW:SmartXPro_CN,2029-W29,496,496,1350.0,0.0,451,0,451,451,451,False
SmartXPro_CN,FoundryTW,IN:mom:FoundryTW:SmartXPro_CN,2029-W30,487,487,1350.0,0.0,451,0,451,451,451,False
SmartXPro_CN,FoundryTW,IN:mom:FoundryTW:SmartXPro_CN,2029-W31,480,480,1350.0,0.0,451,0,451,451,451,False
SmartXPro_CN,FoundryTW,IN:mom:FoundryTW:SmartXPro_CN,2029-W32,472,472,1350.0,0.0,451,0,451,451,451,False
SmartXPro_CN,FoundryTW,IN:mom:FoundryTW:SmartXPro_CN,2029-W33,463,463,1350.0,0.0,451,0,451,451,451,False
SmartXPro_CN,FoundryTW,IN:mom:FoundryTW:SmartXPro_CN,2029-W34,455,455,1350.0,0.0,451,0,451,451,451,False
SmartXPro_CN,FoundryTW,IN:mom:FoundryTW:SmartXPro_CN,2029-W35,446,446,1350.0,0.0,446,0,446,446,446,False
SmartXPro_CN,FoundryTW,IN:mom:FoundryTW:SmartXPro_CN,2029-W36,437,437,1350.0,0.0,437,0,437,437,437,False
SmartXPro_CN,FoundryTW,IN:mom:FoundryTW:SmartXPro_CN,2029-W37,429,429,1350.0,0.0,429,0,429,429,429,False
SmartXPro_CN,FoundryTW,IN:mom:FoundryTW:SmartXPro_CN,2029-W38,421,421,1350.0,0.0,421,0,421,421,421,False
SmartXPro_CN,FoundryTW,IN:mom:FoundryTW:SmartXPro_CN,2029-W39,412,412,1350.0,0.0,412,0,412,412,412,False
SmartXPro_CN,FoundryTW,IN:mom:FoundryTW:SmartXPro_CN,2029-W40,405,405,1350.0,0.0,405,0,405,405,405,False
SmartXPro_CN,FoundryTW,IN:mom:FoundryTW:SmartXPro_CN,2029-W41,397,397,1350.0,0.0,397,0,397,397,397,False
SmartXPro_CN,FoundryTW,IN:mom:FoundryTW:SmartXPro_CN,2029-W42,388,388,1350.0,0.0,388,0,388,388,388,False
SmartXPro_CN,FoundryTW,IN:mom:FoundryTW:SmartXPro_CN,2029-W43,381,381,1350.0,0.0,381,0,381,381,381,False
SmartXPro_CN,FoundryTW,IN:mom:FoundryTW:SmartXPro_CN,2029-W44,374,374,1350.0,0.0,374,0,374,374,374,False
SmartXPro_CN,FoundryTW,IN:mom:FoundryTW:SmartXPro_CN,2029-W45,366,366,1350.0,0.0,366,0,366,366,366,False
SmartXPro_CN,FoundryTW,IN:mom:FoundryTW:SmartXPro_CN,2029-W46,359,359,1350.0,0.0,359,0,359,359,359,False
SmartXPro_CN,FoundryTW,IN:mom:FoundryTW:SmartXPro_CN,2029-W47,351,351,1350.0,0.0,351,0,351,351,351,False
SmartXPro_CN,FoundryTW,IN:mom:FoundryTW:SmartXPro_CN,2029-W48,344,344,1350.0,0.0,344,0,344,344,344,False
SmartXPro_CN,FoundryTW,IN:mom:FoundryTW:SmartXPro_CN,2029-W49,336,336,1350.0,0.0,336,0,336,336,336,False
SmartXPro_CN,FoundryTW,IN:mom:FoundryTW:SmartXPro_CN,2029-W50,329,329,1350.0,0.0,329,0,329,329,329,False
SmartXPro_CN,FoundryTW,IN:mom:FoundryTW:SmartXPro_CN,2029-W51,321,321,1350.0,0.0,321,0,321,321,321,False
SmartXPro_CN,FoundryTW,IN:mom:FoundryTW:SmartXPro_CN,2029-W52,314,314,1350.0,0.0,314,0,314,314,314,False
SmartXPro_CN,FoundryTW,IN:mom:FoundryTW:SmartXPro_CN,2030-W01,307,307,1350.0,0.0,307,0,307,307,307,False
SmartXPro_CN,FoundryTW,IN:mom:FoundryTW:SmartXPro_CN,2030-W02,300,300,1350.0,0.0,300,0,300,300,300,False
SmartXPro_CN,FoundryTW,IN:mom:FoundryTW:SmartXPro_CN,2030-W03,293,293,1350.0,0.0,293,0,293,293,293,False
SmartXPro_CN,FoundryTW,IN:mom:FoundryTW:SmartXPro_CN,2030-W04,285,285,1350.0,0.0,285,0,285,285,285,False
SmartXPro_CN,FoundryTW,IN:mom:FoundryTW:SmartXPro_CN,2030-W05,278,278,1350.0,0.0,278,0,278,278,278,False
SmartXPro_CN,FoundryTW,IN:mom:FoundryTW:SmartXPro_CN,2030-W06,270,270,1350.0,0.0,270,0,270,270,270,False
SmartXPro_CN,FoundryTW,IN:mom:FoundryTW:SmartXPro_CN,2030-W07,263,263,1350.0,0.0,263,0,263,263,263,False
SmartXPro_CN,FoundryTW,IN:mom:FoundryTW:SmartXPro_CN,2030-W08,255,255,1350.0,0.0,255,0,255,255,255,False
SmartXPro_CN,FoundryTW,IN:mom:FoundryTW:SmartXPro_CN,2030-W09,248,248,1350.0,0.0,248,0,248,248,248,False
SmartXPro_CN,FoundryTW,IN:mom:FoundryTW:SmartXPro_CN,2030-W10,240,240,1350.0,0.0,240,0,240,240,240,False
SmartXPro_CN,FoundryTW,IN:mom:FoundryTW:SmartXPro_CN,2030-W11,233,233,1350.0,0.0,233,0,233,233,233,False
SmartXPro_CN,FoundryTW,IN:mom:FoundryTW:SmartXPro_CN,2030-W12,226,226,1350.0,0.0,226,0,226,226,226,False
SmartXPro_CN,FoundryTW,IN:mom:FoundryTW:SmartXPro_CN,2030-W13,218,218,1350.0,0.0,218,0,218,218,218,False
SmartXPro_CN,FoundryTW,IN:mom:FoundryTW:SmartXPro_CN,2030-W14,211,211,1350.0,0.0,211,0,211,211,211,False
SmartXPro_CN,FoundryTW,IN:mom:FoundryTW:SmartXPro_CN,2030-W15,203,203,1350.0,0.0,203,0,203,203,203,False
SmartXPro_CN,FoundryTW,IN:mom:FoundryTW:SmartXPro_CN,2030-W16,196,196,1350.0,0.0,196,0,196,196,196,False
SmartXPro_CN,FoundryTW,IN:mom:FoundryTW:SmartXPro_CN,2030-W17,188,188,1350.0,0.0,188,0,188,188,188,False
SmartXPro_CN,FoundryTW,IN:mom:FoundryTW:SmartXPro_CN,2030-W18,182,182,1350.0,0.0,182,0,182,182,182,False
SmartXPro_CN,FoundryTW,IN:mom:FoundryTW:SmartXPro_CN,2030-W19,174,174,1350.0,0.0,174,0,174,174,174,False
SmartXPro_CN,FoundryTW,IN:mom:FoundryTW:SmartXPro_CN,2030-W20,167,167,1350.0,0.0,167,0,167,167,167,False
SmartXPro_CN,FoundryTW,IN:mom:FoundryTW:SmartXPro_CN,2030-W21,159,159,1350.0,0.0,159,0,159,159,159,False
SmartXPro_CN,FoundryTW,IN:mom:FoundryTW:SmartXPro_CN,2030-W22,152,152,1350.0,0.0,152,0,152,152,152,False
SmartXPro_CN,FoundryTW,IN:mom:FoundryTW:SmartXPro_CN,2030-W23,145,145,1350.0,0.0,145,0,145,145,145,False
SmartXPro_CN,FoundryTW,IN:mom:FoundryTW:SmartXPro_CN,2030-W24,137,137,1350.0,0.0,137,0,137,137,137,False
SmartXPro_CN,FoundryTW,IN:mom:FoundryTW:SmartXPro_CN,2030-W25,130,130,1350.0,0.0,130,0,130,130,130,False
SmartXPro_CN,FoundryTW,IN:mom:FoundryTW:SmartXPro_CN,2030-W26,122,122,1350.0,0.0,122,0,122,122,122,False
SmartXPro_CN,FoundryTW,IN:mom:FoundryTW:SmartXPro_CN,2030-W27,115,115,1350.0,0.0,115,0,115,115,115,False
SmartXPro_CN,FoundryTW,IN:mom:FoundryTW:SmartXPro_CN,2030-W28,107,107,1350.0,0.0,107,0,107,107,107,False
SmartXPro_CN,FoundryTW,IN:mom:FoundryTW:SmartXPro_CN,2030-W29,100,100,1350.0,0.0,100,0,100,100,100,False
SmartXPro_CN,FoundryTW,IN:mom:FoundryTW:SmartXPro_CN,2030-W30,92,92,1350.0,0.0,92,0,92,92,92,False
SmartXPro_CN,FoundryTW,IN:mom:FoundryTW:SmartXPro_CN,2030-W31,85,85,1350.0,0.0,85,0,85,85,85,False
SmartXPro_CN,FoundryTW,IN:mom:FoundryTW:SmartXPro_CN,2030-W32,78,78,1350.0,0.0,78,0,78,78,78,False
SmartXPro_CN,FoundryTW,IN:mom:FoundryTW:SmartXPro_CN,2030-W33,70,70,1350.0,0.0,70,0,70,70,70,False
SmartXPro_CN,FoundryTW,IN:mom:FoundryTW:SmartXPro_CN,2030-W34,63,63,1350.0,0.0,63,0,63,63,63,False
SmartXPro_CN,FoundryTW,IN:mom:FoundryTW:SmartXPro_CN,2030-W35,56,56,1350.0,0.0,56,0,56,56,56,False
SmartXPro_CN,FoundryTW,IN:mom:FoundryTW:SmartXPro_CN,2030-W36,49,49,1350.0,0.0,49,0,49,49,49,False
SmartXPro_CN,FoundryTW,IN:mom:FoundryTW:SmartXPro_CN,2030-W37,41,41,1350.0,0.0,41,0,41,41,41,False
SmartXPro_CN,FoundryTW,IN:mom:FoundryTW:SmartXPro_CN,2030-W38,34,34,1350.0,0.0,34,0,34,34,34,False
SmartXPro_CN,FoundryTW,IN:mom:FoundryTW:SmartXPro_CN,2030-W39,26,26,1350.0,0.0,26,0,26,26,26,False
SmartXPro_CN,FoundryTW,IN:mom:FoundryTW:SmartXPro_CN,2030-W40,19,19,1350.0,0.0,19,0,19,19,19,False
SmartXPro_CN,FoundryTW,IN:mom:FoundryTW:SmartXPro_CN,2030-W41,11,11,1350.0,0.0,11,0,11,11,11,False
SmartXPro_CN,FoundryTW,IN:mom:FoundryTW:SmartXPro_CN,2030-W42,4,4,1350.0,0.0,4,0,4,4,4,False
SmartXPro_CN,FoundryTW,IN:mom:FoundryTW:SmartXPro_CN,2030-W43,0,0,1350.0,0.0,0,0,0,0,0,False
SmartXPro_CN,FoundryTW,IN:mom:FoundryTW:SmartXPro_CN,2030-W44,0,0,1350.0,0.0,0,0,0,0,0,False
SmartXPro_CN,FoundryTW,IN:mom:FoundryTW:SmartXPro_CN,2030-W45,0,0,1350.0,0.0,0,0,0,0,0,False
SmartXPro_CN,FoundryTW,IN:mom:FoundryTW:SmartXPro_CN,2030-W46,0,0,1350.0,0.0,0,0,0,0,0,False
SmartXPro_CN,FoundryTW,IN:mom:FoundryTW:SmartXPro_CN,2030-W47,0,0,1350.0,0.0,0,0,0,0,0,False
SmartXPro_CN,FoundryTW,IN:mom:FoundryTW:SmartXPro_CN,2030-W48,0,0,1350.0,0.0,0,0,0,0,0,False
SmartXPro_CN,FoundryTW,IN:mom:FoundryTW:SmartXPro_CN,2030-W49,0,0,1350.0,0.0,0,0,0,0,0,False
SmartXPro_CN,FoundryTW,IN:mom:FoundryTW:SmartXPro_CN,2030-W50,0,0,1350.0,0.0,0,0,0,0,0,False
SmartXPro_CN,FoundryTW,IN:mom:FoundryTW:SmartXPro_CN,2030-W51,0,0,1350.0,0.0,0,0,0,0,0,False
SmartXPro_CN,FoundryTW,IN:mom:FoundryTW:SmartXPro_CN,2030-W52,0,0,1350.0,0.0,0,0,0,0,0,False
SmartXPro_CN,Buffer_Chip_TW,IN:mom:Buffer_Chip_TW:SmartXPro_CN,2025-W36,0,0,1350.0,0.0,0,0,0,0,0,True
SmartXPro_CN,Buffer_Chip_TW,IN:mom:Buffer_Chip_TW:SmartXPro_CN,2025-W37,0,0,1350.0,0.0,0,0,0,0,0,True
SmartXPro_CN,Buffer_Chip_TW,IN:mom:Buffer_Chip_TW:SmartXPro_CN,2025-W38,0,0,1350.0,0.0,0,0,0,0,0,True
SmartXPro_CN,Buffer_Chip_TW,IN:mom:Buffer_Chip_TW:SmartXPro_CN,2025-W39,0,0,1350.0,0.0,0,0,0,0,0,True
SmartXPro_CN,Buffer_Chip_TW,IN:mom:Buffer_Chip_TW:SmartXPro_CN,2025-W40,0,0,1350.0,0.0,0,0,0,0,0,True
SmartXPro_CN,Buffer_Chip_TW,IN:mom:Buffer_Chip_TW:SmartXPro_CN,2025-W41,0,0,1350.0,0.0,0,0,0,0,0,True
SmartXPro_CN,Buffer_Chip_TW,IN:mom:Buffer_Chip_TW:SmartXPro_CN,2025-W42,0,0,1350.0,0.0,0,0,0,0,0,True
SmartXPro_CN,Buffer_Chip_TW,IN:mom:Buffer_Chip_TW:SmartXPro_CN,2025-W43,0,0,1350.0,0.0,0,0,0,0,0,True
SmartXPro_CN,Buffer_Chip_TW,IN:mom:Buffer_Chip_TW:SmartXPro_CN,2025-W44,0,0,1350.0,0.0,0,0,0,0,0,True
SmartXPro_CN,Buffer_Chip_TW,IN:mom:Buffer_Chip_TW:SmartXPro_CN,2025-W45,0,0,1350.0,0.0,0,0,0,0,0,True
SmartXPro_CN,Buffer_Chip_TW,IN:mom:Buffer_Chip_TW:SmartXPro_CN,2025-W46,0,0,1350.0,0.0,0,0,0,0,0,True
SmartXPro_CN,Buffer_Chip_TW,IN:mom:Buffer_Chip_TW:SmartXPro_CN,2025-W47,0,0,1350.0,0.0,0,0,0,0,0,True
SmartXPro_CN,Buffer_Chip_TW,IN:mom:Buffer_Chip_TW:SmartXPro_CN,2025-W48,0,0,1350.0,0.0,0,0,0,0,0,True
SmartXPro_CN,Buffer_Chip_TW,IN:mom:Buffer_Chip_TW:SmartXPro_CN,2025-W49,0,0,1350.0,0.0,0,0,0,0,0,True
SmartXPro_CN,Buffer_Chip_TW,IN:mom:Buffer_Chip_TW:SmartXPro_CN,2025-W50,0,0,1350.0,0.0,0,0,0,0,0,True
SmartXPro_CN,Buffer_Chip_TW,IN:mom:Buffer_Chip_TW:SmartXPro_CN,2025-W51,0,0,1350.0,0.0,0,0,0,0,0,True
SmartXPro_CN,Buffer_Chip_TW,IN:mom:Buffer_Chip_TW:SmartXPro_CN,2025-W52,0,0,1350.0,0.0,0,0,0,0,0,True
SmartXPro_CN,Buffer_Chip_TW,IN:mom:Buffer_Chip_TW:SmartXPro_CN,2026-W01,0,0,1350.0,0.0,0,0,0,0,0,True
SmartXPro_CN,Buffer_Chip_TW,IN:mom:Buffer_Chip_TW:SmartXPro_CN,2026-W02,0,0,1350.0,0.0,0,0,0,0,0,True
SmartXPro_CN,Buffer_Chip_TW,IN:mom:Buffer_Chip_TW:SmartXPro_CN,2026-W03,0,0,1350.0,0.0,0,0,0,0,0,True
SmartXPro_CN,Buffer_Chip_TW,IN:mom:Buffer_Chip_TW:SmartXPro_CN,2026-W04,0,0,1350.0,0.0,0,0,0,0,0,True
SmartXPro_CN,Buffer_Chip_TW,IN:mom:Buffer_Chip_TW:SmartXPro_CN,2026-W05,0,0,1350.0,0.0,0,0,0,0,0,True
SmartXPro_CN,Buffer_Chip_TW,IN:mom:Buffer_Chip_TW:SmartXPro_CN,2026-W06,0,0,1350.0,0.0,0,0,630,630,0,True
SmartXPro_CN,Buffer_Chip_TW,IN:mom:Buffer_Chip_TW:SmartXPro_CN,2026-W07,0,0,1350.0,0.0,0,0,1350,1350,0,True
SmartXPro_CN,Buffer_Chip_TW,IN:mom:Buffer_Chip_TW:SmartXPro_CN,2026-W08,0,0,1350.0,0.0,0,0,4050,4050,0,True
SmartXPro_CN,Buffer_Chip_TW,IN:mom:Buffer_Chip_TW:SmartXPro_CN,2026-W09,0,0,1350.0,0.0,0,0,0,0,0,True
SmartXPro_CN,Buffer_Chip_TW,IN:mom:Buffer_Chip_TW:SmartXPro_CN,2026-W10,0,0,1350.0,0.0,0,0,0,0,0,True
SmartXPro_CN,Buffer_Chip_TW,IN:mom:Buffer_Chip_TW:SmartXPro_CN,2026-W11,0,0,1350.0,0.0,0,0,1350,1350,0,True
SmartXPro_CN,Buffer_Chip_TW,IN:mom:Buffer_Chip_TW:SmartXPro_CN,2026-W12,0,0,1350.0,0.0,0,0,1350,1350,0,True
SmartXPro_CN,Buffer_Chip_TW,IN:mom:Buffer_Chip_TW:SmartXPro_CN,2026-W13,0,0,1350.0,0.0,0,0,1350,1350,0,True
SmartXPro_CN,Buffer_Chip_TW,IN:mom:Buffer_Chip_TW:SmartXPro_CN,2026-W14,0,0,1350.0,0.0,0,0,1350,1350,0,True
SmartXPro_CN,Buffer_Chip_TW,IN:mom:Buffer_Chip_TW:SmartXPro_CN,2026-W15,0,0,1350.0,0.0,0,0,1350,1350,0,True
SmartXPro_CN,Buffer_Chip_TW,IN:mom:Buffer_Chip_TW:SmartXPro_CN,2026-W16,0,0,1350.0,0.0,0,0,1350,1350,0,True
SmartXPro_CN,Buffer_Chip_TW,IN:mom:Buffer_Chip_TW:SmartXPro_CN,2026-W17,0,0,1350.0,0.0,0,0,1350,1350,0,True
SmartXPro_CN,Buffer_Chip_TW,IN:mom:Buffer_Chip_TW:SmartXPro_CN,2026-W18,0,0,1350.0,0.0,0,0,1350,1350,0,True
SmartXPro_CN,Buffer_Chip_TW,IN:mom:Buffer_Chip_TW:SmartXPro_CN,2026-W19,0,0,1350.0,0.0,0,0,1350,1350,0,True
SmartXPro_CN,Buffer_Chip_TW,IN:mom:Buffer_Chip_TW:SmartXPro_CN,2026-W20,0,0,1350.0,0.0,0,0,1350,1350,0,True
SmartXPro_CN,Buffer_Chip_TW,IN:mom:Buffer_Chip_TW:SmartXPro_CN,2026-W21,0,0,1350.0,0.0,0,0,1350,1350,0,True
SmartXPro_CN,Buffer_Chip_TW,IN:mom:Buffer_Chip_TW:SmartXPro_CN,2026-W22,0,0,1350.0,0.0,0,0,1350,1350,0,True
SmartXPro_CN,Buffer_Chip_TW,IN:mom:Buffer_Chip_TW:SmartXPro_CN,2026-W23,0,0,1350.0,0.0,0,0,1350,1350,0,True
SmartXPro_CN,Buffer_Chip_TW,IN:mom:Buffer_Chip_TW:SmartXPro_CN,2026-W24,0,0,1350.0,0.0,0,0,1350,1350,0,True
SmartXPro_CN,Buffer_Chip_TW,IN:mom:Buffer_Chip_TW:SmartXPro_CN,2026-W25,0,0,1350.0,0.0,0,0,1350,1350,0,True
SmartXPro_CN,Buffer_Chip_TW,IN:mom:Buffer_Chip_TW:SmartXPro_CN,2026-W26,0,0,1350.0,0.0,0,0,1350,1350,0,True
SmartXPro_CN,Buffer_Chip_TW,IN:mom:Buffer_Chip_TW:SmartXPro_CN,2026-W27,0,0,1350.0,0.0,0,0,1350,1350,0,True
SmartXPro_CN,Buffer_Chip_TW,IN:mom:Buffer_Chip_TW:SmartXPro_CN,2026-W28,0,0,1350.0,0.0,0,0,1350,1350,0,True
SmartXPro_CN,Buffer_Chip_TW,IN:mom:Buffer_Chip_TW:SmartXPro_CN,2026-W29,0,0,1350.0,0.0,0,0,1350,1350,0,True
SmartXPro_CN,Buffer_Chip_TW,IN:mom:Buffer_Chip_TW:SmartXPro_CN,2026-W30,0,0,1350.0,0.0,0,0,1350,1350,0,True
SmartXPro_CN,Buffer_Chip_TW,IN:mom:Buffer_Chip_TW:SmartXPro_CN,2026-W31,0,0,1350.0,0.0,0,0,1350,1350,0,True
SmartXPro_CN,Buffer_Chip_TW,IN:mom:Buffer_Chip_TW:SmartXPro_CN,2026-W32,0,0,1350.0,0.0,0,0,1347,1347,0,True
SmartXPro_CN,Buffer_Chip_TW,IN:mom:Buffer_Chip_TW:SmartXPro_CN,2026-W33,0,0,1350.0,0.0,0,0,1341,1341,0,True
SmartXPro_CN,Buffer_Chip_TW,IN:mom:Buffer_Chip_TW:SmartXPro_CN,2026-W34,0,0,1350.0,0.0,0,0,1334,1334,0,True
SmartXPro_CN,Buffer_Chip_TW,IN:mom:Buffer_Chip_TW:SmartXPro_CN,2026-W35,0,0,1350.0,0.0,0,0,1327,1327,0,True
SmartXPro_CN,Buffer_Chip_TW,IN:mom:Buffer_Chip_TW:SmartXPro_CN,2026-W36,0,0,1350.0,0.0,0,0,1321,1321,0,True
SmartXPro_CN,Buffer_Chip_TW,IN:mom:Buffer_Chip_TW:SmartXPro_CN,2026-W37,0,0,1350.0,0.0,0,0,1313,1313,0,True
SmartXPro_CN,Buffer_Chip_TW,IN:mom:Buffer_Chip_TW:SmartXPro_CN,2026-W38,0,0,1350.0,0.0,0,0,1306,1306,0,True
SmartXPro_CN,Buffer_Chip_TW,IN:mom:Buffer_Chip_TW:SmartXPro_CN,2026-W39,0,0,1350.0,0.0,0,0,1300,1300,0,True
SmartXPro_CN,Buffer_Chip_TW,IN:mom:Buffer_Chip_TW:SmartXPro_CN,2026-W40,0,0,1350.0,0.0,0,0,1293,1293,0,True
SmartXPro_CN,Buffer_Chip_TW,IN:mom:Buffer_Chip_TW:SmartXPro_CN,2026-W41,0,0,1350.0,0.0,0,0,1287,1287,0,True
SmartXPro_CN,Buffer_Chip_TW,IN:mom:Buffer_Chip_TW:SmartXPro_CN,2026-W42,0,0,1350.0,0.0,0,0,1281,1281,0,True
SmartXPro_CN,Buffer_Chip_TW,IN:mom:Buffer_Chip_TW:SmartXPro_CN,2026-W43,0,0,1350.0,0.0,0,0,1274,1274,0,True
SmartXPro_CN,Buffer_Chip_TW,IN:mom:Buffer_Chip_TW:SmartXPro_CN,2026-W44,0,630,1350.0,0.0,630,0,1267,1267,630,True
SmartXPro_CN,Buffer_Chip_TW,IN:mom:Buffer_Chip_TW:SmartXPro_CN,2026-W45,0,1350,1350.0,0.0,1350,0,1261,1261,1350,True
SmartXPro_CN,Buffer_Chip_TW,IN:mom:Buffer_Chip_TW:SmartXPro_CN,2026-W46,0,1350,1350.0,0.0,1350,0,1253,1253,1350,True
SmartXPro_CN,Buffer_Chip_TW,IN:mom:Buffer_Chip_TW:SmartXPro_CN,2026-W47,0,1350,1350.0,0.0,1350,0,1246,1246,1350,True
SmartXPro_CN,Buffer_Chip_TW,IN:mom:Buffer_Chip_TW:SmartXPro_CN,2026-W48,0,1350,1350.0,0.0,1350,0,1240,1240,1350,True
SmartXPro_CN,Buffer_Chip_TW,IN:mom:Buffer_Chip_TW:SmartXPro_CN,2026-W49,0,1350,1350.0,0.0,1350,0,1233,1233,1350,True
SmartXPro_CN,Buffer_Chip_TW,IN:mom:Buffer_Chip_TW:SmartXPro_CN,2026-W50,0,1350,1350.0,0.0,1350,0,1227,1227,1350,True
SmartXPro_CN,Buffer_Chip_TW,IN:mom:Buffer_Chip_TW:SmartXPro_CN,2026-W51,0,1350,1350.0,0.0,1350,0,1221,1221,1350,True
SmartXPro_CN,Buffer_Chip_TW,IN:mom:Buffer_Chip_TW:SmartXPro_CN,2026-W52,0,1350,1350.0,0.0,1350,0,1214,1214,1350,True
SmartXPro_CN,Buffer_Chip_TW,IN:mom:Buffer_Chip_TW:SmartXPro_CN,2026-W53,0,1350,1350.0,0.0,1350,0,1207,1207,1350,True
SmartXPro_CN,Buffer_Chip_TW,IN:mom:Buffer_Chip_TW:SmartXPro_CN,2027-W01,0,1350,1350.0,0.0,1350,0,1201,1201,1350,True
SmartXPro_CN,Buffer_Chip_TW,IN:mom:Buffer_Chip_TW:SmartXPro_CN,2027-W02,0,1350,1350.0,0.0,1350,0,1193,1193,1350,True
SmartXPro_CN,Buffer_Chip_TW,IN:mom:Buffer_Chip_TW:SmartXPro_CN,2027-W03,0,1350,1350.0,0.0,1350,0,1186,1186,1350,True
SmartXPro_CN,Buffer_Chip_TW,IN:mom:Buffer_Chip_TW:SmartXPro_CN,2027-W04,0,1350,1350.0,0.0,1350,0,1180,1180,1350,True
SmartXPro_CN,Buffer_Chip_TW,IN:mom:Buffer_Chip_TW:SmartXPro_CN,2027-W05,0,1350,1350.0,0.0,1350,0,1169,1169,1350,True
SmartXPro_CN,Buffer_Chip_TW,IN:mom:Buffer_Chip_TW:SmartXPro_CN,2027-W06,0,1350,1350.0,0.0,1350,0,3457,3457,1350,True
SmartXPro_CN,Buffer_Chip_TW,IN:mom:Buffer_Chip_TW:SmartXPro_CN,2027-W07,0,1350,1350.0,0.0,1350,0,0,0,1350,True
SmartXPro_CN,Buffer_Chip_TW,IN:mom:Buffer_Chip_TW:SmartXPro_CN,2027-W08,0,1350,1350.0,0.0,1350,0,0,0,1350,True
SmartXPro_CN,Buffer_Chip_TW,IN:mom:Buffer_Chip_TW:SmartXPro_CN,2027-W09,0,1350,1350.0,0.0,1350,0,1138,1138,1350,True
SmartXPro_CN,Buffer_Chip_TW,IN:mom:Buffer_Chip_TW:SmartXPro_CN,2027-W10,0,1350,1350.0,0.0,1350,0,1131,1131,1350,True
SmartXPro_CN,Buffer_Chip_TW,IN:mom:Buffer_Chip_TW:SmartXPro_CN,2027-W11,0,1350,1350.0,0.0,1350,0,1123,1123,1350,True
SmartXPro_CN,Buffer_Chip_TW,IN:mom:Buffer_Chip_TW:SmartXPro_CN,2027-W12,0,1350,1350.0,0.0,1350,0,1116,1116,1350,True
SmartXPro_CN,Buffer_Chip_TW,IN:mom:Buffer_Chip_TW:SmartXPro_CN,2027-W13,0,1350,1350.0,0.0,1350,0,1109,1109,1350,True
SmartXPro_CN,Buffer_Chip_TW,IN:mom:Buffer_Chip_TW:SmartXPro_CN,2027-W14,0,1350,1350.0,0.0,1350,0,1102,1102,1350,True
SmartXPro_CN,Buffer_Chip_TW,IN:mom:Buffer_Chip_TW:SmartXPro_CN,2027-W15,0,1350,1350.0,0.0,1350,0,1097,1097,1350,True
SmartXPro_CN,Buffer_Chip_TW,IN:mom:Buffer_Chip_TW:SmartXPro_CN,2027-W16,0,1350,1350.0,0.0,1350,0,1350,1350,1350,True
SmartXPro_CN,Buffer_Chip_TW,IN:mom:Buffer_Chip_TW:SmartXPro_CN,2027-W17,0,1347,1350.0,0.0,1347,0,1350,1350,1347,True
SmartXPro_CN,Buffer_Chip_TW,IN:mom:Buffer_Chip_TW:SmartXPro_CN,2027-W18,0,1341,1350.0,0.0,1341,0,1350,1350,1341,True
SmartXPro_CN,Buffer_Chip_TW,IN:mom:Buffer_Chip_TW:SmartXPro_CN,2027-W19,0,1334,1350.0,0.0,1334,0,1350,1350,1334,True
SmartXPro_CN,Buffer_Chip_TW,IN:mom:Buffer_Chip_TW:SmartXPro_CN,2027-W20,0,1327,1350.0,0.0,1327,0,1350,1350,1327,True
SmartXPro_CN,Buffer_Chip_TW,IN:mom:Buffer_Chip_TW:SmartXPro_CN,2027-W21,0,1321,1350.0,0.0,1321,0,1350,1350,1321,True
SmartXPro_CN,Buffer_Chip_TW,IN:mom:Buffer_Chip_TW:SmartXPro_CN,2027-W22,0,1313,1350.0,0.0,1313,0,901,901,1313,True
SmartXPro_CN,Buffer_Chip_TW,IN:mom:Buffer_Chip_TW:SmartXPro_CN,2027-W23,0,1306,1350.0,0.0,1306,0,901,901,1306,True
SmartXPro_CN,Buffer_Chip_TW,IN:mom:Buffer_Chip_TW:SmartXPro_CN,2027-W24,0,1300,1350.0,0.0,1300,0,901,901,1300,True
SmartXPro_CN,Buffer_Chip_TW,IN:mom:Buffer_Chip_TW:SmartXPro_CN,2027-W25,0,1293,1350.0,0.0,1293,0,901,901,1293,True
SmartXPro_CN,Buffer_Chip_TW,IN:mom:Buffer_Chip_TW:SmartXPro_CN,2027-W26,0,1287,1350.0,0.0,1287,0,901,901,1287,True
SmartXPro_CN,Buffer_Chip_TW,IN:mom:Buffer_Chip_TW:SmartXPro_CN,2027-W27,0,1281,1350.0,0.0,1281,0,901,901,1281,True
SmartXPro_CN,Buffer_Chip_TW,IN:mom:Buffer_Chip_TW:SmartXPro_CN,2027-W28,0,1274,1350.0,0.0,1274,0,901,901,1274,True
SmartXPro_CN,Buffer_Chip_TW,IN:mom:Buffer_Chip_TW:SmartXPro_CN,2027-W29,0,1267,1350.0,0.0,1267,0,901,901,1267,True
SmartXPro_CN,Buffer_Chip_TW,IN:mom:Buffer_Chip_TW:SmartXPro_CN,2027-W30,0,1261,1350.0,0.0,1261,0,901,901,1261,True
SmartXPro_CN,Buffer_Chip_TW,IN:mom:Buffer_Chip_TW:SmartXPro_CN,2027-W31,0,1253,1350.0,0.0,1253,0,901,901,1253,True
SmartXPro_CN,Buffer_Chip_TW,IN:mom:Buffer_Chip_TW:SmartXPro_CN,2027-W32,0,1246,1350.0,0.0,1246,0,901,901,1246,True
SmartXPro_CN,Buffer_Chip_TW,IN:mom:Buffer_Chip_TW:SmartXPro_CN,2027-W33,0,1240,1350.0,0.0,1240,0,901,901,1240,True
SmartXPro_CN,Buffer_Chip_TW,IN:mom:Buffer_Chip_TW:SmartXPro_CN,2027-W34,0,1233,1350.0,0.0,1233,0,901,901,1233,True
SmartXPro_CN,Buffer_Chip_TW,IN:mom:Buffer_Chip_TW:SmartXPro_CN,2027-W35,0,1227,1350.0,0.0,1227,0,901,901,1227,True
SmartXPro_CN,Buffer_Chip_TW,IN:mom:Buffer_Chip_TW:SmartXPro_CN,2027-W36,0,1221,1350.0,0.0,1221,0,901,901,1221,True
SmartXPro_CN,Buffer_Chip_TW,IN:mom:Buffer_Chip_TW:SmartXPro_CN,2027-W37,0,1214,1350.0,0.0,1214,0,901,901,1214,True
SmartXPro_CN,Buffer_Chip_TW,IN:mom:Buffer_Chip_TW:SmartXPro_CN,2027-W38,0,1207,1350.0,0.0,1207,0,901,901,1207,True
SmartXPro_CN,Buffer_Chip_TW,IN:mom:Buffer_Chip_TW:SmartXPro_CN,2027-W39,0,1201,1350.0,0.0,1201,0,901,901,1201,True
SmartXPro_CN,Buffer_Chip_TW,IN:mom:Buffer_Chip_TW:SmartXPro_CN,2027-W40,0,1193,1350.0,0.0,1193,0,901,901,1193,True
SmartXPro_CN,Buffer_Chip_TW,IN:mom:Buffer_Chip_TW:SmartXPro_CN,2027-W41,0,1186,1350.0,0.0,1186,0,901,901,1186,True
SmartXPro_CN,Buffer_Chip_TW,IN:mom:Buffer_Chip_TW:SmartXPro_CN,2027-W42,0,1180,1350.0,0.0,1180,0,901,901,1180,True
SmartXPro_CN,Buffer_Chip_TW,IN:mom:Buffer_Chip_TW:SmartXPro_CN,2027-W43,0,1169,1350.0,0.0,1169,0,901,901,1169,True
SmartXPro_CN,Buffer_Chip_TW,IN:mom:Buffer_Chip_TW:SmartXPro_CN,2027-W44,0,1159,1350.0,0.0,1159,0,901,901,1159,True
SmartXPro_CN,Buffer_Chip_TW,IN:mom:Buffer_Chip_TW:SmartXPro_CN,2027-W45,0,1152,1350.0,0.0,1152,0,901,901,1152,True
SmartXPro_CN,Buffer_Chip_TW,IN:mom:Buffer_Chip_TW:SmartXPro_CN,2027-W46,0,1146,1350.0,0.0,1146,0,901,901,1146,True
SmartXPro_CN,Buffer_Chip_TW,IN:mom:Buffer_Chip_TW:SmartXPro_CN,2027-W47,0,1138,1350.0,0.0,1138,0,901,901,1138,True
SmartXPro_CN,Buffer_Chip_TW,IN:mom:Buffer_Chip_TW:SmartXPro_CN,2027-W48,0,1131,1350.0,0.0,1131,0,901,901,1131,True
SmartXPro_CN,Buffer_Chip_TW,IN:mom:Buffer_Chip_TW:SmartXPro_CN,2027-W49,0,1123,1350.0,0.0,1123,0,901,901,1123,True
SmartXPro_CN,Buffer_Chip_TW,IN:mom:Buffer_Chip_TW:SmartXPro_CN,2027-W50,0,1116,1350.0,0.0,1116,0,901,901,1116,True
SmartXPro_CN,Buffer_Chip_TW,IN:mom:Buffer_Chip_TW:SmartXPro_CN,2027-W51,0,1109,1350.0,0.0,1109,0,901,901,1109,True
SmartXPro_CN,Buffer_Chip_TW,IN:mom:Buffer_Chip_TW:SmartXPro_CN,2027-W52,0,1102,1350.0,0.0,1102,0,901,901,1102,True
SmartXPro_CN,Buffer_Chip_TW,IN:mom:Buffer_Chip_TW:SmartXPro_CN,2028-W01,0,1095,1350.0,0.0,1097,0,901,901,1097,True
SmartXPro_CN,Buffer_Chip_TW,IN:mom:Buffer_Chip_TW:SmartXPro_CN,2028-W02,0,1087,1350.0,0.0,1350,0,901,901,1350,True
SmartXPro_CN,Buffer_Chip_TW,IN:mom:Buffer_Chip_TW:SmartXPro_CN,2028-W03,0,1080,1350.0,0.0,1350,0,901,901,1350,True
SmartXPro_CN,Buffer_Chip_TW,IN:mom:Buffer_Chip_TW:SmartXPro_CN,2028-W04,0,1073,1350.0,0.0,1350,0,901,901,1350,True
SmartXPro_CN,Buffer_Chip_TW,IN:mom:Buffer_Chip_TW:SmartXPro_CN,2028-W05,0,1066,1350.0,0.0,1350,0,2703,2703,1350,True
SmartXPro_CN,Buffer_Chip_TW,IN:mom:Buffer_Chip_TW:SmartXPro_CN,2028-W06,0,1058,1350.0,0.0,1350,0,0,0,1350,True
SmartXPro_CN,Buffer_Chip_TW,IN:mom:Buffer_Chip_TW:SmartXPro_CN,2028-W07,0,1051,1350.0,0.0,1350,0,0,0,1350,True
SmartXPro_CN,Buffer_Chip_TW,IN:mom:Buffer_Chip_TW:SmartXPro_CN,2028-W08,0,1043,1350.0,0.0,901,0,901,901,901,True
SmartXPro_CN,Buffer_Chip_TW,IN:mom:Buffer_Chip_TW:SmartXPro_CN,2028-W09,0,1036,1350.0,0.0,901,0,901,901,901,True
SmartXPro_CN,Buffer_Chip_TW,IN:mom:Buffer_Chip_TW:SmartXPro_CN,2028-W10,0,1030,1350.0,0.0,901,0,901,901,901,True
SmartXPro_CN,Buffer_Chip_TW,IN:mom:Buffer_Chip_TW:SmartXPro_CN,2028-W11,0,1022,1350.0,0.0,901,0,901,901,901,True
SmartXPro_CN,Buffer_Chip_TW,IN:mom:Buffer_Chip_TW:SmartXPro_CN,2028-W12,0,1015,1350.0,0.0,901,0,901,901,901,True
SmartXPro_CN,Buffer_Chip_TW,IN:mom:Buffer_Chip_TW:SmartXPro_CN,2028-W13,0,1007,1350.0,0.0,901,0,901,901,901,True
SmartXPro_CN,Buffer_Chip_TW,IN:mom:Buffer_Chip_TW:SmartXPro_CN,2028-W14,0,1000,1350.0,0.0,901,0,901,901,901,True
SmartXPro_CN,Buffer_Chip_TW,IN:mom:Buffer_Chip_TW:SmartXPro_CN,2028-W15,0,993,1350.0,0.0,901,0,901,901,901,True
SmartXPro_CN,Buffer_Chip_TW,IN:mom:Buffer_Chip_TW:SmartXPro_CN,2028-W16,0,986,1350.0,0.0,901,0,901,901,901,True
SmartXPro_CN,Buffer_Chip_TW,IN:mom:Buffer_Chip_TW:SmartXPro_CN,2028-W17,0,976,1350.0,0.0,901,0,901,901,901,True
SmartXPro_CN,Buffer_Chip_TW,IN:mom:Buffer_Chip_TW:SmartXPro_CN,2028-W18,0,967,1350.0,0.0,901,0,901,901,901,True
SmartXPro_CN,Buffer_Chip_TW,IN:mom:Buffer_Chip_TW:SmartXPro_CN,2028-W19,0,961,1350.0,0.0,901,0,901,901,901,True
SmartXPro_CN,Buffer_Chip_TW,IN:mom:Buffer_Chip_TW:SmartXPro_CN,2028-W20,0,955,1350.0,0.0,901,0,901,901,901,True
SmartXPro_CN,Buffer_Chip_TW,IN:mom:Buffer_Chip_TW:SmartXPro_CN,2028-W21,0,950,1350.0,0.0,901,0,901,901,901,True
SmartXPro_CN,Buffer_Chip_TW,IN:mom:Buffer_Chip_TW:SmartXPro_CN,2028-W22,0,945,1350.0,0.0,901,0,451,451,901,True
SmartXPro_CN,Buffer_Chip_TW,IN:mom:Buffer_Chip_TW:SmartXPro_CN,2028-W23,0,939,1350.0,0.0,901,0,451,451,901,True
SmartXPro_CN,Buffer_Chip_TW,IN:mom:Buffer_Chip_TW:SmartXPro_CN,2028-W24,0,933,1350.0,0.0,901,0,451,451,901,True
SmartXPro_CN,Buffer_Chip_TW,IN:mom:Buffer_Chip_TW:SmartXPro_CN,2028-W25,0,928,1350.0,0.0,901,0,451,451,901,True
SmartXPro_CN,Buffer_Chip_TW,IN:mom:Buffer_Chip_TW:SmartXPro_CN,2028-W26,0,923,1350.0,0.0,901,0,451,451,901,True
SmartXPro_CN,Buffer_Chip_TW,IN:mom:Buffer_Chip_TW:SmartXPro_CN,2028-W27,0,916,1350.0,0.0,901,0,451,451,901,True
SmartXPro_CN,Buffer_Chip_TW,IN:mom:Buffer_Chip_TW:SmartXPro_CN,2028-W28,0,911,1350.0,0.0,901,0,451,451,901,True
SmartXPro_CN,Buffer_Chip_TW,IN:mom:Buffer_Chip_TW:SmartXPro_CN,2028-W29,0,906,1350.0,0.0,901,0,451,451,901,True
SmartXPro_CN,Buffer_Chip_TW,IN:mom:Buffer_Chip_TW:SmartXPro_CN,2028-W30,0,901,1350.0,0.0,901,0,451,451,901,True
SmartXPro_CN,Buffer_Chip_TW,IN:mom:Buffer_Chip_TW:SmartXPro_CN,2028-W31,0,894,1350.0,0.0,901,0,451,451,901,True
SmartXPro_CN,Buffer_Chip_TW,IN:mom:Buffer_Chip_TW:SmartXPro_CN,2028-W32,0,889,1350.0,0.0,901,0,451,451,901,True
SmartXPro_CN,Buffer_Chip_TW,IN:mom:Buffer_Chip_TW:SmartXPro_CN,2028-W33,0,884,1350.0,0.0,901,0,451,451,901,True
SmartXPro_CN,Buffer_Chip_TW,IN:mom:Buffer_Chip_TW:SmartXPro_CN,2028-W34,0,878,1350.0,0.0,901,0,451,451,901,True
SmartXPro_CN,Buffer_Chip_TW,IN:mom:Buffer_Chip_TW:SmartXPro_CN,2028-W35,0,872,1350.0,0.0,901,0,451,451,901,True
SmartXPro_CN,Buffer_Chip_TW,IN:mom:Buffer_Chip_TW:SmartXPro_CN,2028-W36,0,867,1350.0,0.0,901,0,451,451,901,True
SmartXPro_CN,Buffer_Chip_TW,IN:mom:Buffer_Chip_TW:SmartXPro_CN,2028-W37,0,861,1350.0,0.0,901,0,451,451,901,True
SmartXPro_CN,Buffer_Chip_TW,IN:mom:Buffer_Chip_TW:SmartXPro_CN,2028-W38,0,856,1350.0,0.0,901,0,451,451,901,True
SmartXPro_CN,Buffer_Chip_TW,IN:mom:Buffer_Chip_TW:SmartXPro_CN,2028-W39,0,851,1350.0,0.0,901,0,451,451,901,True
SmartXPro_CN,Buffer_Chip_TW,IN:mom:Buffer_Chip_TW:SmartXPro_CN,2028-W40,0,845,1350.0,0.0,901,0,451,451,901,True
SmartXPro_CN,Buffer_Chip_TW,IN:mom:Buffer_Chip_TW:SmartXPro_CN,2028-W41,0,839,1350.0,0.0,901,0,451,451,901,True
SmartXPro_CN,Buffer_Chip_TW,IN:mom:Buffer_Chip_TW:SmartXPro_CN,2028-W42,0,834,1350.0,0.0,901,0,451,451,901,True
SmartXPro_CN,Buffer_Chip_TW,IN:mom:Buffer_Chip_TW:SmartXPro_CN,2028-W43,0,824,1350.0,0.0,901,0,451,451,901,True
SmartXPro_CN,Buffer_Chip_TW,IN:mom:Buffer_Chip_TW:SmartXPro_CN,2028-W44,0,812,1350.0,0.0,901,0,451,451,901,True
SmartXPro_CN,Buffer_Chip_TW,IN:mom:Buffer_Chip_TW:SmartXPro_CN,2028-W45,0,804,1350.0,0.0,901,0,451,451,901,True
SmartXPro_CN,Buffer_Chip_TW,IN:mom:Buffer_Chip_TW:SmartXPro_CN,2028-W46,0,796,1350.0,0.0,901,0,451,451,901,True
SmartXPro_CN,Buffer_Chip_TW,IN:mom:Buffer_Chip_TW:SmartXPro_CN,2028-W47,0,787,1350.0,0.0,901,0,451,451,901,True
SmartXPro_CN,Buffer_Chip_TW,IN:mom:Buffer_Chip_TW:SmartXPro_CN,2028-W48,0,780,1350.0,0.0,901,0,451,451,901,True
SmartXPro_CN,Buffer_Chip_TW,IN:mom:Buffer_Chip_TW:SmartXPro_CN,2028-W49,0,772,1350.0,0.0,901,0,446,446,901,True
SmartXPro_CN,Buffer_Chip_TW,IN:mom:Buffer_Chip_TW:SmartXPro_CN,2028-W50,0,763,1350.0,0.0,901,0,437,437,901,True
SmartXPro_CN,Buffer_Chip_TW,IN:mom:Buffer_Chip_TW:SmartXPro_CN,2028-W51,0,755,1350.0,0.0,901,0,429,429,901,True
SmartXPro_CN,Buffer_Chip_TW,IN:mom:Buffer_Chip_TW:SmartXPro_CN,2028-W52,0,746,1350.0,0.0,901,0,421,421,901,True
SmartXPro_CN,Buffer_Chip_TW,IN:mom:Buffer_Chip_TW:SmartXPro_CN,2029-W01,0,737,1350.0,0.0,901,0,412,412,901,True
SmartXPro_CN,Buffer_Chip_TW,IN:mom:Buffer_Chip_TW:SmartXPro_CN,2029-W02,0,729,1350.0,0.0,901,0,405,405,901,True
SmartXPro_CN,Buffer_Chip_TW,IN:mom:Buffer_Chip_TW:SmartXPro_CN,2029-W03,0,721,1350.0,0.0,901,0,397,397,901,True
SmartXPro_CN,Buffer_Chip_TW,IN:mom:Buffer_Chip_TW:SmartXPro_CN,2029-W04,0,712,1350.0,0.0,901,0,1143,1143,901,True
SmartXPro_CN,Buffer_Chip_TW,IN:mom:Buffer_Chip_TW:SmartXPro_CN,2029-W05,0,705,1350.0,0.0,901,0,0,0,901,True
SmartXPro_CN,Buffer_Chip_TW,IN:mom:Buffer_Chip_TW:SmartXPro_CN,2029-W06,0,697,1350.0,0.0,901,0,0,0,901,True
SmartXPro_CN,Buffer_Chip_TW,IN:mom:Buffer_Chip_TW:SmartXPro_CN,2029-W07,0,688,1350.0,0.0,901,0,366,366,901,True
SmartXPro_CN,Buffer_Chip_TW,IN:mom:Buffer_Chip_TW:SmartXPro_CN,2029-W08,0,680,1350.0,0.0,451,0,359,359,451,True
SmartXPro_CN,Buffer_Chip_TW,IN:mom:Buffer_Chip_TW:SmartXPro_CN,2029-W09,0,671,1350.0,0.0,451,0,351,351,451,True
SmartXPro_CN,Buffer_Chip_TW,IN:mom:Buffer_Chip_TW:SmartXPro_CN,2029-W10,0,662,1350.0,0.0,451,0,344,344,451,True
SmartXPro_CN,Buffer_Chip_TW,IN:mom:Buffer_Chip_TW:SmartXPro_CN,2029-W11,0,654,1350.0,0.0,451,0,336,336,451,True
SmartXPro_CN,Buffer_Chip_TW,IN:mom:Buffer_Chip_TW:SmartXPro_CN,2029-W12,0,646,1350.0,0.0,451,0,329,329,451,True
SmartXPro_CN,Buffer_Chip_TW,IN:mom:Buffer_Chip_TW:SmartXPro_CN,2029-W13,0,637,1350.0,0.0,451,0,321,321,451,True
SmartXPro_CN,Buffer_Chip_TW,IN:mom:Buffer_Chip_TW:SmartXPro_CN,2029-W14,0,630,1350.0,0.0,451,0,314,314,451,True
SmartXPro_CN,Buffer_Chip_TW,IN:mom:Buffer_Chip_TW:SmartXPro_CN,2029-W15,0,622,1350.0,0.0,451,0,307,307,451,True
SmartXPro_CN,Buffer_Chip_TW,IN:mom:Buffer_Chip_TW:SmartXPro_CN,2029-W16,0,613,1350.0,0.0,451,0,300,300,451,True
SmartXPro_CN,Buffer_Chip_TW,IN:mom:Buffer_Chip_TW:SmartXPro_CN,2029-W17,0,601,1350.0,0.0,451,0,293,293,451,True
SmartXPro_CN,Buffer_Chip_TW,IN:mom:Buffer_Chip_TW:SmartXPro_CN,2029-W18,0,587,1350.0,0.0,451,0,285,285,451,True
SmartXPro_CN,Buffer_Chip_TW,IN:mom:Buffer_Chip_TW:SmartXPro_CN,2029-W19,0,579,1350.0,0.0,451,0,278,278,451,True
SmartXPro_CN,Buffer_Chip_TW,IN:mom:Buffer_Chip_TW:SmartXPro_CN,2029-W20,0,571,1350.0,0.0,451,0,270,270,451,True
SmartXPro_CN,Buffer_Chip_TW,IN:mom:Buffer_Chip_TW:SmartXPro_CN,2029-W21,0,562,1350.0,0.0,451,0,263,263,451,True
SmartXPro_CN,Buffer_Chip_TW,IN:mom:Buffer_Chip_TW:SmartXPro_CN,2029-W22,0,555,1350.0,0.0,451,0,255,255,451,True
SmartXPro_CN,Buffer_Chip_TW,IN:mom:Buffer_Chip_TW:SmartXPro_CN,2029-W23,0,547,1350.0,0.0,451,0,248,248,451,True
SmartXPro_CN,Buffer_Chip_TW,IN:mom:Buffer_Chip_TW:SmartXPro_CN,2029-W24,0,538,1350.0,0.0,451,0,240,240,451,True
SmartXPro_CN,Buffer_Chip_TW,IN:mom:Buffer_Chip_TW:SmartXPro_CN,2029-W25,0,530,1350.0,0.0,451,0,233,233,451,True
SmartXPro_CN,Buffer_Chip_TW,IN:mom:Buffer_Chip_TW:SmartXPro_CN,2029-W26,0,521,1350.0,0.0,451,0,226,226,451,True
SmartXPro_CN,Buffer_Chip_TW,IN:mom:Buffer_Chip_TW:SmartXPro_CN,2029-W27,0,512,1350.0,0.0,451,0,218,218,451,True
SmartXPro_CN,Buffer_Chip_TW,IN:mom:Buffer_Chip_TW:SmartXPro_CN,2029-W28,0,504,1350.0,0.0,451,0,211,211,451,True
SmartXPro_CN,Buffer_Chip_TW,IN:mom:Buffer_Chip_TW:SmartXPro_CN,2029-W29,0,496,1350.0,0.0,451,0,203,203,451,True
SmartXPro_CN,Buffer_Chip_TW,IN:mom:Buffer_Chip_TW:SmartXPro_CN,2029-W30,0,487,1350.0,0.0,451,0,196,196,451,True
SmartXPro_CN,Buffer_Chip_TW,IN:mom:Buffer_Chip_TW:SmartXPro_CN,2029-W31,0,480,1350.0,0.0,451,0,188,188,451,True
SmartXPro_CN,Buffer_Chip_TW,IN:mom:Buffer_Chip_TW:SmartXPro_CN,2029-W32,0,472,1350.0,0.0,451,0,182,182,451,True
SmartXPro_CN,Buffer_Chip_TW,IN:mom:Buffer_Chip_TW:SmartXPro_CN,2029-W33,0,463,1350.0,0.0,451,0,174,174,451,True
SmartXPro_CN,Buffer_Chip_TW,IN:mom:Buffer_Chip_TW:SmartXPro_CN,2029-W34,0,455,1350.0,0.0,451,0,167,167,451,True
SmartXPro_CN,Buffer_Chip_TW,IN:mom:Buffer_Chip_TW:SmartXPro_CN,2029-W35,0,446,1350.0,0.0,446,0,159,159,446,True
SmartXPro_CN,Buffer_Chip_TW,IN:mom:Buffer_Chip_TW:SmartXPro_CN,2029-W36,0,437,1350.0,0.0,437,0,152,152,437,True
SmartXPro_CN,Buffer_Chip_TW,IN:mom:Buffer_Chip_TW:SmartXPro_CN,2029-W37,0,429,1350.0,0.0,429,0,145,145,429,True
SmartXPro_CN,Buffer_Chip_TW,IN:mom:Buffer_Chip_TW:SmartXPro_CN,2029-W38,0,421,1350.0,0.0,421,0,137,137,421,True
SmartXPro_CN,Buffer_Chip_TW,IN:mom:Buffer_Chip_TW:SmartXPro_CN,2029-W39,0,412,1350.0,0.0,412,0,130,130,412,True
SmartXPro_CN,Buffer_Chip_TW,IN:mom:Buffer_Chip_TW:SmartXPro_CN,2029-W40,0,405,1350.0,0.0,405,0,122,122,405,True
SmartXPro_CN,Buffer_Chip_TW,IN:mom:Buffer_Chip_TW:SmartXPro_CN,2029-W41,0,397,1350.0,0.0,397,0,115,115,397,True
SmartXPro_CN,Buffer_Chip_TW,IN:mom:Buffer_Chip_TW:SmartXPro_CN,2029-W42,0,388,1350.0,0.0,388,0,107,107,388,True
SmartXPro_CN,Buffer_Chip_TW,IN:mom:Buffer_Chip_TW:SmartXPro_CN,2029-W43,0,381,1350.0,0.0,381,0,100,100,381,True
SmartXPro_CN,Buffer_Chip_TW,IN:mom:Buffer_Chip_TW:SmartXPro_CN,2029-W44,0,374,1350.0,0.0,374,0,92,92,374,True
SmartXPro_CN,Buffer_Chip_TW,IN:mom:Buffer_Chip_TW:SmartXPro_CN,2029-W45,0,366,1350.0,0.0,366,0,85,85,366,True
SmartXPro_CN,Buffer_Chip_TW,IN:mom:Buffer_Chip_TW:SmartXPro_CN,2029-W46,0,359,1350.0,0.0,359,0,78,78,359,True
SmartXPro_CN,Buffer_Chip_TW,IN:mom:Buffer_Chip_TW:SmartXPro_CN,2029-W47,0,351,1350.0,0.0,351,0,70,70,351,True
SmartXPro_CN,Buffer_Chip_TW,IN:mom:Buffer_Chip_TW:SmartXPro_CN,2029-W48,0,344,1350.0,0.0,344,0,63,63,344,True
SmartXPro_CN,Buffer_Chip_TW,IN:mom:Buffer_Chip_TW:SmartXPro_CN,2029-W49,0,336,1350.0,0.0,336,0,56,56,336,True
SmartXPro_CN,Buffer_Chip_TW,IN:mom:Buffer_Chip_TW:SmartXPro_CN,2029-W50,0,329,1350.0,0.0,329,0,49,49,329,True
SmartXPro_CN,Buffer_Chip_TW,IN:mom:Buffer_Chip_TW:SmartXPro_CN,2029-W51,0,321,1350.0,0.0,321,0,41,41,321,True
SmartXPro_CN,Buffer_Chip_TW,IN:mom:Buffer_Chip_TW:SmartXPro_CN,2029-W52,0,314,1350.0,0.0,314,0,34,34,314,True
SmartXPro_CN,Buffer_Chip_TW,IN:mom:Buffer_Chip_TW:SmartXPro_CN,2030-W01,0,307,1350.0,0.0,307,0,26,26,307,True
SmartXPro_CN,Buffer_Chip_TW,IN:mom:Buffer_Chip_TW:SmartXPro_CN,2030-W02,0,300,1350.0,0.0,300,0,19,19,300,True
SmartXPro_CN,Buffer_Chip_TW,IN:mom:Buffer_Chip_TW:SmartXPro_CN,2030-W03,0,293,1350.0,0.0,293,0,11,11,293,True
SmartXPro_CN,Buffer_Chip_TW,IN:mom:Buffer_Chip_TW:SmartXPro_CN,2030-W04,0,285,1350.0,0.0,285,0,4,4,285,True
SmartXPro_CN,Buffer_Chip_TW,IN:mom:Buffer_Chip_TW:SmartXPro_CN,2030-W05,0,278,1350.0,0.0,278,0,0,0,278,True
SmartXPro_CN,Buffer_Chip_TW,IN:mom:Buffer_Chip_TW:SmartXPro_CN,2030-W06,0,270,1350.0,0.0,270,0,0,0,270,True
SmartXPro_CN,Buffer_Chip_TW,IN:mom:Buffer_Chip_TW:SmartXPro_CN,2030-W07,0,263,1350.0,0.0,263,0,0,0,263,True
SmartXPro_CN,Buffer_Chip_TW,IN:mom:Buffer_Chip_TW:SmartXPro_CN,2030-W08,0,255,1350.0,0.0,255,0,0,0,255,True
SmartXPro_CN,Buffer_Chip_TW,IN:mom:Buffer_Chip_TW:SmartXPro_CN,2030-W09,0,248,1350.0,0.0,248,0,0,0,248,True
SmartXPro_CN,Buffer_Chip_TW,IN:mom:Buffer_Chip_TW:SmartXPro_CN,2030-W10,0,240,1350.0,0.0,240,0,0,0,240,True
SmartXPro_CN,Buffer_Chip_TW,IN:mom:Buffer_Chip_TW:SmartXPro_CN,2030-W11,0,233,1350.0,0.0,233,0,0,0,233,True
SmartXPro_CN,Buffer_Chip_TW,IN:mom:Buffer_Chip_TW:SmartXPro_CN,2030-W12,0,226,1350.0,0.0,226,0,0,0,226,True
SmartXPro_CN,Buffer_Chip_TW,IN:mom:Buffer_Chip_TW:SmartXPro_CN,2030-W13,0,218,1350.0,0.0,218,0,0,0,218,True
SmartXPro_CN,Buffer_Chip_TW,IN:mom:Buffer_Chip_TW:SmartXPro_CN,2030-W14,0,211,1350.0,0.0,211,0,0,0,211,True
SmartXPro_CN,Buffer_Chip_TW,IN:mom:Buffer_Chip_TW:SmartXPro_CN,2030-W15,0,203,1350.0,0.0,203,0,0,0,203,True
SmartXPro_CN,Buffer_Chip_TW,IN:mom:Buffer_Chip_TW:SmartXPro_CN,2030-W16,0,196,1350.0,0.0,196,0,0,0,196,True
SmartXPro_CN,Buffer_Chip_TW,IN:mom:Buffer_Chip_TW:SmartXPro_CN,2030-W17,0,188,1350.0,0.0,188,0,0,0,188,True
SmartXPro_CN,Buffer_Chip_TW,IN:mom:Buffer_Chip_TW:SmartXPro_CN,2030-W18,0,182,1350.0,0.0,182,0,0,0,182,True
SmartXPro_CN,Buffer_Chip_TW,IN:mom:Buffer_Chip_TW:SmartXPro_CN,2030-W19,0,174,1350.0,0.0,174,0,0,0,174,True
SmartXPro_CN,Buffer_Chip_TW,IN:mom:Buffer_Chip_TW:SmartXPro_CN,2030-W20,0,167,1350.0,0.0,167,0,0,0,167,True
SmartXPro_CN,Buffer_Chip_TW,IN:mom:Buffer_Chip_TW:SmartXPro_CN,2030-W21,0,159,1350.0,0.0,159,0,0,0,159,True
SmartXPro_CN,Buffer_Chip_TW,IN:mom:Buffer_Chip_TW:SmartXPro_CN,2030-W22,0,152,1350.0,0.0,152,0,0,0,152,True
SmartXPro_CN,Buffer_Chip_TW,IN:mom:Buffer_Chip_TW:SmartXPro_CN,2030-W23,0,145,1350.0,0.0,145,0,0,0,145,True
SmartXPro_CN,Buffer_Chip_TW,IN:mom:Buffer_Chip_TW:SmartXPro_CN,2030-W24,0,137,1350.0,0.0,137,0,0,0,137,True
SmartXPro_CN,Buffer_Chip_TW,IN:mom:Buffer_Chip_TW:SmartXPro_CN,2030-W25,0,130,1350.0,0.0,130,0,0,0,130,True
SmartXPro_CN,Buffer_Chip_TW,IN:mom:Buffer_Chip_TW:SmartXPro_CN,2030-W26,0,122,1350.0,0.0,122,0,0,0,122,True
SmartXPro_CN,Buffer_Chip_TW,IN:mom:Buffer_Chip_TW:SmartXPro_CN,2030-W27,0,115,1350.0,0.0,115,0,0,0,115,True
SmartXPro_CN,Buffer_Chip_TW,IN:mom:Buffer_Chip_TW:SmartXPro_CN,2030-W28,0,107,1350.0,0.0,107,0,0,0,107,True
SmartXPro_CN,Buffer_Chip_TW,IN:mom:Buffer_Chip_TW:SmartXPro_CN,2030-W29,0,100,1350.0,0.0,100,0,0,0,100,True
SmartXPro_CN,Buffer_Chip_TW,IN:mom:Buffer_Chip_TW:SmartXPro_CN,2030-W30,0,92,1350.0,0.0,92,0,0,0,92,True
SmartXPro_CN,Buffer_Chip_TW,IN:mom:Buffer_Chip_TW:SmartXPro_CN,2030-W31,0,85,1350.0,0.0,85,0,0,0,85,True
SmartXPro_CN,Buffer_Chip_TW,IN:mom:Buffer_Chip_TW:SmartXPro_CN,2030-W32,0,78,1350.0,0.0,78,0,0,0,78,True
SmartXPro_CN,Buffer_Chip_TW,IN:mom:Buffer_Chip_TW:SmartXPro_CN,2030-W33,0,70,1350.0,0.0,70,0,0,0,70,True
SmartXPro_CN,Buffer_Chip_TW,IN:mom:Buffer_Chip_TW:SmartXPro_CN,2030-W34,0,63,1350.0,0.0,63,0,0,0,63,True
SmartXPro_CN,Buffer_Chip_TW,IN:mom:Buffer_Chip_TW:SmartXPro_CN,2030-W35,0,56,1350.0,0.0,56,0,0,0,56,True
SmartXPro_CN,Buffer_Chip_TW,IN:mom:Buffer_Chip_TW:SmartXPro_CN,2030-W36,0,49,1350.0,0.0,49,0,0,0,49,True
SmartXPro_CN,Buffer_Chip_TW,IN:mom:Buffer_Chip_TW:SmartXPro_CN,2030-W37,0,41,1350.0,0.0,41,0,0,0,41,True
SmartXPro_CN,Buffer_Chip_TW,IN:mom:Buffer_Chip_TW:SmartXPro_CN,2030-W38,0,34,1350.0,0.0,34,0,0,0,34,True
SmartXPro_CN,Buffer_Chip_TW,IN:mom:Buffer_Chip_TW:SmartXPro_CN,2030-W39,0,26,1350.0,0.0,26,0,0,0,26,True
SmartXPro_CN,Buffer_Chip_TW,IN:mom:Buffer_Chip_TW:SmartXPro_CN,2030-W40,0,19,1350.0,0.0,19,0,0,0,19,True
SmartXPro_CN,Buffer_Chip_TW,IN:mom:Buffer_Chip_TW:SmartXPro_CN,2030-W41,0,11,1350.0,0.0,11,0,0,0,11,True
SmartXPro_CN,Buffer_Chip_TW,IN:mom:Buffer_Chip_TW:SmartXPro_CN,2030-W42,0,4,1350.0,0.0,4,0,0,0,4,True
SmartXPro_CN,Buffer_Chip_TW,IN:mom:Buffer_Chip_TW:SmartXPro_CN,2030-W43,0,0,1350.0,0.0,0,0,0,0,0,True
SmartXPro_CN,Buffer_Chip_TW,IN:mom:Buffer_Chip_TW:SmartXPro_CN,2030-W44,0,0,1350.0,0.0,0,0,0,0,0,True
SmartXPro_CN,Buffer_Chip_TW,IN:mom:Buffer_Chip_TW:SmartXPro_CN,2030-W45,0,0,1350.0,0.0,0,0,0,0,0,True
SmartXPro_CN,Buffer_Chip_TW,IN:mom:Buffer_Chip_TW:SmartXPro_CN,2030-W46,0,0,1350.0,0.0,0,0,0,0,0,True
SmartXPro_CN,Buffer_Chip_TW,IN:mom:Buffer_Chip_TW:SmartXPro_CN,2030-W47,0,0,1350.0,0.0,0,0,0,0,0,True
SmartXPro_CN,Buffer_Chip_TW,IN:mom:Buffer_Chip_TW:SmartXPro_CN,2030-W48,0,0,1350.0,0.0,0,0,0,0,0,True
SmartXPro_CN,Buffer_Chip_TW,IN:mom:Buffer_Chip_TW:SmartXPro_CN,2030-W49,0,0,1350.0,0.0,0,0,0,0,0,True
SmartXPro_CN,Buffer_Chip_TW,IN:mom:Buffer_Chip_TW:SmartXPro_CN,2030-W50,0,0,1350.0,0.0,0,0,0,0,0,True
SmartXPro_CN,Buffer_Chip_TW,IN:mom:Buffer_Chip_TW:SmartXPro_CN,2030-W51,0,0,1350.0,0.0,0,0,0,0,0,True
SmartXPro_CN,Buffer_Chip_TW,IN:mom:Buffer_Chip_TW:SmartXPro_CN,2030-W52,0,0,1350.0,0.0,0,0,0,0,0,True
SmartXPro_CN,WaferFab_TW,IN:leaf_in:WaferFab_TW:SmartXPro_CN,2025-W36,0,0,20000.0,0.0,0,0,0,0,0,False
SmartXPro_CN,WaferFab_TW,IN:leaf_in:WaferFab_TW:SmartXPro_CN,2025-W37,0,0,20000.0,0.0,0,0,0,0,0,False
SmartXPro_CN,WaferFab_TW,IN:leaf_in:WaferFab_TW:SmartXPro_CN,2025-W38,0,0,20000.0,0.0,0,0,0,0,0,False
SmartXPro_CN,WaferFab_TW,IN:leaf_in:WaferFab_TW:SmartXPro_CN,2025-W39,0,0,20000.0,0.0,0,0,0,0,0,False
SmartXPro_CN,WaferFab_TW,IN:leaf_in:WaferFab_TW:SmartXPro_CN,2025-W40,0,0,20000.0,0.0,0,0,0,0,0,False
SmartXPro_CN,WaferFab_TW,IN:leaf_in:WaferFab_TW:SmartXPro_CN,2025-W41,0,0,20000.0,0.0,0,0,0,0,0,False
SmartXPro_CN,WaferFab_TW,IN:leaf_in:WaferFab_TW:SmartXPro_CN,2025-W42,0,0,20000.0,0.0,0,0,0,0,0,False
SmartXPro_CN,WaferFab_TW,IN:leaf_in:WaferFab_TW:SmartXPro_CN,2025-W43,0,0,20000.0,0.0,0,0,0,0,0,False
SmartXPro_CN,WaferFab_TW,IN:leaf_in:WaferFab_TW:SmartXPro_CN,2025-W44,0,0,20000.0,0.0,0,0,0,0,0,False
SmartXPro_CN,WaferFab_TW,IN:leaf_in:WaferFab_TW:SmartXPro_CN,2025-W45,0,0,20000.0,0.0,0,0,0,0,0,False
SmartXPro_CN,WaferFab_TW,IN:leaf_in:WaferFab_TW:SmartXPro_CN,2025-W46,0,0,20000.0,0.0,0,0,0,0,0,False
SmartXPro_CN,WaferFab_TW,IN:leaf_in:WaferFab_TW:SmartXPro_CN,2025-W47,0,0,20000.0,0.0,0,0,0,0,0,False
SmartXPro_CN,WaferFab_TW,IN:leaf_in:WaferFab_TW:SmartXPro_CN,2025-W48,0,0,20000.0,0.0,0,0,0,0,0,False
SmartXPro_CN,WaferFab_TW,IN:leaf_in:WaferFab_TW:SmartXPro_CN,2025-W49,0,0,20000.0,0.0,0,0,0,0,0,False
SmartXPro_CN,WaferFab_TW,IN:leaf_in:WaferFab_TW:SmartXPro_CN,2025-W50,0,0,20000.0,0.0,0,0,0,0,0,False
SmartXPro_CN,WaferFab_TW,IN:leaf_in:WaferFab_TW:SmartXPro_CN,2025-W51,0,0,20000.0,0.0,0,0,0,0,0,False
SmartXPro_CN,WaferFab_TW,IN:leaf_in:WaferFab_TW:SmartXPro_CN,2025-W52,0,0,20000.0,0.0,0,0,0,0,0,False
SmartXPro_CN,WaferFab_TW,IN:leaf_in:WaferFab_TW:SmartXPro_CN,2026-W01,0,0,20000.0,0.0,0,0,0,0,0,False
SmartXPro_CN,WaferFab_TW,IN:leaf_in:WaferFab_TW:SmartXPro_CN,2026-W02,0,0,20000.0,0.0,0,0,0,0,0,False
SmartXPro_CN,WaferFab_TW,IN:leaf_in:WaferFab_TW:SmartXPro_CN,2026-W03,0,0,20000.0,0.0,0,0,0,0,0,False
SmartXPro_CN,WaferFab_TW,IN:leaf_in:WaferFab_TW:SmartXPro_CN,2026-W04,0,0,20000.0,0.0,0,0,0,0,0,False
SmartXPro_CN,WaferFab_TW,IN:leaf_in:WaferFab_TW:SmartXPro_CN,2026-W05,630,0,20000.0,0.0,0,0,630,630,630,False
SmartXPro_CN,WaferFab_TW,IN:leaf_in:WaferFab_TW:SmartXPro_CN,2026-W06,1350,0,20000.0,0.0,0,0,1350,1350,1350,False
SmartXPro_CN,WaferFab_TW,IN:leaf_in:WaferFab_TW:SmartXPro_CN,2026-W07,4050,0,20000.0,0.0,0,0,4050,4050,4050,False
SmartXPro_CN,WaferFab_TW,IN:leaf_in:WaferFab_TW:SmartXPro_CN,2026-W08,0,0,0.0,0.0,0,0,0,0,0,False
SmartXPro_CN,WaferFab_TW,IN:leaf_in:WaferFab_TW:SmartXPro_CN,2026-W09,0,0,0.0,0.0,0,0,0,0,0,False
SmartXPro_CN,WaferFab_TW,IN:leaf_in:WaferFab_TW:SmartXPro_CN,2026-W10,1350,0,20000.0,0.0,0,0,1350,1350,1350,False
SmartXPro_CN,WaferFab_TW,IN:leaf_in:WaferFab_TW:SmartXPro_CN,2026-W11,1350,0,20000.0,0.0,0,0,1350,1350,1350,False
SmartXPro_CN,WaferFab_TW,IN:leaf_in:WaferFab_TW:SmartXPro_CN,2026-W12,1350,0,20000.0,0.0,0,0,1350,1350,1350,False
SmartXPro_CN,WaferFab_TW,IN:leaf_in:WaferFab_TW:SmartXPro_CN,2026-W13,1350,0,20000.0,0.0,0,0,1350,1350,1350,False
SmartXPro_CN,WaferFab_TW,IN:leaf_in:WaferFab_TW:SmartXPro_CN,2026-W14,1350,0,20000.0,0.0,0,0,1350,1350,1350,False
SmartXPro_CN,WaferFab_TW,IN:leaf_in:WaferFab_TW:SmartXPro_CN,2026-W15,1350,0,20000.0,0.0,0,0,1350,1350,1350,False
SmartXPro_CN,WaferFab_TW,IN:leaf_in:WaferFab_TW:SmartXPro_CN,2026-W16,1350,0,20000.0,0.0,0,0,1350,1350,1350,False
SmartXPro_CN,WaferFab_TW,IN:leaf_in:WaferFab_TW:SmartXPro_CN,2026-W17,1350,0,20000.0,0.0,0,0,1350,1350,1350,False
SmartXPro_CN,WaferFab_TW,IN:leaf_in:WaferFab_TW:SmartXPro_CN,2026-W18,1350,630,20000.0,0.0,630,630,1350,1350,1350,False
SmartXPro_CN,WaferFab_TW,IN:leaf_in:WaferFab_TW:SmartXPro_CN,2026-W19,1350,1350,20000.0,0.0,1350,1350,1350,1350,1350,False
SmartXPro_CN,WaferFab_TW,IN:leaf_in:WaferFab_TW:SmartXPro_CN,2026-W20,1350,1350,20000.0,0.0,1350,1350,1350,1350,1350,False
SmartXPro_CN,WaferFab_TW,IN:leaf_in:WaferFab_TW:SmartXPro_CN,2026-W21,1350,1350,20000.0,0.0,1350,1350,1350,1350,1350,False
SmartXPro_CN,WaferFab_TW,IN:leaf_in:WaferFab_TW:SmartXPro_CN,2026-W22,1350,1350,20000.0,0.0,1350,1350,1350,1350,1350,False
SmartXPro_CN,WaferFab_TW,IN:leaf_in:WaferFab_TW:SmartXPro_CN,2026-W23,1350,1350,20000.0,0.0,1350,1350,1350,1350,1350,False
SmartXPro_CN,WaferFab_TW,IN:leaf_in:WaferFab_TW:SmartXPro_CN,2026-W24,1350,1350,20000.0,0.0,1350,1350,1350,1350,1350,False
SmartXPro_CN,WaferFab_TW,IN:leaf_in:WaferFab_TW:SmartXPro_CN,2026-W25,1350,1350,20000.0,0.0,1350,1350,1350,1350,1350,False
SmartXPro_CN,WaferFab_TW,IN:leaf_in:WaferFab_TW:SmartXPro_CN,2026-W26,1350,1350,20000.0,0.0,1350,1350,1350,1350,1350,False
SmartXPro_CN,WaferFab_TW,IN:leaf_in:WaferFab_TW:SmartXPro_CN,2026-W27,1350,1350,20000.0,0.0,1350,1350,1350,1350,1350,False
SmartXPro_CN,WaferFab_TW,IN:leaf_in:WaferFab_TW:SmartXPro_CN,2026-W28,1350,1350,20000.0,0.0,1350,1350,1350,1350,1350,False
SmartXPro_CN,WaferFab_TW,IN:leaf_in:WaferFab_TW:SmartXPro_CN,2026-W29,1350,1350,20000.0,0.0,1350,1350,1350,1350,1350,False
SmartXPro_CN,WaferFab_TW,IN:leaf_in:WaferFab_TW:SmartXPro_CN,2026-W30,1350,1350,20000.0,0.0,1350,1350,1350,1350,1350,False
SmartXPro_CN,WaferFab_TW,IN:leaf_in:WaferFab_TW:SmartXPro_CN,2026-W31,1347,1350,20000.0,0.0,1350,1350,1347,1347,1347,False
SmartXPro_CN,WaferFab_TW,IN:leaf_in:WaferFab_TW:SmartXPro_CN,2026-W32,1341,1350,20000.0,0.0,1350,1350,1341,1341,1341,False
SmartXPro_CN,WaferFab_TW,IN:leaf_in:WaferFab_TW:SmartXPro_CN,2026-W33,1334,4050,20000.0,0.0,4050,4050,1334,1334,1334,False
SmartXPro_CN,WaferFab_TW,IN:leaf_in:WaferFab_TW:SmartXPro_CN,2026-W34,1327,1350,20000.0,0.0,1350,1350,1327,1327,1327,False
SmartXPro_CN,WaferFab_TW,IN:leaf_in:WaferFab_TW:SmartXPro_CN,2026-W35,1321,1350,20000.0,0.0,1350,1350,1321,1321,1321,False
SmartXPro_CN,WaferFab_TW,IN:leaf_in:WaferFab_TW:SmartXPro_CN,2026-W36,1313,1350,20000.0,0.0,1350,1350,1313,1313,1313,False
SmartXPro_CN,WaferFab_TW,IN:leaf_in:WaferFab_TW:SmartXPro_CN,2026-W37,1306,1350,20000.0,0.0,1350,1350,1306,1306,1306,False
SmartXPro_CN,WaferFab_TW,IN:leaf_in:WaferFab_TW:SmartXPro_CN,2026-W38,1300,1350,20000.0,0.0,1350,1350,1300,1300,1300,False
SmartXPro_CN,WaferFab_TW,IN:leaf_in:WaferFab_TW:SmartXPro_CN,2026-W39,1293,1350,20000.0,0.0,1350,1350,1293,1293,1293,False
SmartXPro_CN,WaferFab_TW,IN:leaf_in:WaferFab_TW:SmartXPro_CN,2026-W40,1287,1350,20000.0,0.0,1350,1350,1287,1287,1287,False
SmartXPro_CN,WaferFab_TW,IN:leaf_in:WaferFab_TW:SmartXPro_CN,2026-W41,1281,1350,20000.0,0.0,1350,1350,1281,1281,1281,False
SmartXPro_CN,WaferFab_TW,IN:leaf_in:WaferFab_TW:SmartXPro_CN,2026-W42,1274,1347,20000.0,0.0,1347,1347,1274,1274,1274,False
SmartXPro_CN,WaferFab_TW,IN:leaf_in:WaferFab_TW:SmartXPro_CN,2026-W43,1267,1341,20000.0,0.0,1341,1341,1267,1267,1267,False
SmartXPro_CN,WaferFab_TW,IN:leaf_in:WaferFab_TW:SmartXPro_CN,2026-W44,1261,1334,20000.0,0.0,1334,1334,1261,1261,1261,False
SmartXPro_CN,WaferFab_TW,IN:leaf_in:WaferFab_TW:SmartXPro_CN,2026-W45,1253,1327,20000.0,0.0,1327,1327,1253,1253,1253,False
SmartXPro_CN,WaferFab_TW,IN:leaf_in:WaferFab_TW:SmartXPro_CN,2026-W46,1246,1321,20000.0,0.0,1321,1321,1246,1246,1246,False
SmartXPro_CN,WaferFab_TW,IN:leaf_in:WaferFab_TW:SmartXPro_CN,2026-W47,1240,1313,20000.0,0.0,1313,1313,1240,1240,1240,False
SmartXPro_CN,WaferFab_TW,IN:leaf_in:WaferFab_TW:SmartXPro_CN,2026-W48,1233,1306,20000.0,0.0,1306,1306,1233,1233,1233,False
SmartXPro_CN,WaferFab_TW,IN:leaf_in:WaferFab_TW:SmartXPro_CN,2026-W49,1227,1300,20000.0,0.0,1300,1300,1227,1227,1227,False
SmartXPro_CN,WaferFab_TW,IN:leaf_in:WaferFab_TW:SmartXPro_CN,2026-W50,1221,1293,20000.0,0.0,1293,1293,1221,1221,1221,False
SmartXPro_CN,WaferFab_TW,IN:leaf_in:WaferFab_TW:SmartXPro_CN,2026-W51,1214,1287,20000.0,0.0,1287,1287,1214,1214,1214,False
SmartXPro_CN,WaferFab_TW,IN:leaf_in:WaferFab_TW:SmartXPro_CN,2026-W52,1207,1281,20000.0,0.0,1281,1281,1207,1207,1207,False
SmartXPro_CN,WaferFab_TW,IN:leaf_in:WaferFab_TW:SmartXPro_CN,2026-W53,1201,1274,20000.0,0.0,1274,1274,1201,1201,1201,False
SmartXPro_CN,WaferFab_TW,IN:leaf_in:WaferFab_TW:SmartXPro_CN,2027-W01,1193,1267,20000.0,0.0,1267,1267,1193,1193,1193,False
SmartXPro_CN,WaferFab_TW,IN:leaf_in:WaferFab_TW:SmartXPro_CN,2027-W02,1186,1261,20000.0,0.0,1261,1261,1186,1186,1186,False
SmartXPro_CN,WaferFab_TW,IN:leaf_in:WaferFab_TW:SmartXPro_CN,2027-W03,1180,1253,20000.0,0.0,1253,1253,1180,1180,1180,False
SmartXPro_CN,WaferFab_TW,IN:leaf_in:WaferFab_TW:SmartXPro_CN,2027-W04,1169,1246,20000.0,0.0,1246,1246,1169,1169,1169,False
SmartXPro_CN,WaferFab_TW,IN:leaf_in:WaferFab_TW:SmartXPro_CN,2027-W05,3457,1240,20000.0,0.0,1240,1240,3457,3457,3457,False
SmartXPro_CN,WaferFab_TW,IN:leaf_in:WaferFab_TW:SmartXPro_CN,2027-W06,0,0,0.0,0.0,0,0,0,0,0,False
SmartXPro_CN,WaferFab_TW,IN:leaf_in:WaferFab_TW:SmartXPro_CN,2027-W07,0,0,0.0,0.0,0,0,0,0,0,False
SmartXPro_CN,WaferFab_TW,IN:leaf_in:WaferFab_TW:SmartXPro_CN,2027-W08,1138,1233,20000.0,0.0,1233,1233,1138,1138,1138,False
SmartXPro_CN,WaferFab_TW,IN:leaf_in:WaferFab_TW:SmartXPro_CN,2027-W09,1131,1227,20000.0,0.0,1227,1227,1131,1131,1131,False
SmartXPro_CN,WaferFab_TW,IN:leaf_in:WaferFab_TW:SmartXPro_CN,2027-W10,1123,1221,20000.0,0.0,1221,1221,1123,1123,1123,False
SmartXPro_CN,WaferFab_TW,IN:leaf_in:WaferFab_TW:SmartXPro_CN,2027-W11,1116,1214,20000.0,0.0,1214,1214,1116,1116,1116,False
SmartXPro_CN,WaferFab_TW,IN:leaf_in:WaferFab_TW:SmartXPro_CN,2027-W12,1109,1207,20000.0,0.0,1207,1207,1109,1109,1109,False
SmartXPro_CN,WaferFab_TW,IN:leaf_in:WaferFab_TW:SmartXPro_CN,2027-W13,1102,1201,20000.0,0.0,1201,1201,1102,1102,1102,False
SmartXPro_CN,WaferFab_TW,IN:leaf_in:WaferFab_TW:SmartXPro_CN,2027-W14,1095,1193,20000.0,0.0,1193,1193,1097,1097,1097,False
SmartXPro_CN,WaferFab_TW,IN:leaf_in:WaferFab_TW:SmartXPro_CN,2027-W15,1087,1186,20000.0,0.0,1186,1186,1350,1350,1350,False
SmartXPro_CN,WaferFab_TW,IN:leaf_in:WaferFab_TW:SmartXPro_CN,2027-W16,1080,1180,20000.0,0.0,1180,1180,1350,1350,1350,False
SmartXPro_CN,WaferFab_TW,IN:leaf_in:WaferFab_TW:SmartXPro_CN,2027-W17,1073,1169,20000.0,0.0,1169,1169,1350,1350,1350,False
SmartXPro_CN,WaferFab_TW,IN:leaf_in:WaferFab_TW:SmartXPro_CN,2027-W18,1066,1159,20000.0,0.0,1159,1159,1350,1350,1350,False
SmartXPro_CN,WaferFab_TW,IN:leaf_in:WaferFab_TW:SmartXPro_CN,2027-W19,1058,1152,20000.0,0.0,1152,1152,1350,1350,1350,False
SmartXPro_CN,WaferFab_TW,IN:leaf_in:WaferFab_TW:SmartXPro_CN,2027-W20,1051,1146,20000.0,0.0,1146,1146,1350,1350,1350,False
SmartXPro_CN,WaferFab_TW,IN:leaf_in:WaferFab_TW:SmartXPro_CN,2027-W21,1043,1138,20000.0,0.0,1138,1138,901,901,901,False
SmartXPro_CN,WaferFab_TW,IN:leaf_in:WaferFab_TW:SmartXPro_CN,2027-W22,1036,1131,20000.0,0.0,1131,1131,901,901,901,False
SmartXPro_CN,WaferFab_TW,IN:leaf_in:WaferFab_TW:SmartXPro_CN,2027-W23,1030,1123,20000.0,0.0,1123,1123,901,901,901,False
SmartXPro_CN,WaferFab_TW,IN:leaf_in:WaferFab_TW:SmartXPro_CN,2027-W24,1022,1116,20000.0,0.0,1116,1116,901,901,901,False
SmartXPro_CN,WaferFab_TW,IN:leaf_in:WaferFab_TW:SmartXPro_CN,2027-W25,1015,1109,20000.0,0.0,1109,1109,901,901,901,False
SmartXPro_CN,WaferFab_TW,IN:leaf_in:WaferFab_TW:SmartXPro_CN,2027-W26,1007,1102,20000.0,0.0,1102,1102,901,901,901,False
SmartXPro_CN,WaferFab_TW,IN:leaf_in:WaferFab_TW:SmartXPro_CN,2027-W27,1000,1095,20000.0,0.0,1097,1097,901,901,901,False
SmartXPro_CN,WaferFab_TW,IN:leaf_in:WaferFab_TW:SmartXPro_CN,2027-W28,993,1087,20000.0,0.0,1350,1350,901,901,901,False
SmartXPro_CN,WaferFab_TW,IN:leaf_in:WaferFab_TW:SmartXPro_CN,2027-W29,986,1080,20000.0,0.0,1350,1350,901,901,901,False
SmartXPro_CN,WaferFab_TW,IN:leaf_in:WaferFab_TW:SmartXPro_CN,2027-W30,976,1073,20000.0,0.0,1350,1350,901,901,901,False
SmartXPro_CN,WaferFab_TW,IN:leaf_in:WaferFab_TW:SmartXPro_CN,2027-W31,967,3175,20000.0,0.0,4050,4050,901,901,901,False
SmartXPro_CN,WaferFab_TW,IN:leaf_in:WaferFab_TW:SmartXPro_CN,2027-W32,961,1043,20000.0,0.0,901,901,901,901,901,False
SmartXPro_CN,WaferFab_TW,IN:leaf_in:WaferFab_TW:SmartXPro_CN,2027-W33,955,1036,20000.0,0.0,901,901,901,901,901,False
SmartXPro_CN,WaferFab_TW,IN:leaf_in:WaferFab_TW:SmartXPro_CN,2027-W34,950,1030,20000.0,0.0,901,901,901,901,901,False
SmartXPro_CN,WaferFab_TW,IN:leaf_in:WaferFab_TW:SmartXPro_CN,2027-W35,945,1022,20000.0,0.0,901,901,901,901,901,False
SmartXPro_CN,WaferFab_TW,IN:leaf_in:WaferFab_TW:SmartXPro_CN,2027-W36,939,1015,20000.0,0.0,901,901,901,901,901,False
SmartXPro_CN,WaferFab_TW,IN:leaf_in:WaferFab_TW:SmartXPro_CN,2027-W37,933,1007,20000.0,0.0,901,901,901,901,901,False
SmartXPro_CN,WaferFab_TW,IN:leaf_in:WaferFab_TW:SmartXPro_CN,2027-W38,928,1000,20000.0,0.0,901,901,901,901,901,False
SmartXPro_CN,WaferFab_TW,IN:leaf_in:WaferFab_TW:SmartXPro_CN,2027-W39,923,993,20000.0,0.0,901,901,901,901,901,False
SmartXPro_CN,WaferFab_TW,IN:leaf_in:WaferFab_TW:SmartXPro_CN,2027-W40,916,986,20000.0,0.0,901,901,901,901,901,False
SmartXPro_CN,WaferFab_TW,IN:leaf_in:WaferFab_TW:SmartXPro_CN,2027-W41,911,976,20000.0,0.0,901,901,901,901,901,False
SmartXPro_CN,WaferFab_TW,IN:leaf_in:WaferFab_TW:SmartXPro_CN,2027-W42,906,967,20000.0,0.0,901,901,901,901,901,False
SmartXPro_CN,WaferFab_TW,IN:leaf_in:WaferFab_TW:SmartXPro_CN,2027-W43,901,961,20000.0,0.0,901,901,901,901,901,False
SmartXPro_CN,WaferFab_TW,IN:leaf_in:WaferFab_TW:SmartXPro_CN,2027-W44,894,955,20000.0,0.0,901,901,901,901,901,False
SmartXPro_CN,WaferFab_TW,IN:leaf_in:WaferFab_TW:SmartXPro_CN,2027-W45,889,950,20000.0,0.0,901,901,901,901,901,False
SmartXPro_CN,WaferFab_TW,IN:leaf_in:WaferFab_TW:SmartXPro_CN,2027-W46,884,945,20000.0,0.0,901,901,901,901,901,False
SmartXPro_CN,WaferFab_TW,IN:leaf_in:WaferFab_TW:SmartXPro_CN,2027-W47,878,939,20000.0,0.0,901,901,901,901,901,False
SmartXPro_CN,WaferFab_TW,IN:leaf_in:WaferFab_TW:SmartXPro_CN,2027-W48,872,933,20000.0,0.0,901,901,901,901,901,False
SmartXPro_CN,WaferFab_TW,IN:leaf_in:WaferFab_TW:SmartXPro_CN,2027-W49,867,928,20000.0,0.0,901,901,901,901,901,False
SmartXPro_CN,WaferFab_TW,IN:leaf_in:WaferFab_TW:SmartXPro_CN,2027-W50,861,923,20000.0,0.0,901,901,901,901,901,False
SmartXPro_CN,WaferFab_TW,IN:leaf_in:WaferFab_TW:SmartXPro_CN,2027-W51,856,916,20000.0,0.0,901,901,901,901,901,False
SmartXPro_CN,WaferFab_TW,IN:leaf_in:WaferFab_TW:SmartXPro_CN,2027-W52,851,911,20000.0,0.0,901,901,901,901,901,False
SmartXPro_CN,WaferFab_TW,IN:leaf_in:WaferFab_TW:SmartXPro_CN,2028-W01,845,906,20000.0,0.0,901,901,901,901,901,False
SmartXPro_CN,WaferFab_TW,IN:leaf_in:WaferFab_TW:SmartXPro_CN,2028-W02,839,901,20000.0,0.0,901,901,901,901,901,False
SmartXPro_CN,WaferFab_TW,IN:leaf_in:WaferFab_TW:SmartXPro_CN,2028-W03,834,894,20000.0,0.0,901,901,901,901,901,False
SmartXPro_CN,WaferFab_TW,IN:leaf_in:WaferFab_TW:SmartXPro_CN,2028-W04,2440,889,20000.0,0.0,901,901,2703,2703,2703,False
SmartXPro_CN,WaferFab_TW,IN:leaf_in:WaferFab_TW:SmartXPro_CN,2028-W05,0,0,0.0,0.0,0,0,0,0,0,False
SmartXPro_CN,WaferFab_TW,IN:leaf_in:WaferFab_TW:SmartXPro_CN,2028-W06,0,0,0.0,0.0,0,0,0,0,0,False
SmartXPro_CN,WaferFab_TW,IN:leaf_in:WaferFab_TW:SmartXPro_CN,2028-W07,796,884,20000.0,0.0,901,901,901,901,901,False
SmartXPro_CN,WaferFab_TW,IN:leaf_in:WaferFab_TW:SmartXPro_CN,2028-W08,787,878,20000.0,0.0,901,901,901,901,901,False
SmartXPro_CN,WaferFab_TW,IN:leaf_in:WaferFab_TW:SmartXPro_CN,2028-W09,780,872,20000.0,0.0,901,901,901,901,901,False
SmartXPro_CN,WaferFab_TW,IN:leaf_in:WaferFab_TW:SmartXPro_CN,2028-W10,772,867,20000.0,0.0,901,901,901,901,901,False
SmartXPro_CN,WaferFab_TW,IN:leaf_in:WaferFab_TW:SmartXPro_CN,2028-W11,763,861,20000.0,0.0,901,901,901,901,901,False
SmartXPro_CN,WaferFab_TW,IN:leaf_in:WaferFab_TW:SmartXPro_CN,2028-W12,755,856,20000.0,0.0,901,901,901,901,901,False
SmartXPro_CN,WaferFab_TW,IN:leaf_in:WaferFab_TW:SmartXPro_CN,2028-W13,746,851,20000.0,0.0,901,901,901,901,901,False
SmartXPro_CN,WaferFab_TW,IN:leaf_in:WaferFab_TW:SmartXPro_CN,2028-W14,737,845,20000.0,0.0,901,901,901,901,901,False
SmartXPro_CN,WaferFab_TW,IN:leaf_in:WaferFab_TW:SmartXPro_CN,2028-W15,729,839,20000.0,0.0,901,901,901,901,901,False
SmartXPro_CN,WaferFab_TW,IN:leaf_in:WaferFab_TW:SmartXPro_CN,2028-W16,721,834,20000.0,0.0,901,901,901,901,901,False
SmartXPro_CN,WaferFab_TW,IN:leaf_in:WaferFab_TW:SmartXPro_CN,2028-W17,712,824,20000.0,0.0,901,901,901,901,901,False
SmartXPro_CN,WaferFab_TW,IN:leaf_in:WaferFab_TW:SmartXPro_CN,2028-W18,705,812,20000.0,0.0,901,901,901,901,901,False
SmartXPro_CN,WaferFab_TW,IN:leaf_in:WaferFab_TW:SmartXPro_CN,2028-W19,697,804,20000.0,0.0,901,901,901,901,901,False
SmartXPro_CN,WaferFab_TW,IN:leaf_in:WaferFab_TW:SmartXPro_CN,2028-W20,688,796,20000.0,0.0,901,901,901,901,901,False
SmartXPro_CN,WaferFab_TW,IN:leaf_in:WaferFab_TW:SmartXPro_CN,2028-W21,680,787,20000.0,0.0,901,901,451,451,451,False
SmartXPro_CN,WaferFab_TW,IN:leaf_in:WaferFab_TW:SmartXPro_CN,2028-W22,671,780,20000.0,0.0,901,901,451,451,451,False
SmartXPro_CN,WaferFab_TW,IN:leaf_in:WaferFab_TW:SmartXPro_CN,2028-W23,662,772,20000.0,0.0,901,901,451,451,451,False
SmartXPro_CN,WaferFab_TW,IN:leaf_in:WaferFab_TW:SmartXPro_CN,2028-W24,654,763,20000.0,0.0,901,901,451,451,451,False
SmartXPro_CN,WaferFab_TW,IN:leaf_in:WaferFab_TW:SmartXPro_CN,2028-W25,646,755,20000.0,0.0,901,901,451,451,451,False
SmartXPro_CN,WaferFab_TW,IN:leaf_in:WaferFab_TW:SmartXPro_CN,2028-W26,637,746,20000.0,0.0,901,901,451,451,451,False
SmartXPro_CN,WaferFab_TW,IN:leaf_in:WaferFab_TW:SmartXPro_CN,2028-W27,630,737,20000.0,0.0,901,901,451,451,451,False
SmartXPro_CN,WaferFab_TW,IN:leaf_in:WaferFab_TW:SmartXPro_CN,2028-W28,622,729,20000.0,0.0,901,901,451,451,451,False
SmartXPro_CN,WaferFab_TW,IN:leaf_in:WaferFab_TW:SmartXPro_CN,2028-W29,613,721,20000.0,0.0,901,901,451,451,451,False
SmartXPro_CN,WaferFab_TW,IN:leaf_in:WaferFab_TW:SmartXPro_CN,2028-W30,601,2114,20000.0,0.0,2703,2703,451,451,451,False
SmartXPro_CN,WaferFab_TW,IN:leaf_in:WaferFab_TW:SmartXPro_CN,2028-W31,587,688,20000.0,0.0,901,901,451,451,451,False
SmartXPro_CN,WaferFab_TW,IN:leaf_in:WaferFab_TW:SmartXPro_CN,2028-W32,579,680,20000.0,0.0,451,451,451,451,451,False
SmartXPro_CN,WaferFab_TW,IN:leaf_in:WaferFab_TW:SmartXPro_CN,2028-W33,571,671,20000.0,0.0,451,451,451,451,451,False
SmartXPro_CN,WaferFab_TW,IN:leaf_in:WaferFab_TW:SmartXPro_CN,2028-W34,562,662,20000.0,0.0,451,451,451,451,451,False
SmartXPro_CN,WaferFab_TW,IN:leaf_in:WaferFab_TW:SmartXPro_CN,2028-W35,555,654,20000.0,0.0,451,451,451,451,451,False
SmartXPro_CN,WaferFab_TW,IN:leaf_in:WaferFab_TW:SmartXPro_CN,2028-W36,547,646,20000.0,0.0,451,451,451,451,451,False
SmartXPro_CN,WaferFab_TW,IN:leaf_in:WaferFab_TW:SmartXPro_CN,2028-W37,538,637,20000.0,0.0,451,451,451,451,451,False
SmartXPro_CN,WaferFab_TW,IN:leaf_in:WaferFab_TW:SmartXPro_CN,2028-W38,530,630,20000.0,0.0,451,451,451,451,451,False
SmartXPro_CN,WaferFab_TW,IN:leaf_in:WaferFab_TW:SmartXPro_CN,2028-W39,521,622,20000.0,0.0,451,451,451,451,451,False
SmartXPro_CN,WaferFab_TW,IN:leaf_in:WaferFab_TW:SmartXPro_CN,2028-W40,512,613,20000.0,0.0,451,451,451,451,451,False
SmartXPro_CN,WaferFab_TW,IN:leaf_in:WaferFab_TW:SmartXPro_CN,2028-W41,504,601,20000.0,0.0,451,451,451,451,451,False
SmartXPro_CN,WaferFab_TW,IN:leaf_in:WaferFab_TW:SmartXPro_CN,2028-W42,496,587,20000.0,0.0,451,451,451,451,451,False
SmartXPro_CN,WaferFab_TW,IN:leaf_in:WaferFab_TW:SmartXPro_CN,2028-W43,487,579,20000.0,0.0,451,451,451,451,451,False
SmartXPro_CN,WaferFab_TW,IN:leaf_in:WaferFab_TW:SmartXPro_CN,2028-W44,480,571,20000.0,0.0,451,451,451,451,451,False
SmartXPro_CN,WaferFab_TW,IN:leaf_in:WaferFab_TW:SmartXPro_CN,2028-W45,472,562,20000.0,0.0,451,451,451,451,451,False
SmartXPro_CN,WaferFab_TW,IN:leaf_in:WaferFab_TW:SmartXPro_CN,2028-W46,463,555,20000.0,0.0,451,451,451,451,451,False
SmartXPro_CN,WaferFab_TW,IN:leaf_in:WaferFab_TW:SmartXPro_CN,2028-W47,455,547,20000.0,0.0,451,451,451,451,451,False
SmartXPro_CN,WaferFab_TW,IN:leaf_in:WaferFab_TW:SmartXPro_CN,2028-W48,446,538,20000.0,0.0,451,451,446,446,446,False
SmartXPro_CN,WaferFab_TW,IN:leaf_in:WaferFab_TW:SmartXPro_CN,2028-W49,437,530,20000.0,0.0,451,451,437,437,437,False
SmartXPro_CN,WaferFab_TW,IN:leaf_in:WaferFab_TW:SmartXPro_CN,2028-W50,429,521,20000.0,0.0,451,451,429,429,429,False
SmartXPro_CN,WaferFab_TW,IN:leaf_in:WaferFab_TW:SmartXPro_CN,2028-W51,421,512,20000.0,0.0,451,451,421,421,421,False
SmartXPro_CN,WaferFab_TW,IN:leaf_in:WaferFab_TW:SmartXPro_CN,2028-W52,412,504,20000.0,0.0,451,451,412,412,412,False
SmartXPro_CN,WaferFab_TW,IN:leaf_in:WaferFab_TW:SmartXPro_CN,2029-W01,405,496,20000.0,0.0,451,451,405,405,405,False
SmartXPro_CN,WaferFab_TW,IN:leaf_in:WaferFab_TW:SmartXPro_CN,2029-W02,397,487,20000.0,0.0,451,451,397,397,397,False
SmartXPro_CN,WaferFab_TW,IN:leaf_in:WaferFab_TW:SmartXPro_CN,2029-W03,1143,480,20000.0,0.0,451,451,1143,1143,1143,False
SmartXPro_CN,WaferFab_TW,IN:leaf_in:WaferFab_TW:SmartXPro_CN,2029-W04,0,0,0.0,0.0,0,0,0,0,0,False
SmartXPro_CN,WaferFab_TW,IN:leaf_in:WaferFab_TW:SmartXPro_CN,2029-W05,0,0,0.0,0.0,0,0,0,0,0,False
SmartXPro_CN,WaferFab_TW,IN:leaf_in:WaferFab_TW:SmartXPro_CN,2029-W06,366,472,20000.0,0.0,451,451,366,366,366,False
SmartXPro_CN,WaferFab_TW,IN:leaf_in:WaferFab_TW:SmartXPro_CN,2029-W07,359,463,20000.0,0.0,451,451,359,359,359,False
SmartXPro_CN,WaferFab_TW,IN:leaf_in:WaferFab_TW:SmartXPro_CN,2029-W08,351,455,20000.0,0.0,451,451,351,351,351,False
SmartXPro_CN,WaferFab_TW,IN:leaf_in:WaferFab_TW:SmartXPro_CN,2029-W09,344,446,20000.0,0.0,446,446,344,344,344,False
SmartXPro_CN,WaferFab_TW,IN:leaf_in:WaferFab_TW:SmartXPro_CN,2029-W10,336,437,20000.0,0.0,437,437,336,336,336,False
SmartXPro_CN,WaferFab_TW,IN:leaf_in:WaferFab_TW:SmartXPro_CN,2029-W11,329,429,20000.0,0.0,429,429,329,329,329,False
SmartXPro_CN,WaferFab_TW,IN:leaf_in:WaferFab_TW:SmartXPro_CN,2029-W12,321,421,20000.0,0.0,421,421,321,321,321,False
SmartXPro_CN,WaferFab_TW,IN:leaf_in:WaferFab_TW:SmartXPro_CN,2029-W13,314,412,20000.0,0.0,412,412,314,314,314,False
SmartXPro_CN,WaferFab_TW,IN:leaf_in:WaferFab_TW:SmartXPro_CN,2029-W14,307,405,20000.0,0.0,405,405,307,307,307,False
SmartXPro_CN,WaferFab_TW,IN:leaf_in:WaferFab_TW:SmartXPro_CN,2029-W15,300,397,20000.0,0.0,397,397,300,300,300,False
SmartXPro_CN,WaferFab_TW,IN:leaf_in:WaferFab_TW:SmartXPro_CN,2029-W16,293,388,20000.0,0.0,388,388,293,293,293,False
SmartXPro_CN,WaferFab_TW,IN:leaf_in:WaferFab_TW:SmartXPro_CN,2029-W17,285,381,20000.0,0.0,381,381,285,285,285,False
SmartXPro_CN,WaferFab_TW,IN:leaf_in:WaferFab_TW:SmartXPro_CN,2029-W18,278,374,20000.0,0.0,374,374,278,278,278,False
SmartXPro_CN,WaferFab_TW,IN:leaf_in:WaferFab_TW:SmartXPro_CN,2029-W19,270,366,20000.0,0.0,366,366,270,270,270,False
SmartXPro_CN,WaferFab_TW,IN:leaf_in:WaferFab_TW:SmartXPro_CN,2029-W20,263,359,20000.0,0.0,359,359,263,263,263,False
SmartXPro_CN,WaferFab_TW,IN:leaf_in:WaferFab_TW:SmartXPro_CN,2029-W21,255,351,20000.0,0.0,351,351,255,255,255,False
SmartXPro_CN,WaferFab_TW,IN:leaf_in:WaferFab_TW:SmartXPro_CN,2029-W22,248,344,20000.0,0.0,344,344,248,248,248,False
SmartXPro_CN,WaferFab_TW,IN:leaf_in:WaferFab_TW:SmartXPro_CN,2029-W23,240,336,20000.0,0.0,336,336,240,240,240,False
SmartXPro_CN,WaferFab_TW,IN:leaf_in:WaferFab_TW:SmartXPro_CN,2029-W24,233,329,20000.0,0.0,329,329,233,233,233,False
SmartXPro_CN,WaferFab_TW,IN:leaf_in:WaferFab_TW:SmartXPro_CN,2029-W25,226,321,20000.0,0.0,321,321,226,226,226,False
SmartXPro_CN,WaferFab_TW,IN:leaf_in:WaferFab_TW:SmartXPro_CN,2029-W26,218,314,20000.0,0.0,314,314,218,218,218,False
SmartXPro_CN,WaferFab_TW,IN:leaf_in:WaferFab_TW:SmartXPro_CN,2029-W27,211,307,20000.0,0.0,307,307,211,211,211,False
SmartXPro_CN,WaferFab_TW,IN:leaf_in:WaferFab_TW:SmartXPro_CN,2029-W28,203,300,20000.0,0.0,300,300,203,203,203,False
SmartXPro_CN,WaferFab_TW,IN:leaf_in:WaferFab_TW:SmartXPro_CN,2029-W29,196,293,20000.0,0.0,293,293,196,196,196,False
SmartXPro_CN,WaferFab_TW,IN:leaf_in:WaferFab_TW:SmartXPro_CN,2029-W30,188,285,20000.0,0.0,285,285,188,188,188,False
SmartXPro_CN,WaferFab_TW,IN:leaf_in:WaferFab_TW:SmartXPro_CN,2029-W31,182,811,20000.0,0.0,811,811,182,182,182,False
SmartXPro_CN,WaferFab_TW,IN:leaf_in:WaferFab_TW:SmartXPro_CN,2029-W32,174,255,20000.0,0.0,255,255,174,174,174,False
SmartXPro_CN,WaferFab_TW,IN:leaf_in:WaferFab_TW:SmartXPro_CN,2029-W33,167,248,20000.0,0.0,248,248,167,167,167,False
SmartXPro_CN,WaferFab_TW,IN:leaf_in:WaferFab_TW:SmartXPro_CN,2029-W34,159,240,20000.0,0.0,240,240,159,159,159,False
SmartXPro_CN,WaferFab_TW,IN:leaf_in:WaferFab_TW:SmartXPro_CN,2029-W35,152,233,20000.0,0.0,233,233,152,152,152,False
SmartXPro_CN,WaferFab_TW,IN:leaf_in:WaferFab_TW:SmartXPro_CN,2029-W36,145,226,20000.0,0.0,226,226,145,145,145,False
SmartXPro_CN,WaferFab_TW,IN:leaf_in:WaferFab_TW:SmartXPro_CN,2029-W37,137,218,20000.0,0.0,218,218,137,137,137,False
SmartXPro_CN,WaferFab_TW,IN:leaf_in:WaferFab_TW:SmartXPro_CN,2029-W38,130,211,20000.0,0.0,211,211,130,130,130,False
SmartXPro_CN,WaferFab_TW,IN:leaf_in:WaferFab_TW:SmartXPro_CN,2029-W39,122,203,20000.0,0.0,203,203,122,122,122,False
SmartXPro_CN,WaferFab_TW,IN:leaf_in:WaferFab_TW:SmartXPro_CN,2029-W40,115,196,20000.0,0.0,196,196,115,115,115,False
SmartXPro_CN,WaferFab_TW,IN:leaf_in:WaferFab_TW:SmartXPro_CN,2029-W41,107,188,20000.0,0.0,188,188,107,107,107,False
SmartXPro_CN,WaferFab_TW,IN:leaf_in:WaferFab_TW:SmartXPro_CN,2029-W42,100,182,20000.0,0.0,182,182,100,100,100,False
SmartXPro_CN,WaferFab_TW,IN:leaf_in:WaferFab_TW:SmartXPro_CN,2029-W43,92,174,20000.0,0.0,174,174,92,92,92,False
SmartXPro_CN,WaferFab_TW,IN:leaf_in:WaferFab_TW:SmartXPro_CN,2029-W44,85,167,20000.0,0.0,167,167,85,85,85,False
SmartXPro_CN,WaferFab_TW,IN:leaf_in:WaferFab_TW:SmartXPro_CN,2029-W45,78,159,20000.0,0.0,159,159,78,78,78,False
SmartXPro_CN,WaferFab_TW,IN:leaf_in:WaferFab_TW:SmartXPro_CN,2029-W46,70,152,20000.0,0.0,152,152,70,70,70,False
SmartXPro_CN,WaferFab_TW,IN:leaf_in:WaferFab_TW:SmartXPro_CN,2029-W47,63,145,20000.0,0.0,145,145,63,63,63,False
SmartXPro_CN,WaferFab_TW,IN:leaf_in:WaferFab_TW:SmartXPro_CN,2029-W48,56,137,20000.0,0.0,137,137,56,56,56,False
SmartXPro_CN,WaferFab_TW,IN:leaf_in:WaferFab_TW:SmartXPro_CN,2029-W49,49,130,20000.0,0.0,130,130,49,49,49,False
SmartXPro_CN,WaferFab_TW,IN:leaf_in:WaferFab_TW:SmartXPro_CN,2029-W50,41,122,20000.0,0.0,122,122,41,41,41,False
SmartXPro_CN,WaferFab_TW,IN:leaf_in:WaferFab_TW:SmartXPro_CN,2029-W51,34,115,20000.0,0.0,115,115,34,34,34,False
SmartXPro_CN,WaferFab_TW,IN:leaf_in:WaferFab_TW:SmartXPro_CN,2029-W52,26,107,20000.0,0.0,107,107,26,26,26,False
SmartXPro_CN,WaferFab_TW,IN:leaf_in:WaferFab_TW:SmartXPro_CN,2030-W01,19,100,20000.0,0.0,100,100,19,19,19,False
SmartXPro_CN,WaferFab_TW,IN:leaf_in:WaferFab_TW:SmartXPro_CN,2030-W02,11,92,20000.0,0.0,92,92,11,11,11,False
SmartXPro_CN,WaferFab_TW,IN:leaf_in:WaferFab_TW:SmartXPro_CN,2030-W03,4,85,20000.0,0.0,85,85,4,4,4,False
SmartXPro_CN,WaferFab_TW,IN:leaf_in:WaferFab_TW:SmartXPro_CN,2030-W04,0,78,20000.0,0.0,78,78,0,0,0,False
SmartXPro_CN,WaferFab_TW,IN:leaf_in:WaferFab_TW:SmartXPro_CN,2030-W05,0,0,0.0,0.0,0,0,0,0,0,False
SmartXPro_CN,WaferFab_TW,IN:leaf_in:WaferFab_TW:SmartXPro_CN,2030-W06,0,0,0.0,0.0,0,0,0,0,0,False
SmartXPro_CN,WaferFab_TW,IN:leaf_in:WaferFab_TW:SmartXPro_CN,2030-W07,0,70,20000.0,0.0,70,70,0,0,0,False
SmartXPro_CN,WaferFab_TW,IN:leaf_in:WaferFab_TW:SmartXPro_CN,2030-W08,0,63,20000.0,0.0,63,63,0,0,0,False
SmartXPro_CN,WaferFab_TW,IN:leaf_in:WaferFab_TW:SmartXPro_CN,2030-W09,0,56,20000.0,0.0,56,56,0,0,0,False
SmartXPro_CN,WaferFab_TW,IN:leaf_in:WaferFab_TW:SmartXPro_CN,2030-W10,0,49,20000.0,0.0,49,49,0,0,0,False
SmartXPro_CN,WaferFab_TW,IN:leaf_in:WaferFab_TW:SmartXPro_CN,2030-W11,0,41,20000.0,0.0,41,41,0,0,0,False
SmartXPro_CN,WaferFab_TW,IN:leaf_in:WaferFab_TW:SmartXPro_CN,2030-W12,0,34,20000.0,0.0,34,34,0,0,0,False
SmartXPro_CN,WaferFab_TW,IN:leaf_in:WaferFab_TW:SmartXPro_CN,2030-W13,0,26,20000.0,0.0,26,26,0,0,0,False
SmartXPro_CN,WaferFab_TW,IN:leaf_in:WaferFab_TW:SmartXPro_CN,2030-W14,0,19,20000.0,0.0,19,19,0,0,0,False
SmartXPro_CN,WaferFab_TW,IN:leaf_in:WaferFab_TW:SmartXPro_CN,2030-W15,0,11,20000.0,0.0,11,11,0,0,0,False
SmartXPro_CN,WaferFab_TW,IN:leaf_in:WaferFab_TW:SmartXPro_CN,2030-W16,0,4,20000.0,0.0,4,4,0,0,0,False
SmartXPro_CN,WaferFab_TW,IN:leaf_in:WaferFab_TW:SmartXPro_CN,2030-W17,0,0,20000.0,0.0,0,0,0,0,0,False
SmartXPro_CN,WaferFab_TW,IN:leaf_in:WaferFab_TW:SmartXPro_CN,2030-W18,0,0,20000.0,0.0,0,0,0,0,0,False
SmartXPro_CN,WaferFab_TW,IN:leaf_in:WaferFab_TW:SmartXPro_CN,2030-W19,0,0,20000.0,0.0,0,0,0,0,0,False
SmartXPro_CN,WaferFab_TW,IN:leaf_in:WaferFab_TW:SmartXPro_CN,2030-W20,0,0,20000.0,0.0,0,0,0,0,0,False
SmartXPro_CN,WaferFab_TW,IN:leaf_in:WaferFab_TW:SmartXPro_CN,2030-W21,0,0,20000.0,0.0,0,0,0,0,0,False
SmartXPro_CN,WaferFab_TW,IN:leaf_in:WaferFab_TW:SmartXPro_CN,2030-W22,0,0,20000.0,0.0,0,0,0,0,0,False
SmartXPro_CN,WaferFab_TW,IN:leaf_in:WaferFab_TW:SmartXPro_CN,2030-W23,0,0,20000.0,0.0,0,0,0,0,0,False
SmartXPro_CN,WaferFab_TW,IN:leaf_in:WaferFab_TW:SmartXPro_CN,2030-W24,0,0,20000.0,0.0,0,0,0,0,0,False
SmartXPro_CN,WaferFab_TW,IN:leaf_in:WaferFab_TW:SmartXPro_CN,2030-W25,0,0,20000.0,0.0,0,0,0,0,0,False
SmartXPro_CN,WaferFab_TW,IN:leaf_in:WaferFab_TW:SmartXPro_CN,2030-W26,0,0,20000.0,0.0,0,0,0,0,0,False
SmartXPro_CN,WaferFab_TW,IN:leaf_in:WaferFab_TW:SmartXPro_CN,2030-W27,0,0,20000.0,0.0,0,0,0,0,0,False
SmartXPro_CN,WaferFab_TW,IN:leaf_in:WaferFab_TW:SmartXPro_CN,2030-W28,0,0,20000.0,0.0,0,0,0,0,0,False
SmartXPro_CN,WaferFab_TW,IN:leaf_in:WaferFab_TW:SmartXPro_CN,2030-W29,0,0,20000.0,0.0,0,0,0,0,0,False
SmartXPro_CN,WaferFab_TW,IN:leaf_in:WaferFab_TW:SmartXPro_CN,2030-W30,0,0,20000.0,0.0,0,0,0,0,0,False
SmartXPro_CN,WaferFab_TW,IN:leaf_in:WaferFab_TW:SmartXPro_CN,2030-W31,0,0,20000.0,0.0,0,0,0,0,0,False
SmartXPro_CN,WaferFab_TW,IN:leaf_in:WaferFab_TW:SmartXPro_CN,2030-W32,0,0,20000.0,0.0,0,0,0,0,0,False
SmartXPro_CN,WaferFab_TW,IN:leaf_in:WaferFab_TW:SmartXPro_CN,2030-W33,0,0,20000.0,0.0,0,0,0,0,0,False
SmartXPro_CN,WaferFab_TW,IN:leaf_in:WaferFab_TW:SmartXPro_CN,2030-W34,0,0,20000.0,0.0,0,0,0,0,0,False
SmartXPro_CN,WaferFab_TW,IN:leaf_in:WaferFab_TW:SmartXPro_CN,2030-W35,0,0,20000.0,0.0,0,0,0,0,0,False
SmartXPro_CN,WaferFab_TW,IN:leaf_in:WaferFab_TW:SmartXPro_CN,2030-W36,0,0,20000.0,0.0,0,0,0,0,0,False
SmartXPro_CN,WaferFab_TW,IN:leaf_in:WaferFab_TW:SmartXPro_CN,2030-W37,0,0,20000.0,0.0,0,0,0,0,0,False
SmartXPro_CN,WaferFab_TW,IN:leaf_in:WaferFab_TW:SmartXPro_CN,2030-W38,0,0,20000.0,0.0,0,0,0,0,0,False
SmartXPro_CN,WaferFab_TW,IN:leaf_in:WaferFab_TW:SmartXPro_CN,2030-W39,0,0,20000.0,0.0,0,0,0,0,0,False
SmartXPro_CN,WaferFab_TW,IN:leaf_in:WaferFab_TW:SmartXPro_CN,2030-W40,0,0,20000.0,0.0,0,0,0,0,0,False
SmartXPro_CN,WaferFab_TW,IN:leaf_in:WaferFab_TW:SmartXPro_CN,2030-W41,0,0,20000.0,0.0,0,0,0,0,0,False
SmartXPro_CN,WaferFab_TW,IN:leaf_in:WaferFab_TW:SmartXPro_CN,2030-W42,0,0,20000.0,0.0,0,0,0,0,0,False
SmartXPro_CN,WaferFab_TW,IN:leaf_in:WaferFab_TW:SmartXPro_CN,2030-W43,0,0,20000.0,0.0,0,0,0,0,0,False
SmartXPro_CN,WaferFab_TW,IN:leaf_in:WaferFab_TW:SmartXPro_CN,2030-W44,0,0,20000.0,0.0,0,0,0,0,0,False
SmartXPro_CN,WaferFab_TW,IN:leaf_in:WaferFab_TW:SmartXPro_CN,2030-W45,0,0,20000.0,0.0,0,0,0,0,0,False
SmartXPro_CN,WaferFab_TW,IN:leaf_in:WaferFab_TW:SmartXPro_CN,2030-W46,0,0,20000.0,0.0,0,0,0,0,0,False
SmartXPro_CN,WaferFab_TW,IN:leaf_in:WaferFab_TW:SmartXPro_CN,2030-W47,0,0,20000.0,0.0,0,0,0,0,0,False
SmartXPro_CN,WaferFab_TW,IN:leaf_in:WaferFab_TW:SmartXPro_CN,2030-W48,0,0,20000.0,0.0,0,0,0,0,0,False
SmartXPro_CN,WaferFab_TW,IN:leaf_in:WaferFab_TW:SmartXPro_CN,2030-W49,0,0,20000.0,0.0,0,0,0,0,0,False
SmartXPro_CN,WaferFab_TW,IN:leaf_in:WaferFab_TW:SmartXPro_CN,2030-W50,0,0,20000.0,0.0,0,0,0,0,0,False
SmartXPro_CN,WaferFab_TW,IN:leaf_in:WaferFab_TW:SmartXPro_CN,2030-W51,0,0,20000.0,0.0,0,0,0,0,0,False
SmartXPro_CN,WaferFab_TW,IN:leaf_in:WaferFab_TW:SmartXPro_CN,2030-W52,0,0,20000.0,0.0,0,0,0,0,0,False
SmartXPro_IN,AssemblyIN,IN:mom:AssemblyIN:SmartXPro_IN,2025-W36,0,0,1119.0,0.0,0,0,0,0,0,False
SmartXPro_IN,AssemblyIN,IN:mom:AssemblyIN:SmartXPro_IN,2025-W37,0,0,1119.0,0.0,0,0,0,0,0,False
SmartXPro_IN,AssemblyIN,IN:mom:AssemblyIN:SmartXPro_IN,2025-W38,0,0,1119.0,0.0,0,0,0,0,0,False
SmartXPro_IN,AssemblyIN,IN:mom:AssemblyIN:SmartXPro_IN,2025-W39,0,0,1119.0,0.0,0,0,0,0,0,False
SmartXPro_IN,AssemblyIN,IN:mom:AssemblyIN:SmartXPro_IN,2025-W40,0,0,1119.0,0.0,0,0,0,0,0,False
SmartXPro_IN,AssemblyIN,IN:mom:AssemblyIN:SmartXPro_IN,2025-W41,0,0,1119.0,0.0,0,0,0,0,0,False
SmartXPro_IN,AssemblyIN,IN:mom:AssemblyIN:SmartXPro_IN,2025-W42,0,0,1119.0,0.0,0,0,0,0,0,False
SmartXPro_IN,AssemblyIN,IN:mom:AssemblyIN:SmartXPro_IN,2025-W43,0,0,1119.0,0.0,0,0,0,0,0,False
SmartXPro_IN,AssemblyIN,IN:mom:AssemblyIN:SmartXPro_IN,2025-W44,0,0,1119.0,0.0,0,0,0,0,0,False
SmartXPro_IN,AssemblyIN,IN:mom:AssemblyIN:SmartXPro_IN,2025-W45,0,0,1119.0,0.0,0,0,0,0,0,False
SmartXPro_IN,AssemblyIN,IN:mom:AssemblyIN:SmartXPro_IN,2025-W46,0,0,1119.0,0.0,0,0,0,0,0,False
SmartXPro_IN,AssemblyIN,IN:mom:AssemblyIN:SmartXPro_IN,2025-W47,0,0,1119.0,0.0,0,0,0,0,0,False
SmartXPro_IN,AssemblyIN,IN:mom:AssemblyIN:SmartXPro_IN,2025-W48,0,0,1119.0,0.0,0,0,0,0,0,False
SmartXPro_IN,AssemblyIN,IN:mom:AssemblyIN:SmartXPro_IN,2025-W49,0,0,1119.0,0.0,0,0,0,0,0,False
SmartXPro_IN,AssemblyIN,IN:mom:AssemblyIN:SmartXPro_IN,2025-W50,0,0,1119.0,0.0,0,0,0,0,0,False
SmartXPro_IN,AssemblyIN,IN:mom:AssemblyIN:SmartXPro_IN,2025-W51,0,0,1119.0,0.0,0,0,0,0,0,False
SmartXPro_IN,AssemblyIN,IN:mom:AssemblyIN:SmartXPro_IN,2025-W52,0,0,1119.0,0.0,0,0,0,0,0,False
SmartXPro_IN,AssemblyIN,IN:mom:AssemblyIN:SmartXPro_IN,2026-W01,0,0,1119.0,0.0,0,0,0,0,0,False
SmartXPro_IN,AssemblyIN,IN:mom:AssemblyIN:SmartXPro_IN,2026-W02,0,0,1115.0,0.0,0,0,0,0,0,False
SmartXPro_IN,AssemblyIN,IN:mom:AssemblyIN:SmartXPro_IN,2026-W03,0,0,1111.0,0.0,0,0,0,0,0,False
SmartXPro_IN,AssemblyIN,IN:mom:AssemblyIN:SmartXPro_IN,2026-W04,0,0,1107.0,0.0,0,0,0,0,0,False
SmartXPro_IN,AssemblyIN,IN:mom:AssemblyIN:SmartXPro_IN,2026-W05,0,0,1102.0,0.0,0,0,0,0,0,False
SmartXPro_IN,AssemblyIN,IN:mom:AssemblyIN:SmartXPro_IN,2026-W06,0,0,1098.0,0.0,0,0,0,0,0,False
SmartXPro_IN,AssemblyIN,IN:mom:AssemblyIN:SmartXPro_IN,2026-W07,0,0,1094.0,0.0,0,0,0,0,0,False
SmartXPro_IN,AssemblyIN,IN:mom:AssemblyIN:SmartXPro_IN,2026-W08,0,0,1090.0,0.0,0,0,0,0,0,False
SmartXPro_IN,AssemblyIN,IN:mom:AssemblyIN:SmartXPro_IN,2026-W09,0,0,1086.0,0.0,0,0,0,0,0,False
SmartXPro_IN,AssemblyIN,IN:mom:AssemblyIN:SmartXPro_IN,2026-W10,0,0,1082.0,0.0,0,0,0,0,0,False
SmartXPro_IN,AssemblyIN,IN:mom:AssemblyIN:SmartXPro_IN,2026-W11,0,0,1078.0,0.0,0,0,0,0,0,False
SmartXPro_IN,AssemblyIN,IN:mom:AssemblyIN:SmartXPro_IN,2026-W12,0,0,1074.0,0.0,0,0,0,0,0,False
SmartXPro_IN,AssemblyIN,IN:mom:AssemblyIN:SmartXPro_IN,2026-W13,0,0,1069.0,0.0,0,0,0,0,0,False
SmartXPro_IN,AssemblyIN,IN:mom:AssemblyIN:SmartXPro_IN,2026-W14,0,0,1065.0,0.0,0,0,0,0,0,False
SmartXPro_IN,AssemblyIN,IN:mom:AssemblyIN:SmartXPro_IN,2026-W15,0,0,1061.0,0.0,0,0,0,0,0,False
SmartXPro_IN,AssemblyIN,IN:mom:AssemblyIN:SmartXPro_IN,2026-W16,0,0,1057.0,0.0,0,0,0,0,0,False
SmartXPro_IN,AssemblyIN,IN:mom:AssemblyIN:SmartXPro_IN,2026-W17,0,0,1053.0,0.0,0,0,0,0,0,False
SmartXPro_IN,AssemblyIN,IN:mom:AssemblyIN:SmartXPro_IN,2026-W18,0,0,1049.0,0.0,0,0,0,0,0,False
SmartXPro_IN,AssemblyIN,IN:mom:AssemblyIN:SmartXPro_IN,2026-W19,0,0,1045.0,0.0,0,0,0,0,0,False
SmartXPro_IN,AssemblyIN,IN:mom:AssemblyIN:SmartXPro_IN,2026-W20,0,0,1040.0,0.0,0,0,0,0,0,False
SmartXPro_IN,AssemblyIN,IN:mom:AssemblyIN:SmartXPro_IN,2026-W21,0,0,1036.0,0.0,0,0,0,0,0,False
SmartXPro_IN,AssemblyIN,IN:mom:AssemblyIN:SmartXPro_IN,2026-W22,0,0,1032.0,0.0,0,0,0,0,0,False
SmartXPro_IN,AssemblyIN,IN:mom:AssemblyIN:SmartXPro_IN,2026-W23,0,0,1028.0,0.0,0,0,0,0,0,False
SmartXPro_IN,AssemblyIN,IN:mom:AssemblyIN:SmartXPro_IN,2026-W24,0,0,1024.0,0.0,0,0,0,0,0,False
SmartXPro_IN,AssemblyIN,IN:mom:AssemblyIN:SmartXPro_IN,2026-W25,0,0,1020.0,0.0,0,0,0,0,0,False
SmartXPro_IN,AssemblyIN,IN:mom:AssemblyIN:SmartXPro_IN,2026-W26,0,0,1016.0,0.0,0,0,0,0,0,False
SmartXPro_IN,AssemblyIN,IN:mom:AssemblyIN:SmartXPro_IN,2026-W27,0,0,1012.0,0.0,0,0,0,0,0,False
SmartXPro_IN,AssemblyIN,IN:mom:AssemblyIN:SmartXPro_IN,2026-W28,0,0,1007.0,0.0,0,0,0,0,0,False
SmartXPro_IN,AssemblyIN,IN:mom:AssemblyIN:SmartXPro_IN,2026-W29,0,0,1003.0,0.0,0,0,0,0,0,False
SmartXPro_IN,AssemblyIN,IN:mom:AssemblyIN:SmartXPro_IN,2026-W30,0,0,999.0,0.0,0,0,0,0,0,False
SmartXPro_IN,AssemblyIN,IN:mom:AssemblyIN:SmartXPro_IN,2026-W31,0,0,995.0,0.0,0,0,0,0,0,False
SmartXPro_IN,AssemblyIN,IN:mom:AssemblyIN:SmartXPro_IN,2026-W32,0,0,991.0,0.0,0,0,0,0,0,False
SmartXPro_IN,AssemblyIN,IN:mom:AssemblyIN:SmartXPro_IN,2026-W33,0,0,987.0,0.0,0,0,0,0,0,False
SmartXPro_IN,AssemblyIN,IN:mom:AssemblyIN:SmartXPro_IN,2026-W34,0,0,983.0,0.0,0,0,0,0,0,False
SmartXPro_IN,AssemblyIN,IN:mom:AssemblyIN:SmartXPro_IN,2026-W35,0,0,978.0,0.0,0,0,0,0,0,False
SmartXPro_IN,AssemblyIN,IN:mom:AssemblyIN:SmartXPro_IN,2026-W36,0,0,974.0,0.0,0,0,0,0,0,False
SmartXPro_IN,AssemblyIN,IN:mom:AssemblyIN:SmartXPro_IN,2026-W37,0,0,970.0,0.0,0,0,0,0,0,False
SmartXPro_IN,AssemblyIN,IN:mom:AssemblyIN:SmartXPro_IN,2026-W38,0,0,966.0,0.0,0,0,0,0,0,False
SmartXPro_IN,AssemblyIN,IN:mom:AssemblyIN:SmartXPro_IN,2026-W39,0,0,962.0,0.0,0,0,0,0,0,False
SmartXPro_IN,AssemblyIN,IN:mom:AssemblyIN:SmartXPro_IN,2026-W40,0,0,958.0,0.0,0,0,0,0,0,False
SmartXPro_IN,AssemblyIN,IN:mom:AssemblyIN:SmartXPro_IN,2026-W41,0,0,954.0,0.0,0,0,0,0,0,False
SmartXPro_IN,AssemblyIN,IN:mom:AssemblyIN:SmartXPro_IN,2026-W42,0,0,949.0,0.0,0,0,0,0,0,False
SmartXPro_IN,AssemblyIN,IN:mom:AssemblyIN:SmartXPro_IN,2026-W43,0,0,945.0,0.0,0,0,0,0,0,False
SmartXPro_IN,AssemblyIN,IN:mom:AssemblyIN:SmartXPro_IN,2026-W44,0,0,941.0,0.0,0,0,0,0,0,False
SmartXPro_IN,AssemblyIN,IN:mom:AssemblyIN:SmartXPro_IN,2026-W45,0,0,937.0,0.0,0,0,0,0,0,False
SmartXPro_IN,AssemblyIN,IN:mom:AssemblyIN:SmartXPro_IN,2026-W46,0,0,933.0,0.0,0,0,0,0,0,False
SmartXPro_IN,AssemblyIN,IN:mom:AssemblyIN:SmartXPro_IN,2026-W47,0,0,929.0,0.0,0,0,0,0,0,False
SmartXPro_IN,AssemblyIN,IN:mom:AssemblyIN:SmartXPro_IN,2026-W48,0,0,925.0,0.0,0,0,0,0,0,False
SmartXPro_IN,AssemblyIN,IN:mom:AssemblyIN:SmartXPro_IN,2026-W49,0,0,921.0,0.0,0,0,0,0,0,False
SmartXPro_IN,AssemblyIN,IN:mom:AssemblyIN:SmartXPro_IN,2026-W50,0,0,916.0,0.0,0,0,0,0,0,False
SmartXPro_IN,AssemblyIN,IN:mom:AssemblyIN:SmartXPro_IN,2026-W51,900,900,912.0,0.0,900,0,900,900,900,False
SmartXPro_IN,AssemblyIN,IN:mom:AssemblyIN:SmartXPro_IN,2026-W52,900,900,908.0,0.0,900,0,900,900,900,False
SmartXPro_IN,AssemblyIN,IN:mom:AssemblyIN:SmartXPro_IN,2026-W53,900,900,904.0,0.0,900,0,900,900,900,False
SmartXPro_IN,AssemblyIN,IN:mom:AssemblyIN:SmartXPro_IN,2027-W01,900,900,900.0,0.0,900,0,900,900,900,False
SmartXPro_IN,AssemblyIN,IN:mom:AssemblyIN:SmartXPro_IN,2027-W02,900,900,900.0,0.0,900,0,900,900,900,False
SmartXPro_IN,AssemblyIN,IN:mom:AssemblyIN:SmartXPro_IN,2027-W03,900,900,900.0,0.0,900,0,900,900,900,False
SmartXPro_IN,AssemblyIN,IN:mom:AssemblyIN:SmartXPro_IN,2027-W04,900,900,900.0,0.0,900,0,900,900,900,False
SmartXPro_IN,AssemblyIN,IN:mom:AssemblyIN:SmartXPro_IN,2027-W05,900,900,900.0,0.0,900,0,900,900,900,False
SmartXPro_IN,AssemblyIN,IN:mom:AssemblyIN:SmartXPro_IN,2027-W06,900,900,900.0,0.0,900,0,900,900,900,False
SmartXPro_IN,AssemblyIN,IN:mom:AssemblyIN:SmartXPro_IN,2027-W07,900,900,900.0,0.0,900,0,900,900,900,False
SmartXPro_IN,AssemblyIN,IN:mom:AssemblyIN:SmartXPro_IN,2027-W08,900,900,900.0,0.0,900,0,900,900,900,False
SmartXPro_IN,AssemblyIN,IN:mom:AssemblyIN:SmartXPro_IN,2027-W09,900,900,900.0,0.0,900,0,900,900,900,False
SmartXPro_IN,AssemblyIN,IN:mom:AssemblyIN:SmartXPro_IN,2027-W10,900,900,900.0,0.0,900,0,900,900,900,False
SmartXPro_IN,AssemblyIN,IN:mom:AssemblyIN:SmartXPro_IN,2027-W11,900,900,900.0,0.0,900,0,900,900,900,False
SmartXPro_IN,AssemblyIN,IN:mom:AssemblyIN:SmartXPro_IN,2027-W12,900,900,900.0,0.0,900,0,900,900,900,False
SmartXPro_IN,AssemblyIN,IN:mom:AssemblyIN:SmartXPro_IN,2027-W13,900,900,900.0,0.0,900,0,900,900,900,False
SmartXPro_IN,AssemblyIN,IN:mom:AssemblyIN:SmartXPro_IN,2027-W14,900,900,900.0,0.0,900,0,900,900,900,False
SmartXPro_IN,AssemblyIN,IN:mom:AssemblyIN:SmartXPro_IN,2027-W15,900,900,900.0,0.0,900,0,900,900,900,False
SmartXPro_IN,AssemblyIN,IN:mom:AssemblyIN:SmartXPro_IN,2027-W16,900,900,900.0,0.0,900,0,900,900,900,False
SmartXPro_IN,AssemblyIN,IN:mom:AssemblyIN:SmartXPro_IN,2027-W17,900,900,900.0,0.0,900,0,900,900,900,False
SmartXPro_IN,AssemblyIN,IN:mom:AssemblyIN:SmartXPro_IN,2027-W18,900,900,900.0,0.0,900,0,900,900,900,False
SmartXPro_IN,AssemblyIN,IN:mom:AssemblyIN:SmartXPro_IN,2027-W19,900,900,900.0,0.0,900,0,900,900,900,False
SmartXPro_IN,AssemblyIN,IN:mom:AssemblyIN:SmartXPro_IN,2027-W20,900,900,900.0,0.0,900,0,900,900,900,False
SmartXPro_IN,AssemblyIN,IN:mom:AssemblyIN:SmartXPro_IN,2027-W21,900,900,900.0,0.0,900,0,900,900,900,False
SmartXPro_IN,AssemblyIN,IN:mom:AssemblyIN:SmartXPro_IN,2027-W22,900,900,900.0,0.0,900,0,900,900,900,False
SmartXPro_IN,AssemblyIN,IN:mom:AssemblyIN:SmartXPro_IN,2027-W23,900,900,900.0,0.0,900,0,900,900,900,False
SmartXPro_IN,AssemblyIN,IN:mom:AssemblyIN:SmartXPro_IN,2027-W24,896,896,900.0,0.0,896,0,896,896,896,False
SmartXPro_IN,AssemblyIN,IN:mom:AssemblyIN:SmartXPro_IN,2027-W25,891,891,900.0,0.0,891,0,891,891,891,False
SmartXPro_IN,AssemblyIN,IN:mom:AssemblyIN:SmartXPro_IN,2027-W26,887,887,900.0,0.0,887,0,887,887,887,False
SmartXPro_IN,AssemblyIN,IN:mom:AssemblyIN:SmartXPro_IN,2027-W27,882,882,896.0,0.0,882,0,882,882,882,False
SmartXPro_IN,AssemblyIN,IN:mom:AssemblyIN:SmartXPro_IN,2027-W28,878,878,891.0,0.0,878,0,878,878,878,False
SmartXPro_IN,AssemblyIN,IN:mom:AssemblyIN:SmartXPro_IN,2027-W29,873,873,887.0,0.0,873,0,873,873,873,False
SmartXPro_IN,AssemblyIN,IN:mom:AssemblyIN:SmartXPro_IN,2027-W30,869,869,882.0,0.0,869,0,869,869,869,False
SmartXPro_IN,AssemblyIN,IN:mom:AssemblyIN:SmartXPro_IN,2027-W31,864,864,878.0,0.0,864,0,864,864,864,False
SmartXPro_IN,AssemblyIN,IN:mom:AssemblyIN:SmartXPro_IN,2027-W32,860,860,873.0,0.0,860,0,860,860,860,False
SmartXPro_IN,AssemblyIN,IN:mom:AssemblyIN:SmartXPro_IN,2027-W33,856,856,869.0,0.0,856,0,856,856,856,False
SmartXPro_IN,AssemblyIN,IN:mom:AssemblyIN:SmartXPro_IN,2027-W34,851,851,864.0,0.0,851,0,851,851,851,False
SmartXPro_IN,AssemblyIN,IN:mom:AssemblyIN:SmartXPro_IN,2027-W35,847,847,860.0,0.0,847,0,847,847,847,False
SmartXPro_IN,AssemblyIN,IN:mom:AssemblyIN:SmartXPro_IN,2027-W36,842,842,856.0,0.0,842,0,842,842,842,False
SmartXPro_IN,AssemblyIN,IN:mom:AssemblyIN:SmartXPro_IN,2027-W37,838,838,851.0,0.0,838,0,838,838,838,False
SmartXPro_IN,AssemblyIN,IN:mom:AssemblyIN:SmartXPro_IN,2027-W38,833,833,847.0,0.0,833,0,833,833,833,False
SmartXPro_IN,AssemblyIN,IN:mom:AssemblyIN:SmartXPro_IN,2027-W39,829,829,842.0,0.0,829,0,829,829,829,False
SmartXPro_IN,AssemblyIN,IN:mom:AssemblyIN:SmartXPro_IN,2027-W40,824,824,838.0,0.0,824,0,824,824,824,False
SmartXPro_IN,AssemblyIN,IN:mom:AssemblyIN:SmartXPro_IN,2027-W41,820,820,833.0,0.0,820,0,820,820,820,False
SmartXPro_IN,AssemblyIN,IN:mom:AssemblyIN:SmartXPro_IN,2027-W42,1627,816,829.0,798.0,816,0,892,829,816,False
SmartXPro_IN,AssemblyIN,IN:mom:AssemblyIN:SmartXPro_IN,2027-W43,807,811,824.0,0.0,811,0,888,824,811,False
SmartXPro_IN,AssemblyIN,IN:mom:AssemblyIN:SmartXPro_IN,2027-W44,802,807,820.0,0.0,807,0,883,820,807,False
SmartXPro_IN,AssemblyIN,IN:mom:AssemblyIN:SmartXPro_IN,2027-W45,0,802,816.0,0.0,802,0,0,190,229,False
SmartXPro_IN,AssemblyIN,IN:mom:AssemblyIN:SmartXPro_IN,2027-W46,798,798,811.0,0.0,798,0,874,811,811,False
SmartXPro_IN,AssemblyIN,IN:mom:AssemblyIN:SmartXPro_IN,2027-W47,793,793,807.0,0.0,793,0,870,807,807,False
SmartXPro_IN,AssemblyIN,IN:mom:AssemblyIN:SmartXPro_IN,2027-W48,789,789,802.0,0.0,789,0,866,802,802,False
SmartXPro_IN,AssemblyIN,IN:mom:AssemblyIN:SmartXPro_IN,2027-W49,784,784,798.0,0.0,784,0,861,798,798,False
SmartXPro_IN,AssemblyIN,IN:mom:AssemblyIN:SmartXPro_IN,2027-W50,775,775,793.0,0.0,775,0,857,793,793,False
SmartXPro_IN,AssemblyIN,IN:mom:AssemblyIN:SmartXPro_IN,2027-W51,770,770,789.0,0.0,770,0,852,789,789,False
SmartXPro_IN,AssemblyIN,IN:mom:AssemblyIN:SmartXPro_IN,2027-W52,766,766,784.0,0.0,766,0,848,784,784,False
SmartXPro_IN,AssemblyIN,IN:mom:AssemblyIN:SmartXPro_IN,2028-W01,761,761,775.0,0.0,761,0,781,775,775,False
SmartXPro_IN,AssemblyIN,IN:mom:AssemblyIN:SmartXPro_IN,2028-W02,756,756,770.0,0.0,756,0,756,770,770,False
SmartXPro_IN,AssemblyIN,IN:mom:AssemblyIN:SmartXPro_IN,2028-W03,751,751,766.0,0.0,751,0,751,766,766,False
SmartXPro_IN,AssemblyIN,IN:mom:AssemblyIN:SmartXPro_IN,2028-W04,746,746,761.0,0.0,746,0,746,761,761,False
SmartXPro_IN,AssemblyIN,IN:mom:AssemblyIN:SmartXPro_IN,2028-W05,741,741,756.0,0.0,741,0,741,756,756,False
SmartXPro_IN,AssemblyIN,IN:mom:AssemblyIN:SmartXPro_IN,2028-W06,737,737,751.0,0.0,737,0,737,751,751,False
SmartXPro_IN,AssemblyIN,IN:mom:AssemblyIN:SmartXPro_IN,2028-W07,732,732,746.0,0.0,732,0,732,746,746,False
SmartXPro_IN,AssemblyIN,IN:mom:AssemblyIN:SmartXPro_IN,2028-W08,727,727,741.0,0.0,727,0,727,741,741,False
SmartXPro_IN,AssemblyIN,IN:mom:AssemblyIN:SmartXPro_IN,2028-W09,722,722,737.0,0.0,722,0,722,737,737,False
SmartXPro_IN,AssemblyIN,IN:mom:AssemblyIN:SmartXPro_IN,2028-W10,717,717,732.0,0.0,717,0,717,732,732,False
SmartXPro_IN,AssemblyIN,IN:mom:AssemblyIN:SmartXPro_IN,2028-W11,713,713,727.0,0.0,713,0,713,727,727,False
SmartXPro_IN,AssemblyIN,IN:mom:AssemblyIN:SmartXPro_IN,2028-W12,708,708,722.0,0.0,708,0,708,722,722,False
SmartXPro_IN,AssemblyIN,IN:mom:AssemblyIN:SmartXPro_IN,2028-W13,703,703,717.0,0.0,703,0,703,717,717,False
SmartXPro_IN,AssemblyIN,IN:mom:AssemblyIN:SmartXPro_IN,2028-W14,698,698,713.0,0.0,698,0,698,713,713,False
SmartXPro_IN,AssemblyIN,IN:mom:AssemblyIN:SmartXPro_IN,2028-W15,693,693,708.0,0.0,693,0,693,708,708,False
SmartXPro_IN,AssemblyIN,IN:mom:AssemblyIN:SmartXPro_IN,2028-W16,689,689,703.0,0.0,689,0,689,703,703,False
SmartXPro_IN,AssemblyIN,IN:mom:AssemblyIN:SmartXPro_IN,2028-W17,684,684,698.0,0.0,684,0,684,698,698,False
SmartXPro_IN,AssemblyIN,IN:mom:AssemblyIN:SmartXPro_IN,2028-W18,679,679,693.0,0.0,679,0,679,693,693,False
SmartXPro_IN,AssemblyIN,IN:mom:AssemblyIN:SmartXPro_IN,2028-W19,674,674,689.0,0.0,674,0,674,689,689,False
SmartXPro_IN,AssemblyIN,IN:mom:AssemblyIN:SmartXPro_IN,2028-W20,669,669,684.0,0.0,669,0,669,684,684,False
SmartXPro_IN,AssemblyIN,IN:mom:AssemblyIN:SmartXPro_IN,2028-W21,664,664,679.0,0.0,664,0,664,679,679,False
SmartXPro_IN,AssemblyIN,IN:mom:AssemblyIN:SmartXPro_IN,2028-W22,660,660,674.0,0.0,660,0,660,674,674,False
SmartXPro_IN,AssemblyIN,IN:mom:AssemblyIN:SmartXPro_IN,2028-W23,655,655,669.0,0.0,655,0,655,669,669,False
SmartXPro_IN,AssemblyIN,IN:mom:AssemblyIN:SmartXPro_IN,2028-W24,646,646,664.0,0.0,646,0,646,664,664,False
SmartXPro_IN,AssemblyIN,IN:mom:AssemblyIN:SmartXPro_IN,2028-W25,643,643,660.0,0.0,643,0,643,660,660,False
SmartXPro_IN,AssemblyIN,IN:mom:AssemblyIN:SmartXPro_IN,2028-W26,639,639,655.0,0.0,639,0,639,655,655,False
SmartXPro_IN,AssemblyIN,IN:mom:AssemblyIN:SmartXPro_IN,2028-W27,635,635,646.0,0.0,635,0,635,646,646,False
SmartXPro_IN,AssemblyIN,IN:mom:AssemblyIN:SmartXPro_IN,2028-W28,631,631,643.0,0.0,631,0,631,643,643,False
SmartXPro_IN,AssemblyIN,IN:mom:AssemblyIN:SmartXPro_IN,2028-W29,628,628,639.0,0.0,628,0,628,639,639,False
SmartXPro_IN,AssemblyIN,IN:mom:AssemblyIN:SmartXPro_IN,2028-W30,624,624,635.0,0.0,624,0,624,635,635,False
SmartXPro_IN,AssemblyIN,IN:mom:AssemblyIN:SmartXPro_IN,2028-W31,620,620,631.0,0.0,620,0,620,631,631,False
SmartXPro_IN,AssemblyIN,IN:mom:AssemblyIN:SmartXPro_IN,2028-W32,617,617,628.0,0.0,617,0,617,628,628,False
SmartXPro_IN,AssemblyIN,IN:mom:AssemblyIN:SmartXPro_IN,2028-W33,613,613,624.0,0.0,613,0,613,624,624,False
SmartXPro_IN,AssemblyIN,IN:mom:AssemblyIN:SmartXPro_IN,2028-W34,609,609,620.0,0.0,609,0,609,612,612,False
SmartXPro_IN,AssemblyIN,IN:mom:AssemblyIN:SmartXPro_IN,2028-W35,606,606,617.0,0.0,606,0,606,606,606,False
SmartXPro_IN,AssemblyIN,IN:mom:AssemblyIN:SmartXPro_IN,2028-W36,602,602,613.0,0.0,602,0,602,602,602,False
SmartXPro_IN,AssemblyIN,IN:mom:AssemblyIN:SmartXPro_IN,2028-W37,598,598,609.0,0.0,598,0,598,598,598,False
SmartXPro_IN,AssemblyIN,IN:mom:AssemblyIN:SmartXPro_IN,2028-W38,594,594,606.0,0.0,594,0,594,594,594,False
SmartXPro_IN,AssemblyIN,IN:mom:AssemblyIN:SmartXPro_IN,2028-W39,591,591,602.0,0.0,591,0,591,591,591,False
SmartXPro_IN,AssemblyIN,IN:mom:AssemblyIN:SmartXPro_IN,2028-W40,1170,587,598.0,572.0,587,0,659,598,587,False
SmartXPro_IN,AssemblyIN,IN:mom:AssemblyIN:SmartXPro_IN,2028-W41,580,583,594.0,0.0,583,0,656,594,583,False
SmartXPro_IN,AssemblyIN,IN:mom:AssemblyIN:SmartXPro_IN,2028-W42,576,580,591.0,0.0,580,0,652,591,580,False
SmartXPro_IN,AssemblyIN,IN:mom:AssemblyIN:SmartXPro_IN,2028-W43,0,576,587.0,0.0,576,0,0,184,217,False
SmartXPro_IN,AssemblyIN,IN:mom:AssemblyIN:SmartXPro_IN,2028-W44,572,572,583.0,0.0,572,0,644,583,583,False
SmartXPro_IN,AssemblyIN,IN:mom:AssemblyIN:SmartXPro_IN,2028-W45,569,569,580.0,0.0,569,0,641,580,580,False
SmartXPro_IN,AssemblyIN,IN:mom:AssemblyIN:SmartXPro_IN,2028-W46,565,565,576.0,0.0,565,0,637,576,576,False
SmartXPro_IN,AssemblyIN,IN:mom:AssemblyIN:SmartXPro_IN,2028-W47,561,561,572.0,0.0,561,0,633,572,572,False
SmartXPro_IN,AssemblyIN,IN:mom:AssemblyIN:SmartXPro_IN,2028-W48,557,557,569.0,0.0,557,0,628,569,569,False
SmartXPro_IN,AssemblyIN,IN:mom:AssemblyIN:SmartXPro_IN,2028-W49,554,554,565.0,0.0,554,0,554,565,565,False
SmartXPro_IN,AssemblyIN,IN:mom:AssemblyIN:SmartXPro_IN,2028-W50,544,544,561.0,0.0,544,0,544,561,561,False
SmartXPro_IN,AssemblyIN,IN:mom:AssemblyIN:SmartXPro_IN,2028-W51,539,539,557.0,0.0,539,0,539,557,557,False
SmartXPro_IN,AssemblyIN,IN:mom:AssemblyIN:SmartXPro_IN,2028-W52,533,533,554.0,0.0,533,0,533,554,554,False
SmartXPro_IN,AssemblyIN,IN:mom:AssemblyIN:SmartXPro_IN,2029-W01,528,528,544.0,0.0,528,0,528,544,544,False
SmartXPro_IN,AssemblyIN,IN:mom:AssemblyIN:SmartXPro_IN,2029-W02,522,522,539.0,0.0,522,0,522,539,539,False
SmartXPro_IN,AssemblyIN,IN:mom:AssemblyIN:SmartXPro_IN,2029-W03,517,517,533.0,0.0,517,0,517,533,533,False
SmartXPro_IN,AssemblyIN,IN:mom:AssemblyIN:SmartXPro_IN,2029-W04,511,511,528.0,0.0,511,0,511,528,528,False
SmartXPro_IN,AssemblyIN,IN:mom:AssemblyIN:SmartXPro_IN,2029-W05,506,506,522.0,0.0,506,0,506,522,522,False
SmartXPro_IN,AssemblyIN,IN:mom:AssemblyIN:SmartXPro_IN,2029-W06,500,500,517.0,0.0,500,0,500,517,517,False
SmartXPro_IN,AssemblyIN,IN:mom:AssemblyIN:SmartXPro_IN,2029-W07,494,494,511.0,0.0,494,0,494,511,511,False
SmartXPro_IN,AssemblyIN,IN:mom:AssemblyIN:SmartXPro_IN,2029-W08,489,489,506.0,0.0,489,0,489,506,506,False
SmartXPro_IN,AssemblyIN,IN:mom:AssemblyIN:SmartXPro_IN,2029-W09,483,483,500.0,0.0,483,0,483,500,500,False
SmartXPro_IN,AssemblyIN,IN:mom:AssemblyIN:SmartXPro_IN,2029-W10,478,478,494.0,0.0,478,0,478,494,494,False
SmartXPro_IN,AssemblyIN,IN:mom:AssemblyIN:SmartXPro_IN,2029-W11,472,472,489.0,0.0,472,0,472,489,489,False
SmartXPro_IN,AssemblyIN,IN:mom:AssemblyIN:SmartXPro_IN,2029-W12,467,467,483.0,0.0,467,0,467,483,483,False
SmartXPro_IN,AssemblyIN,IN:mom:AssemblyIN:SmartXPro_IN,2029-W13,461,461,478.0,0.0,461,0,461,478,478,False
SmartXPro_IN,AssemblyIN,IN:mom:AssemblyIN:SmartXPro_IN,2029-W14,456,456,472.0,0.0,456,0,456,472,472,False
SmartXPro_IN,AssemblyIN,IN:mom:AssemblyIN:SmartXPro_IN,2029-W15,450,450,467.0,0.0,450,0,450,454,454,False
SmartXPro_IN,AssemblyIN,IN:mom:AssemblyIN:SmartXPro_IN,2029-W16,444,444,461.0,0.0,444,0,444,444,444,False
SmartXPro_IN,AssemblyIN,IN:mom:AssemblyIN:SmartXPro_IN,2029-W17,439,439,456.0,0.0,439,0,439,439,439,False
SmartXPro_IN,AssemblyIN,IN:mom:AssemblyIN:SmartXPro_IN,2029-W18,433,433,450.0,0.0,433,0,433,433,433,False
SmartXPro_IN,AssemblyIN,IN:mom:AssemblyIN:SmartXPro_IN,2029-W19,428,428,444.0,0.0,428,0,428,428,428,False
SmartXPro_IN,AssemblyIN,IN:mom:AssemblyIN:SmartXPro_IN,2029-W20,422,422,439.0,0.0,422,0,422,422,422,False
SmartXPro_IN,AssemblyIN,IN:mom:AssemblyIN:SmartXPro_IN,2029-W21,417,417,433.0,0.0,417,0,417,417,417,False
SmartXPro_IN,AssemblyIN,IN:mom:AssemblyIN:SmartXPro_IN,2029-W22,411,411,428.0,0.0,411,0,411,411,411,False
SmartXPro_IN,AssemblyIN,IN:mom:AssemblyIN:SmartXPro_IN,2029-W23,406,406,422.0,0.0,406,0,406,406,406,False
SmartXPro_IN,AssemblyIN,IN:mom:AssemblyIN:SmartXPro_IN,2029-W24,394,394,417.0,0.0,394,0,394,394,394,False
SmartXPro_IN,AssemblyIN,IN:mom:AssemblyIN:SmartXPro_IN,2029-W25,389,389,411.0,0.0,389,0,389,389,389,False
SmartXPro_IN,AssemblyIN,IN:mom:AssemblyIN:SmartXPro_IN,2029-W26,383,383,406.0,0.0,383,0,383,383,383,False
SmartXPro_IN,AssemblyIN,IN:mom:AssemblyIN:SmartXPro_IN,2029-W27,378,378,394.0,0.0,378,0,378,378,378,False
SmartXPro_IN,AssemblyIN,IN:mom:AssemblyIN:SmartXPro_IN,2029-W28,372,372,389.0,0.0,372,0,372,372,372,False
SmartXPro_IN,AssemblyIN,IN:mom:AssemblyIN:SmartXPro_IN,2029-W29,367,367,383.0,0.0,367,0,367,367,367,False
SmartXPro_IN,AssemblyIN,IN:mom:AssemblyIN:SmartXPro_IN,2029-W30,361,361,378.0,0.0,361,0,361,361,361,False
SmartXPro_IN,AssemblyIN,IN:mom:AssemblyIN:SmartXPro_IN,2029-W31,356,356,372.0,0.0,356,0,356,356,356,False
SmartXPro_IN,AssemblyIN,IN:mom:AssemblyIN:SmartXPro_IN,2029-W32,350,350,367.0,0.0,350,0,350,350,350,False
SmartXPro_IN,AssemblyIN,IN:mom:AssemblyIN:SmartXPro_IN,2029-W33,344,344,361.0,0.0,344,0,344,344,344,False
SmartXPro_IN,AssemblyIN,IN:mom:AssemblyIN:SmartXPro_IN,2029-W34,339,339,356.0,0.0,339,0,339,339,339,False
SmartXPro_IN,AssemblyIN,IN:mom:AssemblyIN:SmartXPro_IN,2029-W35,333,333,350.0,0.0,333,0,333,333,333,False
SmartXPro_IN,AssemblyIN,IN:mom:AssemblyIN:SmartXPro_IN,2029-W36,328,328,344.0,0.0,328,0,328,328,328,False
SmartXPro_IN,AssemblyIN,IN:mom:AssemblyIN:SmartXPro_IN,2029-W37,322,322,339.0,0.0,322,0,322,322,322,False
SmartXPro_IN,AssemblyIN,IN:mom:AssemblyIN:SmartXPro_IN,2029-W38,317,317,333.0,0.0,317,0,317,317,317,False
SmartXPro_IN,AssemblyIN,IN:mom:AssemblyIN:SmartXPro_IN,2029-W39,311,311,328.0,0.0,311,0,311,311,311,False
SmartXPro_IN,AssemblyIN,IN:mom:AssemblyIN:SmartXPro_IN,2029-W40,306,306,322.0,0.0,306,0,306,306,306,False
SmartXPro_IN,AssemblyIN,IN:mom:AssemblyIN:SmartXPro_IN,2029-W41,594,300,317.0,277.0,300,0,383,317,300,False
SmartXPro_IN,AssemblyIN,IN:mom:AssemblyIN:SmartXPro_IN,2029-W42,289,294,311.0,0.0,294,0,378,311,294,False
SmartXPro_IN,AssemblyIN,IN:mom:AssemblyIN:SmartXPro_IN,2029-W43,283,289,306.0,0.0,289,0,372,306,289,False
SmartXPro_IN,AssemblyIN,IN:mom:AssemblyIN:SmartXPro_IN,2029-W44,0,283,300.0,0.0,283,0,0,199,250,False
SmartXPro_IN,AssemblyIN,IN:mom:AssemblyIN:SmartXPro_IN,2029-W45,278,278,294.0,0.0,278,0,311,294,294,False
SmartXPro_IN,AssemblyIN,IN:mom:AssemblyIN:SmartXPro_IN,2029-W46,272,272,289.0,0.0,272,0,272,289,289,False
SmartXPro_IN,AssemblyIN,IN:mom:AssemblyIN:SmartXPro_IN,2029-W47,267,267,283.0,0.0,267,0,267,267,267,False
SmartXPro_IN,AssemblyIN,IN:mom:AssemblyIN:SmartXPro_IN,2029-W48,261,261,278.0,0.0,261,0,261,261,261,False
SmartXPro_IN,AssemblyIN,IN:mom:AssemblyIN:SmartXPro_IN,2029-W49,256,256,272.0,0.0,256,0,256,256,256,False
SmartXPro_IN,AssemblyIN,IN:mom:AssemblyIN:SmartXPro_IN,2029-W50,251,251,267.0,0.0,251,0,251,251,251,False
SmartXPro_IN,AssemblyIN,IN:mom:AssemblyIN:SmartXPro_IN,2029-W51,246,246,261.0,0.0,246,0,246,246,246,False
SmartXPro_IN,AssemblyIN,IN:mom:AssemblyIN:SmartXPro_IN,2029-W52,241,241,256.0,0.0,241,0,241,241,241,False
SmartXPro_IN,AssemblyIN,IN:mom:AssemblyIN:SmartXPro_IN,2030-W01,236,236,253.0,0.0,236,0,236,236,236,False
SmartXPro_IN,AssemblyIN,IN:mom:AssemblyIN:SmartXPro_IN,2030-W02,231,231,250.0,0.0,231,0,231,231,231,False
SmartXPro_IN,AssemblyIN,IN:mom:AssemblyIN:SmartXPro_IN,2030-W03,226,226,247.0,0.0,226,0,226,226,226,False
SmartXPro_IN,AssemblyIN,IN:mom:AssemblyIN:SmartXPro_IN,2030-W04,221,221,243.0,0.0,221,0,221,221,221,False
SmartXPro_IN,AssemblyIN,IN:mom:AssemblyIN:SmartXPro_IN,2030-W05,217,217,240.0,0.0,217,0,217,217,217,False
SmartXPro_IN,AssemblyIN,IN:mom:AssemblyIN:SmartXPro_IN,2030-W06,212,212,237.0,0.0,212,0,212,212,212,False
SmartXPro_IN,AssemblyIN,IN:mom:AssemblyIN:SmartXPro_IN,2030-W07,207,207,234.0,0.0,207,0,207,207,207,False
SmartXPro_IN,AssemblyIN,IN:mom:AssemblyIN:SmartXPro_IN,2030-W08,202,202,230.0,0.0,202,0,202,202,202,False
SmartXPro_IN,AssemblyIN,IN:mom:AssemblyIN:SmartXPro_IN,2030-W09,197,197,227.0,0.0,197,0,197,197,197,False
SmartXPro_IN,AssemblyIN,IN:mom:AssemblyIN:SmartXPro_IN,2030-W10,192,192,224.0,0.0,192,0,192,192,192,False
SmartXPro_IN,AssemblyIN,IN:mom:AssemblyIN:SmartXPro_IN,2030-W11,187,187,221.0,0.0,187,0,187,187,187,False
SmartXPro_IN,AssemblyIN,IN:mom:AssemblyIN:SmartXPro_IN,2030-W12,182,182,217.0,0.0,182,0,182,182,182,False
SmartXPro_IN,AssemblyIN,IN:mom:AssemblyIN:SmartXPro_IN,2030-W13,177,177,214.0,0.0,177,0,177,177,177,False
SmartXPro_IN,AssemblyIN,IN:mom:AssemblyIN:SmartXPro_IN,2030-W14,172,172,211.0,0.0,172,0,172,172,172,False
SmartXPro_IN,AssemblyIN,IN:mom:AssemblyIN:SmartXPro_IN,2030-W15,167,167,208.0,0.0,167,0,167,167,167,False
SmartXPro_IN,AssemblyIN,IN:mom:AssemblyIN:SmartXPro_IN,2030-W16,162,162,204.0,0.0,162,0,162,162,162,False
SmartXPro_IN,AssemblyIN,IN:mom:AssemblyIN:SmartXPro_IN,2030-W17,157,157,201.0,0.0,157,0,157,157,157,False
SmartXPro_IN,AssemblyIN,IN:mom:AssemblyIN:SmartXPro_IN,2030-W18,153,153,198.0,0.0,153,0,153,153,153,False
SmartXPro_IN,AssemblyIN,IN:mom:AssemblyIN:SmartXPro_IN,2030-W19,148,148,195.0,0.0,148,0,148,148,148,False
SmartXPro_IN,AssemblyIN,IN:mom:AssemblyIN:SmartXPro_IN,2030-W20,143,143,192.0,0.0,143,0,143,143,143,False
SmartXPro_IN,AssemblyIN,IN:mom:AssemblyIN:SmartXPro_IN,2030-W21,138,138,188.0,0.0,138,0,138,138,138,False
SmartXPro_IN,AssemblyIN,IN:mom:AssemblyIN:SmartXPro_IN,2030-W22,133,133,185.0,0.0,133,0,133,133,133,False
SmartXPro_IN,AssemblyIN,IN:mom:AssemblyIN:SmartXPro_IN,2030-W23,128,128,182.0,0.0,128,0,128,128,128,False
SmartXPro_IN,AssemblyIN,IN:mom:AssemblyIN:SmartXPro_IN,2030-W24,123,123,179.0,0.0,123,0,123,123,123,False
SmartXPro_IN,AssemblyIN,IN:mom:AssemblyIN:SmartXPro_IN,2030-W25,118,118,175.0,0.0,118,0,118,118,118,False
SmartXPro_IN,AssemblyIN,IN:mom:AssemblyIN:SmartXPro_IN,2030-W26,113,113,172.0,0.0,113,0,113,113,113,False
SmartXPro_IN,AssemblyIN,IN:mom:AssemblyIN:SmartXPro_IN,2030-W27,108,108,169.0,0.0,108,0,108,108,108,False
SmartXPro_IN,AssemblyIN,IN:mom:AssemblyIN:SmartXPro_IN,2030-W28,103,103,166.0,0.0,103,0,103,103,103,False
SmartXPro_IN,AssemblyIN,IN:mom:AssemblyIN:SmartXPro_IN,2030-W29,98,98,162.0,0.0,98,0,98,98,98,False
SmartXPro_IN,AssemblyIN,IN:mom:AssemblyIN:SmartXPro_IN,2030-W30,94,94,159.0,0.0,94,0,94,94,94,False
SmartXPro_IN,AssemblyIN,IN:mom:AssemblyIN:SmartXPro_IN,2030-W31,89,89,156.0,0.0,89,0,89,89,89,False
SmartXPro_IN,AssemblyIN,IN:mom:AssemblyIN:SmartXPro_IN,2030-W32,84,84,153.0,0.0,84,0,84,84,84,False
SmartXPro_IN,AssemblyIN,IN:mom:AssemblyIN:SmartXPro_IN,2030-W33,79,79,149.0,0.0,79,0,79,79,79,False
SmartXPro_IN,AssemblyIN,IN:mom:AssemblyIN:SmartXPro_IN,2030-W34,74,74,146.0,0.0,74,0,74,74,74,False
SmartXPro_IN,AssemblyIN,IN:mom:AssemblyIN:SmartXPro_IN,2030-W35,69,69,143.0,0.0,69,0,69,69,69,False
SmartXPro_IN,AssemblyIN,IN:mom:AssemblyIN:SmartXPro_IN,2030-W36,64,64,140.0,0.0,64,0,64,64,64,False
SmartXPro_IN,AssemblyIN,IN:mom:AssemblyIN:SmartXPro_IN,2030-W37,59,59,137.0,0.0,59,0,59,59,59,False
SmartXPro_IN,AssemblyIN,IN:mom:AssemblyIN:SmartXPro_IN,2030-W38,54,54,133.0,0.0,54,0,54,54,54,False
SmartXPro_IN,AssemblyIN,IN:mom:AssemblyIN:SmartXPro_IN,2030-W39,49,49,130.0,0.0,49,0,49,49,49,False
SmartXPro_IN,AssemblyIN,IN:mom:AssemblyIN:SmartXPro_IN,2030-W40,44,44,127.0,0.0,44,0,44,44,44,False
SmartXPro_IN,AssemblyIN,IN:mom:AssemblyIN:SmartXPro_IN,2030-W41,73,39,124.0,0.0,39,0,73,73,39,False
SmartXPro_IN,AssemblyIN,IN:mom:AssemblyIN:SmartXPro_IN,2030-W42,30,34,120.0,0.0,34,0,30,30,34,False
SmartXPro_IN,AssemblyIN,IN:mom:AssemblyIN:SmartXPro_IN,2030-W43,25,30,117.0,0.0,30,0,25,25,30,False
SmartXPro_IN,AssemblyIN,IN:mom:AssemblyIN:SmartXPro_IN,2030-W44,0,25,114.0,0.0,25,0,0,0,25,False
SmartXPro_IN,AssemblyIN,IN:mom:AssemblyIN:SmartXPro_IN,2030-W45,20,20,111.0,0.0,20,0,20,20,20,False
SmartXPro_IN,AssemblyIN,IN:mom:AssemblyIN:SmartXPro_IN,2030-W46,15,15,107.0,0.0,15,0,15,15,15,False
SmartXPro_IN,AssemblyIN,IN:mom:AssemblyIN:SmartXPro_IN,2030-W47,10,10,104.0,0.0,10,0,10,10,10,False
SmartXPro_IN,AssemblyIN,IN:mom:AssemblyIN:SmartXPro_IN,2030-W48,5,5,101.0,0.0,5,0,5,5,5,False
SmartXPro_IN,AssemblyIN,IN:mom:AssemblyIN:SmartXPro_IN,2030-W49,0,0,98.0,0.0,0,0,0,0,0,False
SmartXPro_IN,AssemblyIN,IN:mom:AssemblyIN:SmartXPro_IN,2030-W50,0,0,94.0,0.0,0,0,0,0,0,False
SmartXPro_IN,AssemblyIN,IN:mom:AssemblyIN:SmartXPro_IN,2030-W51,0,0,91.0,0.0,0,0,0,0,0,False
SmartXPro_IN,AssemblyIN,IN:mom:AssemblyIN:SmartXPro_IN,2030-W52,0,0,88.0,0.0,0,0,0,0,0,False
SmartXPro_IN,SensorIN,IN:leaf_in:SensorIN:SmartXPro_IN,2025-W36,0,0,1169.0,0.0,0,0,0,0,0,False
SmartXPro_IN,SensorIN,IN:leaf_in:SensorIN:SmartXPro_IN,2025-W37,0,0,1169.0,0.0,0,0,0,0,0,False
SmartXPro_IN,SensorIN,IN:leaf_in:SensorIN:SmartXPro_IN,2025-W38,0,0,1169.0,0.0,0,0,0,0,0,False
SmartXPro_IN,SensorIN,IN:leaf_in:SensorIN:SmartXPro_IN,2025-W39,0,0,1169.0,0.0,0,0,0,0,0,False
SmartXPro_IN,SensorIN,IN:leaf_in:SensorIN:SmartXPro_IN,2025-W40,0,0,1169.0,0.0,0,0,0,0,0,False
SmartXPro_IN,SensorIN,IN:leaf_in:SensorIN:SmartXPro_IN,2025-W41,0,0,1169.0,0.0,0,0,0,0,0,False
SmartXPro_IN,SensorIN,IN:leaf_in:SensorIN:SmartXPro_IN,2025-W42,0,0,1169.0,0.0,0,0,0,0,0,False
SmartXPro_IN,SensorIN,IN:leaf_in:SensorIN:SmartXPro_IN,2025-W43,0,0,1169.0,0.0,0,0,0,0,0,False
SmartXPro_IN,SensorIN,IN:leaf_in:SensorIN:SmartXPro_IN,2025-W44,0,0,1169.0,0.0,0,0,0,0,0,False
SmartXPro_IN,SensorIN,IN:leaf_in:SensorIN:SmartXPro_IN,2025-W45,0,0,1169.0,0.0,0,0,0,0,0,False
SmartXPro_IN,SensorIN,IN:leaf_in:SensorIN:SmartXPro_IN,2025-W46,0,0,1169.0,0.0,0,0,0,0,0,False
SmartXPro_IN,SensorIN,IN:leaf_in:SensorIN:SmartXPro_IN,2025-W47,0,0,1169.0,0.0,0,0,0,0,0,False
SmartXPro_IN,SensorIN,IN:leaf_in:SensorIN:SmartXPro_IN,2025-W48,0,0,1169.0,0.0,0,0,0,0,0,False
SmartXPro_IN,SensorIN,IN:leaf_in:SensorIN:SmartXPro_IN,2025-W49,0,0,1169.0,0.0,0,0,0,0,0,False
SmartXPro_IN,SensorIN,IN:leaf_in:SensorIN:SmartXPro_IN,2025-W50,0,0,1169.0,0.0,0,0,0,0,0,False
SmartXPro_IN,SensorIN,IN:leaf_in:SensorIN:SmartXPro_IN,2025-W51,0,0,1169.0,0.0,0,0,0,0,0,False
SmartXPro_IN,SensorIN,IN:leaf_in:SensorIN:SmartXPro_IN,2025-W52,0,0,1169.0,0.0,0,0,0,0,0,False
SmartXPro_IN,SensorIN,IN:leaf_in:SensorIN:SmartXPro_IN,2026-W01,0,0,1169.0,0.0,0,0,0,0,0,False
SmartXPro_IN,SensorIN,IN:leaf_in:SensorIN:SmartXPro_IN,2026-W02,0,0,1165.0,0.0,0,0,0,0,0,False
SmartXPro_IN,SensorIN,IN:leaf_in:SensorIN:SmartXPro_IN,2026-W03,0,0,1161.0,0.0,0,0,0,0,0,False
SmartXPro_IN,SensorIN,IN:leaf_in:SensorIN:SmartXPro_IN,2026-W04,0,0,1157.0,0.0,0,0,0,0,0,False
SmartXPro_IN,SensorIN,IN:leaf_in:SensorIN:SmartXPro_IN,2026-W05,0,0,1152.0,0.0,0,0,0,0,0,False
SmartXPro_IN,SensorIN,IN:leaf_in:SensorIN:SmartXPro_IN,2026-W06,0,0,1148.0,0.0,0,0,0,0,0,False
SmartXPro_IN,SensorIN,IN:leaf_in:SensorIN:SmartXPro_IN,2026-W07,0,0,1144.0,0.0,0,0,0,0,0,False
SmartXPro_IN,SensorIN,IN:leaf_in:SensorIN:SmartXPro_IN,2026-W08,0,0,1140.0,0.0,0,0,0,0,0,False
SmartXPro_IN,SensorIN,IN:leaf_in:SensorIN:SmartXPro_IN,2026-W09,0,0,1136.0,0.0,0,0,0,0,0,False
SmartXPro_IN,SensorIN,IN:leaf_in:SensorIN:SmartXPro_IN,2026-W10,0,0,1132.0,0.0,0,0,0,0,0,False
SmartXPro_IN,SensorIN,IN:leaf_in:SensorIN:SmartXPro_IN,2026-W11,0,0,1128.0,0.0,0,0,0,0,0,False
SmartXPro_IN,SensorIN,IN:leaf_in:SensorIN:SmartXPro_IN,2026-W12,0,0,1124.0,0.0,0,0,0,0,0,False
SmartXPro_IN,SensorIN,IN:leaf_in:SensorIN:SmartXPro_IN,2026-W13,0,0,1119.0,0.0,0,0,0,0,0,False
SmartXPro_IN,SensorIN,IN:leaf_in:SensorIN:SmartXPro_IN,2026-W14,0,0,1115.0,0.0,0,0,0,0,0,False
SmartXPro_IN,SensorIN,IN:leaf_in:SensorIN:SmartXPro_IN,2026-W15,0,0,1111.0,0.0,0,0,0,0,0,False
SmartXPro_IN,SensorIN,IN:leaf_in:SensorIN:SmartXPro_IN,2026-W16,0,0,1107.0,0.0,0,0,0,0,0,False
SmartXPro_IN,SensorIN,IN:leaf_in:SensorIN:SmartXPro_IN,2026-W17,0,0,1103.0,0.0,0,0,0,0,0,False
SmartXPro_IN,SensorIN,IN:leaf_in:SensorIN:SmartXPro_IN,2026-W18,0,0,1099.0,0.0,0,0,0,0,0,False
SmartXPro_IN,SensorIN,IN:leaf_in:SensorIN:SmartXPro_IN,2026-W19,0,0,1095.0,0.0,0,0,0,0,0,False
SmartXPro_IN,SensorIN,IN:leaf_in:SensorIN:SmartXPro_IN,2026-W20,0,0,1090.0,0.0,0,0,0,0,0,False
SmartXPro_IN,SensorIN,IN:leaf_in:SensorIN:SmartXPro_IN,2026-W21,0,0,1086.0,0.0,0,0,0,0,0,False
SmartXPro_IN,SensorIN,IN:leaf_in:SensorIN:SmartXPro_IN,2026-W22,0,0,1082.0,0.0,0,0,0,0,0,False
SmartXPro_IN,SensorIN,IN:leaf_in:SensorIN:SmartXPro_IN,2026-W23,0,0,1078.0,0.0,0,0,0,0,0,False
SmartXPro_IN,SensorIN,IN:leaf_in:SensorIN:SmartXPro_IN,2026-W24,0,0,1074.0,0.0,0,0,0,0,0,False
SmartXPro_IN,SensorIN,IN:leaf_in:SensorIN:SmartXPro_IN,2026-W25,0,0,1070.0,0.0,0,0,0,0,0,False
SmartXPro_IN,SensorIN,IN:leaf_in:SensorIN:SmartXPro_IN,2026-W26,0,0,1066.0,0.0,0,0,0,0,0,False
SmartXPro_IN,SensorIN,IN:leaf_in:SensorIN:SmartXPro_IN,2026-W27,0,0,1062.0,0.0,0,0,0,0,0,False
SmartXPro_IN,SensorIN,IN:leaf_in:SensorIN:SmartXPro_IN,2026-W28,0,0,1057.0,0.0,0,0,0,0,0,False
SmartXPro_IN,SensorIN,IN:leaf_in:SensorIN:SmartXPro_IN,2026-W29,0,0,1053.0,0.0,0,0,0,0,0,False
SmartXPro_IN,SensorIN,IN:leaf_in:SensorIN:SmartXPro_IN,2026-W30,0,0,1049.0,0.0,0,0,0,0,0,False
SmartXPro_IN,SensorIN,IN:leaf_in:SensorIN:SmartXPro_IN,2026-W31,0,0,1045.0,0.0,0,0,0,0,0,False
SmartXPro_IN,SensorIN,IN:leaf_in:SensorIN:SmartXPro_IN,2026-W32,0,0,1041.0,0.0,0,0,0,0,0,False
SmartXPro_IN,SensorIN,IN:leaf_in:SensorIN:SmartXPro_IN,2026-W33,0,0,1037.0,0.0,0,0,0,0,0,False
SmartXPro_IN,SensorIN,IN:leaf_in:SensorIN:SmartXPro_IN,2026-W34,0,0,1033.0,0.0,0,0,0,0,0,False
SmartXPro_IN,SensorIN,IN:leaf_in:SensorIN:SmartXPro_IN,2026-W35,0,0,1028.0,0.0,0,0,0,0,0,False
SmartXPro_IN,SensorIN,IN:leaf_in:SensorIN:SmartXPro_IN,2026-W36,0,0,1024.0,0.0,0,0,0,0,0,False
SmartXPro_IN,SensorIN,IN:leaf_in:SensorIN:SmartXPro_IN,2026-W37,0,0,1020.0,0.0,0,0,0,0,0,False
SmartXPro_IN,SensorIN,IN:leaf_in:SensorIN:SmartXPro_IN,2026-W38,0,0,1016.0,0.0,0,0,0,0,0,False
SmartXPro_IN,SensorIN,IN:leaf_in:SensorIN:SmartXPro_IN,2026-W39,0,0,1012.0,0.0,0,0,0,0,0,False
SmartXPro_IN,SensorIN,IN:leaf_in:SensorIN:SmartXPro_IN,2026-W40,0,0,1008.0,0.0,0,0,0,0,0,False
SmartXPro_IN,SensorIN,IN:leaf_in:SensorIN:SmartXPro_IN,2026-W41,0,0,1004.0,0.0,0,0,0,0,0,False
SmartXPro_IN,SensorIN,IN:leaf_in:SensorIN:SmartXPro_IN,2026-W42,0,0,999.0,0.0,0,0,0,0,0,False
SmartXPro_IN,SensorIN,IN:leaf_in:SensorIN:SmartXPro_IN,2026-W43,0,0,0.0,0.0,0,0,0,0,0,False
SmartXPro_IN,SensorIN,IN:leaf_in:SensorIN:SmartXPro_IN,2026-W44,0,0,991.0,0.0,0,0,0,0,0,False
SmartXPro_IN,SensorIN,IN:leaf_in:SensorIN:SmartXPro_IN,2026-W45,0,0,987.0,0.0,0,0,0,0,0,False
SmartXPro_IN,SensorIN,IN:leaf_in:SensorIN:SmartXPro_IN,2026-W46,0,0,983.0,0.0,0,0,0,0,0,False
SmartXPro_IN,SensorIN,IN:leaf_in:SensorIN:SmartXPro_IN,2026-W47,0,0,979.0,0.0,0,0,0,0,0,False
SmartXPro_IN,SensorIN,IN:leaf_in:SensorIN:SmartXPro_IN,2026-W48,900,900,975.0,0.0,900,900,900,900,900,False
SmartXPro_IN,SensorIN,IN:leaf_in:SensorIN:SmartXPro_IN,2026-W49,900,900,971.0,0.0,900,900,900,900,900,False
SmartXPro_IN,SensorIN,IN:leaf_in:SensorIN:SmartXPro_IN,2026-W50,900,900,966.0,0.0,900,900,900,900,900,False
SmartXPro_IN,SensorIN,IN:leaf_in:SensorIN:SmartXPro_IN,2026-W51,900,900,962.0,0.0,900,900,900,900,900,False
SmartXPro_IN,SensorIN,IN:leaf_in:SensorIN:SmartXPro_IN,2026-W52,900,900,958.0,0.0,900,900,900,900,900,False
SmartXPro_IN,SensorIN,IN:leaf_in:SensorIN:SmartXPro_IN,2026-W53,900,900,954.0,0.0,900,900,900,900,900,False
SmartXPro_IN,SensorIN,IN:leaf_in:SensorIN:SmartXPro_IN,2027-W01,900,900,950.0,0.0,900,900,900,900,900,False
SmartXPro_IN,SensorIN,IN:leaf_in:SensorIN:SmartXPro_IN,2027-W02,900,900,950.0,0.0,900,900,900,900,900,False
SmartXPro_IN,SensorIN,IN:leaf_in:SensorIN:SmartXPro_IN,2027-W03,900,900,950.0,0.0,900,900,900,900,900,False
SmartXPro_IN,SensorIN,IN:leaf_in:SensorIN:SmartXPro_IN,2027-W04,900,900,950.0,0.0,900,900,900,900,900,False
SmartXPro_IN,SensorIN,IN:leaf_in:SensorIN:SmartXPro_IN,2027-W05,900,900,950.0,0.0,900,900,900,900,900,False
SmartXPro_IN,SensorIN,IN:leaf_in:SensorIN:SmartXPro_IN,2027-W06,900,900,950.0,0.0,900,900,900,900,900,False
SmartXPro_IN,SensorIN,IN:leaf_in:SensorIN:SmartXPro_IN,2027-W07,900,900,950.0,0.0,900,900,900,900,900,False
SmartXPro_IN,SensorIN,IN:leaf_in:SensorIN:SmartXPro_IN,2027-W08,900,900,950.0,0.0,900,900,900,900,900,False
SmartXPro_IN,SensorIN,IN:leaf_in:SensorIN:SmartXPro_IN,2027-W09,900,900,950.0,0.0,900,900,900,900,900,False
SmartXPro_IN,SensorIN,IN:leaf_in:SensorIN:SmartXPro_IN,2027-W10,900,900,950.0,0.0,900,900,900,900,900,False
SmartXPro_IN,SensorIN,IN:leaf_in:SensorIN:SmartXPro_IN,2027-W11,900,900,950.0,0.0,900,900,900,900,900,False
SmartXPro_IN,SensorIN,IN:leaf_in:SensorIN:SmartXPro_IN,2027-W12,900,900,950.0,0.0,900,900,900,900,900,False
SmartXPro_IN,SensorIN,IN:leaf_in:SensorIN:SmartXPro_IN,2027-W13,900,900,950.0,0.0,900,900,900,900,900,False
SmartXPro_IN,SensorIN,IN:leaf_in:SensorIN:SmartXPro_IN,2027-W14,900,900,950.0,0.0,900,900,900,900,900,False
SmartXPro_IN,SensorIN,IN:leaf_in:SensorIN:SmartXPro_IN,2027-W15,900,900,950.0,0.0,900,900,900,900,900,False
SmartXPro_IN,SensorIN,IN:leaf_in:SensorIN:SmartXPro_IN,2027-W16,900,900,950.0,0.0,900,900,900,900,900,False
SmartXPro_IN,SensorIN,IN:leaf_in:SensorIN:SmartXPro_IN,2027-W17,900,900,950.0,0.0,900,900,900,900,900,False
SmartXPro_IN,SensorIN,IN:leaf_in:SensorIN:SmartXPro_IN,2027-W18,900,900,950.0,0.0,900,900,900,900,900,False
SmartXPro_IN,SensorIN,IN:leaf_in:SensorIN:SmartXPro_IN,2027-W19,900,900,950.0,0.0,900,900,900,900,900,False
SmartXPro_IN,SensorIN,IN:leaf_in:SensorIN:SmartXPro_IN,2027-W20,900,900,950.0,0.0,900,900,900,900,900,False
SmartXPro_IN,SensorIN,IN:leaf_in:SensorIN:SmartXPro_IN,2027-W21,896,896,950.0,0.0,896,896,896,896,896,False
SmartXPro_IN,SensorIN,IN:leaf_in:SensorIN:SmartXPro_IN,2027-W22,891,891,950.0,0.0,891,891,891,891,891,False
SmartXPro_IN,SensorIN,IN:leaf_in:SensorIN:SmartXPro_IN,2027-W23,887,887,950.0,0.0,887,887,887,887,887,False
SmartXPro_IN,SensorIN,IN:leaf_in:SensorIN:SmartXPro_IN,2027-W24,882,882,950.0,0.0,882,882,882,882,882,False
SmartXPro_IN,SensorIN,IN:leaf_in:SensorIN:SmartXPro_IN,2027-W25,878,878,950.0,0.0,878,878,878,878,878,False
SmartXPro_IN,SensorIN,IN:leaf_in:SensorIN:SmartXPro_IN,2027-W26,873,873,950.0,0.0,873,873,873,873,873,False
SmartXPro_IN,SensorIN,IN:leaf_in:SensorIN:SmartXPro_IN,2027-W27,869,869,946.0,0.0,869,869,869,869,869,False
SmartXPro_IN,SensorIN,IN:leaf_in:SensorIN:SmartXPro_IN,2027-W28,864,864,941.0,0.0,864,864,864,864,864,False
SmartXPro_IN,SensorIN,IN:leaf_in:SensorIN:SmartXPro_IN,2027-W29,860,860,937.0,0.0,860,860,860,860,860,False
SmartXPro_IN,SensorIN,IN:leaf_in:SensorIN:SmartXPro_IN,2027-W30,856,856,932.0,0.0,856,856,856,856,856,False
SmartXPro_IN,SensorIN,IN:leaf_in:SensorIN:SmartXPro_IN,2027-W31,851,851,928.0,0.0,851,851,851,851,851,False
SmartXPro_IN,SensorIN,IN:leaf_in:SensorIN:SmartXPro_IN,2027-W32,847,847,923.0,0.0,847,847,847,847,847,False
SmartXPro_IN,SensorIN,IN:leaf_in:SensorIN:SmartXPro_IN,2027-W33,842,842,919.0,0.0,842,842,842,842,842,False
SmartXPro_IN,SensorIN,IN:leaf_in:SensorIN:SmartXPro_IN,2027-W34,838,838,914.0,0.0,838,838,838,838,838,False
SmartXPro_IN,SensorIN,IN:leaf_in:SensorIN:SmartXPro_IN,2027-W35,833,833,910.0,0.0,833,833,833,833,833,False
SmartXPro_IN,SensorIN,IN:leaf_in:SensorIN:SmartXPro_IN,2027-W36,829,829,906.0,0.0,829,829,829,829,829,False
SmartXPro_IN,SensorIN,IN:leaf_in:SensorIN:SmartXPro_IN,2027-W37,824,824,901.0,0.0,824,824,824,824,824,False
SmartXPro_IN,SensorIN,IN:leaf_in:SensorIN:SmartXPro_IN,2027-W38,820,820,897.0,0.0,820,820,820,820,820,False
SmartXPro_IN,SensorIN,IN:leaf_in:SensorIN:SmartXPro_IN,2027-W39,1627,1627,892.0,735.0,1627,1627,1627,892,892,False
SmartXPro_IN,SensorIN,IN:leaf_in:SensorIN:SmartXPro_IN,2027-W40,807,807,888.0,0.0,807,807,807,888,888,False
SmartXPro_IN,SensorIN,IN:leaf_in:SensorIN:SmartXPro_IN,2027-W41,802,802,883.0,0.0,802,802,802,883,883,False
SmartXPro_IN,SensorIN,IN:leaf_in:SensorIN:SmartXPro_IN,2027-W42,0,0,0.0,0.0,0,0,0,0,0,False
SmartXPro_IN,SensorIN,IN:leaf_in:SensorIN:SmartXPro_IN,2027-W43,798,798,874.0,0.0,798,798,798,874,874,False
SmartXPro_IN,SensorIN,IN:leaf_in:SensorIN:SmartXPro_IN,2027-W44,793,793,870.0,0.0,793,793,793,870,870,False
SmartXPro_IN,SensorIN,IN:leaf_in:SensorIN:SmartXPro_IN,2027-W45,789,789,866.0,0.0,789,789,789,866,866,False
SmartXPro_IN,SensorIN,IN:leaf_in:SensorIN:SmartXPro_IN,2027-W46,784,784,861.0,0.0,784,784,784,861,861,False
SmartXPro_IN,SensorIN,IN:leaf_in:SensorIN:SmartXPro_IN,2027-W47,775,775,857.0,0.0,775,775,775,857,857,False
SmartXPro_IN,SensorIN,IN:leaf_in:SensorIN:SmartXPro_IN,2027-W48,770,770,852.0,0.0,770,770,770,852,852,False
SmartXPro_IN,SensorIN,IN:leaf_in:SensorIN:SmartXPro_IN,2027-W49,766,766,848.0,0.0,766,766,766,848,848,False
SmartXPro_IN,SensorIN,IN:leaf_in:SensorIN:SmartXPro_IN,2027-W50,761,761,843.0,0.0,761,761,761,781,781,False
SmartXPro_IN,SensorIN,IN:leaf_in:SensorIN:SmartXPro_IN,2027-W51,756,756,839.0,0.0,756,756,756,756,756,False
SmartXPro_IN,SensorIN,IN:leaf_in:SensorIN:SmartXPro_IN,2027-W52,751,751,834.0,0.0,751,751,751,751,751,False
SmartXPro_IN,SensorIN,IN:leaf_in:SensorIN:SmartXPro_IN,2028-W01,746,746,825.0,0.0,746,746,746,746,746,False
SmartXPro_IN,SensorIN,IN:leaf_in:SensorIN:SmartXPro_IN,2028-W02,741,741,820.0,0.0,741,741,741,741,741,False
SmartXPro_IN,SensorIN,IN:leaf_in:SensorIN:SmartXPro_IN,2028-W03,737,737,816.0,0.0,737,737,737,737,737,False
SmartXPro_IN,SensorIN,IN:leaf_in:SensorIN:SmartXPro_IN,2028-W04,732,732,811.0,0.0,732,732,732,732,732,False
SmartXPro_IN,SensorIN,IN:leaf_in:SensorIN:SmartXPro_IN,2028-W05,727,727,806.0,0.0,727,727,727,727,727,False
SmartXPro_IN,SensorIN,IN:leaf_in:SensorIN:SmartXPro_IN,2028-W06,722,722,801.0,0.0,722,722,722,722,722,False
SmartXPro_IN,SensorIN,IN:leaf_in:SensorIN:SmartXPro_IN,2028-W07,717,717,796.0,0.0,717,717,717,717,717,False
SmartXPro_IN,SensorIN,IN:leaf_in:SensorIN:SmartXPro_IN,2028-W08,713,713,791.0,0.0,713,713,713,713,713,False
SmartXPro_IN,SensorIN,IN:leaf_in:SensorIN:SmartXPro_IN,2028-W09,708,708,787.0,0.0,708,708,708,708,708,False
SmartXPro_IN,SensorIN,IN:leaf_in:SensorIN:SmartXPro_IN,2028-W10,703,703,782.0,0.0,703,703,703,703,703,False
SmartXPro_IN,SensorIN,IN:leaf_in:SensorIN:SmartXPro_IN,2028-W11,698,698,777.0,0.0,698,698,698,698,698,False
SmartXPro_IN,SensorIN,IN:leaf_in:SensorIN:SmartXPro_IN,2028-W12,693,693,772.0,0.0,693,693,693,693,693,False
SmartXPro_IN,SensorIN,IN:leaf_in:SensorIN:SmartXPro_IN,2028-W13,689,689,767.0,0.0,689,689,689,689,689,False
SmartXPro_IN,SensorIN,IN:leaf_in:SensorIN:SmartXPro_IN,2028-W14,684,684,763.0,0.0,684,684,684,684,684,False
SmartXPro_IN,SensorIN,IN:leaf_in:SensorIN:SmartXPro_IN,2028-W15,679,679,758.0,0.0,679,679,679,679,679,False
SmartXPro_IN,SensorIN,IN:leaf_in:SensorIN:SmartXPro_IN,2028-W16,674,674,753.0,0.0,674,674,674,674,674,False
SmartXPro_IN,SensorIN,IN:leaf_in:SensorIN:SmartXPro_IN,2028-W17,669,669,748.0,0.0,669,669,669,669,669,False
SmartXPro_IN,SensorIN,IN:leaf_in:SensorIN:SmartXPro_IN,2028-W18,664,664,743.0,0.0,664,664,664,664,664,False
SmartXPro_IN,SensorIN,IN:leaf_in:SensorIN:SmartXPro_IN,2028-W19,660,660,739.0,0.0,660,660,660,660,660,False
SmartXPro_IN,SensorIN,IN:leaf_in:SensorIN:SmartXPro_IN,2028-W20,655,655,734.0,0.0,655,655,655,655,655,False
SmartXPro_IN,SensorIN,IN:leaf_in:SensorIN:SmartXPro_IN,2028-W21,646,646,729.0,0.0,646,646,646,646,646,False
SmartXPro_IN,SensorIN,IN:leaf_in:SensorIN:SmartXPro_IN,2028-W22,643,643,724.0,0.0,643,643,643,643,643,False
SmartXPro_IN,SensorIN,IN:leaf_in:SensorIN:SmartXPro_IN,2028-W23,639,639,719.0,0.0,639,639,639,639,639,False
SmartXPro_IN,SensorIN,IN:leaf_in:SensorIN:SmartXPro_IN,2028-W24,635,635,714.0,0.0,635,635,635,635,635,False
SmartXPro_IN,SensorIN,IN:leaf_in:SensorIN:SmartXPro_IN,2028-W25,631,631,710.0,0.0,631,631,631,631,631,False
SmartXPro_IN,SensorIN,IN:leaf_in:SensorIN:SmartXPro_IN,2028-W26,628,628,705.0,0.0,628,628,628,628,628,False
SmartXPro_IN,SensorIN,IN:leaf_in:SensorIN:SmartXPro_IN,2028-W27,624,624,696.0,0.0,624,624,624,624,624,False
SmartXPro_IN,SensorIN,IN:leaf_in:SensorIN:SmartXPro_IN,2028-W28,620,620,693.0,0.0,620,620,620,620,620,False
SmartXPro_IN,SensorIN,IN:leaf_in:SensorIN:SmartXPro_IN,2028-W29,617,617,689.0,0.0,617,617,617,617,617,False
SmartXPro_IN,SensorIN,IN:leaf_in:SensorIN:SmartXPro_IN,2028-W30,613,613,685.0,0.0,613,613,613,613,613,False
SmartXPro_IN,SensorIN,IN:leaf_in:SensorIN:SmartXPro_IN,2028-W31,609,609,681.0,0.0,609,609,609,609,609,False
SmartXPro_IN,SensorIN,IN:leaf_in:SensorIN:SmartXPro_IN,2028-W32,606,606,678.0,0.0,606,606,606,606,606,False
SmartXPro_IN,SensorIN,IN:leaf_in:SensorIN:SmartXPro_IN,2028-W33,602,602,674.0,0.0,602,602,602,602,602,False
SmartXPro_IN,SensorIN,IN:leaf_in:SensorIN:SmartXPro_IN,2028-W34,598,598,670.0,0.0,598,598,598,598,598,False
SmartXPro_IN,SensorIN,IN:leaf_in:SensorIN:SmartXPro_IN,2028-W35,594,594,667.0,0.0,594,594,594,594,594,False
SmartXPro_IN,SensorIN,IN:leaf_in:SensorIN:SmartXPro_IN,2028-W36,591,591,663.0,0.0,591,591,591,591,591,False
SmartXPro_IN,SensorIN,IN:leaf_in:SensorIN:SmartXPro_IN,2028-W37,1170,1170,659.0,511.0,1170,1170,1170,659,659,False
SmartXPro_IN,SensorIN,IN:leaf_in:SensorIN:SmartXPro_IN,2028-W38,580,580,656.0,0.0,580,580,580,656,656,False
SmartXPro_IN,SensorIN,IN:leaf_in:SensorIN:SmartXPro_IN,2028-W39,576,576,652.0,0.0,576,576,576,652,652,False
SmartXPro_IN,SensorIN,IN:leaf_in:SensorIN:SmartXPro_IN,2028-W40,0,0,0.0,0.0,0,0,0,0,0,False
SmartXPro_IN,SensorIN,IN:leaf_in:SensorIN:SmartXPro_IN,2028-W41,572,572,644.0,0.0,572,572,572,644,644,False
SmartXPro_IN,SensorIN,IN:leaf_in:SensorIN:SmartXPro_IN,2028-W42,569,569,641.0,0.0,569,569,569,641,641,False
SmartXPro_IN,SensorIN,IN:leaf_in:SensorIN:SmartXPro_IN,2028-W43,565,565,637.0,0.0,565,565,565,637,637,False
SmartXPro_IN,SensorIN,IN:leaf_in:SensorIN:SmartXPro_IN,2028-W44,561,561,633.0,0.0,561,561,561,633,633,False
SmartXPro_IN,SensorIN,IN:leaf_in:SensorIN:SmartXPro_IN,2028-W45,557,557,630.0,0.0,557,557,557,628,628,False
SmartXPro_IN,SensorIN,IN:leaf_in:SensorIN:SmartXPro_IN,2028-W46,554,554,626.0,0.0,554,554,554,554,554,False
SmartXPro_IN,SensorIN,IN:leaf_in:SensorIN:SmartXPro_IN,2028-W47,544,544,622.0,0.0,544,544,544,544,544,False
SmartXPro_IN,SensorIN,IN:leaf_in:SensorIN:SmartXPro_IN,2028-W48,539,539,619.0,0.0,539,539,539,539,539,False
SmartXPro_IN,SensorIN,IN:leaf_in:SensorIN:SmartXPro_IN,2028-W49,533,533,615.0,0.0,533,533,533,533,533,False
SmartXPro_IN,SensorIN,IN:leaf_in:SensorIN:SmartXPro_IN,2028-W50,528,528,611.0,0.0,528,528,528,528,528,False
SmartXPro_IN,SensorIN,IN:leaf_in:SensorIN:SmartXPro_IN,2028-W51,522,522,607.0,0.0,522,522,522,522,522,False
SmartXPro_IN,SensorIN,IN:leaf_in:SensorIN:SmartXPro_IN,2028-W52,517,517,604.0,0.0,517,517,517,517,517,False
SmartXPro_IN,SensorIN,IN:leaf_in:SensorIN:SmartXPro_IN,2029-W01,511,511,594.0,0.0,511,511,511,511,511,False
SmartXPro_IN,SensorIN,IN:leaf_in:SensorIN:SmartXPro_IN,2029-W02,506,506,589.0,0.0,506,506,506,506,506,False
SmartXPro_IN,SensorIN,IN:leaf_in:SensorIN:SmartXPro_IN,2029-W03,500,500,583.0,0.0,500,500,500,500,500,False
SmartXPro_IN,SensorIN,IN:leaf_in:SensorIN:SmartXPro_IN,2029-W04,494,494,578.0,0.0,494,494,494,494,494,False
SmartXPro_IN,SensorIN,IN:leaf_in:SensorIN:SmartXPro_IN,2029-W05,489,489,572.0,0.0,489,489,489,489,489,False
SmartXPro_IN,SensorIN,IN:leaf_in:SensorIN:SmartXPro_IN,2029-W06,483,483,567.0,0.0,483,483,483,483,483,False
SmartXPro_IN,SensorIN,IN:leaf_in:SensorIN:SmartXPro_IN,2029-W07,478,478,561.0,0.0,478,478,478,478,478,False
SmartXPro_IN,SensorIN,IN:leaf_in:SensorIN:SmartXPro_IN,2029-W08,472,472,556.0,0.0,472,472,472,472,472,False
SmartXPro_IN,SensorIN,IN:leaf_in:SensorIN:SmartXPro_IN,2029-W09,467,467,550.0,0.0,467,467,467,467,467,False
SmartXPro_IN,SensorIN,IN:leaf_in:SensorIN:SmartXPro_IN,2029-W10,461,461,544.0,0.0,461,461,461,461,461,False
SmartXPro_IN,SensorIN,IN:leaf_in:SensorIN:SmartXPro_IN,2029-W11,456,456,539.0,0.0,456,456,456,456,456,False
SmartXPro_IN,SensorIN,IN:leaf_in:SensorIN:SmartXPro_IN,2029-W12,450,450,533.0,0.0,450,450,450,450,450,False
SmartXPro_IN,SensorIN,IN:leaf_in:SensorIN:SmartXPro_IN,2029-W13,444,444,528.0,0.0,444,444,444,444,444,False
SmartXPro_IN,SensorIN,IN:leaf_in:SensorIN:SmartXPro_IN,2029-W14,439,439,522.0,0.0,439,439,439,439,439,False
SmartXPro_IN,SensorIN,IN:leaf_in:SensorIN:SmartXPro_IN,2029-W15,433,433,517.0,0.0,433,433,433,433,433,False
SmartXPro_IN,SensorIN,IN:leaf_in:SensorIN:SmartXPro_IN,2029-W16,428,428,511.0,0.0,428,428,428,428,428,False
SmartXPro_IN,SensorIN,IN:leaf_in:SensorIN:SmartXPro_IN,2029-W17,422,422,506.0,0.0,422,422,422,422,422,False
SmartXPro_IN,SensorIN,IN:leaf_in:SensorIN:SmartXPro_IN,2029-W18,417,417,500.0,0.0,417,417,417,417,417,False
SmartXPro_IN,SensorIN,IN:leaf_in:SensorIN:SmartXPro_IN,2029-W19,411,411,494.0,0.0,411,411,411,411,411,False
SmartXPro_IN,SensorIN,IN:leaf_in:SensorIN:SmartXPro_IN,2029-W20,406,406,489.0,0.0,406,406,406,406,406,False
SmartXPro_IN,SensorIN,IN:leaf_in:SensorIN:SmartXPro_IN,2029-W21,394,394,483.0,0.0,394,394,394,394,394,False
SmartXPro_IN,SensorIN,IN:leaf_in:SensorIN:SmartXPro_IN,2029-W22,389,389,478.0,0.0,389,389,389,389,389,False
SmartXPro_IN,SensorIN,IN:leaf_in:SensorIN:SmartXPro_IN,2029-W23,383,383,472.0,0.0,383,383,383,383,383,False
SmartXPro_IN,SensorIN,IN:leaf_in:SensorIN:SmartXPro_IN,2029-W24,378,378,467.0,0.0,378,378,378,378,378,False
SmartXPro_IN,SensorIN,IN:leaf_in:SensorIN:SmartXPro_IN,2029-W25,372,372,461.0,0.0,372,372,372,372,372,False
SmartXPro_IN,SensorIN,IN:leaf_in:SensorIN:SmartXPro_IN,2029-W26,367,367,456.0,0.0,367,367,367,367,367,False
SmartXPro_IN,SensorIN,IN:leaf_in:SensorIN:SmartXPro_IN,2029-W27,361,361,444.0,0.0,361,361,361,361,361,False
SmartXPro_IN,SensorIN,IN:leaf_in:SensorIN:SmartXPro_IN,2029-W28,356,356,439.0,0.0,356,356,356,356,356,False
SmartXPro_IN,SensorIN,IN:leaf_in:SensorIN:SmartXPro_IN,2029-W29,350,350,433.0,0.0,350,350,350,350,350,False
SmartXPro_IN,SensorIN,IN:leaf_in:SensorIN:SmartXPro_IN,2029-W30,344,344,428.0,0.0,344,344,344,344,344,False
SmartXPro_IN,SensorIN,IN:leaf_in:SensorIN:SmartXPro_IN,2029-W31,339,339,422.0,0.0,339,339,339,339,339,False
SmartXPro_IN,SensorIN,IN:leaf_in:SensorIN:SmartXPro_IN,2029-W32,333,333,417.0,0.0,333,333,333,333,333,False
SmartXPro_IN,SensorIN,IN:leaf_in:SensorIN:SmartXPro_IN,2029-W33,328,328,411.0,0.0,328,328,328,328,328,False
SmartXPro_IN,SensorIN,IN:leaf_in:SensorIN:SmartXPro_IN,2029-W34,322,322,406.0,0.0,322,322,322,322,322,False
SmartXPro_IN,SensorIN,IN:leaf_in:SensorIN:SmartXPro_IN,2029-W35,317,317,400.0,0.0,317,317,317,317,317,False
SmartXPro_IN,SensorIN,IN:leaf_in:SensorIN:SmartXPro_IN,2029-W36,311,311,394.0,0.0,311,311,311,311,311,False
SmartXPro_IN,SensorIN,IN:leaf_in:SensorIN:SmartXPro_IN,2029-W37,306,306,389.0,0.0,306,306,306,306,306,False
SmartXPro_IN,SensorIN,IN:leaf_in:SensorIN:SmartXPro_IN,2029-W38,594,594,383.0,211.0,594,594,594,383,383,False
SmartXPro_IN,SensorIN,IN:leaf_in:SensorIN:SmartXPro_IN,2029-W39,289,289,378.0,0.0,289,289,289,378,378,False
SmartXPro_IN,SensorIN,IN:leaf_in:SensorIN:SmartXPro_IN,2029-W40,283,283,372.0,0.0,283,283,283,372,372,False
SmartXPro_IN,SensorIN,IN:leaf_in:SensorIN:SmartXPro_IN,2029-W41,0,0,0.0,0.0,0,0,0,0,0,False
SmartXPro_IN,SensorIN,IN:leaf_in:SensorIN:SmartXPro_IN,2029-W42,278,278,361.0,0.0,278,278,278,311,311,False
SmartXPro_IN,SensorIN,IN:leaf_in:SensorIN:SmartXPro_IN,2029-W43,272,272,356.0,0.0,272,272,272,272,272,False
SmartXPro_IN,SensorIN,IN:leaf_in:SensorIN:SmartXPro_IN,2029-W44,267,267,350.0,0.0,267,267,267,267,267,False
SmartXPro_IN,SensorIN,IN:leaf_in:SensorIN:SmartXPro_IN,2029-W45,261,261,344.0,0.0,261,261,261,261,261,False
SmartXPro_IN,SensorIN,IN:leaf_in:SensorIN:SmartXPro_IN,2029-W46,256,256,339.0,0.0,256,256,256,256,256,False
SmartXPro_IN,SensorIN,IN:leaf_in:SensorIN:SmartXPro_IN,2029-W47,251,251,333.0,0.0,251,251,251,251,251,False
SmartXPro_IN,SensorIN,IN:leaf_in:SensorIN:SmartXPro_IN,2029-W48,246,246,328.0,0.0,246,246,246,246,246,False
SmartXPro_IN,SensorIN,IN:leaf_in:SensorIN:SmartXPro_IN,2029-W49,241,241,322.0,0.0,241,241,241,241,241,False
SmartXPro_IN,SensorIN,IN:leaf_in:SensorIN:SmartXPro_IN,2029-W50,236,236,317.0,0.0,236,236,236,236,236,False
SmartXPro_IN,SensorIN,IN:leaf_in:SensorIN:SmartXPro_IN,2029-W51,231,231,311.0,0.0,231,231,231,231,231,False
SmartXPro_IN,SensorIN,IN:leaf_in:SensorIN:SmartXPro_IN,2029-W52,226,226,306.0,0.0,226,226,226,226,226,False
SmartXPro_IN,SensorIN,IN:leaf_in:SensorIN:SmartXPro_IN,2030-W01,221,221,303.0,0.0,221,221,221,221,221,False
SmartXPro_IN,SensorIN,IN:leaf_in:SensorIN:SmartXPro_IN,2030-W02,217,217,299.0,0.0,217,217,217,217,217,False
SmartXPro_IN,SensorIN,IN:leaf_in:SensorIN:SmartXPro_IN,2030-W03,212,212,295.0,0.0,212,212,212,212,212,False
SmartXPro_IN,SensorIN,IN:leaf_in:SensorIN:SmartXPro_IN,2030-W04,207,207,291.0,0.0,207,207,207,207,207,False
SmartXPro_IN,SensorIN,IN:leaf_in:SensorIN:SmartXPro_IN,2030-W05,202,202,287.0,0.0,202,202,202,202,202,False
SmartXPro_IN,SensorIN,IN:leaf_in:SensorIN:SmartXPro_IN,2030-W06,197,197,284.0,0.0,197,197,197,197,197,False
SmartXPro_IN,SensorIN,IN:leaf_in:SensorIN:SmartXPro_IN,2030-W07,192,192,280.0,0.0,192,192,192,192,192,False
SmartXPro_IN,SensorIN,IN:leaf_in:SensorIN:SmartXPro_IN,2030-W08,187,187,276.0,0.0,187,187,187,187,187,False
SmartXPro_IN,SensorIN,IN:leaf_in:SensorIN:SmartXPro_IN,2030-W09,182,182,272.0,0.0,182,182,182,182,182,False
SmartXPro_IN,SensorIN,IN:leaf_in:SensorIN:SmartXPro_IN,2030-W10,177,177,268.0,0.0,177,177,177,177,177,False
SmartXPro_IN,SensorIN,IN:leaf_in:SensorIN:SmartXPro_IN,2030-W11,172,172,264.0,0.0,172,172,172,172,172,False
SmartXPro_IN,SensorIN,IN:leaf_in:SensorIN:SmartXPro_IN,2030-W12,167,167,260.0,0.0,167,167,167,167,167,False
SmartXPro_IN,SensorIN,IN:leaf_in:SensorIN:SmartXPro_IN,2030-W13,162,162,256.0,0.0,162,162,162,162,162,False
SmartXPro_IN,SensorIN,IN:leaf_in:SensorIN:SmartXPro_IN,2030-W14,157,157,253.0,0.0,157,157,157,157,157,False
SmartXPro_IN,SensorIN,IN:leaf_in:SensorIN:SmartXPro_IN,2030-W15,153,153,249.0,0.0,153,153,153,153,153,False
SmartXPro_IN,SensorIN,IN:leaf_in:SensorIN:SmartXPro_IN,2030-W16,148,148,245.0,0.0,148,148,148,148,148,False
SmartXPro_IN,SensorIN,IN:leaf_in:SensorIN:SmartXPro_IN,2030-W17,143,143,241.0,0.0,143,143,143,143,143,False
SmartXPro_IN,SensorIN,IN:leaf_in:SensorIN:SmartXPro_IN,2030-W18,138,138,237.0,0.0,138,138,138,138,138,False
SmartXPro_IN,SensorIN,IN:leaf_in:SensorIN:SmartXPro_IN,2030-W19,133,133,233.0,0.0,133,133,133,133,133,False
SmartXPro_IN,SensorIN,IN:leaf_in:SensorIN:SmartXPro_IN,2030-W20,128,128,229.0,0.0,128,128,128,128,128,False
SmartXPro_IN,SensorIN,IN:leaf_in:SensorIN:SmartXPro_IN,2030-W21,123,123,225.0,0.0,123,123,123,123,123,False
SmartXPro_IN,SensorIN,IN:leaf_in:SensorIN:SmartXPro_IN,2030-W22,118,118,221.0,0.0,118,118,118,118,118,False
SmartXPro_IN,SensorIN,IN:leaf_in:SensorIN:SmartXPro_IN,2030-W23,113,113,218.0,0.0,113,113,113,113,113,False
SmartXPro_IN,SensorIN,IN:leaf_in:SensorIN:SmartXPro_IN,2030-W24,108,108,214.0,0.0,108,108,108,108,108,False
SmartXPro_IN,SensorIN,IN:leaf_in:SensorIN:SmartXPro_IN,2030-W25,103,103,210.0,0.0,103,103,103,103,103,False
SmartXPro_IN,SensorIN,IN:leaf_in:SensorIN:SmartXPro_IN,2030-W26,98,98,206.0,0.0,98,98,98,98,98,False
SmartXPro_IN,SensorIN,IN:leaf_in:SensorIN:SmartXPro_IN,2030-W27,94,94,202.0,0.0,94,94,94,94,94,False
SmartXPro_IN,SensorIN,IN:leaf_in:SensorIN:SmartXPro_IN,2030-W28,89,89,198.0,0.0,89,89,89,89,89,False
SmartXPro_IN,SensorIN,IN:leaf_in:SensorIN:SmartXPro_IN,2030-W29,84,84,194.0,0.0,84,84,84,84,84,False
SmartXPro_IN,SensorIN,IN:leaf_in:SensorIN:SmartXPro_IN,2030-W30,79,79,190.0,0.0,79,79,79,79,79,False
SmartXPro_IN,SensorIN,IN:leaf_in:SensorIN:SmartXPro_IN,2030-W31,74,74,187.0,0.0,74,74,74,74,74,False
SmartXPro_IN,SensorIN,IN:leaf_in:SensorIN:SmartXPro_IN,2030-W32,69,69,183.0,0.0,69,69,69,69,69,False
SmartXPro_IN,SensorIN,IN:leaf_in:SensorIN:SmartXPro_IN,2030-W33,64,64,179.0,0.0,64,64,64,64,64,False
SmartXPro_IN,SensorIN,IN:leaf_in:SensorIN:SmartXPro_IN,2030-W34,59,59,175.0,0.0,59,59,59,59,59,False
SmartXPro_IN,SensorIN,IN:leaf_in:SensorIN:SmartXPro_IN,2030-W35,54,54,171.0,0.0,54,54,54,54,54,False
SmartXPro_IN,SensorIN,IN:leaf_in:SensorIN:SmartXPro_IN,2030-W36,49,49,167.0,0.0,49,49,49,49,49,False
SmartXPro_IN,SensorIN,IN:leaf_in:SensorIN:SmartXPro_IN,2030-W37,44,44,163.0,0.0,44,44,44,44,44,False
SmartXPro_IN,SensorIN,IN:leaf_in:SensorIN:SmartXPro_IN,2030-W38,73,73,159.0,0.0,73,73,73,73,73,False
SmartXPro_IN,SensorIN,IN:leaf_in:SensorIN:SmartXPro_IN,2030-W39,30,30,155.0,0.0,30,30,30,30,30,False
SmartXPro_IN,SensorIN,IN:leaf_in:SensorIN:SmartXPro_IN,2030-W40,25,25,152.0,0.0,25,25,25,25,25,False
SmartXPro_IN,SensorIN,IN:leaf_in:SensorIN:SmartXPro_IN,2030-W41,0,0,0.0,0.0,0,0,0,0,0,False
SmartXPro_IN,SensorIN,IN:leaf_in:SensorIN:SmartXPro_IN,2030-W42,20,20,144.0,0.0,20,20,20,20,20,False
SmartXPro_IN,SensorIN,IN:leaf_in:SensorIN:SmartXPro_IN,2030-W43,15,15,140.0,0.0,15,15,15,15,15,False
SmartXPro_IN,SensorIN,IN:leaf_in:SensorIN:SmartXPro_IN,2030-W44,10,10,136.0,0.0,10,10,10,10,10,False
SmartXPro_IN,SensorIN,IN:leaf_in:SensorIN:SmartXPro_IN,2030-W45,5,5,132.0,0.0,5,5,5,5,5,False
SmartXPro_IN,SensorIN,IN:leaf_in:SensorIN:SmartXPro_IN,2030-W46,0,0,128.0,0.0,0,0,0,0,0,False
SmartXPro_IN,SensorIN,IN:leaf_in:SensorIN:SmartXPro_IN,2030-W47,0,0,124.0,0.0,0,0,0,0,0,False
SmartXPro_IN,SensorIN,IN:leaf_in:SensorIN:SmartXPro_IN,2030-W48,0,0,121.0,0.0,0,0,0,0,0,False
SmartXPro_IN,SensorIN,IN:leaf_in:SensorIN:SmartXPro_IN,2030-W49,0,0,117.0,0.0,0,0,0,0,0,False
SmartXPro_IN,SensorIN,IN:leaf_in:SensorIN:SmartXPro_IN,2030-W50,0,0,113.0,0.0,0,0,0,0,0,False
SmartXPro_IN,SensorIN,IN:leaf_in:SensorIN:SmartXPro_IN,2030-W51,0,0,109.0,0.0,0,0,0,0,0,False
SmartXPro_IN,SensorIN,IN:leaf_in:SensorIN:SmartXPro_IN,2030-W52,0,0,105.0,0.0,0,0,0,0,0,False
